module	logFC	AveExpr	t	P.Value	adj.P.Val	B	Directionality x -log10(p.adj)	regulation	wild01	wild02	wild03	wild04	wild05	wild06	wild07	wild08	wild09	wild10	lab01	lab02	lab03	lab04	lab05	lab06	lab07	lab08	lab09	lab10	fam01	fam02	fam03	fam04	fam05	fam06	fam07	fam08	fam09	fam10	res01	res02	res03	res04	res05	res06	res07	res08	res09	res10	hos01	hos02	hos03	hos04	hos05	hos06	hos07	hos08	hos09	hos10
MetaB_M124	0.12054399154471	9.33714910944516e-18	3.29934531172347	0.00132924051959382	0.00236309425705568	-1.53783747263189	2.62651895526025	Human_up	-0.0321025187286091	-0.118513092670927	-0.0765762640375222	-0.110024425944949	-0.0478051950406545	-0.0601123635263606	-0.0950410211032223	-0.0233258902935163	-0.134165375176383	-0.0505398757478752	-0.0725863168580693	-0.0984725109043129	0.0781302780995062	-0.0753493236521652	0.0169839648671442	-0.163483987399446	-0.307600376717516	-0.250495760997386	0.057669268706387	0.11688288858936	0.149930840031088	0.165549477233998	-0.0354730778877008	-0.0651175603503218	-0.106773445603215	-0.120816390713887	-0.172415218201963	-0.0241789307595306	-0.25394015795754	0.0942720732869359	0.00027937455939857	0.105907337521707	-0.0803468904202463	-0.0891292773828983	-0.108396857773333	0.21063041784731	-0.185618095378711	0.179691031532286	0.101042359013899	0.139037033647081	0.218211926872787	0.14998485479363	0.0292607771308425	0.117741927087793	0.209038041894825	0.023225171743231	0.0406671798565935	0.251813408573766	0.349630708681317	0.152819859657376
MetaB_M002	0.137680294513877	2.05391259555654e-17	3.83015404587965	0.00021968760077434	0.000428561590764747	0.133417168292731	3.36798675458771	Human_up	-0.0701925408529721	-0.0671042676246347	0.0732519208852243	-0.131261899136988	-0.125547256929046	-0.122890582209135	-0.0549078370249495	-0.0349254331792365	-0.0865890940269018	-0.0952189259487525	-0.0304430949708682	-0.0170639502529976	-0.207094816234414	0.0994121283954065	-0.101416374445023	-0.20907641720299	-0.174535179484586	-0.221467718637692	0.0818807491877859	-0.156972944473748	0.156976255237183	-0.111126889842988	0.0968998472311523	0.103378163122051	0.25895287790822	-0.168005315695678	-0.0839418486868141	0.0585789860863369	-0.0620115931978757	0.0413325253516508	0.0466340331711392	0.225261315755833	0.335440418445124	0.21396677276651	0.116718475927952	-0.185198691620265	0.0692804214332811	-0.102429553898486	0.117054230997632	-0.148793004571145	0.0324825282269502	0.0947573950538795	0.198885144564047	0.273986014440422	0.0480906557064515	0.120821853948047	-0.139514069397739	0.209572450794606	-0.0758251649711533	-0.0900607001198052
MetaB_M104	0.13848758117379	-2.68882138776405e-17	3.85582447274647	0.000200478060397265	0.000400956120794529	0.219050480578833	3.39690315241599	Human_up	-0.102353438998445	-0.135833419681301	0.0396842627368471	-0.149999672278032	-0.143240407309894	-0.127626863793949	-0.0748851922299309	-0.0452582260746305	-0.146764436132002	-0.124875985963311	-0.220772564545141	-0.106508758069765	-0.153936686883686	0.0149354009726084	-0.122883024257661	0.258777807324543	-0.0837497962346554	0.123585015001538	-0.0752910581774186	-0.284853929491193	-0.174897783744149	-0.141151649001557	0.113258209203122	0.124947535869001	0.136732219614621	-0.211414354270192	0.264166905170984	-0.115810944557805	0.0471753588221469	-0.0218763550804184	0.0888094402585523	0.174737446621508	0.20240500544782	0.119632240328561	0.0440482779424513	-0.117434550458015	0.0321759787499388	-0.0239033325814705	0.0500062891463322	-0.0962869888301299	0.0835294616113887	0.108066167750557	0.117704274806873	0.292108621936946	0.165404884454943	0.0430011933185263	0.16734441837474	0.249535480008091	-0.0249436404281955	-0.0352188363996937
MetaB_M023	0.141972468345565	5.03416752728469e-17	3.96738689045848	0.000134086194705697	0.00027583445768029	0.596120396529011	3.55935148201202	Human_up	-0.104272775828284	-0.104738014078059	-0.00852932446157496	-0.136466677255331	-0.107568018700527	-0.105579048839512	-0.13279277257084	-0.0884401163680308	-0.13868535006556	-0.111109530207898	0.023216960558568	-0.212540870959574	0.0435775111146191	-0.287515913201346	-0.0360461878082982	-0.260682361131182	-0.0850112852218313	-0.201586776787765	0.277431564404865	0.0736693672607869	0.104715026433293	0.152675229230853	0.0369082328768553	0.229405938445403	0.0901077286037737	-0.0321278612441717	-0.142046599895773	0.0715362923268855	-0.170346431810638	0.0373603582990932	-0.13658494828263	0.118005770005774	0.135333076911977	0.159829883322254	-0.150128841773199	0.190555068663974	-0.0309677403465665	0.0916807393884107	0.0874232106885611	0.119844723148888	0.0156853664215211	0.0846110691484363	0.074816759046845	0.0064637930717671	0.0904027683165736	0.175643712065931	-0.21323694943044	0.106003130298413	0.343781588759171	0.0563195274555413
MetaB_M043	0.158824839129128	-3.92914867308747e-17	4.52563193752099	1.61160233380943e-05	3.6836624772787e-05	2.59664472496225	4.43372016972674	Human_up	-0.102107054462687	-0.137371617449755	-0.0517710605124898	-0.0896090064455872	-0.0425247517881341	-0.104850830402057	-0.056652630603946	-0.0825108091805287	-0.106114463072213	-0.0488076071421051	-0.176694023236995	0.0153789222666321	0.00681717394505449	-0.271946550536131	-0.0974720339383463	-0.0502598628315692	-0.291160100609021	-0.144081462334504	-0.167781391019726	0.0936210898045727	0.202722046986542	0.0135815143648971	-0.0772340019614502	-0.190157188308876	-0.196212691010153	0.22236880180567	0.0941864767219932	0.0175544453169332	-0.110959499497574	0.0727192005291172	0.127484620443534	0.0105829285250787	-0.06901144292436	-0.064293577641654	0.0880617196418386	0.176086200581575	0.189685460582016	0.130553244693802	-0.000466763117748202	0.088018327584111	0.220349904832872	0.139881762601509	-0.144269315775432	0.287793420950316	0.218002753200373	0.253956414126925	-0.117582348115162	0.0519479683277297	0.0918613424034908	0.17868634368162
MetaB_M090	0.162172027013239	-5.30478438953708e-17	4.64058911005678	1.02048189269559e-05	2.37015149271234e-05	3.03067877310804	4.62522389435009	Human_up	-0.0377620227971123	-0.0772555477060513	0.140357048567624	-0.0853279776475937	-0.0908864447324198	-0.0669029803342637	-0.0163739965721543	0.0332359071397493	-0.0767831325451975	-0.0821578454972187	-0.290032091356311	-0.0952621269860072	-0.132143064894626	-0.00692442341298472	-0.224603903199862	-0.203701290075905	-0.063145098369802	-0.197207221037455	-0.155480564883135	-0.217707547818145	-0.112404285389488	-0.0600574567020624	-0.0529794985105651	-0.115020513733062	-0.106613248090361	-0.0701964438902572	-0.102076452649172	-0.161729807286148	0.0713484262940275	-0.125642077687865	0.0655622355377997	0.0471229525720966	0.0528135285066356	0.182454708514457	0.109797589364146	0.0946698395111334	0.187352086225645	0.141397145858471	0.0616585069423649	0.0457628592856148	0.165563826771502	0.1336521252157	0.177035638975385	-0.00421860468585452	0.260596709158005	0.327312088001918	0.170949641169685	0.179550986277627	0.240652113906434	0.141749704695056
MetaB_M038	0.162758656561919	3.37056771382294e-17	4.6608881643394	9.40723087350709e-06	2.2577354096417e-05	3.1080576238936	4.64632695561992	Human_up	-0.15306811314965	-0.169077920627759	-0.107156777487398	-0.178822951759938	-0.21328641691769	-0.171771653612039	-0.139381982444656	-0.148733923585949	-0.201993561413246	-0.196684472098146	0.0971679288829133	-0.0488714996703216	0.141681004922445	-0.242173122921062	-0.0750343801904317	-0.0444332250828029	0.0033670989121309	-0.0443466916603429	-0.145843517328453	0.0853602984893742	0.0357378777962232	0.252806126343924	0.11857495393485	-0.0702528104758802	-0.0606078009524193	0.111141081253138	-0.106627452960713	-0.0150404312019038	0.087485210737987	-0.0853070789481051	-0.0416527453868174	-0.113343776855274	-0.0160580221059134	0.121430185480214	-0.134162280626491	0.114793610874624	-0.0328446381357299	0.0512183867551365	0.235783074814629	0.303699929351755	0.0970354970107631	0.119894469895571	-0.0272415209660423	0.0229534016614809	0.175889637294528	0.140804529005504	0.0571241677119217	0.0780708538684264	0.350121974241242	0.181677469326395
MetaB_M063	0.166689781458507	-3.34021005299334e-17	4.79812224808778	5.39763158692276e-06	1.36361219038049e-05	3.63685228326677	4.86530912493265	Human_up	-0.217477893241174	-0.145991043059506	-0.0259285995084704	-0.191724985765455	-0.167463447508729	-0.179475425300783	-0.108301560988546	-0.0989903864480684	-0.174550904642281	-0.196480209978629	-0.134775734160177	-0.080904088775342	-0.0410711300275655	0.0821988408610779	-0.178603363734901	-0.143835534294755	0.159350283150283	0.00273701589928459	0.0360357128969861	-0.195024922875333	-0.0610133256663783	0.0644595895911037	0.0788358047645383	0.0255815951441891	0.0505923426888455	-0.322423759762272	-0.0289754592492347	-0.147220241912614	0.174777323136403	-0.0717840697768088	0.0201419753169066	-0.0452371770211946	-0.000195866462029353	0.26256024869016	0.0558143183340974	0.255499561130895	0.0988035155955698	0.291713091401564	0.0975145563718152	0.124602034044193	0.0306791228665584	0.0864383182195281	0.148877209486298	-0.00990578518331001	0.157776181611264	0.174424208503283	0.154567747522694	0.168253450010406	0.111257827049847	0.0538630410557647
MetaB_M071	0.170202626699611	3.10688974547446e-17	4.92259129456721	3.23580857788919e-06	9.13640069051064e-06	4.1247793648507	5.03922486204681	Human_up	-0.201424521027085	-0.222571527790883	-0.11879633431606	-0.196878474781912	-0.229839093450868	-0.199329703919588	-0.167646939920833	-0.155163300834599	-0.206434701314558	-0.204148967092537	-0.0825592454533109	-0.202951626610565	-0.165371572462537	0.0312750269005153	0.110530591800353	-0.10023939496582	0.0501091863958526	0.00105406839210888	0.244770123288155	-0.0268151132311551	0.133840178833729	0.0232216954509381	0.0345576393991552	0.0371051295299209	0.0562471136476439	-0.209744340697487	-0.051016180375333	0.0350861856171489	0.0341603982478474	0.0415308041738657	0.0365658144238846	0.0772566636684752	0.0808161641489231	0.264293091658384	-0.044445691531613	0.250545582027474	-0.0399298921533416	0.233964822622576	0.122304595412716	0.103338258496806	0.183939843793365	-0.00778853011558151	0.143449832747393	-0.0466027060164167	0.100632429808487	-0.00603802305752046	0.0454414353198105	0.274884062890109	0.128280750192528	0.00653439223144048
MetaB_M081	0.171467309958624	-4.26741975090295e-18	4.96784256494663	2.68171770817661e-06	7.88096632607003e-06	4.30407306160634	5.10342052815132	Human_up	-0.105792533066123	-0.160940648311917	-0.0497745233288028	-0.180992381045062	-0.168874883160108	-0.162883641998477	-0.195311731547116	-0.0638249011273405	-0.206128596477123	-0.22003176712441	0.0441861120257457	-0.123891466793811	-0.0977790540825291	0.0538264438282466	-0.0190704722290485	-0.232488314755203	-0.027797830045402	-0.211370211703408	0.0915660941466099	-0.0202334127082041	-0.0604053814423714	0.208961506381563	-0.0447103144402364	0.00833243318640948	-0.0339033675585944	-0.0543717890504441	-0.128522504083364	0.124368140122467	0.211302010176394	-0.0773481996612872	-0.0439245643654093	0.0290242209177465	-0.0334639874130204	0.201058300194306	-0.0167816701745841	-0.0572445497158872	-0.0257419294311416	-0.0478091390626953	0.275108587289462	0.10223206377576	0.177079163521956	0.0345557759123355	0.0616890608099968	0.117321631809512	0.129772077178995	0.0156443158007237	0.149804181752021	0.248208748503858	0.339820521226719	0.247552377342293
MetaB_M004	0.171809178599317	-3.17801340798951e-17	4.98011577200248	2.54811400533905e-06	7.64434201601714e-06	4.35287387967278	5.11665989038389	Human_up	-0.0705843823252696	-0.088392592835364	0.0416089648641306	-0.108448439362308	-0.134616158916634	-0.0713639537160659	-0.0464083725310173	-0.0293169147266795	-0.104682524991235	-0.115012076985957	-0.0426941024008073	-0.173945264402294	-0.03963631615422	-0.244119142015278	-0.130531423391041	-0.240278001787215	-0.204959809789355	-0.271139703580132	0.0391193246731923	-0.0263092528182564	0.0746371507784499	0.178114163866384	-0.0620897059633093	-0.076825454349605	-0.057257736258612	-0.0958579136800062	-0.164974283875104	-0.0464278051543738	-0.0539304063430411	-0.0313369471945642	0.0293162874965081	0.0493205082348942	0.016446656535857	0.127484930721566	-0.122268221230401	0.127161564856551	0.0589236135916053	0.0858978590134805	0.219947424007311	0.240067927061943	0.165480594885998	0.16568052138072	0.0717746203797579	-0.0273818005982305	0.236330191828549	0.268191060807294	0.0404095893514579	0.0817845240098958	0.385434837274973	0.177656391755856
MetaB_M046	0.1779017659158	-4.74620343027254e-17	5.2018595198318	1.00040454563227e-06	3.13170118632711e-06	5.2468877481337	5.50421968317867	Human_up	-0.110125368120178	-0.182734356770083	-0.103753825242912	-0.201043396131839	-0.160246523323612	-0.131505729448879	-0.159309530611739	-0.10546178579967	-0.206022741012735	-0.117196457634297	-0.0552489642075054	-0.109358968798688	-0.0675685203136137	0.0722874764106328	-0.0345751700222766	-0.262261960268354	0.0184623139338833	-0.170513333770857	0.0134422697558647	-0.0620866196127418	-0.0520985077171232	0.116448249496774	-0.0469277848729036	0.0221439529529213	-0.0494210870199901	0.0259785151118399	-0.252262516725705	0.101341275805846	0.130178735380893	0.0492031969143167	0.110861212924511	0.0169295807631734	0.0720511103044647	0.215480526448806	-0.180400427482016	0.0796323747113567	-0.0617985741514717	0.033555790197883	0.248033354933438	0.112084953841887	0.226254850446077	0.0743074110141375	0.257027057764547	0.0760200639773548	0.129603089715523	0.143143103366146	-0.101792197108663	0.100758980497859	0.34204522512825	0.196439674369465
MetaB_M013	0.180027778407501	5.52509427098613e-18	5.2806326240245	7.13992388688084e-07	2.33670236297918e-06	5.56992654536498	5.63139660226236	Human_up	-0.175238562489319	-0.189588319981677	-0.14903323858796	-0.194911161403053	-0.227914353738952	-0.188564442299365	-0.15014542349508	-0.137340703459567	-0.199545467001647	-0.19802479346151	0.0726466115945212	-0.119463644843989	0.196954825330583	-0.225085764196302	-0.011209197684109	-0.0854904821054796	-0.166431955069016	-0.157993809090192	0.056379456034609	0.0896670850574968	0.21882322482815	0.0959508174865769	0.0884952610485275	-0.0144268866119951	0.0719036933639569	-0.0114383533720771	-0.0481374383071404	0.0750960457983154	-0.142519851531153	0.0869064906688615	-0.0774664868621971	0.0909495462559352	0.106666387838191	0.124184886784293	-0.0562902132463435	0.158288554289465	0.0687683310911392	0.0692401629512829	0.0534436423321141	0.1466180068014	0.139737040219801	0.179163089035173	0.133770981337932	-0.0219019947653172	0.132880932067874	0.265484109642358	-0.142279877719111	0.0018174533599083	0.305526440805648	0.0610793452984394
MetaB_M092	0.189882228500598	-2.39478575858598e-17	5.65596253083603	1.38256084018385e-07	4.97721902466185e-07	7.1456799150885	6.30301324752017	Human_up	-0.207507609750209	-0.317676524201196	-0.214296042648254	-0.228300203126194	-0.122865772915115	-0.208614415500277	-0.259380708644553	-0.196426306955356	-0.228938217983395	-0.146653638844047	-0.04273249602874	0.089286646582737	0.0488881094298808	0.0399471909505335	-0.0184915396297867	-0.0421402142294477	-0.171420951776382	-0.172072265604533	0.0466991625849143	0.0741090562822413	0.0531424915485223	0.0327296220937004	0.073660330985235	0.100941956478798	-0.00251923770771417	0.233811666601145	-0.100518557852511	0.046063442479076	-0.055592533754721	0.107519446595103	0.0548007036126066	0.148174436641036	0.116771637991198	0.0910219610299921	-0.0344591830700245	0.0642390310286575	-0.00754795431558396	0.0583363625127088	0.0806762580375217	0.00169033929554508	0.149867252998404	0.209300569327324	0.121593212933623	0.36618183997328	0.128291551474777	0.0345064759715862	-0.0813340596130732	0.044984589540838	0.0823128267313525	0.159940262438775
MetaB_M028	0.190446984555345	-4.90579799006241e-17	5.6780098852897	1.25332607525607e-07	4.62766550863779e-07	7.24002761772693	6.33463803973817	Human_up	-0.228245451469757	-0.241603921928488	-0.161932819219449	-0.244411507556146	-0.262533138091261	-0.227418314343081	-0.212669649775865	-0.199335509451825	-0.255267848992106	-0.260882319203583	0.0498642349138466	0.0287529254425271	0.130355624815447	-0.158063737186043	-0.0185827618199157	0.0781043191704971	-0.108396447325529	-0.0387065142268992	-0.0164966905439876	0.0621057121274724	0.017098928515824	0.0943335734323733	0.00584504917768652	-0.0604543238149021	-0.0252472836394536	0.0810801309467762	0.0345540462670004	0.0200911030845668	-0.022160933105633	-0.0158974741333086	0.050319392391861	0.0253093565394686	0.0714652202810486	0.0783142930228893	-0.108644760452499	0.0921554022009919	0.0754501649158995	0.121888818579394	0.156183486667963	0.144557514819754	0.181349074235825	0.20555518576188	0.0121849193233419	0.0200690447406668	0.190675992306432	0.23448694208505	0.150422610270479	0.0835396739256083	0.245631000741919	0.12520766557524
MetaB_M126	0.191213259296097	8.05779054591227e-18	5.70802209443809	1.0962796461143e-07	4.15432286948575e-07	7.3687631461217	6.38149975359124	Human_up	-0.108332629905839	-0.141653931940113	0.0712378382200523	-0.120579517501438	-0.116001159625171	-0.124171021339312	-0.0513028432098286	-0.0276356029751944	-0.125606175749088	-0.109360249065034	-0.228122857040628	-0.158268299499146	-0.193608592705271	0.0774644587936134	-0.190782923243511	-0.231852249402455	0.0190901462180711	-0.109845801199687	-0.132835914063082	-0.292391786320098	-0.144244225972968	-0.11836019743153	0.0609035091216471	0.0557604824097605	0.0844575660041063	0.00203354402721687	-0.102246204689042	-0.132812132575474	0.139126751128057	-0.105715095175723	0.0771309994866069	0.103148914708479	0.170315303095427	0.18402722413303	0.0992265321246653	-0.0151119875043291	0.11174536913404	0.0524667127734121	0.137967034910284	-0.032950559638801	0.131468243254526	0.107524461419633	0.219235241886867	0.226934310359618	0.176548322415032	0.150540019793212	0.223500116461809	0.296424116441046	0.087060131510142	0.0484546079424097
MetaB_M051	0.191665471316158	-1.00267016911459e-17	5.7257868750688	1.01260001285249e-07	3.94092977975023e-07	7.44512773530663	6.40440130340861	Human_up	-0.256378362123	-0.257712569330339	-0.202537423341636	-0.267759394361025	-0.279346184885022	-0.257190752139642	-0.251262625386187	-0.242534632567861	-0.263402627082416	-0.270187237845191	-0.0445993808022639	0.0181700610099014	0.0781153254668865	-0.111078837630753	0.0242055300351367	0.163938541959306	-0.0322843619526256	0.0942729800601453	0.0121089388701976	0.045477356252494	0.0700783488005623	0.0708115042491754	0.0744190564930656	0.0275817992454585	0.0412175287232708	-0.0468636910248897	0.141719349935317	0.0325247487284207	-0.022656941367168	0.0594815973898794	0.021062724292673	0.0928609677288517	0.0567852554700843	0.119563295299445	-0.0768297535585902	0.169966087405987	0.0160009815042738	0.161748234065434	0.104339143585431	0.102918647104632	0.132123583237105	0.142278199663383	0.0595616555852371	0.129065802128757	0.123603472402132	0.119322984107469	0.11514068415284	0.0423895882275518	0.16008060508998	0.059690197128125
MetaB_M134	0.192420890012393	-3.33066907387547e-17	5.75555186536687	8.86235055810432e-08	3.54494022324173e-07	7.57334741806875	6.45039108373483	Human_up	-0.244642258709738	-0.270780146564194	-0.167261353694085	-0.253230224126982	-0.252984229770077	-0.251321100758181	-0.227189786310626	-0.213771595287266	-0.279549307857218	-0.257654608955849	-0.0750462531263175	0.0199602059824101	0.0165174037791962	-0.0565657576488819	-0.0546451894994581	0.186926980117765	0.0893401260653969	0.142767356805216	-0.109280858075512	-0.0506400825143212	-0.0378006041473085	-0.0657148086324522	0.0917923601433629	0.0240624797516233	0.0686095003226915	0.0821228266098472	0.176927608755475	-0.0521851708998262	0.116756389712712	-0.0105178406174226	0.0186978987113409	0.0540740924857367	0.060001446860146	0.124347677197246	0.0503172945163989	0.077535199650569	0.0870774014243756	0.109712765575946	0.0659939362696565	0.0215768058348358	0.0613221562735986	0.131851101038274	0.0428274535224866	0.226760866985368	0.158343993392539	0.164233321135916	0.173940914040023	0.132532170070987	0.0736848457170897	0.0801665984474852
MetaB_M121	0.195230081668376	3.98986399474666e-19	5.86723418969548	5.35938062544154e-08	2.20500231446738e-07	8.05740966332872	6.65659095034132	Human_up	-0.261143876384688	-0.295322306223816	-0.189294443584137	-0.260271529632382	-0.262046170975327	-0.244527609947867	-0.243904866795	-0.220818873138642	-0.266487188949004	-0.275242629053765	0.0239948687388757	-0.0173332657963883	0.0598340350466574	0.0258300187720364	-0.00977281581655363	0.0659835718787675	-0.105249096566445	-0.03577667698075	0.168166971389762	0.000620903998148153	0.0500297520027888	-0.0383079540135781	0.118020438433179	0.102396633824656	0.088462524806335	0.0133537339490438	0.057357122707337	0.0767511291276309	0.0111084742015001	0.0653331957145405	0.0161774010596	0.142122699113903	0.207842821272672	0.0979726770811201	0.0386676547398239	0.00252134150555139	0.0467479189962501	0.0178292046551185	0.134276415515761	-0.0313605875499958	0.0799825720437095	0.117156859100792	0.162362048138415	0.18029263175417	0.155765940413	0.117855243719758	0.0512392200456264	0.175080259344303	0.101960483687627	-0.0162368753701203
MetaB_M008	0.196720581025312	1.92185677094781e-17	5.92714182867204	4.08473246256198e-08	1.73000433708507e-07	8.31895028839538	6.76195280810256	Human_up	-0.262054520347033	-0.270643489777764	-0.250891567086641	-0.258420791413786	-0.292046664142309	-0.244342372328333	-0.249760386088626	-0.255086873000882	-0.268391410689689	-0.269460242149449	-0.00716830459429238	0.0461337479873605	0.0301883867004072	-0.0695785679888603	0.0487918335932693	0.108065816985051	-0.0565066682397553	0.0297118168974352	0.116056085712277	0.0147571976678754	0.0578566444699434	0.0295011781130405	0.155996437923535	0.0988856738023103	0.102155039571126	-0.078701842260204	0.0874617546522395	0.0987258652862414	0.000683663712831592	0.108260313685316	0.0336095966794932	0.107944710707515	0.0901431299331771	0.0976006191266314	-0.00229415451618147	0.0757320565615244	0.0211724654159795	0.063065886028901	0.117446438981089	0.0275199013885364	0.0981465824788899	0.161958754866799	0.126834172077571	0.180392136873148	0.129829460633001	0.0835779088269429	0.0636372336641119	0.101951916519878	0.0933255331601228	0.0282278939402357
MetaB_M094	0.197113038297035	-1.9897278269454e-17	5.94299257823856	3.80072249928441e-08	1.65849709059683e-07	8.38836567514755	6.7802852860009	Human_up	-0.272445814455183	-0.257016405562671	-0.163385069441141	-0.251477333454384	-0.22192612306715	-0.255613173300814	-0.232451942848346	-0.224076774021985	-0.254000549814676	-0.254229717775651	-0.0326133352663557	0.114426345637318	0.0679118235756357	-0.0619092021526615	-0.00794216912574455	0.0153506536546308	-0.101508221562762	-0.0733361260535737	0.012151765077318	0.0887349103937737	0.148378079938996	-0.0393953027491549	0.112352460693918	0.0080306204649327	0.0812924620909821	0.253839975530099	0.00684138684950072	0.0991797142945678	-0.0201593874079582	0.0876409062633639	-0.0381284795214019	0.102630490601764	0.143570570161253	0.0690036204539386	-0.0136270445240777	0.0181999829151317	0.0363530963682683	-0.0390036681020279	0.0521769824397894	0.0124692277612862	0.111231835891483	0.137749215597201	0.0757781826271259	0.215663230685231	0.112645227485355	0.15481516595343	-0.0286486049773064	0.183111029057987	0.154351178873869	0.167014303846875
MetaB_M120	0.198969993128884	-2.07299455379228e-17	6.01843325658915	2.69404609292303e-08	1.21232074181536e-07	8.71995651469885	6.9163824643511	Human_up	-0.233237869991427	-0.226263627628079	-0.221922559035049	-0.248412153099155	-0.292200552490648	-0.245578769818879	-0.271379056671287	-0.220176737634283	-0.245673478057248	-0.244162902633804	0.0725992195177514	-0.0771558181367637	-0.0638756549728252	0.163245916520849	0.0436234788433195	-0.0548398302992554	-0.0260947380744976	-0.0380657945209022	0.021060463483644	0.0208705471519338	0.0809075517173017	0.0428268636459923	0.0156058677973882	0.148582322422469	0.0762191870596479	-0.0912693243668342	-0.0231419005878397	0.090173192198494	0.0232969025485108	0.00502924194291022	0.0105694132454687	0.0782794136609655	0.0772958746319679	0.150029957578198	0.0394666627317025	-0.00504005815311105	0.0751537006153522	-0.0290870499063594	0.129963394204923	0.166439744916501	0.101294523752258	0.179780154577942	0.155949616342985	0.129104781676114	0.15023742402076	0.137951701580361	0.00835891649481114	0.189842872889738	0.18959167472493	0.0842272935830567
MetaB_M058	0.199276669521024	-9.77516678712931e-18	6.03096319476431	2.54390875873048e-08	1.18168664921674e-07	8.77522205922271	6.92749767113469	Human_up	-0.249438952800149	-0.266761568138352	-0.222223976341038	-0.266168924929512	-0.260932112533241	-0.252732552557665	-0.227426550028352	-0.226290185405516	-0.27516139927927	-0.246376405358838	-0.0519434339951346	0.025259022479345	0.0577676077967477	-0.105977049650485	-0.0464751797181579	0.0472161519551052	0.142798603325313	0.0947867994135371	-0.0657511567744129	0.00451122828778996	0.0586954228585483	0.0173981223905787	0.157492031398537	0.0039626883324049	0.0701504547697989	0.203648726995243	0.0507658741931258	0.0186904941253625	0.14543488667169	0.0210551349763502	0.0277382805454382	0.0171730371827948	0.017973809161062	0.157088141385394	-0.0032153356506281	0.172839234692919	0.0714717091667491	0.144345516845678	0.00686744368343425	0.0675285980746411	0.135002702162427	0.110681406404685	0.0126916378755003	0.181193395027925	0.124704851178379	0.184804300070737	-0.0170263857485316	0.0613713100263574	0.110660587199493	0.0601319582561912
MetaB_M137	0.199598320438634	-3.76483783384729e-17	6.04412679233197	2.39504967908485e-08	1.14962384596073e-07	8.8333405537574	6.93944423646938	Human_up	-0.247997675213016	-0.277880633498385	-0.227902912709725	-0.193958286866098	-0.208565910837245	-0.272001277944046	-0.194033977342718	-0.218104302251218	-0.239191048337333	-0.203535762918854	0.00312558444994437	0.0515087687954859	0.0721969789976391	-0.080534156850249	-0.0646309357747896	-0.052295767906613	0.0146532658564557	-0.0413512724249416	-0.115451027993096	0.100770505505194	0.119445147317444	-0.0256338889497423	0.0990992052742148	-0.0395288132177868	-0.00875658627722645	0.324726639614978	-0.0292704076710128	-0.0178909792497301	0.0351996521663406	0.0269629410960375	0.0476671000423	0.0571432425217421	0.0425213944421364	0.109900712484889	0.0147146926923593	0.0191334639537167	0.0813378134836606	0.0145079462382839	0.0866813520776082	0.0143052971367966	0.134217442367352	0.185495911798485	0.0523917503374483	0.24376951627676	0.1738101350725	0.213583768840703	-0.000138196994011371	0.119715180435577	0.103134218375512	0.196934193576271
MetaB_M009	0.199709507627323	-2.01574867908505e-17	6.04868235869945	2.34555800698417e-08	1.14962384596073e-07	8.85346760908209	6.93944423646938	Human_up	-0.258835251866828	-0.273649636818159	-0.204373352431155	-0.269590128718548	-0.277648404642244	-0.272148354071498	-0.256898847432365	-0.246022364018523	-0.265996346213992	-0.275069443580173	-0.0597828758130567	-0.0172595122936489	0.00502177048222081	-0.0501602050952955	-0.0113316688440616	0.131383396803985	0.120418781181667	0.135218102361122	-0.0408690395269022	-0.00892071099042102	0.0204850281569612	0.028907636765189	0.0995996906679145	0.0836333450193552	0.082997221075488	-0.0262236773329598	0.111799990113969	0.0159141382509637	0.0437439429216929	0.0401637357871213	0.0624624629554115	0.0515912315010019	0.0662278640169522	0.142486399661881	0.0111632993029328	0.129378537428166	0.0647104954916418	0.127590097604016	0.0537693480504574	0.0922611502098346	0.107455151015598	0.153534685980996	0.0711776894674657	0.158451264580804	0.140525458362755	0.155618489853596	0.111182761663984	0.0361878704920311	0.12197188218969	0.0377469002729651
MetaB_M025	0.20003291199506	4.07313072159354e-17	6.06194819164596	2.20710184831431e-08	1.13508095056164e-07	8.91211799375984	6.94497316478929	Human_up	-0.24179335073153	-0.254886032979028	-0.185420964222507	-0.233662180484158	-0.256379269004982	-0.245725011301834	-0.218041821659505	-0.22134727899715	-0.249879135413292	-0.248719133026627	-0.0801299819261638	0.111423497659174	0.073078115457341	-0.157144133511417	0.0212004376677711	0.0800731232937295	-0.117538939360552	-0.0158465378787913	-0.0558336459735906	0.0961772984523951	0.140919202823709	0.0571769498149126	-0.0339945315110728	0.0069670921484322	-0.0219513459527699	0.177422132189146	0.071499477382056	0.0149558004795138	-0.0176349296789189	0.0991260396850429	0.115472042540846	0.143879796798348	0.0478708405227386	0.0536600997011361	-0.0103051924487239	0.133770880758121	0.02079736617487	0.101102857925236	0.105658284031179	-0.0205953434125541	0.167302812535498	0.165273717869998	0.112275348949075	0.208943729421815	0.1931688121042	0.0912129531531996	0.0136600709774891	-0.0258976801066621	0.0829298654151518	0.205727793649707
MetaB_M050	0.201337506838184	-8.67361737988404e-17	6.11569480497719	1.72390574928432e-08	9.19416399618302e-08	9.15034891315751	7.03648775401162	Human_up	-0.23522525752775	-0.249997390052539	-0.167150206841649	-0.238232104889084	-0.246371171062157	-0.235781785843234	-0.213038828911638	-0.207955607764796	-0.246306787494771	-0.255577870988338	0.00752785030976288	0.0809989452125058	0.131773766598499	-0.114931682874015	-0.0529068607366177	-0.0444798058320877	-0.138182627223651	-0.11180227768626	-0.00389647022334439	0.125486091772955	0.12215438653631	0.062004853509839	0.0170817533040034	-0.0390380233933453	-0.0200657292479739	0.195507645057269	-0.0288114401729904	0.0419911820037035	-0.0958539414682262	0.0938798632242516	0.117334607892091	0.103235303569808	0.0727658016214404	0.054267950556016	-0.0654412475946827	0.0826516911810549	0.0192883037716953	0.0547926636383588	0.141092448847537	0.086598689796275	0.206758889519952	0.133416981493355	0.106860070167665	0.155526115597946	0.183699323681315	0.159220294989543	0.0344867013848466	0.0700999146672328	0.181685605765337	0.168859422158578
MetaB_M049	0.201746147025198	4.66683983124661e-17	6.13260746810024	1.59464210515834e-08	8.83186396703081e-08	9.22551379720846	7.05394762879319	Human_up	-0.27535144800728	-0.269700495741252	-0.199848849392306	-0.261204701265055	-0.253056413779227	-0.269571548776018	-0.249134837046976	-0.234212844468345	-0.271587118397451	-0.249612030111034	0.00436908619539652	-0.00942872564248468	0.00539888959456313	0.0437406041528616	-0.0120960108146653	0.0363162484986517	0.042269886184157	0.0229735876418326	-0.100470974099771	0.0792539309720291	0.110888322672688	0.019723411986825	0.151068474969509	-0.0452687148163014	0.0680132757502643	-0.00557889236298719	0.0471114589176592	0.0717385937684151	0.132156825416596	0.067267619696869	0.127322340310665	0.131544434710347	0.0017510223117366	0.155423217551857	0.00722666825849974	0.0608204705256805	0.0349478389613649	0.0467849331915988	0.0326123116963442	0.0726400213405008	0.170323818411227	0.169220137766172	0.132055909701417	0.204421867706667	0.185487700956602	0.0916649331764475	-0.0602353323751162	0.142666269409688	0.0374782267459899	0.0596765979451499
MetaB_M115	0.201874916305834	1.54390389361936e-18	6.13794465733664	1.55586818451741e-08	8.83186396703081e-08	9.24925351373832	7.05394762879319	Human_up	-0.135592652175431	-0.154475685850186	0.0266454350816943	-0.165401775167894	-0.174462690161254	-0.150453357473579	-0.0827067135827752	-0.0538828256217955	-0.17372594312161	-0.167951511953514	-0.230470938315653	-0.154754561358949	-0.213531971157797	-0.00804910934130388	-0.159016424228611	0.00807221923203472	0.00499167888066322	-0.0204167038696573	-0.209012625791618	-0.208302839692768	-0.129829932012901	-0.100820473917846	0.0716496043129724	0.073747912902146	0.155932938603135	-0.198794407162152	0.0845755673887887	-0.158126133227348	0.115753235903887	-0.0465107167254389	0.0933485636784582	0.131109334197063	0.212389411251063	0.147604269408903	0.148372840408717	-0.0370546344806333	0.141500373880088	0.0616416393907515	0.0634939885369586	0.0181871858388145	0.109365088142892	0.120439245883525	0.253931641772596	0.188876764348684	0.15606474781779	0.195482730850135	0.229343040984471	0.152857112204311	0.0911473666626752	0.0768206888274978
MetaB_M093	0.20311109852205	-5.61356516826095e-17	6.18937158284947	1.22677597730761e-08	7.36065586384568e-08	9.47847850950746	7.13308348656487	Human_up	-0.262116048067882	-0.254684097468009	-0.190921617693672	-0.273236651534659	-0.271915897091719	-0.240358611118874	-0.249545242669284	-0.219442843128669	-0.270261190180208	-0.265011774163158	0.00970627454094607	-0.00451767534904036	0.075772265274754	-0.122013458576011	0.0152579918368063	0.0332378712551395	-0.0513004759038441	-0.00812102914695229	0.0320177569102662	0.0801212700094708	0.119153368932529	0.096464180309448	0.0696412898072393	0.0324075040399062	0.0609168807489125	0.0548445883444759	0.0119520087842453	0.049488909278914	0.0160408491542708	0.0747171727241381	0.0740926896566614	0.0849606275058104	0.0754314561572567	0.115831126180532	-0.0711434146425166	0.209690771846797	0.0420043188641885	0.173294836494437	0.0880890247748282	0.142019542901783	0.1338406192043	0.147172867067641	0.0357323608553685	0.102221396179691	0.130014153509921	0.155647965267822	-0.0792183972550833	-0.0137274882814513	0.211730475148115	0.0940214987044155
MetaB_M019	0.203579817819776	-5.79050696281058e-17	6.20896173850811	1.12035651079241e-08	7.31480110340732e-08	9.56602371278025	7.13579747826964	Human_up	-0.244496308833357	-0.239887831924988	-0.163593092506465	-0.259000017317236	-0.264462273531477	-0.24525978881532	-0.241163575189492	-0.210328983866879	-0.261941765561388	-0.258233512583096	0.0114281860485744	-0.0530415596811584	-0.0530593558312707	-0.0418050499742161	0.0288832083570283	0.0117245065506569	-0.0599798588440483	-0.043217885361399	0.193141626489367	-0.0486644814611456	0.109186932770982	0.066614004578452	0.100649417659843	0.047199981582124	0.0828406612482893	-0.207956633220203	0.0147452925897197	0.0547876698501939	-0.040099276244629	0.0790908717551718	0.0783286929356233	0.128496844331292	0.124273633757364	0.154912992995481	-0.0226618392224343	0.13671772408252	0.0131872884289979	0.114365604165461	0.12464582921623	0.0634727241389412	0.116310406122278	0.13187219113147	0.150382555509191	0.149643701498404	0.119916283694537	0.106954307362792	0.0679383717117977	0.191421824196128	0.132584968394756	0.0531347868165331
MetaB_M047	0.203363439610559	5.03763697423665e-17	6.19991195090499	1.16833628734978e-08	7.31480110340732e-08	9.5255663111875	7.13579747826964	Human_up	-0.25187079462863	-0.251393298421083	-0.179341723011205	-0.246854618161339	-0.246850832088051	-0.242519678831471	-0.221553568976434	-0.227719297235481	-0.253646359174885	-0.249273685107664	-0.0847841068750604	0.0266885176803649	0.0328105104828298	-0.140966288636536	0.0712205511853451	0.114766302556737	-0.104340030957292	0.0201351033241493	-0.0788130245939921	0.0739450461429893	0.0803905046218652	0.0320893362925594	-0.00889099195190959	0.0341488794375549	0.0479807283383496	0.0495078724151493	0.0938870975233356	0.0307729157798588	-0.0256873948106304	0.102286134500754	0.0438885772153239	0.205336145933111	0.0883091673623604	0.0433401895033282	-0.068517753141177	0.0543431944337731	0.0170806047128991	0.0603332685905989	0.203952131337634	0.0480475477482194	0.185251951657316	0.167679900156752	0.149749757483344	0.270323134606697	0.173867205861129	0.122187452761817	0.0364472491731419	0.037457667935912	0.0829044824141604	0.0818943174334835
MetaB_M069	0.204524026528015	-9.0205620750794e-18	6.24857843504513	9.32189145301213e-09	6.39215413920832e-08	9.74344010955749	7.19435276107196	Human_up	-0.222031046853653	-0.242367139335527	-0.164538743746347	-0.240317665053175	-0.251142720041456	-0.228365570847428	-0.23148172203077	-0.215150580741778	-0.248764725162069	-0.247156644070099	0.179311875067807	-0.0542337611535399	0.00335081736903001	-0.0640998773097929	-0.0396163064812033	-0.0563096583550383	-0.070811299346957	-0.0921802659125445	0.00921286689249872	0.0224038487758561	0.0324313119396746	0.18591587307929	0.0994852537493839	-0.016215737574233	0.00670516911026369	0.0120742480376597	-0.0617362942009082	0.0794391956803711	0.0541753600788218	0.0109143162592451	0.00356691112544062	0.0488748929838991	0.0346215235511947	0.1524070936736	-0.0365704796392836	0.0380179577520814	0.0149663329752845	0.0359502607779676	0.254506273631872	0.257586718722277	0.0860591748127633	0.109189875833931	0.0994849962030726	0.0525581043509715	0.118393545652439	0.125223885263918	0.0805187828540572	0.119148028947981	0.267118627411519	0.189477115291631
MetaB_M001	0.204565459673307	-6.4774574592974e-17	6.25032159758667	9.24667771079394e-09	6.39215413920832e-08	9.75125801886101	7.19435276107196	Human_up	-0.247794762295009	-0.266983760042644	-0.164789466232491	-0.272069628431139	-0.255700854359169	-0.259960817292024	-0.223992748178181	-0.204984220961098	-0.276394874965765	-0.291785309435798	-0.0192486627296166	0.0273082933078042	0.0720066886992103	-0.0617486339369353	0.00864348926533213	-0.0205215159074544	0.0451407835770808	-0.0135533314075303	-0.0856896129730701	0.0573334282188164	0.0626138262778624	-0.0284619665278441	0.152570231243314	0.00996951124753669	0.108177952185277	0.24961414844434	-0.0260443555363813	0.0340037109730318	0.187443222864471	0.0387817098497151	0.0823259063529097	0.113452354592062	0.054931020591654	0.188778101503531	-0.0369348979815154	0.011995584399848	0.0022190387213206	0.0263400607641331	0.0937159014107567	0.0715307377229978	0.130400898723936	0.132223674383401	0.0936417713859572	0.200637783238452	0.153596738608524	0.111014607384017	-0.0138222040794983	0.0968137837781342	0.0653181673624824	0.0879384961952521
MetaB_M068	0.204953009053178	-1.49923476411296e-17	6.26664583099582	8.57073877602692e-09	6.39215413920832e-08	9.82451711555714	7.19435276107196	Human_up	-0.25048739124826	-0.273758947547427	-0.212201781727566	-0.276245656929933	-0.261709955720696	-0.263861311496362	-0.242764438684817	-0.239421276426901	-0.269442180741854	-0.288433613854669	0.0314988784055283	0.0102812839928517	0.0467357029155493	-0.0193096688273401	0.0441726869085208	-0.00172369591105269	-0.0469999613746477	-0.0588381916052528	0.0543061628409343	0.0587672483952534	0.0612518381794858	0.0249749187515885	0.109748281818438	0.0820772788371074	0.0771144662475573	0.269895190934808	0.00232167856252966	0.0750526426141508	-0.0164935941368269	0.0519071217254774	0.0508305507726182	0.0876787428206521	0.146323674053695	0.107827835451797	0.0400950295055174	0.0299658415792104	0.058523888577564	0.0108065448237823	0.124044216383194	0.0378293898933365	0.0913935170641691	0.113088475801801	0.136341929157678	0.201354871003349	0.12475164944278	0.1512894686587	-0.000701036525963076	0.10083002324608	0.0823077842149894	0.0270038891788735
MetaB_M016	0.207532906041245	-1.81972492629967e-17	6.3762204375455	5.13850191528876e-09	4.19995765976841e-08	10.3184021110167	7.37675508775011	Human_up	-0.236131585684433	-0.257655340567807	-0.133186130756522	-0.258438974750722	-0.265309284321543	-0.246367999744702	-0.209484211482736	-0.195592540405831	-0.259859273317104	-0.254365933091196	-0.105522096198146	-0.0481859189041607	-0.0423958960471044	-0.0101978834238825	-0.026657154720815	0.171990383242244	-0.0461456446637765	0.0780578278520748	-0.0438328255001284	-0.101114390008649	-0.0185501919662872	-0.0452751474916699	0.0917452718908164	0.109379219676598	0.148371182608029	-0.118442582600671	0.179964751919421	-0.01257031661961	0.0311427309722241	0.0259125025273253	0.107910186516674	0.142420796938884	0.132997310840441	0.107461199378008	0.0675011559314093	-0.00380338176395817	0.0762485548937472	0.05424709115973	0.0834259326801206	0.0135361543739866	0.106022368334141	0.126283082362635	0.150622276717152	0.23578771720681	0.13060815391885	0.136852741113776	0.173046096846829	0.180339386998183	0.0545468500652821	0.0226637770660624
MetaB_M113	0.207425806410302	-6.52646339749374e-17	6.37163991831844	5.24994707471051e-09	4.19995765976841e-08	10.297682886364	7.37675508775011	Human_up	-0.261816834865974	-0.273627087504863	-0.203809294926518	-0.269231483594541	-0.275516906070159	-0.265926612092645	-0.242620439635454	-0.243799654572707	-0.282898313516044	-0.25972581575473	-0.0368632824077424	0.0201974190517553	0.0119817489563542	-0.00784596125431888	-0.0199470659416305	0.133249370535551	-0.0311998951516288	0.0598065577398163	-0.0586061967253609	0.0190900708072161	0.0436803102559036	0.0491531592363505	0.0399917477747307	-0.0064385360672874	0.0297221261041311	0.0347722708673681	0.130456781535782	0.0390877820166243	0.00993391124584439	0.0402727915060864	0.107340624578324	0.0265662378912624	0.0397159203209033	0.111909894998982	0.0547189581502333	0.127739837940115	0.137012907498373	0.116871066589926	0.0797704007548374	0.131243169477767	0.133568990220153	0.102080872420587	-0.000365726655786456	0.156898427225874	0.154393034720045	0.229868384073229	0.0494520491580433	0.12693921561925	0.146313825459507	0.0464392420064614
MetaB_M138	0.213651201072252	-5.17468012883882e-17	6.64265065813461	1.46031853914492e-09	2.95691781230315e-08	11.5340474749186	7.52916074654567	Human_up	-0.250988193758258	-0.268029145010904	-0.205328831821195	-0.273084068453978	-0.246495394849176	-0.284543510741994	-0.3024353181574	-0.21997777765189	-0.272140361223072	-0.267645168310628	-0.0149647997237664	0.00448744035551001	-0.0289903790417372	-0.0484891438493781	0.0343462054741612	0.00900903546551964	-0.00478434542287989	-0.00919169435989879	0.0345982599825627	0.0508327782313754	0.0518758910096809	0.0468630945212862	0.11811472722906	0.100304842817602	0.109502524752931	-0.0187003119153996	0.018610777116668	0.0977004916929135	0.0896475747048992	0.108466282473486	0.0661430193558565	0.115633787915234	0.0553616092733125	0.190309298811322	-0.0399352712805005	0.12505784046946	-0.00865679359190353	0.112678073953522	0.107145636515716	0.073353778141013	0.154597983779657	0.118782758709364	0.13457096990545	0.109684074360008	0.0703574339491244	0.0607506048651666	0.0254428141216566	0.188853307972086	0.154689836114257	0.0266077551240951
MetaB_M027	0.210735787045804	5.01682029252493e-17	6.51450948319157	2.68095876711859e-09	2.95691781230315e-08	10.9468505773965	7.52916074654567	Human_up	-0.244808048565551	-0.258865487954907	-0.197449508181286	-0.275383967958491	-0.256330455144112	-0.222110377206923	-0.230189036739648	-0.217448496869129	-0.244762893190326	-0.250759074316012	-0.0132734962481465	-0.0544277894020015	-0.00852736302545207	-0.0219139765368232	0.00437858017793474	-0.0258723041660124	-0.0339587183215274	-0.0513893788796893	0.0358274690235659	0.0384348789548915	0.0529673752853004	0.144220930851945	0.00215730795338268	0.00973988535363134	-0.0267825698044498	-0.0804728668466109	-0.0187381557145151	-0.00378044633880826	0.046547587837451	0.0437571306030987	0.0614422597841636	0.147386952175806	0.0594148874432537	0.155915274144241	-0.0532204178269503	0.208467693761732	0.00801017850898914	0.211663613779179	0.124419159855532	0.157645068490268	0.158213333813461	0.107117640613994	0.118972649145882	0.0404531882657694	0.10553167812869	0.096291846113261	0.18331710392744	0.137121116740061	0.233054418510554	0.0979956199938962
MetaB_M044	0.212005437258099	3.43692088677905e-17	6.57004345065428	2.06148086508917e-09	2.95691781230315e-08	11.2007713123045	7.52916074654567	Human_up	-0.271036625373768	-0.292614884039217	-0.222139330658474	-0.272350844399976	-0.246141101788106	-0.270208321090436	-0.242544341502291	-0.245436464831452	-0.292123654411796	-0.252970914689701	-0.0342119112225909	0.0465345798121589	0.0538101595041861	-0.0209624451786706	0.00214934666358033	0.0778949170144413	-0.0795190415010791	0.00480599517925511	-0.0234479769331733	0.0364476123499177	0.131290228072564	0.00186298619244909	0.0931678459782508	0.0229596139940795	0.047339913519738	0.0363920454606649	0.0821503124976887	0.0712697576211936	0.00127966386766986	0.0865852076612196	0.100922367450641	0.121189825108169	0.0676827990723835	0.108448978076185	0.028092891656624	0.066365058381529	0.0586910703789088	0.0576266702794789	0.0779604918545486	0.0340568645006601	0.127817715808455	0.17434945586257	0.144144693888526	0.214784539163006	0.162584156277907	0.143672198555955	0.0268599770753658	0.115987538824096	0.0790144845768924	0.059515895439774
MetaB_M042	0.211118390336538	1.56949106489002e-17	6.53120091884521	2.47759779055815e-09	2.95691781230315e-08	11.0230783273369	7.52916074654567	Human_up	-0.246027386801001	-0.276777178063026	-0.204023461660143	-0.214233025856713	-0.221700981971457	-0.258045031748411	-0.202750489754837	-0.236833657130943	-0.245720933471946	-0.22282482458701	-0.0512792901401955	0.0819210429127108	0.0521467537499055	-0.106013030410036	-0.0792853027751767	0.0315397557081411	-0.054998632699132	-0.0285164185090097	-0.117473275214962	0.0674746843847807	0.142960495409972	0.00806350359645886	0.0445054600652389	-0.063771555839775	-0.0554148799516458	0.220632479091208	0.0735449026412597	-0.0252263383993008	0.000249341775417318	0.0596519974232223	0.0776392899073096	0.0705795263116852	0.00843915166662598	0.0912612167516994	0.0864004908448407	0.152439404432164	0.148445201431136	0.115926852099442	0.0517575651585734	0.093140418541057	0.143637812160391	0.129861495904027	0.00557644776103771	0.202363866315242	0.186315792638984	0.235458060385242	-0.0178299596467992	0.0642924389014043	0.111509725590854	0.17101048107149
MetaB_M062	0.211630893957184	-3.07956785072783e-17	6.55361803470133	2.22826993365386e-09	2.95691781230315e-08	11.1255783469568	7.52916074654567	Human_up	-0.250746253049453	-0.251009185392342	-0.181920917648415	-0.246914688699647	-0.266715040361539	-0.248999983820383	-0.234044681330219	-0.212022085024234	-0.260528795019554	-0.288397518649632	-0.0826382571938709	-0.0458762013933117	-0.0846347884462508	0.169112394854437	-0.032256492156638	-0.0204165200535799	0.0283321365320572	-0.017435145468521	0.0823904195517415	-0.0948491247168526	0.0542464016841249	0.00200543200122045	0.0921241582667694	0.0707375735968056	0.0768461732785035	-0.028580504668989	0.00443361975658654	0.0146398240796329	0.0945878692374468	0.0421470377527271	0.119203300184328	0.135308004784212	0.115638222985341	0.141007105385716	-0.0271465622789625	0.131221615085842	-0.00031487971296498	0.122101084651674	0.0601786622552935	0.128896459152029	0.128265784857831	0.102386960427713	0.165508474315855	0.153278617037362	0.0990455761055971	0.114865585142718	0.0933125158715708	0.257629242996311	0.0636204292485064	0.0123769440054051
MetaB_M118	0.209743917585555	3.54230533794464e-17	6.47141095468732	3.28546423589239e-09	2.95691781230315e-08	10.7503928398313	7.52916074654567	Human_up	-0.233037277020101	-0.203485964502455	-0.152626449246215	-0.23694417199958	-0.244099672084406	-0.214868005119534	-0.264020007639337	-0.242299792325975	-0.262193046592713	-0.2488839682574	0.0531771749511924	0.0502486995893855	-0.114103325984319	0.0251863099865214	0.0355561629386369	-0.0778411270214442	-0.0918655947249675	-0.108920816163738	8.21602379657022e-05	0.0140116999518176	0.0367276367807085	-0.0716727883010752	0.0106938025401252	0.0419492847224439	0.0466249869140014	0.163353016934239	0.0442152412403623	0.0431197247254102	0.00430507823041675	-0.0419656847732444	0.0790685640871703	0.0723329760403426	0.245946102958663	0.0306016899681397	0.182011990827657	-0.0123178033025649	0.180448392389191	0.0455927461105692	0.174870344918419	-0.0288446659607039	0.0652412914134748	0.166146962929472	0.09631264316314	0.228482591560824	0.216268360694191	0.147332066521307	0.112977021954984	0.13333245240933	0.06535836676203	0.0384146165676434
MetaB_M066	0.210137428099037	-1.30681056254023e-16	6.48848000892706	3.0314455707888e-09	2.95691781230315e-08	10.8281355698971	7.52916074654567	Human_up	-0.205473198548138	-0.268181689489363	-0.150848690091347	-0.275868056197671	-0.257110375562805	-0.244717774643211	-0.223394677308449	-0.200508854912041	-0.250012069230725	-0.2199625509857	0.00977804476080039	-0.0666853199925816	0.106822666996806	0.0687949636019045	0.0259068635403732	-0.126383498129531	-0.0342919908151075	-0.0913327401318631	-0.0642169055439667	-0.0539632845058326	0.125619693554943	0.0963085801640096	0.0793230916152775	0.0949373175712456	0.104520951275521	-0.0820207530207582	-0.08218566114709	0.101103997570147	0.0865216411955369	0.0539370343476809	0.0836999622017489	0.180038538170658	0.0823296912780645	0.0811454641239906	-0.0442065957802752	-0.00143167903874416	0.0205590111576551	-0.0129127909113135	0.0730407940992906	0.10829645822933	0.110938825962223	0.127854409286702	0.258455597290655	0.102826323022293	0.142168608708036	0.181612048505525	0.00638775057031212	0.264633566156468	0.129003160276947	0.0491441007523627
MetaB_M084	0.21002308193741	7.56339435525888e-18	6.48351607696189	3.10324798957914e-09	2.95691781230315e-08	10.8055181730595	7.52916074654567	Human_up	-0.281268769594358	-0.271159226222904	-0.199136879207785	-0.248736556485178	-0.25733516849627	-0.26524192107987	-0.229801600382053	-0.2395659972141	-0.270349639306102	-0.278609766117836	-0.0777341473326033	0.0217128578462784	0.0211141289292043	0.0495458461727031	-0.0534838098333	0.014769234480018	0.0317047385360219	0.0117121662914416	-0.0356164133277486	0.0372039390955192	0.0648754725264175	0.0410205541118877	0.044984632045476	0.0406304649282745	0.0746248515685478	0.0328887008707658	-0.00982227503491897	0.00627445548444773	-0.00345832261284917	0.0222370803312841	0.183792657112031	0.0824061363647326	0.134641577930291	0.150998547165824	-0.0144616965304788	0.125939836617779	0.0591797912896708	0.118486018844353	0.0683186399267807	0.117004133214184	0.140645500309247	0.176924416229342	0.173039928575558	0.107496059293705	0.15279590601223	0.152419985301394	0.0204205905239776	0.0558640922333858	0.197555173779431	0.00255407483615108
MetaB_M133	0.209821111063196	2.0122792321331e-17	6.47475626130242	3.23407710820126e-09	2.95691781230315e-08	10.7656227460116	7.52916074654567	Human_up	-0.284996976153877	-0.267920585643454	-0.209707817653043	-0.282287886807408	-0.278111577051634	-0.245597319181978	-0.23726536507268	-0.240132284700225	-0.303108814664601	-0.257192617380705	-0.0108126391841137	-0.0159068407087059	-0.00394374795453852	-0.0209400226478035	0.0128273635824303	-0.016982454762054	0.120840286907921	0.0419125104442666	0.0132758001799229	-0.0318023443060718	0.0823098609047195	0.0309900691451952	0.173557616942742	0.142293930448613	0.133199860679998	0.00995394668027449	-0.0148078508974781	0.0727887998170471	0.162998491543575	0.06092078653778	0.0913366659782433	0.0850424042279422	0.0625978683897192	0.179572777409392	-0.00597372312910985	0.0572132354511138	0.0566097190916372	0.0465448988923395	0.0425933478781171	0.063369486049607	0.12884471779024	0.105112673136013	0.130996503751493	0.137706754961463	0.108873726903538	0.141366347961462	0.0131832262980805	0.113633083002249	0.0889613161354205	0.0160627907769259
MetaB_M056	0.211192110609536	7.14706072102445e-18	6.53442132850554	2.44015321027978e-09	2.95691781230315e-08	11.0377946234069	7.52916074654567	Human_up	-0.254140273379683	-0.264853385595114	-0.184228140655963	-0.272783917763408	-0.281721799157103	-0.248454048857781	-0.241948566582009	-0.240196841774885	-0.277505963665864	-0.270868136198825	0.0355249625506225	0.0277123184322873	-0.0128875967938242	-0.00583726658089717	0.0272768005346423	0.0252532382716477	-0.0480034628267836	-0.0474494834434299	0.0487351290466357	-0.0479288928746927	0.0688665612873599	0.0228947327179012	0.14575252343209	0.109825302979634	0.115943341338264	-0.0977190313977063	0.0285989486307344	0.100858555901295	0.0119681838535069	0.0552818103035187	0.102329152244665	0.142997693515678	0.0923792491155362	0.100778858061682	-0.00872472991567553	-0.00152493415540513	0.0226949950318921	0.0290312681643813	0.142898742347007	0.0436865597557724	0.147445669055496	0.153606157590985	0.169072434914987	0.179122207864983	0.125311684117403	0.126037548589673	0.0710391978113983	0.17227256830402	0.111320787521911	0.0502592883314399
MetaB_M030	0.2151044201813	-1.97238059218563e-17	6.70735978908753	1.07275894119961e-09	2.57462145887906e-08	11.8322700532155	7.58928661532375	Human_up	-0.168015742250625	-0.205641252257015	-0.117821736804207	-0.212105694250375	-0.184992613102004	-0.191015335983337	-0.183897695473084	-0.189277483636261	-0.20708996382385	-0.222609808887905	-0.00937432631142259	-0.0418297445673962	-0.0818599352288089	-0.0458970226192752	-0.0285782652939547	-0.13221156693761	-0.215656652120506	-0.201328126498076	0.00848178349015927	0.0494681403799496	-0.0560220696119935	0.0923043165214347	-0.0233791196710433	-0.0216727383896138	-0.127573002168078	0.0588762419120272	-0.0844184650176641	0.0579246598273592	-0.00556514741075412	0.0315629962058132	0.0612611779805611	0.0904173631595394	0.0428122407128398	0.125805837314079	0.0213887726213859	0.0825240922175174	0.0808039678066568	0.0551029676835781	0.233042948223241	0.128045629463278	0.203898125725531	0.163281516751874	0.162576028228946	0.0689097867375481	0.176074454462288	0.224789778260966	0.0286006372019676	0.18248494548125	0.309111012580296	0.218284087364772
MetaB_M034	0.216831351085557	-9.50194783966296e-18	6.78500166656258	7.39913982478035e-10	2.43893936110119e-08	12.1915421738589	7.61279899733552	Human_up	-0.129091931125281	-0.151935426199661	0.0262935415081061	-0.176809440167419	-0.163351645825174	-0.138881122913055	-0.0873287149854051	-0.0696265808280407	-0.161183144565978	-0.151072415154457	-0.248098090291115	-0.0974097716045567	-0.13011919600192	-0.00755300516974939	-0.18053411213221	-0.201403990170695	-0.0610682312922969	-0.168317445632537	-0.159745262372936	-0.144740228102302	-0.0189911577163032	0.0086161905141587	-0.0456238585012555	-0.0468154832481246	-0.054798420363976	-0.0526975833325674	-0.0568067476655417	-0.144494445712923	0.0900491312621665	-0.0568917380616586	0.118189039627738	0.0905126976387937	0.0644171502282466	0.165203752615823	0.118012000007438	0.0871607635404749	0.168405230876377	0.109269349860041	0.102579159989135	0.120000285838283	0.149797846442974	0.193016103373962	0.252290614215031	0.00167104997914575	0.24756837024299	0.274985759515175	0.147731802315656	0.200835642765779	0.232511478265397	0.136272228514247
MetaB_M127	0.216206656814694	1.25333771139324e-17	6.7568211814255	8.46853944826803e-10	2.43893936110119e-08	12.0609632015974	7.61279899733552	Human_up	-0.225241192294895	-0.249606157889897	-0.133652871306195	-0.249614266692872	-0.246484187938563	-0.234499339117969	-0.203477876579826	-0.197281245022891	-0.253741061533736	-0.24213286680762	-0.0852737883600295	-0.0408764519287518	-0.0527312087833766	0.173854186208584	-0.0408193186901932	-0.12454146928535	-0.0668694623623871	-0.123183359802824	0.0897191406871429	-0.088027084274676	0.0131288187460448	-0.033914884000477	0.0225803331574313	-0.000356809326120026	-0.0113324359853788	0.0579888421456247	-0.0182306715097541	-0.0249574097758143	0.0504255220014256	0.0113163800684612	0.0954573374564496	0.0703717903354408	0.0944234980519825	0.139233614001125	0.108066408710727	0.0407321777246081	0.128680354984149	0.0731120085317152	0.110842028422115	0.0484189828865155	0.166888645020434	0.121621536182769	0.157905210803309	0.206298446128987	0.15699901364641	0.191699565489057	0.144835228492923	0.285695392118939	0.107797873788932	0.0787530834782948
MetaB_M037	0.218472432526751	4.00113969734051e-17	6.85955151052514	5.17228438182703e-10	2.43893936110119e-08	12.5379455631501	7.61279899733552	Human_up	-0.24803562704415	-0.266690544827572	-0.151114438188943	-0.265817177304674	-0.265789487177988	-0.254650809039507	-0.21917495415446	-0.209168889680947	-0.26956271816829	-0.258031009678768	-0.109687527544148	-0.057069851259316	-0.0697769974176102	0.0576821122284398	-0.0314993468919731	0.016020679285372	0.0760466427088553	0.0303982402268712	-0.0375341617904496	-0.0882133246017519	-0.0223105368289753	-0.0484105767423564	0.112635094083689	0.120550412479525	0.125560069822237	-0.0184504124163662	0.0916995081556864	-0.00329427792567666	0.140821730017379	0.0260723516222163	0.0709408127944953	0.0845908471199463	0.098591470823403	0.17361252607983	0.158329972404066	0.0323890911886729	0.14171538139518	0.0640012136034804	0.0531232224724563	0.00763957797373941	0.0801050683525875	0.114932018123206	0.133244190373819	0.246855218152734	0.124977065271783	0.136392410554205	0.118850262667684	0.193179178046967	0.0456799739786898	0.0176463266767085
MetaB_M003	0.229249548738075	3.2534738791945e-17	7.36910177549471	4.33011710532898e-11	3.11768431583686e-09	14.9397876797847	8.50616786183189	Human_up	-0.203689650008036	-0.197745175750606	-0.073637659734043	-0.22704272476502	-0.214595654160777	-0.211891458804491	-0.161911938844525	-0.139645039763845	-0.209416352522747	-0.20823471384178	-0.13913610178313	-0.132452062325878	-0.126189953179379	-0.00206076536902727	-0.109347995374499	-0.16848698458669	0.0858168041507845	-0.0325587390403121	-0.140953875544135	-0.137814543608762	-0.074630982572803	0.046964044813301	0.034694565793348	0.0765782151330612	0.0839004157304919	-0.110391855503761	-0.0409307228034756	-0.0552237974978909	0.146215528604593	-0.0253798283584503	0.0773883939175863	0.0961917212460685	0.10767266172219	0.274182854630995	0.0787088843854938	0.0131455432277451	0.137686242122135	0.0905871736138641	0.171441377924073	0.140685680586322	0.115898982846124	0.0785473111022748	0.209264069274832	0.042652849510626	0.191203039342533	0.163518957654643	0.199768130200809	0.211948297170766	0.173771399537537	0.0949354315018676
MetaB_M077	0.23350327796434	-7.0082828429463e-18	7.58062162646945	1.52357320534534e-11	2.19394541569729e-09	15.9522072016997	8.65877418166393	Human_up	-0.255903278499399	-0.274272472247919	-0.172391927754167	-0.271164916346083	-0.277151996914126	-0.261691756120235	-0.232189536826551	-0.226175803360483	-0.277022051463298	-0.271187940913463	-0.0688206779397666	-0.0109704888890118	-0.00854205203960909	-0.0260836180765102	-0.031384191935112	-0.00634723455102584	-0.0420357710862512	-0.0413340638554499	-0.0258035099383427	-0.0215660468152737	0.0488059818620426	0.0222802568080419	0.0552833834685985	0.0171531432800005	0.0342694822062259	0.0168762175452761	0.0411409829925642	0.00742796496807227	0.0375086219991898	0.0374653216258715	0.103919380803662	0.100151353512207	0.0891871022148886	0.13556335420243	0.0612990671911289	0.0968474491670327	0.115173632523125	0.102923699888997	0.106111805579832	0.0907008602074657	0.149987462796213	0.162334570565534	0.141756239475571	0.146187208503701	0.17901334251791	0.201763766380486	0.0987715112262005	0.142134898849524	0.156770147048801	0.103231126161484
MetaB_M007	0.126953997754842	1.12236608895699e-17	2.76868532394726	0.00761412862290093	0.00945202173877356	-3.71656045893418	2.02447528820148	Wild_up	0.100286276040184	0.0566586870282436	0.206211168012884	0.0626295562490108	0.0774068895537324	0.0811804070017292	0.13205044793239	0.143870467400004	0.0682719952069718	0.0870660876135866	-0.271525616704625	-0.200348752520156	-0.0862257986332212	-0.132602218239536	-0.138126442201411	0.344077923501235	-0.188024212570437	0.16783349946789	-0.220686066022368	-0.245649052092036	-0.163303249444919	-0.17091878266122	-0.0822558407725541	-0.00709321122874972	0.0702164143403508	-0.245022082935324	0.306527952885955	-0.173682845727251	-0.10962443706804	-0.0770937509682125	-0.0247849393212045	0.0453087037310088	0.0716827676003867	-0.0449842014304141	0.0259184315372161	-0.0423626283063925	0.0509927138295254	0.0617200973983066	-0.048807747549936	-0.120945415727408	0.0552140072802962	0.0854726337742033	-0.0712699587129755	0.179949119224941	0.114518501305486	0.121755063224298	0.154192871417973	0.122940612106727	-0.0680434060992062	-0.0605726377269375
MetaB_M088	0.133245266750321	1.79977560632594e-17	2.92626849795825	0.00494543958824917	0.0063283108141199	-3.31937812666612	2.19871219867248	Wild_up	0.0833021320328715	0.0826762000114716	0.237503126793454	0.062849854390714	0.0675022137250794	0.0893493142117692	0.140016452721877	0.150804126073719	0.072899338503449	0.0790593755381607	-0.240254518059873	-0.151349078489886	-0.119712276262815	-0.285758762136476	-0.184098365379425	-0.14975822387976	-0.274828361397721	-0.236578148256786	-0.156244726837345	-0.0999641584293968	-0.0929787454975597	-0.00347763566868456	-0.149261828579249	-0.151515319151376	-0.114939299745343	-0.0158432711764315	-0.107864828249731	-0.130230590171468	-0.161129563824001	-0.0453004611261814	0.0373077113435362	0.0488801555806286	-0.031902984762503	-0.00272856247940824	-0.126415610243477	0.0418223883964637	0.0376078156176269	0.0664424949089386	0.117567227992195	0.069036425620408	0.100056383996166	0.169693517135383	0.0462434728906075	0.0966449139168304	0.241315582879178	0.258198978278546	0.138994613415407	0.0848169988671118	0.246218838399483	0.165325666563823
MetaB_M076	0.133186451836109	1.60982338570648e-17	2.92477979772012	0.00496596612496909	0.0063283108141199	-3.32320650369649	2.19871219867248	Wild_up	0.119729314707176	0.0840956881496735	0.190456704888477	0.0783529963850561	0.063854873940664	0.105972391530086	0.122060426468405	0.144802635780717	0.0790240369375701	0.0771425459010503	-0.0742749547357858	-0.17669849881223	-0.0121582052571732	-0.256273089052191	-0.159229387434873	-0.240863093340245	-0.188028723540578	-0.245186365944308	0.0943334939258135	0.0155936349426058	0.0204302519436122	0.161648369441562	-0.107925792401586	0.0101161456947106	-0.0895427994964986	-0.164344992635466	-0.250449849045025	-0.115492160066462	-0.0748184644586276	0.0154851911807722	-0.182785764239108	0.100793734074572	-0.121068293267906	0.0613636377169051	-0.260033027291348	0.102011229216218	-0.177973202456313	0.100548836508207	0.129774632783036	0.198607544724943	0.0363604689248926	0.0788038454285211	-0.0428859595268097	-0.0503934533972782	0.147166496469786	0.00927991177599546	0.112980559556783	0.079229099670906	0.35715264572795	0.0932547320031463
MetaB_M070	0.14024790079787	1.34961486430996e-17	3.10573512638081	0.00297519221441522	0.00393052916399808	-2.84757331087086	2.40554897696963	Wild_up	0.112052731537504	0.08060346808618	0.210635000994237	0.089345969784157	0.0793140625203728	0.0972601473120166	0.138531983461961	0.149455816470975	0.0730991568436425	0.0916848693719136	-0.210213212848333	-0.185989788643301	-0.113990711581051	-0.194258798596124	-0.198443221766225	-0.0842355828453156	0.382269493968947	0.24188353445479	-0.112971986163117	-0.248950571552917	-0.163687319864865	-0.163305368472698	0.105402375891169	0.117628192770166	0.165699979350974	0.0731528179552442	-0.0450249424896315	-0.182094295289593	0.283977478345131	-0.172204354090959	-0.135411885478999	-0.0943448990126551	-0.0191351608686483	0.21853779701574	-0.0601830881768336	0.0553088240619812	-0.0608482192664577	0.0604479477996501	-0.0931155764320256	-0.106563406844377	-0.066726922183163	-0.0508683090483593	-0.0677738600482281	0.0519410538083189	0.00641721921499061	-0.00948044498390911	0.0840877317139502	0.017292326223795	-0.0309165093887061	-0.115291543021314
MetaB_M029	0.142173709864428	-1.64625257870199e-17	3.15589339454292	0.00257339603742356	0.00343119471656475	-2.71215130040676	2.46455463550544	Wild_up	0.120690137821615	0.0656646241449058	0.235555722093108	0.0867549193861962	0.0675774120096079	0.0795771143686301	0.148058827034263	0.165562517027783	0.0875671929686772	0.0803812120606362	-0.284207925804904	-0.194682491137023	-0.188894879010363	-0.142758922054437	-0.310322589390292	-0.266369296546308	-0.00241349741487746	-0.167402960608237	-0.265357021462739	-0.208667429518131	-0.10674260152395	-0.0530854040573359	-0.10682332223676	-0.0636233299688281	-0.0376068442138043	-0.103326982276195	-0.140117165679926	-0.111727553000726	0.042587811016152	-0.134914991988121	0.0388003257238044	0.0424498076035724	-0.0747267572599497	0.0891000434229055	0.0345682284386639	0.0442641571462657	0.171023315362672	0.0822205659737588	0.0375481717098154	0.0348773867101217	0.114512900593472	0.0984903745711098	0.141426533464948	0.0480323825885173	0.183863006912266	0.266449866390721	0.170331033028194	-0.0267706939600106	0.156331880135417	0.0562751894051179
MetaB_M017	0.143057682220683	-4.77048955893622e-18	3.17903778273657	0.00240570349684594	0.0032681255051492	-2.64915373209156	2.48570127369803	Wild_up	0.105694128480994	0.081727203105822	0.267591580066632	0.048996765377601	0.07619699998925	0.0927363699231865	0.139428252645535	0.176539498925714	0.0612273310833833	0.0943233281673499	-0.234549211721704	-0.181978187902912	-0.246213762685673	0.0361276923641361	-0.203488304648364	-0.117726059580471	-0.246523086186016	-0.186371071395496	-0.141504172693343	-0.270841221379463	-0.0967613847246077	-0.166827373935762	0.0263845106075164	0.046216662450103	0.141861947778453	-0.274892049718843	0.0139028460383549	-0.135732893520326	-0.0331117156709716	-0.0681517038998937	0.074231547612489	0.128672778114238	0.142254755983142	0.0718954369562398	0.110898997694456	-0.153257704800268	0.081273495745551	-0.0773768299752769	0.0041801915665731	-0.100174364524373	0.0780402537166574	0.0873317025155305	0.181427568951068	0.262111553576506	0.0979857995737618	0.0682387162052243	0.0837129891439002	0.162141299477543	-0.0257477734517796	-0.0821233314213679
MetaB_M055	0.157752248118949	-4.87804241444678e-17	3.57584865853242	0.00072726381630196	0.00101675718007264	-1.52152658933457	2.99278275203877	Wild_up	0.128581546779522	0.091761471588944	0.207073681382663	0.0860694603364537	0.11537844385776	0.117212249132311	0.140776895307782	0.160084468778263	0.090287953176553	0.124791814611339	-0.20015759902099	-0.106011034764223	-0.0714173129885328	-0.354187103464703	-0.175610135290513	-0.174385736742299	-0.145233850657052	-0.188918515605536	-0.218118312818943	0.0216574452290299	0.0723853016670873	-0.0215931756851027	-0.166886103969515	-0.177635698381328	-0.173389459225221	0.0970252296370882	-0.100641692268315	-0.111435134781089	-0.166761872255809	-0.0368676527806041	0.0551587647933879	-0.0574184315477542	-0.0900850471044152	-0.0488189881666451	-0.0916494781901043	0.233929974490838	0.11179428730121	0.181709822800161	-0.0302072638045591	0.0761312965958422	0.159906367252626	0.0517826796012264	-0.0671385092384685	0.113693775565214	0.166772818924883	0.25393065003838	-0.105451499183432	-0.059062607126988	0.140960011215184	0.140225804998391
MetaB_M106	0.189181919063699	2.08210185204116e-17	4.5199508722256	3.24140710481158e-05	4.7628839091109e-05	1.4669089525192	4.32213000388563	Wild_up	0.154721259255229	0.129415315934617	0.282582065344326	0.118304456170995	0.0838876605368926	0.128739471888028	0.188394090673295	0.209611372920617	0.121682635977487	0.0961170238081045	-0.122330243419544	-0.172080230214346	-0.0301488782609454	-0.193592459476657	-0.0627736419404924	0.262759034781129	-0.0867429999312808	0.154381513693412	-0.0789892759607808	-0.262771100590434	-0.125362321475357	-0.11994875025745	0.00184970439371399	0.0458995519125245	-0.0312717223521312	-0.26966167391639	0.224012857201645	-0.137850374363931	-0.0704848385861386	-0.218888545151127	-0.154385120809381	0.0358825839786821	0.0775728190817876	-0.0073958556244278	-0.154947017604357	-0.084599087712186	-0.176254419446637	0.058570146959064	0.0267355922627951	-0.0488667801171593	-0.0559704354781018	-0.000698645539944816	-0.0782324168961586	0.00365356955200198	0.0302168287255938	-0.0223376870145932	0.325742507708815	0.143492195459334	-0.0464053128322043	-0.0912344232479321
MetaB_M041	0.190722964650659	-4.6074255521944e-17	4.57040510375029	2.7214286272519e-05	4.08214294087785e-05	1.63656458517089	4.38911179203847	Wild_up	0.158831123837369	0.136347249965865	0.193629358513394	0.111826452440185	0.151352578619755	0.134757249733939	0.169306526242921	0.191769100873927	0.123880034459071	0.154084042518848	-0.121420886784402	-0.22005122553821	-0.0697127142366328	-0.279842683409552	-0.140058826785709	-0.208414687667378	-0.0980650686856133	-0.163837791278427	-0.0161368701445728	-0.0183471037337658	-0.01732904925164	0.146740228106458	-0.220872099522506	0.0138197174644441	-0.0472278013024309	-0.17056750647582	-0.294373356023473	-0.100674947764781	-0.135026619333097	-0.101913219446681	-0.0657929849306088	0.0247005627164087	-0.0778076255250517	0.0843234980562718	-0.19085583916191	0.132786388153935	-0.0564733612797201	0.0599218334849767	0.0532649513353541	0.21107698038331	0.0450013946968699	0.113976148865868	0.100898536424255	-0.11558861910639	0.0949694463977247	0.146700384323255	-0.0816914938634527	-0.0412243535335605	0.287503165453567	0.011839781717411
MetaB_M033	0.197809186877042	-2.33753988387875e-17	4.80846791182484	1.18119618491351e-05	1.8094920279526e-05	2.44821753947881	4.74244332591517	Wild_up	0.177249085142564	0.154687974189094	0.259990512643788	0.133388683391019	0.0711612740728993	0.167466471564701	0.186090488853406	0.197781090362367	0.132508117958509	0.102149796837985	0.0432795027046249	-0.160975089038723	-0.104097674889687	-0.103816421272994	-0.185439892726586	-0.218857544415407	-0.031224952737792	-0.133133145652028	0.00326822708934847	-0.188842006092375	-0.185847968603569	0.0655703155327904	-0.0660871714809373	0.0475027922501324	-0.028536014568377	-0.146866506370874	-0.180184386234897	-0.234485150733778	0.0766839437620141	-0.189374366214377	-0.186294540080207	-0.0175059237973522	-0.128455443302405	0.0713920139026065	-0.0923562223379876	-0.141204828554787	-0.122188725110277	-0.070796692913602	0.278096970148199	0.14526359297024	-0.00336274696131821	0.0354096739440174	-0.0459137301282702	0.0265083639920653	0.0229112358376342	-0.0976293901976842	0.0781851760504486	0.152638946531714	0.219495792469959	0.214796492214164
MetaB_M098	0.199946111578092	4.80388298584877e-17	4.88232120805509	9.08992713741676e-06	1.40747258901937e-05	2.70352486322901	4.85156005441875	Wild_up	0.20016079792777	0.11880769306405	0.233636808752431	0.139403772541317	0.0849749161069394	0.168409025404535	0.185614834621449	0.202059427341607	0.12449156734027	0.142010049524371	-0.164573593553142	-0.0233589538599785	0.0595328498729073	-0.249795075709003	-0.162417592522717	0.151220786443473	-0.185755731801405	0.000185417902063349	-0.258716808048474	-0.107697451079393	-0.196769104489968	-0.19974804993477	-0.13135428141653	-0.145720137278087	-0.171416794444096	0.102884927173423	0.140505808205721	-0.171462550246649	-0.120499613792466	-0.107396681819888	-0.109834544319001	-0.0587064395565293	0.0384643464117448	-0.0824870563892593	-0.116392353353849	-0.0703551479113618	0.052331114276078	-0.101301078131831	0.0122227548265053	-0.0698439861764856	0.028746508183717	0.0765070545439357	-0.125606561574235	0.177975217224367	0.15026544906183	0.206221517671503	0.100644593014604	0.153976974783002	-0.06139460414861	0.141349979338117
MetaB_M048	0.202000042684588	-4.10587362720261e-17	4.95426074496225	7.03381195713174e-06	1.11304277123843e-05	2.95370746077799	4.95348814657641	Wild_up	0.192452976246734	0.143397131168298	0.222713366418735	0.125591470391874	0.11666460649681	0.175090783409206	0.156155699717655	0.199675339274455	0.133660141335038	0.1505988270179	-0.0489041880911568	-0.228874761884118	0.0200165873703634	-0.27562972715394	-0.104203348377089	-0.141024348427314	-0.157039506631483	-0.169875901977129	0.0220727727796249	0.0356184450967445	0.0865985100565261	0.0859263312574597	0.0310866130397287	-0.10944703911897	-0.0340907553927365	-0.109278178623757	-0.176345559550943	0.00096611696605465	-0.0793426629848808	-0.0591798316772459	-0.294032303699026	-0.0128997230469776	-0.0807533724735377	-0.0608110535770323	-0.323229459363937	-0.019704327817617	-0.101791030880334	-0.0567709845018823	0.0579271171507603	0.148849269178362	0.00966071547933296	-0.0140482213560595	-0.080623682959668	0.0177170355825094	0.0579459379932388	0.160820898043034	-0.166156985552653	0.101616560124933	0.303375118740028	0.14785858478408
MetaB_M109	0.207490480665069	-4.60135402002848e-17	5.15139929958971	3.4623530238947e-06	5.6020093869757e-06	3.64636249782117	5.25165616778872	Wild_up	0.171606066056878	0.136669320423295	0.272256276726656	0.128951565579878	0.121017832824482	0.154281078609505	0.189793798760826	0.213968671032401	0.13035218512883	0.141027050177798	-0.216429874837668	-0.211613584294445	-0.107624665323412	-0.196914698340315	-0.122849688581934	0.215056135910412	-0.110310506507586	0.0740651085160721	-0.0760880070751753	-0.18370747156155	-0.161838586853375	-0.00731296499335748	-0.116739706000771	0.00821201745660157	-0.062933764785616	-0.259345899045689	0.172451677624698	-0.167763394068745	-0.0642467655277512	-0.101568937044088	-0.163054551106343	0.0421884252426497	0.000541754836018904	0.0363815638950819	-0.201797583195441	0.0646406633822374	-0.208291867237285	0.142898835042877	0.0705077509343334	0.0271218500978606	-0.018535506682306	-0.0941005799256247	-0.0669810228854549	0.032753494220316	0.0616170790163485	-0.121167443799292	0.262660315276395	0.102511828963679	0.054522740485137	0.0131619834519552
MetaB_M054	0.219972098383929	3.81639164714898e-18	5.62878263970746	6.02989993868729e-07	1.00965766415229e-06	5.36067533947453	5.99582585371406	Wild_up	0.188326896324208	0.162120685444504	0.252833748234362	0.148293032344882	0.134386810421888	0.176157296129752	0.189478795896425	0.209032111830417	0.147370755598041	0.151776654846953	-0.154064579182352	-0.227464481984003	-0.189487763457253	-0.126806064755337	-0.100095946781992	-0.153842287092057	-0.120355213544914	-0.143247171578025	0.0374175558541706	-0.127696421866028	-0.173168378706804	0.0558634221052845	-0.101627989698337	0.0628099427519186	0.0283051280818662	-0.368562323705185	-0.143682142444991	-0.148438389323679	-0.0548977982665129	-0.0137600771883018	-0.153583281307139	0.049154696310922	0.0654087533487432	0.050241071168435	-0.172738943629173	0.02765417816514	-0.21706867975182	0.0589759444243021	0.118770716763554	0.126390283846978	-0.0151207407153783	0.00564754710343408	0.0083339583904886	-0.0238294350706799	0.150830798845425	-0.114366938117009	0.097579370083653	0.169255235675725	0.112588355704695	0.0589013024708042
MetaB_M125	0.220294948613736	3.88751530966402e-17	5.64172635652519	5.74777434611892e-07	9.73740595107206e-07	5.40778419381342	6.01155672394096	Wild_up	0.180145218782568	0.137852561068964	0.230009289758249	0.157045261134316	0.156721155453132	0.165878778622813	0.19732475840197	0.208583488414861	0.152953262485316	0.175845814787701	-0.181690321245208	-0.0578663868200832	-0.0204083615328495	-0.0852450292692619	-0.0898935152527505	0.0165245451130256	0.113844360661072	0.0564814349951125	-0.185379012433426	-0.236887156352525	-0.2081157736202	-0.255728481946045	0.149551632258905	0.0582272352922861	0.0820915371918345	0.0892549404899952	0.0700929510898332	-0.146893461341409	0.0801962631633336	-0.136231744173525	-0.119460780663112	-0.0870982396722742	-0.0682137220993752	0.0741985574096714	-0.0279694162746779	-0.172054881878887	-0.0573869552893396	-0.0932889126404751	-0.0721561306718954	-0.211873710153489	-0.0865159064378739	0.00751111491766899	-0.137087305643463	0.325147978665383	0.0293744728973757	-0.0816541814960433	0.135678771194575	0.0391953206093839	-0.165424947650009	-0.105206370301146
MetaB_M142	0.222675081305317	3.77586959095233e-17	5.73816058589008	4.01910389918265e-07	6.88989239859883e-07	5.75966301881137	6.16178756053935	Wild_up	0.167998586751882	0.1474941322089	0.288410268533427	0.131769891853028	0.160250023867036	0.164088206918549	0.19683053898741	0.217297568842748	0.141345331548361	0.165916100931199	-0.267604509035433	-0.143600150838297	-0.136295026709255	-0.240554440916529	-0.209829374877393	-0.163955531311742	-0.171421757474584	-0.212344988207153	-0.23105758855899	-0.102486844685925	-0.0470939055645939	-0.0689273443583577	-0.13555886208775	-0.183342163262418	-0.131728191037648	-0.106384356356266	-0.0746663333638754	-0.129956912859226	-0.102024162390547	-0.0710185375299603	0.0688855621467214	-0.00346030102418365	-0.0799399026260657	0.0256123752094657	0.00870203886293517	0.076966116814128	0.0942141029250965	0.0585548904947596	-0.0127144970718043	0.0315176417816662	0.112907771458751	0.0852098749988967	0.0350675959390001	0.136348877464698	0.151515746675767	0.204691439553222	-0.0516361030028508	6.3355625518985e-05	0.109549587007002	0.0963941577506813
MetaB_M021	0.230605838542613	-3.00280633691585e-17	6.07316599009206	1.14926699728003e-07	2.01822497083322e-07	6.99313206340037	6.6950304247464	Wild_up	0.198257769077307	0.153228304660397	0.242229407003323	0.166911403861219	0.155800007937524	0.178831524912342	0.201570116034139	0.215010425473341	0.15518386703599	0.177823882345318	-0.174945854330288	-0.10374224823295	-0.00858131748239102	-0.453972968030946	-0.130737296514655	0.0713869381293	-0.10737308105386	-0.0198196870382859	-0.172250404587033	-0.0213510072695513	-0.00715480124894918	-0.00354821014122102	-0.0841210430469877	-0.12021284500495	-0.100402868047838	0.0651039477155518	0.0240479492581507	-0.0634677937310892	-0.159952338919456	0.0054890069682876	-0.0194157995546816	-0.00355342961146568	-0.0478047516443171	-0.0791286870575635	-0.333384607673183	0.0666418844304193	-0.128367007360252	0.0235486829818377	-0.0272657739868114	-0.0640235024125755	0.109286472644854	0.0611213144983344	-0.203405511167263	0.212364966020673	0.0929354101494621	0.0573109306670684	-0.00249844533616218	-0.0874065077564324	0.0737723995344174	0.0200311769019008
MetaB_M079	0.233495715606624	-3.63229411826094e-17	6.20090462879391	7.10788595162633e-08	1.27941947129274e-07	7.46732749893489	6.89298704410568	Wild_up	0.207630759972646	0.153588821824366	0.2477848051479	0.157011596024526	0.161117524801684	0.187777191403171	0.198080931543536	0.218638659018471	0.161870881442023	0.174464553674668	-0.108029898269753	-0.176015820754517	-0.000857726279091064	-0.234336823835588	-0.144562728833389	-0.145511593672563	-0.280803579239434	-0.26448672696815	0.10951997935387	-0.0606049044658073	-0.0159916737028053	0.0790607979767946	-0.155916956095729	-0.0607823465223159	-0.136842401285412	-0.190369781219845	-0.141474135916098	-0.108508800227813	-0.279244355617236	-0.0521566100818667	-0.0615364698314954	0.00517969101219311	0.0108637767152005	-0.0582318930141081	-0.125710555216242	0.0796693074769278	-0.0507329285805136	0.0549903708365124	-0.00741586373793813	0.0946376242734587	0.0287874422089945	0.100612948449357	0.00755997610743369	0.046007996495195	0.0887359835722547	0.0762653682543664	-0.0285083878104535	-0.0344509665850538	0.250748475639884	0.0224784645377825
MetaB_M135	0.237605784892328	6.08887940067859e-18	6.38829633098306	3.5037165417938e-08	6.46839976946548e-08	8.16611563491485	7.18920314703594	Wild_up	0.185582922140305	0.183064406370743	0.252346939760853	0.167987085221428	0.156325773355192	0.18887792213462	0.206544482172879	0.203722299590271	0.176947921585451	0.179446526806884	-0.171366723960907	-0.172871428348525	-0.0976479603447564	-0.272835770855797	-0.151160407588878	-0.0731110801023777	-0.0749937152690694	-0.126563564772922	0.0144013525674147	-0.0113132413208532	-0.0775645842764405	0.0560108271711141	-0.105377420558753	0.0386833527564371	-0.0792077459088785	-0.0958322157701658	-0.142653122438524	-0.109437655032255	-0.179096561107715	-0.0611042435329267	-0.24859454769637	0.0524632266650192	-0.0376552682346065	-0.00740296582526809	-0.255827011240579	0.132971897488489	-0.184918619814482	0.108666370742647	0.0569999085947102	0.110949403839104	0.00693857754937419	-0.0713127701683522	-0.0802165497201526	-0.0567124135417631	0.12499433627396	-0.0655815071928522	0.016240390180913	0.0145319798101123	0.280443102994072	0.0952180888521774
MetaB_M067	0.237642202311597	3.93868965220534e-17	6.38998810552054	3.48137110091149e-08	6.46839976946548e-08	8.17243954812958	7.18920314703594	Wild_up	0.172523698781184	0.142339309349318	0.267195565234452	0.187288086006716	0.182945956113026	0.169499530123462	0.21837856506646	0.200838596939858	0.167484375112573	0.19264393576573	-0.0077620895370817	-0.156953820103338	-0.146737177037584	-0.116018372992772	-0.0494530895928931	-0.0786943735728052	-0.313874899025657	-0.245656367181458	-0.00734488244895579	-0.140759503570818	0.0182573844790892	-0.0555421197600392	0.0657137209729163	0.189944768918582	0.106261192259397	-0.182541476468052	-0.107408388720551	0.0952272211188954	-0.13639137978162	0.0687166924513661	-0.123256909923235	0.113648634348514	0.107032691880715	0.00415590964310346	-0.168818199556257	-0.19630897122285	-0.147628143641736	-0.104348834364172	-0.0218026082152298	-0.155086146686654	0.00897845354473699	0.0448042500004766	0.00138209006001973	0.21254086787736	-0.0520634182552386	-0.0733625949293673	-0.0438327667154273	0.0562103801330016	-0.00616204727639043	-0.156203295600768
MetaB_M075	0.24568573583071	1.86742982188903e-17	6.77829017426214	7.98236950105755e-09	1.57460439472916e-08	9.62968011562159	7.80282854077412	Wild_up	0.199943558233727	0.165471184763986	0.312951860734658	0.163352984056071	0.151790934668308	0.179669271439839	0.219135265931571	0.242068125375141	0.160448328156236	0.170654373286146	-0.210498612834384	-0.191280352481988	-0.203388019179313	-0.124630034092352	-0.167557719010114	0.0887581057398717	-0.169841981522854	-0.0446785938982289	-0.197412737701883	-0.19503964084642	-0.154709570728825	-0.139417208540064	-0.0361451223542194	-0.0184271383721157	0.0267853193277807	-0.243077801386737	0.0884766746100417	-0.123014690477439	-0.0689854389082906	-0.0646200653053991	-0.0556919022779053	0.0704151700897202	0.107158433224233	-0.0387993571267711	-0.00377111500255901	-0.173844572946056	-0.00326317344876538	-0.0391243037186104	-0.0261066327358041	-0.141301372401374	-0.0128088150396053	0.059920225711081	0.0238742751927778	0.202189490407935	0.0426537860832436	0.0661697932770191	0.181605550636062	0.0663432996161861	-0.055502015721545	-0.0868980225020117
MetaB_M122	0.248086947313455	-2.17837900495788e-17	6.90027299407802	5.01920598097526e-09	1.01797980459217e-08	10.0893266323242	7.99226083775681	Wild_up	0.196474748919464	0.176387275470064	0.289029123703321	0.169856638135638	0.160313190498612	0.18957567205905	0.221308393940204	0.23629804792871	0.171167175974116	0.174285311878462	-0.0890106375780726	-0.150225768715669	-0.173057889695168	-0.19406322906517	-0.0191508666170135	-0.151484186364676	-0.163877773188692	-0.211579220816119	-0.208522012201828	-0.0286575023238153	-0.161474783198864	-0.162862891925001	-0.155393970825095	-0.113108746103957	-0.216523866272683	-0.0905806300161013	0.0393159207310971	-0.0975045577847367	-0.087005871798429	-0.0077070560558535	-0.0337774498205351	-0.0079860981253266	-0.0604835365162935	-0.0779410292922326	0.165906275190261	0.0726093621529141	0.182036965351856	0.0466536301103869	-0.058282094994147	0.123629568089844	0.00127742355658081	-0.048231790991405	-0.0704082224424446	0.0180582968525008	0.0307076861382761	0.212473357048221	-0.042319270727775	-0.0892773030915328	-0.0665562181706278	0.159690410989684
MetaB_M064	0.248316621817139	-1.24726617922732e-17	6.9120976593467	4.79836238428323e-09	9.87091690481122e-09	10.1339183826206	8.00564250404721	Wild_up	0.226446816825868	0.16168903835889	0.266156656801291	0.163683247708713	0.158558678669146	0.201771258521326	0.211560588358971	0.249602679265679	0.160827142452083	0.186236867575147	-0.20855416466157	-0.125535460868107	-0.0834240124253031	-0.342939266638209	-0.169168375221692	0.0803678302995211	-0.173325684021948	-0.0265506158507157	-0.188847810459105	-0.0497731515461436	-0.134963774928395	0.00599070828353654	-0.178551050710693	-0.116378451346911	-0.161033830213222	-0.0102656660311631	0.0356822903732754	-0.17714599420457	-0.142322346175741	-0.0618635604119476	-0.0992818108300223	-0.0268624745389309	-0.0475275850311146	-0.0468944555430595	-0.196636792489412	0.0852798373771578	-0.0566216457836112	0.0709358996220712	0.0218512195891761	0.0693736294388451	0.0592653756962848	-0.0184324232869397	-0.121661856822323	0.0470942867237831	0.114356457532181	0.093726546237732	-0.00389070982064749	0.016080547541982	0.141922397607166	0.13999296900167
MetaB_M011	0.24875095871676	3.79730968891323e-17	6.93453585443485	4.40561716856071e-09	9.19433148221366e-09	10.2185498509574	8.03647984273264	Wild_up	0.201735469957207	0.15736498443905	0.231099987351333	0.184576357306141	0.201370278369515	0.198129737512091	0.217935852381733	0.2164389822334	0.164187590440222	0.217168429743386	-0.0970679586752474	-0.0123138374694522	0.0423972441726719	-0.315462333906877	-0.152589223200905	-0.138515803700394	-0.0438912378807805	-0.102993590252252	-0.10673570459327	-0.0394202664821786	-0.0609439788088356	-0.0854028981846122	-0.00595956868029025	-0.0806536395671848	-0.0770347352954298	0.33907551317254	-0.135877053853556	-0.176900272571376	-0.0356097960160256	-0.0941188599643878	-0.157050397585879	-0.072635097089726	-0.155717291394446	0.022115928805563	-0.202315262816275	0.0450566385906549	-0.189677570979203	0.00470628742385721	-0.0546232170990065	-0.0259430007350716	-0.0597945673736587	-0.0808620553961096	-0.118040504047113	0.181966694679394	0.00963178785542127	0.00647070103371624	-0.0369427647367593	0.095871778785992	0.0706025300646559	0.10718971403776
MetaB_M078	0.255043994541119	2.56392129749372e-17	7.27146419623734	1.22109809517786e-09	2.60718371797008e-09	11.4911508180051	8.5838283647314	Wild_up	0.203396670067494	0.176509294048352	0.314353278031014	0.169610163075251	0.160603418965361	0.191808534834976	0.225300900513247	0.252122789711037	0.168441085585346	0.178205821496876	-0.226004524417499	-0.193877559977708	-0.179902245737823	-0.15826853777595	-0.214604345452202	-0.0424163540098229	0.125600899692995	0.0593663107726845	-0.214268158308865	-0.268673856695263	-0.196224550378126	-0.141430443187849	0.0311967433554865	0.0442821864828152	0.0278036094052315	-0.135076504769238	-0.0283880443059027	-0.203654190035704	0.101050466021031	-0.159343668551163	-0.0499368697699369	-0.027993875529339	-0.0525550223902777	0.112641990131603	-0.0618932922530343	-0.0145466153980091	-0.0622280301963504	0.0363867345356943	-0.0442638412481121	-0.0765882815291579	-0.0064105600723752	-0.00568600491827687	-0.015761932565556	0.095833678897495	0.0353595845595342	-0.0150039502216185	0.143427251467195	0.0327962844774875	-0.0281313636879884	-0.0629650727450575
MetaB_M095	0.263949744944461	5.92061122350884e-17	7.79080769770925	1.69181511490215e-10	3.80658400852983e-10	13.4544027893819	9.41946458120277	Wild_up	0.219323576754002	0.158935289894818	0.166054635431916	0.212530057726859	0.270696886035704	0.196284871008154	0.220536139940357	0.212984516391448	0.187229087021897	0.267022899350534	-0.115591626352455	-0.0915580066705009	-0.00391158826045269	-0.158654695926484	-0.147861251802919	0.0518328984856745	-0.080972934194674	-0.018134921327373	-0.191493200790461	0.0238539095045697	0.0768078167786576	-0.0785928736541976	-0.088791360442238	-0.221447956577945	-0.0696953378177387	0.0312674457159993	0.163142993048555	-0.176282828799075	-0.119881489764548	-0.0761624288413596	-0.0884120353780557	-0.0717052459149778	-0.0843365521403105	0.0383670623861657	0.251213974828514	-0.0897950505522699	0.18044561800482	-0.0536455670454814	-0.149241957351032	-0.170228746264741	-0.0214031850239512	-0.101375203785038	-0.129699437214021	0.0843606474417966	0.0422032673853706	-0.0563934978183589	-0.152216983354797	-0.0344085087361658	-0.167063493628009	-0.0461356277061784
MetaB_M087	0.265414275962028	-1.31318567131444e-17	7.88163137772866	1.19823244938477e-10	2.78115414796729e-10	13.7973461213067	9.55577493930689	Wild_up	0.205630573284649	0.18848796278263	0.340324206992682	0.170692881630567	0.164223969580376	0.199523921079006	0.238322429203722	0.260229286766116	0.175543368639605	0.180335607736872	-0.25877236188056	-0.172882387047505	-0.102365182125983	-0.208718692727565	-0.148157650714441	0.130776656597045	-0.00216910548897189	0.0540528285298584	-0.175475964245186	-0.246389283852657	-0.132882631738565	-0.0663745505093115	-0.00629506893070366	0.0314830787427644	-0.0234376064019214	-0.27456345015525	0.114425678563749	-0.174219613070178	-0.0577444083626327	-0.13301957001759	-0.0652568273518962	0.0169475409532106	0.00731962257206336	0.0651145928410716	-0.08658306395219	0.0946359850930543	-0.0996404503759176	0.0625574457796353	-0.00449299103829911	-0.0822133704554039	-0.0276385344671797	-0.02840430679822	0.0391199437817582	0.0543951940125881	-0.0286900321672831	-0.093524626074317	0.0125825904752921	0.031963635223064	-0.0349542935729873	-0.103822977338665
MetaB_M032	0.267537408622074	9.79251402188908e-18	8.01629905877945	7.18899793319817e-11	1.72535950396756e-10	14.3053939741861	9.76312039953438	Wild_up	0.220359780830689	0.176142491928158	0.244503390523662	0.16922174541627	0.255056334583861	0.196412823663263	0.210339514670274	0.238214768163595	0.171429470677716	0.258618948519107	-0.0768923333574132	-0.197356167306226	-0.0987587328019775	0.103718698179935	-0.219002400234595	-0.126466697014665	-0.267682195220109	-0.238141520790298	0.023864772186841	-0.267288139578007	-0.0315346689251313	-0.146052887848134	-0.001303047688371	-0.07541868508641	-0.0383134306630579	-0.00105349892972583	-0.138856368106876	-0.0965294045923611	-0.096294265241804	-0.124043411967357	-0.0157299343578054	-0.0315428827312412	0.10181468100199	0.00083368842005473	-0.0294799842481851	-0.126157939901432	-0.0453805678132532	-0.145977622932603	0.0904779302222991	-0.0936678716131045	0.000629141257040465	-0.000890931635688305	0.035511606782975	0.154649198719119	0.0842707609043175	-0.0375308832049845	-0.045337454875139	0.114962492839814	-0.00829229424456662	-0.0300560165804586
MetaB_M026	0.269723155782661	5.32863683733176e-17	8.15883087814352	4.19014582029226e-11	1.02267965783404e-10	14.8423929126707	9.99026038253613	Wild_up	0.218588214358178	0.195406391682911	0.317686404862143	0.184260937908295	0.168992239131045	0.20503891511064	0.236054599371244	0.257286073579612	0.188169828860767	0.186301641396453	-0.161284004923901	-0.218826730696852	-0.140072391477381	-0.134621348331763	-0.183893515374097	-0.214774941589585	-0.140910198989842	-0.227502742439121	0.0614110726359972	-0.165716853035464	-0.0531619110408969	-0.00141632878550055	-0.0976170376707981	-0.0401218553159131	-0.0877327634875781	-0.228194248427254	-0.192315492422066	-0.0956082667097203	-0.0656749289184832	-0.102855082173909	-0.0648352076399169	-0.0268693744288229	-0.0567207483581363	0.0615436683006522	-0.127741028450291	0.0155313101300596	-0.0798102534517695	0.00932743464036448	0.0779668721179828	0.0566428593038645	0.0716335217753303	-0.0220631034706164	0.0216450646409365	0.0051687892829539	0.0595456655828683	0.0482222128133809	0.0328011348162565	0.0908042415309248	0.147045963457478	0.0132653003193429
MetaB_M105	0.27264501830422	3.64812346997923e-17	8.35592406322496	1.98983271916808e-11	5.02694581684569e-11	15.58346227103	10.2986957958087	Wild_up	0.225709200449444	0.199192468966557	0.299714186998887	0.193024987491117	0.16948500931647	0.211837980256952	0.240080252168684	0.256165258276327	0.19247182456268	0.19347897794664	-0.125818591556384	-0.132562375998894	-0.0797705813757014	-0.181618838132671	-0.13009130776697	0.0514476270584437	-0.237299843542085	-0.0820044666153679	-0.0630386091855487	-0.0856394973669387	-0.185140987673989	-0.0830205593039545	-0.103474483512621	-0.0264505340739154	-0.0831111318814987	-0.00633308629370058	0.0109289888774093	-0.212834094866559	-0.068351343084667	-0.0828569104362309	-0.134508506243133	0.0240375961184485	-0.0706261808227952	-0.0248394148970609	-0.239149350951338	-0.0261308180089341	-0.180480588235651	0.0410152594242478	0.0824419830671044	-0.0142478869293297	-0.0246527781481046	-0.0623699336452048	-0.156236829465812	0.0932617295951803	0.0124681567074105	-0.0683946575026442	0.166899770961702	0.133189239438555	0.111527639237604	0.0626760505978425
MetaB_M117	0.273402995091071	4.54497550705923e-18	8.40834283317694	1.63293592946292e-11	4.19897810433322e-11	15.7802223212178	10.3768563899946	Wild_up	0.21128391764694	0.18058955926227	0.302170850948621	0.181762856445004	0.215278446125327	0.20372072508713	0.230297531315605	0.253713397750748	0.183973800519499	0.224432875627427	-0.229692148875628	-0.131500820611682	-0.190594139730324	-0.0657189777191734	-0.18256671825839	-0.201493077838057	-0.221113843252362	-0.251132860916131	-0.111630678051894	-0.173296234066213	0.033984349481832	-0.0923048471574391	-0.040013774241293	-0.0883297150716084	-0.00305576722766671	-0.169547154018763	-0.0986088895761484	-0.0277561832482606	-0.0904322345077596	-0.0576082410217079	0.0494245551490104	0.0763590005812984	0.0457945280707267	0.0301916702622844	0.0021965751309802	-0.0587131517680103	-0.000728857756456181	-0.099193216548528	-0.0337989826784534	-0.100187184558706	0.060899880481359	0.0369166950691588	0.150410941647998	0.120954899676485	0.0263164877498641	0.0456430727718722	-0.0922355967535025	0.0491826887576864	-0.0146202657246924	-0.0896257443802765
MetaB_M100	0.280775270506388	-1.94289029309402e-18	8.94881946351426	2.15106620385768e-12	5.95679871837512e-12	17.7988866228959	11.2249870745656	Wild_up	0.200118348137531	0.197597862989167	0.29952204255837	0.18724493807242	0.235590597564425	0.192998886719874	0.233301784010114	0.273331167103465	0.189553481505526	0.236943055390211	-0.113860620209429	-0.136154112507069	0.0287747185806893	-0.236625560546302	-0.0840157237355581	0.113283214375291	-0.196669999493922	-0.0104724062274459	-0.0613668155641081	-0.154551367399473	-0.138881833766777	-0.12442689850263	0.0281832204805844	0.0559782984124545	0.0619844131079234	-0.20119231227853	0.0856515288596536	-0.0126451200280691	-0.213751229721495	-0.048391867305255	-0.0473292512661544	0.0192017916289534	0.0764582532974977	-0.102628208011249	-0.185547280250215	-0.0175507564528425	-0.0757282398305748	-0.0765124021989762	-0.0549780123127765	-0.130573696389708	-0.0765707499945735	0.0368759637919103	-0.030358202613793	0.115687200870524	0.0360988496478002	0.0774030950418263	-0.142817596791542	-0.0750456963205929	-0.0886564635439962	-0.144480288883154
MetaB_M031	0.281235213746168	-3.51888657101895e-17	8.98453269006764	1.88291086002118e-12	5.31645419300097e-12	17.9315394966795	11.2743779236872	Wild_up	0.225945002914948	0.193761096146015	0.283101179420823	0.202636627224834	0.2193401622812	0.207208060474651	0.238994416423937	0.253730353053546	0.197352743267342	0.227812068762044	-0.146074758202321	-0.171248870460287	-0.181292149317399	-0.120546240960208	-0.209656153613875	-0.112173865975306	-0.0892446009600378	-0.0916494011891085	-0.200626017529327	-0.0932197864956948	-0.0505073140069205	-0.114802464496607	-0.0600615664143786	0.0258104954860296	0.0862804861677252	-0.187997000482256	-0.00263349474692777	-0.136622307469983	-0.0921459482035108	-0.0556607947005641	-0.0544240130473295	0.0836608029171936	0.0809578538689662	-0.0121260802266429	0.0746221831685829	-0.0187471040710956	0.0619828047970583	-0.0229425782571256	-0.103767029113896	-0.242987008838994	-0.0642774799641543	-0.0550881477210231	0.00858950928950709	0.212627913682751	0.0412085307188825	0.0251411244218192	-0.0286965826775536	-0.0371381814410526	-0.0726239983547534	-0.121782475549525
MetaB_M128	0.285908354406395	-8.02136135291676e-17	9.36235176440472	4.63514425585273e-13	1.36216484253631e-12	19.328428822768	11.8657703330459	Wild_up	0.226159744308375	0.183495318875632	0.307389172485703	0.199390396601767	0.223625536632213	0.207363436287155	0.241937155321978	0.269701980034986	0.194160435032822	0.234043659670526	-0.211989501434532	-0.158300811961407	-0.150578003930297	-0.0972501319073837	-0.19618792735523	-0.180184358671829	-0.14888030677758	-0.205477976281008	-0.133576048520481	-0.196792980269209	-0.138157235262147	-0.108775743535198	-0.0900399985436399	-0.101152115160172	-0.0717778113293797	-0.0477850090620629	-0.116488695172008	-0.153969953725994	-0.0383245163773866	-0.130107670265999	-0.0341630662161159	-0.0284614416318513	-0.00288096000713196	0.0136905115458222	-0.0145227553928925	-0.0650494686543192	0.00692932533693224	-0.0412176083191466	0.00842975682995047	-0.0502101130004278	0.0261269987038416	0.0288352100513366	0.0393211180445843	0.109744053454428	0.0841433126332566	0.0867330145113762	0.0712075635476023	0.100783895385929	0.0429505057038461	0.00614010776476238
MetaB_M085	0.294282543898142	4.17255206081046e-18	10.1179028314196	2.92973246038642e-14	1.02897920559913e-13	22.0814982708895	12.9875934017048	Wild_up	0.227218345690722	0.222267613745713	0.303512706179158	0.200278827196001	0.219929693020519	0.228269606411278	0.250173062339632	0.259917432444939	0.20989487734921	0.232798186807968	-0.111595746367125	-0.167086476744396	-0.0903388524226944	-0.286718857286722	-0.0910046600692891	-0.0574433057928285	-0.20906100483035	-0.185177214924112	-0.00560054147287471	-0.0993505840845501	0.0289531064022243	-0.016199550668536	-0.00517691671630345	-0.0821666637918263	0.00587074797810923	-0.214010014917755	-0.0942551988954344	0.0284846140633854	-0.234285101985595	-0.0434429420770073	-0.0956761395877111	-0.034199697271373	-0.0135421826555046	-0.00842226019197783	-0.159056468978029	-0.0268615196444172	-0.0797484164951414	-0.0135107397733299	-0.00471398215296464	-0.0183527801072521	0.000198038880145357	0.00384263349807328	-0.0340720267563269	-0.0479647460484592	-0.0517869491746316	0.0771197992985698	0.00714872617118109	0.100924454881091	0.0901605245537225	-0.116141455027124
MetaB_M096	0.29543922802576	3.10168557504653e-17	10.2314770205936	1.94467692842053e-14	7.36930204454096e-14	22.4901761038126	13.1325736427459	Wild_up	0.224560746599652	0.225114420648621	0.307216244339107	0.208895223588969	0.220992588822362	0.228935706293204	0.246963243477133	0.255808812063017	0.217978163674812	0.227048674699205	-0.0880978219634803	-0.168423497515193	-0.0864646587108369	-0.140793977782565	-0.102474750059599	-0.180348743970092	-0.254839290580125	-0.207982554886202	-0.0737339820216069	-0.0340617107316231	0.0734718097109582	-0.0929880244111774	-0.0326797863600499	-0.153023575046133	-0.0545269317814146	-0.070750884465811	-0.13093951487973	-0.064806933654388	-0.132017220511068	-0.0326910121955066	-0.0853415293246296	-0.0793210020456817	-0.0193650137714301	-0.0252076064200049	-0.0830685948294941	-0.105517794288537	-0.0477034834270035	-0.179430982252536	0.0461482218534872	-0.0626280464117339	-0.0255797184451372	-0.0159519549116021	0.018664325356706	0.0683309220721471	0.0297473402861142	-0.034166763483301	-0.0677752696761109	0.0846913758825025	0.161880260656654	0.0862545507891541
MetaB_M014	0.300836119807235	1.20563281580388e-17	10.7964292703236	2.58863485559955e-15	1.2853911007115e-14	24.5012614154572	13.8909647112136	Wild_up	0.248139964090456	0.205945322658617	0.2884332564163	0.222247934844489	0.230123189428379	0.233728482937817	0.253830932756418	0.26996595122894	0.214690426597792	0.239583497498669	-0.131315508107513	-0.140504147748934	-0.0735151827695151	-0.220901411394604	-0.139897103282144	0.0902209416131254	-0.0545779130643634	0.0376172578255634	-0.143071058590524	-0.125204171136451	-0.153819685655795	-0.101956607450038	-0.0734903785970995	-0.0756666004812121	-0.190207876165837	0.0771975561178162	0.0337827862516718	-0.148652250376614	-0.0183412130883559	-0.153509237719623	-0.154806862269272	-0.120825951829633	-0.0490268581683699	-0.0282976524941153	-0.176459270436731	0.0168749527090341	-0.118938425517805	0.0393374980546249	-0.0344264254761036	-0.0287960235502944	-0.0342587428945699	-0.019002662282824	-0.113829062786883	0.0690153591487666	0.0273937014043373	-0.00466708756718256	0.0916719433785678	-0.00566555329614253	-0.0181420609996532	-0.0380279697631815
MetaB_M129	0.309767375049855	2.16840434497101e-17	11.8860109061659	5.9085133266527e-17	4.25412959518994e-16	28.2705257572308	15.3711892841515	Wild_up	0.251360244011343	0.225958854836578	0.279030509720196	0.232929173368588	0.244080957570742	0.243266076833959	0.256132374951105	0.271985737856381	0.22863444020805	0.244760631041894	-0.208895265641751	-0.212197779995222	-0.0983488542557104	-0.179998971873415	-0.186437509021675	-0.123125887188753	-0.0333609139253078	-0.113694854635112	-0.135066538097071	-0.145740160571243	-0.0732080841164515	-0.0230924079311482	-0.126014253659896	-0.0249584511456035	-0.01107537439161	0.00751788387632748	-0.0964029204033033	-0.191952375797725	-0.0346702457657071	-0.115827201333839	-0.10484274230141	-0.0548985571072239	-0.0409830496709348	-0.00932185536518109	-0.0274292192342412	-0.0781162956445593	-0.0452352060350916	-0.0867539121360681	0.0316463827887989	-0.015198449986317	-0.0459055171163556	-0.0371838323960132	-0.0882609058635358	0.0937643469270376	0.0284357709119311	0.0177847896610536	-0.0254365741766659	0.0959596834005587	0.032873127743437	0.00751318107616195
MetaB_M010	0.313015565235416	-5.05932101768636e-17	12.3428036483964	1.26650868223058e-17	1.1173895365123e-16	29.8057679842066	15.9517953997883	Wild_up	0.251304080061928	0.229519266540636	0.326379797579691	0.224969933551581	0.226242687173738	0.234507584961712	0.268869560923777	0.281569147521472	0.224958761108224	0.235803702460566	-0.230416284834221	-0.200106588691154	-0.0973965973775004	-0.0816351870159808	-0.210241929381188	-0.0849425995736078	-0.0204940302951884	-0.075130082361022	-0.0263858543910869	-0.134700640798958	0.0213616986645975	-0.0711645899700258	-0.0461753924734502	-0.0629358527279957	-0.115413626115736	-0.0805328416503951	-0.0602489926067596	-0.0201172656367513	-0.0678265561055409	-0.148944125833748	-0.105075610064859	-0.0248810402410302	-0.13533199454536	0.0116591846869382	0.00062126943724526	0.0684150771097684	-0.0234314999666343	0.0515588501583736	-0.000897925346716479	-0.131250918388255	0.00461120341830108	-0.058499431603479	-0.085616956504265	0.12664807540075	-0.0249862566622633	-0.0393239057833336	-0.0653320835047923	-0.0446346792392153	-0.0786860704011662	-0.136242470667622
