Species Path	Esin_1	Esin_2	Esin_3	Esin_4	Esin_5	Esin_6	Bger_1	Bger_2	Bger_3	Bger_4	Bger_5	Bger_6	Pame_1	Pame_2	Pame_3	Pame_4	Pame_5	Pame_6	Pful_1	Pful_2	Pful_3	Pful_4	Pful_5	Pful_6
d_Bacteria;p_Bacteroidota;c_Bacteroidia;o_Bacteroidales;f_Bacteroidaceae;g_Bacteroides_H;s_Bacteroides_H_sp010500965	2.69078088	3.68700619	2.846455756	2.35548965	2.93665317	2.65411373	41.53861728	19.81457051	23.9110574	49.78397759	21.1554012	24.64190353	3.008738181	3.283768849	3.264953356	3.328766225	3.156585555	2.97959821	8.965284345	9.468416694	25.60863642	14.50812878	23.05849488	14.54783055
d_Bacteria;p_Bacteroidota;c_Bacteroidia;o_Bacteroidales;f_Tannerellaceae;g_QVMG01;s_QVMG01_sp029504695	6.82820295	5.7310553	3.14754188	5.93197301	4.58318445	5.28661176	1.52465946	7.882705	6.921784	1.25930736	9.0199616	0.80740718	5.147689075	8.09213434	7.95596478	6.68477586	7.66122728	8.11926748	8.44285905	10.26789212	6.501522307	6.907449133	5.806640798	4.683514287
d_Bacteria;p_Desulfobacterota;c_Desulfovibrionia;o_Desulfovibrionales;f_Desulfovibrionaceae;g_Frigididesulfovibrio;s_Frigididesulfovibrio_sp030266525	0	0	0	0	0	0	2.7010251	4.3564987	2.27627497	0.638212664	4.3280761	1.384385366	19.40429551	11.51343953	7.00233185	8.33371672	8.16120255	7.29923404	4.60920499	5.64801416	16.08886595	4.57148359	14.0946828	9.67431725
d_Bacteria;p_Bacillota_A;c_Clostridia;o_Christensenellales;f_Aristaeellaceae;g_Avichristensenella;s_Avichristensenella_sp009787135	4.56960854	5.5985649	3.38076919	2.85067215	4.85390206	4.57099254	1.92437367	2.2277865	1.8971135	0.754086958	2.40385972	2.04211872	12.43167699	9.53019054	12.55771588	16.92079214	15.74294049	14.98714359	0.5989551	0.5576351	0.3433807	0.8723709	0.80603826	0.95820516
d_Bacteria;p_Bacteroidota;c_Bacteroidia;o_Bacteroidales;f_Dysgonomonadaceae;g_Dysgonomonas;s_Dysgonomonas_hofstadii	0	0	0	0	0	0	12.1293505	9.62609662	14.12198922	12.0679078	7.2781189	5.843900497	1.614013216	1.399190466	2.381247404	2.461123777	2.65120556	2.874995785	2.446620354	5.131268463	10.25574568	7.10469882	4.750318218	7.43175508
d_Bacteria;p_Bacteroidota;c_Bacteroidia;o_Bacteroidales;f_Rikenellaceae;g_JAJQAW01;s_JAJQAW01_sp021203585	0	0	0	0	0	0	14.05017447	5.87730924	14.28112577	5.786913588	18.84533243	8.853596376	3.62673797	1.95597041	3.15028369	3.30020085	4.26295748	3.66416193	2.18129602	6.6827986	3.80726079	4.31314156	1.62104729	4.70952646
d_Bacteria;p_Desulfobacterota;c_Desulfovibrionia;o_Desulfovibrionales;f_Desulfovibrionaceae;g_Frigididesulfovibrio;s_unclassify_g_Frigididesulfovibrio	0.78080317	1.09459296	1.35750856	0.94150857	1.5994868	0.87932597	5.99186543	3.38906546	3.8924175	1.95430721	5.19414416	19.038101	2.47982541	5.15618153	8.52564244	4.01914721	4.45770355	5.15644311	5.67480834	4.53590132	1.29396871	3.508138	2.71973646	2.88134096
d_Bacteria;p_Bacillota_A;c_Clostridia;o_Lachnospirales;f_Lachnospiraceae;g_Anaeromicropila;s_Anaeromicropila_herbilytica	0	0	0	0	0	0	6.6765113	0.32580778	1.127116	39.09593	1.171357	47.7043	0	0	0	0	0	0	0	0	0	0	0	0
d_Bacteria;p_Bacteroidota;c_Bacteroidia;o_Bacteroidales;f_Dysgonomonadaceae;g_Dysgonomonas;s_unclassify_g_Dysgonomonas	0	0	0	0	0	0	13.4773192	15.92048554	11.5528758	18.87525696	12.9259989	11.5577184	0.30172251	0.42334942	0.316589856	0.74522569	0.614279705	0.53334561	0	0	0	0	0	0
d_Bacteria;p_Desulfobacterota;c_Desulfovibrionia;o_Desulfovibrionales;f_Desulfovibrionaceae;g_Frigididesulfovibrio;s_Frigididesulfovibrio_sp031255035	0	0	0	0	0	0	0	0	0	0	0	0	4.2739731	3.6183517	6.6168532	6.3919035	3.4857932	5.4569529	6.541908178	6.09563646	7.56551672	8.18648808	11.9453704	8.91309513
d_Bacteria;p_Bacillota_A;c_Clostridia;o_Christensenellales;f_Aristaeellaceae;g_Avichristensenella;s_Avichristensenella_intestinipullorum	0	0	0	0	0	0	0	0	0	0	0	0	2.64485703	2.44914301	3.11577132	2.76900177	4.2205441	4.44518492	10.15073867	8.822502716	5.071955638	6.939679005	12.56227745	9.399340706
d_Bacteria;p_Bacteroidota;c_Bacteroidia;o_Bacteroidales;f_Bacteroidaceae;g_Bacteroides_H;s_Bacteroides_H_sp010500955	0	0	0	0	0	0	2.74449739	6.1421111	2.21698119	0.780443052	4.9876532	1.081473945	7.749976822	9.10265413	9.057045701	6.096168838	7.542844545	4.715854596	0.94547295	1.99579708	2.07562891	2.16189731	2.11172874	1.00129311
d_Bacteria;p_Bacillota_A;c_Clostridia;o_Oscillospirales;f_Ruminococcaceae;g_JAAYCI01;s_JAAYCI01_sp030266915	0	0	0	0	0	0	0	0	0	0	0	0	6.2841037	6.8824993	6.9684006	5.0592726	6.9380004	7.2555256	5.16719155	5.02870087	4.46443563	3.189411335	8.00074854	5.58808813
d_Bacteria;p_Synergistota;c_Synergistia;o_Synergistales;f_Synergistaceae;g_JAJDHV01;s_JAJDHV01_sp030266365	2.70869906	2.67798683	6.0058302	3.2243094	2.10309513	3.08392405	0	0	0	0	0	0	8.8308696	4.9132107	5.2716499	9.6454196	5.8925786	6.9187074	1.118788706	1.6161459	1.526055	2.0331997	1.55215169	1.34117951
d_Bacteria;p_Planctomycetota;c_SZUA-567;o_SZUA-567;f_SZUA-567;g_JAJBSZ01;s_unclassify_g_JAJBSZ01	0	0	0	0	0	0	3.79329139	2.961676421	2.137068394	2.15050189	3.72489788	10.88031517	8.91923499	4.83013322	3.48200088	2.21104573	2.9055321	2.34555094	0.81127601	5.5219136	2.3172639	2.939796	1.98443074	2.02463814
d_Bacteria;p_Bacteroidota;c_Bacteroidia;o_Bacteroidales;f_Paludibacteraceae;g_QVMH01;s_QVMH01_sp010501035	4.77942806	3.499217634	3.06187519	2.312548305	2.612933524	1.679615152	0.47060617	1.7353551	1.7784995	0.41005847	1.5825315	0.520389325	4.939657858	4.215456008	3.93259631	5.069515757	3.88083908	4.09582256	1.45575161	1.59904514	0.751910456	1.40004405	1.98025488	2.70037652
d_Bacteria;p_Desulfobacterota;c_Desulfovibrionia;o_Desulfovibrionales;f_Desulfovibrionaceae;g_WRHT01;s_WRHT01_sp031275645	0	0	0	0	0	0	0.18192515	0.09671191	0.1508319	0.29178995	0.14977962	0.4750794	2.70735598	3.6534768	11.26415245	10.78288661	6.35885792	12.8432927	3.58664935	1.374866006	0.792228999	2.455892348	1.05997983	1.396385272
d_Bacteria;p_Bacillota_A;c_Clostridia;o_Oscillospirales;f_Ruminococcaceae;g_JAAYCI01;s_unclassify_g_JAAYCI01	2.495851	3.4139168	4.3361855	2.667928	2.8343177	2.9415407	3.74936903	4.98024343	5.5110607	2.05900357	5.23053177	4.537448	1.29944011	1.15133404	1.41912145	1.30106775	1.33350375	1.43636208	0.9038652	0.60094134	0.60012482	0.40950398	0.79847967	0.9071601
d_Bacteria;p_Bacteroidota;c_Bacteroidia;o_Bacteroidales;f_Tannerellaceae;g_DFXE01;s_DFXE01_sp029892785	0	0	0	0	0	0	0	0	0	0	0	0	1.30154871	1.66037042	3.96896999	6.98378011	3.02346905	6.04283001	4.76495237	10.14206695	1.31626418	5.812677304	3.53467027	4.63006761
d_Bacteria;p_Bacteroidota;c_Bacteroidia;o_Bacteroidales;f_Tannerellaceae;g_QVMG01;s_QVMG01_sp029892605	0.60102296	0.6356004	0.8477569	0.5911539	0.7967479	3.3997512	0	0	0	0	0	0	4.430003	5.4507537	4.045402	3.4811342	3.5185091	4.0689735	5.785163092	4.861241457	2.190867244	2.163890408	2.9773787	2.660386562
d_Bacteria;p_Bacteroidota;c_Bacteroidia;o_Bacteroidales;f_Bacteroidaceae;g_Bacteroides_H;s_unclassify_g_Bacteroides_H	1.352668	1.91561278	3.044003	2.88904894	5.5013416	2.03227793	4.69340305	5.92800225	4.84482223	7.76745742	4.5803736	2.03270607	0.96007198	1.28423534	0.97616256	0.9279059	0.554059735	0.48629297	0	0	0	0	0	0
d_Bacteria;p_Desulfobacterota;c_Desulfovibrionia;o_Desulfovibrionales;f_Desulfovibrionaceae;g_FLUQ01;s_FLUQ01_sp900079685	0	0	0	0	0	0	3.835769486	2.745883087	2.457050986	2.10062879	3.12742586	4.59258144	2.90238677	3.674123125	2.87022754	2.311385986	2.475508116	2.391341876	1.76663452	1.39023155	3.17754743	1.682269025	4.12168276	2.36539164
d_Bacteria;p_Desulfobacterota;c_Desulfovibrionia;o_Desulfovibrionales;f_Desulfovibrionaceae;g_Frigididesulfovibrio;s_Frigididesulfovibrio_sp030267245	0	0	0	0	0	0	0	0	0	0	0	0	2.04848245	2.05668543	4.67552684	12.2122498	4.72533387	3.6595233	2.8907303	2.01939628	2.6207003	4.6342447	3.35727145	3.71025225
d_Bacteria;p_Bacteroidota;c_Bacteroidia;o_Bacteroidales;f_Tannerellaceae;g_QVMG01;s_QVMG01_sp029893085	0	0	0	0	0	0	0	0	0	0	0	0	4.10521231	3.55348591	3.63021052	4.85716043	4.98638825	6.06636916	6.24935623	4.54505941	2.24740933	1.91517364	2.48159744	2.92429124
d_Bacteria;p_Bacteroidota;c_Bacteroidia;o_Bacteroidales;f_Tannerellaceae;g_Tannerella;s_Tannerella_sp031285565	0	0	0	0	0	0	1.09863934	4.697435	2.415578	3.80750219	2.9955914	5.15104253	1.03319764	0.256808976	1.68025274	1.2276467	2.1317341	1.24645615	1.425524973	1.76268846	3.343356663	3.011176597	1.702244804	3.91365911
d_Bacteria;p_Bacteroidota;c_Bacteroidia;o_Bacteroidales;f_Rikenellaceae;g_Alistipes_A;s_Alistipes_A_sp910583985	0	0	0	0	0	0	5.9924617	2.0095775	1.8756435	22.772049	1.3871843	3.229135	0	0	0	0	0	0	0.97197312	0.70514636	0.388984733	0.58058208	0.58821956	0.449224402
d_Bacteria;p_Bacillota_A;c_Clostridia;o_Oscillospirales;f_Ruminococcaceae;g_WRAV01;s_WRAV01_sp030265885	0	0	0	0	0	0	6.26793225	6.0775953	5.89176651	3.161136954	6.09939362	13.40089737	0	0	0	0	0	0	0	0	0	0	0	0
d_Bacteria;p_Planctomycetota;c_SZUA-567;o_SZUA-567;f_SZUA-567;g_JAJBSZ01;s_JAJBSZ01_sp021205245	0	0	0	0	0	0	2.7442869	2.641123905	1.756904945	4.994143001	2.972419695	2.414501927	0	0	0	0	0	0	2.409842354	3.95001051	2.958197155	3.05771876	6.279087695	4.28626148
d_Bacteria;p_Bacillota_A;c_Clostridia;o_Oscillospirales;f_Ruminococcaceae;g_JAAYCI01;s_JAAYCI01_sp012729855	0	0	0	0	0	0	0	0	0	0	0	0	2.20724371	2.39313505	4.23014706	4.10562249	3.16624764	3.82486999	3.47292021	3.60812734	2.27279691	1.48936659	4.00243754	3.10940057
d_Bacteria;p_Bacteroidota;c_Bacteroidia;o_Bacteroidales;f_Azobacteroidaceae;g_JAJDGO01;s_JAJDGO01_sp030265685	1.6557888	2.06354863	2.00989034	1.2049141	2.60216926	1.9708162	0	0	0	0	0	0	1.282978665	1.59995158	2.48614701	0.70360559	1.45693712	1.86231426	2.55695027	2.70316682	2.84214973	2.56597072	3.00519917	2.77649145
d_Bacteria;p_Bacillota_A;c_Clostridia;o_Lachnospirales;f_Lachnospiraceae;g_unclassify_f_Lachnospiraceae;s_unclassify_f_Lachnospiraceae	0	0	0	0	0	0	1.29594861	3.23467841	3.133793	1.434814562	4.71399647	1.491856164	1.26724036	1.16408629	0.45311683	0.257531305	0.45042799	0.20653308	1.95886303	1.94916718	5.69681797	1.410055942	4.284369482	2.54852203
d_Bacteria;p_Bacteroidota;c_Bacteroidia;o_Bacteroidales;f_UBA932;g_JAIRNF01;s_JAIRNF01_sp031258195	0	0	0	0	0	0	1.60918753	5.9860847	4.1190946	2.664559	4.362826	6.933886	0.4566533	0.2509727	0.57903874	1.1300328	1.0845366	0.7702164	1.6849372	0.98346091	1.06100878	0.6608701	0.9926389	1.18126674
d_Bacteria;p_Bacteroidota;c_Bacteroidia;o_Bacteroidales;f_unclassify_o_Bacteroidales;g_unclassify_o_Bacteroidales;s_unclassify_o_Bacteroidales	0	0	0	0	0	0	5.89047543	0.42406032	14.11851399	6.062822	5.5254471	1.14257045	0.6494345	0.42813104	0.15760249	0.07731207	0.15506308	0.13642077	0.12120215	0.20081337	0.11156788	0.26000494	0.0677383	0.15519
d_Bacteria;p_Bacteroidota;c_Bacteroidia;o_Bacteroidales;f_Tannerellaceae;g_Tannerella;s_Tannerella_sp031285685	0	0	0	0	0	0	0.63971126	7.1192317	3.8439379	0.19881141	3.2262416	0.8114735	3.19749347	0.88755417	2.02589748	5.2756335	3.5480505	3.24649544	0.28839543	0.11915126	0.10099447	0.20846526	0.27593413	0.37694654
d_Bacteria;p_Bacteroidota;c_Bacteroidia;o_Bacteroidales;f_Rikenellaceae;g_JAJQAW01;s_JAJQAW01_sp031262465	3.524642	2.58564104	4.68672704	3.240203197	5.12644013	5.6010583	0	0	0	0	0	0	0.3552606	0.2088071	0.29465145	0.26519227	0.4348553	0.18549103	0.751282244	1.28653581	1.95123095	2.86519572	1.34473897	0.602564434
d_Bacteria;p_Bacteroidota;c_Bacteroidia;o_Bacteroidales;f_Bacteroidaceae;g_Bacteroides_H;s_Bacteroides_H_sp010500995	0	0	0	0	0	0	1.7888232	3.064041	3.4572701	3.588802	2.8430781	0.6805912	3.32219734	2.6946285	3.5267289	2.79533832	2.66839891	2.46994473	0.18232532	0.5560691	0.2748977	0.3776399	0.6676158	0.089251325
d_Bacteria;p_Planctomycetota;c_SZUA-567;o_SZUA-567;f_SZUA-567;g_JAJBSZ01;s_JAJBSZ01_sp020861125	3.57373664	3.14309635	3.73119765	4.76911801	2.43227561	3.02760523	0.25357533	0.096052684	0.10249728	0.2182344	0.10359991	0.5701409	3.0224704	2.040330205	1.88998571	1.38741459	1.33560123	1.30161169	0.24353471	0.22887571	0.11564638	0.12438916	0.5752201	0.23725997
d_Bacteria;p_Bacteroidota;c_Bacteroidia;o_Bacteroidales;f_Dysgonomonadaceae;g_Dysgonomonas;s_Dysgonomonas_sp003523545	0	0	0	0	0	0	1.32680904	3.2132465	2.37687335	9.21159576	2.28365833	3.74324891	0.107522205	0.09307206	0.09456153	0.112454064	0.16798486	0.20463097	0.99335832	1.5211476	1.99180172	1.7803027	1.0365611	3.1920477
d_Bacteria;p_Desulfobacterota;c_Desulfarculia;o_Adiutricales;f_Adiutricaceae;g_Adiutrix;s_unclassify_g_Adiutrix	0	0	0	0	0	0	0.83593768	0.56461834	0.174262044	0.18972495	0.17460017	1.03156882	6.0914211	2.60130607	3.18454792	3.51809083	5.5266824	4.38228195	0.7364028	0.4747053	0.6182633	0.5846291	1.3246266	0.5810445
d_Bacteria;p_Bacteroidota;c_Bacteroidia;o_Bacteroidales;f_Rikenellaceae;g_Tidjanibacter;s_Tidjanibacter_sp934663885	3.90227163	1.08217363	5.54700242	4.04905481	2.571960406	3.1304581	0.1429612	2.0846019	1.8241777	0.5382857	1.063507	0.26324445	0.16666551	0.19615218	0.16607624	0.12184501	0.14495184	0.1623046	0.282729457	0.451132325	0.549902275	0.45921066	0.538394359	0.407292546
d_Bacteria;p_Bacteroidota;c_Bacteroidia;o_Bacteroidales;f_Azobacteroidaceae;g_JAJBTS01;s_JAJBTS01_sp020860885	1.5862038	1.5917363	0.15193458	0.7102844	1.1574751	1.021437	0.1653865	0.7492517	0.9242702	0.1423365	0.4432253	0.14791848	1.2397169	0.50820788	0.99921132	1.017503144	0.72183454	0.67849402	1.347330696	2.85844354	3.50948433	3.26364343	1.28477185	1.8569415
d_Bacteria;p_Bacteroidota;c_Bacteroidia;o_Bacteroidales;f_Azobacteroidaceae;g_JAJBTS01;s_JAJBTS01_sp029916745	4.33115482	3.59449807	1.716288876	5.69122284	3.524857612	2.663864874	0	0	0	0	0	0	0.39394853	0.21173479	0.37269214	0.27139673	0.43515027	0.428775	0.424167823	1.269247233	0.296439586	0.541942361	0.30469231	0.422826743
d_Bacteria;p_Bacteroidota;c_Bacteroidia;o_Bacteroidales;f_Azobacteroidaceae;g_WRFZ01;s_WRFZ01_sp031257875	0	0	0	0	0	0	0	0	0	0	0	0	3.7647497	2.29050554	5.68263856	4.02797578	3.53074361	7.24263077	0	0	0	0	0	0
d_Bacteria;p_Bacteroidota;c_Bacteroidia;o_Bacteroidales;f_Rikenellaceae;g_UBA940;s_UBA940_sp031285345	5.20526402	4.76476489	5.48802888	3.84824741	3.65065932	3.22089242	0	0	0	0	0	0	0	0	0	0	0	0	0	0	0	0	0	0
d_Bacteria;p_Bacteroidota;c_Bacteroidia;o_Bacteroidales;f_Bacteroidaceae;g_Bacteroides;s_unclassify_g_Bacteroides	4.346379	5.354168	0.2443606	1.3906904	1.7144656	2.4988568	0	0	0	0	0	0	0	0	0	0	0	0	0.9800027	2.768323	0.07275025	5.4999366	0.5653788	0.17951113
d_Bacteria;p_Bacillota_C;c_Negativicutes;o_Acidaminococcales;f_JAISLQ01;g_JAISLQ01;s_JAISLQ01_sp031290885	0	0	0	0	0	0	1.14765104	1.58598428	1.07154872	1.60189614	1.34622095	1.46681068	1.50653622	1.92939543	0.677767814	0.97382324	1.25656303	0.78893523	2.01601857	1.92383835	1.88030218	1.2055895	0.759826492	1.58046418
d_Bacteria;p_Actinomycetota;c_Actinomycetes;o_Mycobacteriales;f_Mycobacteriaceae;g_Corynebacterium;s_Corynebacterium_provencense	5.6223683	1.1500019	1.435319	0.7766638	1.8594328	2.4443555	0	0	0	0	0	0	0	0	0	0	0	0	10.5448875	0.180870704	0.24440553	0.164602635	0.098614935	0.087228728
d_Bacteria;p_Planctomycetota;c_Planctomycetia;o_Pirellulales;f_Thermoguttaceae;g_WRKP01;s_WRKP01_sp031261125	0	0	0	0	0	0	0	0	0	0	0	0	3.788048	3.7771392	3.3573625	4.299812	3.867744	5.3110423	0	0	0	0	0	0
d_Bacteria;p_Bacteroidota;c_Bacteroidia;o_Bacteroidales;f_Tannerellaceae;g_JARXWG01;s_JARXWG01_sp029893105	0	0	0	0	0	0	5.9410276	2.2380817	3.4857018	4.934603	3.0576482	4.703058	0	0	0	0	0	0	0	0	0	0	0	0
d_Bacteria;p_Bacillota;c_Bacilli;o_Lactobacillales;f_Enterococcaceae;g_Enterococcus_A;s_Enterococcus_A_pseudoavium	0	0	0	0	0	0	0	0	0	0	0	0	1.75224335	1.804744725	0.34136733	0.065243433	0.43316116	0.38108494	18.643862	0.05995949	0.09438477	0.18853752	0.3397406	0.024463702
d_Bacteria;p_Desulfobacterota;c_Desulfarculia;o_Adiutricales;f_Adiutricaceae;g_Adiutrix;s_Adiutrix_sp023525915	2.188075	2.21068064	4.6521406	3.1336344	1.63034475	1.85791499	1.07260341	1.03717801	1.07292288	0.76846605	1.11256826	2.68269517	0	0	0	0	0	0	0	0	0	0	0	0
d_Bacteria;p_Synergistota;c_Synergistia;o_Synergistales;f_Synergistaceae;g_JAJDJB01;s_JAJDJB01_sp030266985	1.00946779	1.631951	2.24723706	0.76846772	5.09318192	2.78272448	0	0	0	0	0	0	0.2175881	0.4203198	1.5541254	0.5604838	0.4709132	0.5166542	3.2227641	1.3503079	0.25884363	0.504693	0.31623983	0.23738311
d_Bacteria;p_Bacillota;c_Bacilli;o_Lactobacillales;f_Lactobacillaceae;g_Loigolactobacillus;s_Loigolactobacillus_coryniformis	2.7776077	2.1657298	2.7585585	8.986413	3.321848	1.9709302	0	0	0	0	0	0	0	0	0	0	0	0	0	0	0	0	0	0
d_Bacteria;p_Desulfobacterota;c_Desulfovibrionia;o_Desulfovibrionales;f_Desulfovibrionaceae;g_WRHT01;s_WRHT01_sp030267065	0	0	0	0	0	0	0.7289549	0.42782658	0.31890859	0.329759478	0.46027395	1.6275913	0.87583642	0.92981519	0.9056728	0.84760008	1.260358944	1.23630711	9.185982204	0.45749323	0.380346083	0.4619731	0.71377522	0.65291055
d_Bacteria;p_Bacteroidota;c_Bacteroidia;o_Bacteroidales;f_Tannerellaceae;g_QVMG01;s_QVMG01_sp010500925	0	0	0	0	0	0	0	0	0	0	0	0	2.6654635	1.96926126	3.7717837	4.91690283	3.42999697	4.83576277	0	0	0	0	0	0
d_Bacteria;p_Fibrobacterota;c_Fibrobacteria;o_Fibrobacterales;f_Fibrobacteraceae;g_JAISUZ01;s_JAISUZ01_sp031271785	0	0	0	0	0	0	0	0	0	0	0	0	0	0	0	0	0	0	2.57905398	3.51938729	0.230731744	9.56150267	0.340911743	4.4177296
d_Bacteria;p_Bacillota_A;c_Clostridia;o_Clostridiales;f_Clostridiaceae;g_WQUF01;s_WQUF01_sp009785875	0	0	0	0	0	0	0	0	0	0	0	0	0.45779023	0.36254684	0.31098264	0.39343791	0.67747978	0.265644495	2.5739692	3.6469466	0.56835681	2.9962984	2.2062293	6.085855
d_Bacteria;p_Bacillota;c_Bacilli;o_Lactobacillales;f_Enterococcaceae;g_Enterococcus_A;s_unclassify_g_Enterococcus_A	0	0	0	0	0	0	6.2378328	1.84082106	6.0080958	1.77188754	3.6954802	0.77880487	0	0	0	0	0	0	0	0	0	0	0	0
d_Bacteria;p_Bacillota_B;c_Dehalobacteriia;o_UBA4068;f_UBA4068;g_CALXSV01;s_CALXSV01_sp944390945	1.70112587	1.88383158	0.96057845	0.66263278	3.6589414	11.223929	0	0	0	0	0	0	0	0	0	0	0	0	0	0	0	0	0	0
d_Bacteria;p_Bacteroidota;c_Bacteroidia;o_Bacteroidales;f_Bacteroidaceae;g_Bacteroides_H;s_Bacteroides_H_sp031287715	3.82967606	4.03318034	3.08957932	1.95838644	4.21486412	2.892422955	0	0	0	0	0	0	0	0	0	0	0	0	0	0	0	0	0	0
d_Archaea;p_Halobacteriota;c_Methanomicrobia;o_Methanomicrobiales;f_Methanocorpusculaceae;g_Methanocorpusculum;s_Methanocorpusculum_faecipullorum	2.0454698	2.9120686	1.6780322	1.2353803	3.6946208	8.422421	0	0	0	0	0	0	0	0	0	0	0	0	0	0	0	0	0	0
d_Bacteria;p_Bacillota_A;c_Clostridia;o_Christensenellales;f_Aristaeellaceae;g_Limiplasma;s_Limiplasma_sp004556545	2.845708	2.9512338	3.3594213	3.91076824	1.6889054	3.9381099	0	0	0	0	0	0	0	0	0	0	0	0	0	0	0	0	0	0
d_Bacteria;p_Pseudomonadota;c_Gammaproteobacteria;o_Burkholderiales;f_Rhodocyclaceae;g_Parazoarcus;s_Parazoarcus_sp030656215	0	0	0	0	0	0	0	0	0	0	0	0	0	0	0	0	0	0	16.974861	0.12958723	0.3569801	0.38031077	0.09288868	0
d_Bacteria;p_Bacillota_A;c_Clostridia;o_Oscillospirales;f_Oscillospiraceae;g_Lawsonibacter;s_Lawsonibacter_sp009911595	2.28967484	2.02011872	2.9073702	3.59493198	3.84968475	3.19438792	0	0	0	0	0	0	0	0	0	0	0	0	0	0	0	0	0	0
d_Bacteria;p_Actinomycetota;c_Actinomycetes;o_Mycobacteriales;f_Mycobacteriaceae;g_Gordonia;s_Gordonia_liuliyuniae	1.14684206	3.2340075	4.8565106	3.35579829	2.41373084	2.54901814	0	0	0	0	0	0	0	0	0	0	0	0	0	0	0	0	0	0
d_Bacteria;p_Bacillota_A;c_Clostridia;o_Lachnospirales;f_Lachnospiraceae;g_Lacrimispora;s_Lacrimispora_sp023437715	0	0	0	0	0	0	2.77704154	2.81806136	4.32344992	0.390872794	5.00305365	1.9212832	0	0	0	0	0	0	0	0	0	0	0	0
d_Bacteria;p_Bacteroidota;c_Bacteroidia;o_Bacteroidales;f_Tannerellaceae;g_QVMG01;s_unclassify_g_QVMG01	0	0	0	0	0	0	1.0748975	1.0938373	1.0149807	0.80882037	1.7478253	0.77008194	1.5744272	1.1262585	1.3904002	1.2757484	1.631374	1.239266	0.427819096	0.287869726	0.45866062	0.52662444	0.428304102	0.3072057
d_Bacteria;p_Bacillota_A;c_Clostridia;o_Oscillospirales;f_Oscillospiraceae;g_UBA2658;s_UBA2658_sp023386265	2.27279569	2.91557042	2.58999308	3.63172945	2.09663975	3.55475443	0	0	0	0	0	0	0	0	0	0	0	0	0	0	0	0	0	0
d_Bacteria;p_Bacteroidota;c_Bacteroidia;o_Bacteroidales;f_Rikenellaceae;g_UBA940;s_UBA940_sp944321925	0	0	0	0	0	0	0	0	0	0	0	0	0	0	0	0	0	0	4.833306484	2.400502066	1.877826639	2.311934032	3.624911032	1.891487045
d_Bacteria;p_Bacillota_A;c_Clostridia;o_Peptostreptococcales;f_Anaerovoracaceae;g_Lentihominibacter;s_Lentihominibacter_sp030536355	1.43498253	2.7753039	5.4889474	3.75161157	1.01813443	1.86225366	0	0	0	0	0	0	0	0	0	0	0	0	0	0	0	0	0	0
d_Bacteria;p_Bacillota;c_Bacilli;o_Lactobacillales;f_Enterococcaceae;g_Enterococcus_C;s_Enterococcus_C_sp027692465	2.3561475	2.1159823	0.29026234	7.5375147	1.672313	2.342735	0	0	0	0	0	0	0	0	0	0	0	0	0	0	0	0	0	0
d_Bacteria;p_Desulfobacterota;c_Desulfobacteria;o_Desulfobacterales;f_ASO4-4;g_Desulfobotulus;s_Desulfobotulus_alkaliphilus	0	0	0	0	0	0	0	0	0	0	0	0	0.30706444	0.17470229	0.9984275	7.0251265	6.7633276	1.0288554	0	0	0	0	0	0
d_Bacteria;p_Bacteroidota;c_Bacteroidia;o_Bacteroidales;f_Bacteroidaceae;g_Bacteroides_H;s_Bacteroides_H_sp010501015	0	0	0	0	0	0	0	0	0	0	0	0	0.30358517	0.8696944	0.4555802	0.32601446	0.35181552	0.44135085	1.45647833	2.22422215	1.709905996	4.057628912	1.132976056	2.404429692
d_Bacteria;p_Bacteroidota;c_Bacteroidia;o_Bacteroidales;f_Tannerellaceae;g_JAJDIA01;s_JAJDIA01_sp030266465	0	0	0	0	0	0	0	0	0	0	0	0	1.00372967	1.69072541	2.17458183	1.02207776	1.44301745	2.1004179	0.666385408	0.914730528	0.68296505	2.09148846	1.075245316	0.646154508
d_Bacteria;p_Bacillota_A;c_Clostridia;o_Lachnospirales;f_Lachnospiraceae;g_Mobilitalea;s_Mobilitalea_sp023436765	0	0	0	0	0	0	0.15771285	6.1640673	5.758944	0.37200716	2.2671428	0.7400017	0	0	0	0	0	0	0	0	0	0	0	0
d_Bacteria;p_Synergistota;c_Synergistia;o_Synergistales;f_Synergistaceae;g_unclassify_f_Synergistaceae;s_unclassify_f_Synergistaceae	0	0	0	0	0	0	0.94582366	0.4449684	0.38391477	0.32265807	0.35339616	1.8237909	1.9751999	1.0343411	1.6412989	2.3820596	1.7475219	2.3783052	0	0	0	0	0	0
d_Bacteria;p_Bacillota_A;c_Clostridia;o_Lachnospirales;f_Lachnospiraceae;g_Brotaphodocola;s_Brotaphodocola_sp009911065	0	0	0	0	0	0	0.53515305	0.6698096	1.3685267	0.4507906	0.99327165	0.53967495	0	0	0	0	0	0	1.2214	0.77496505	4.5276804	1.2169816	1.9621123	0.97852147
d_Bacteria;p_Bacillota_A;c_Clostridia;o_Oscillospirales;f_Acutalibacteraceae;g_Acutalibacter;s_Acutalibacter_sp900548545	0	0	0	0	0	0	0	0	0	0	0	0	0	0	0	0	0	0	1.7855298	3.31803196	1.90499235	1.88819928	1.73931378	4.34181386
d_Archaea;p_Halobacteriota;c_Methanosarcinia;o_Methanosarcinales;f_Methanosarcinaceae;g_Methanimicrococcus;s_Methanimicrococcus_sp030266245	1.4906634	0.66726696	0.8521023	1.145263	1.0290458	1.7329075	0	0	0	0	0	0	0.63088024	0.73876345	0.5804541	0.29456127	0.4554038	0.48186684	0.5964596	0.42735574	0.54814072	0.96281845	0.16502646	1.8246437
d_Bacteria;p_Bacteroidota;c_Bacteroidia;o_Bacteroidales;f_Tannerellaceae;g_Parabacteroides;s_Parabacteroides_faecalis	0	0	0	0	0	0	1.3919643	1.0710818	1.6774578	7.8963776	1.977126	0.36647207	0	0	0	0	0	0	0	0	0	0	0	0
d_Bacteria;p_Verrucomicrobiota;c_Verrucomicrobiae;o_Verrucomicrobiales;f_Akkermansiaceae;g_Akkermansia;s_Akkermansia_sp900545155	1.684396969	3.5131013	1.19337087	2.27730398	2.28080096	1.47643915	0	0	0	0	0	0	0	0	0	0	0	0	0.031974304	0.070115924	0.024527196	0.06859171	1.2955765	0.3337549
d_Bacteria;p_Actinomycetota;c_Actinomycetes;o_Mycobacteriales;f_Mycobacteriaceae;g_Gordonia;s_Gordonia_hydrophobica	1.6322488	1.3588906	2.38747078	2.066182	3.2531857	3.53801396	0	0	0	0	0	0	0	0	0	0	0	0	0	0	0	0	0	0
d_Bacteria;p_Bacillota_A;c_Clostridia;o_Peptostreptococcales;f_Anaerovoracaceae;g_Hominibacterium;s_Hominibacterium_sp959021945	0	0	0	0	0	0	0	0	0	0	0	0	1.2764232	3.8503847	3.1841912	1.12231515	2.1231787	2.4987551	0	0	0	0	0	0
d_Bacteria;p_Bacteroidota;c_Bacteroidia;o_Bacteroidales;f_Bacteroidaceae;g_Bacteroides;s_Bacteroides_sp019412865	0	0	0	0	0	0	0	0	0	0	0	0	0	0	0	0	0	0	1.5806497	2.2923014	0.106700316	9.087436	0.84806824	0.0633569
d_Bacteria;p_Actinomycetota;c_Actinomycetes;o_Mycobacteriales;f_Mycobacteriaceae;g_Corynebacterium;s_Corynebacterium_terpenotabidum	1.8320126	1.9686565	3.1078488	1.43812425	4.1508296	1.4402457	0	0	0	0	0	0	0	0	0	0	0	0	0	0	0	0	0	0
d_Bacteria;p_Desulfobacterota;c_Desulfobacteria;o_Desulfobacterales;f_UBA5852;g_JABZFP01;s_JABZFP01_sp016735415	0	0	0	0	0	0	0	0	0	0	0	0	1.80999302	2.30047127	2.3236204	2.70182275	1.81129245	2.9726181	0	0	0	0	0	0
d_Bacteria;p_Actinomycetota;c_Actinomycetes;o_Mycobacteriales;f_Mycobacteriaceae;g_Rhodococcus;s_Rhodococcus_yananensis	1.8146276	1.47172529	1.1720657	1.13412705	4.2286167	4.064018	0	0	0	0	0	0	0	0	0	0	0	0	0	0	0	0	0	0
d_Bacteria;p_Bacteroidota;c_Bacteroidia;o_Bacteroidales;f_Azobacteroidaceae;g_BNXB01;s_BNXB01_sp031287395	1.45162631	1.6674576	3.9661494	2.45062795	2.65400622	1.60599452	0	0	0	0	0	0	0	0	0	0	0	0	0	0	0	0	0	0
d_Bacteria;p_Bacillota_A;c_Clostridia;o_Lachnospirales;f_Lachnospiraceae;g_Aequitasia;s_Aequitasia_blattaphilus_A	0	0	0	0	0	0	0.08401114	0.14360069	0.04839016	0.49165675	0.17390455	0	0.6437701	1.8999968	1.2386245	0.5363277	1.4474828	0.98429066	1.56966195	1.509596475	0.66062118	0.257992174	0.80523477	1.27530375
d_Bacteria;p_Bacteroidota;c_Bacteroidia;o_Bacteroidales;f_Rikenellaceae;g_WRDF01;s_WRDF01_sp944325305	0.9337566	1.00426244	1.15561118	0.645562235	0.93238965	0.77437327	0	0	0	0	0	0	0	0	0	0	0	0	1.40545281	1.65954305	0.708672015	1.6059047	1.61010759	1.10130386
d_Bacteria;p_Bacteroidota;c_Bacteroidia;o_Bacteroidales;f_Tannerellaceae;g_DFXE01;s_DFXE01_sp031276545	0	0	0	0	0	0	0.21854661	1.238125	0.4422888	0.0864186	0.55021054	0.03480437	0	0	0	0	0	0	1.673899466	1.37028875	1.9644327	1.18378894	2.00552967	2.64351082
d_Bacteria;p_Bacillota;c_Bacilli;o_Lactobacillales;f_Enterococcaceae;g_Enterococcus_C;s_Enterococcus_C_asini	3.8835301	1.1672032	0.79110193	0.5926153	1.3712416	0.43812177	0	0	0	0	0	0	0.9698323	0.96272125	0.80423999	0.18175104	0.48118384	0.49389007	0.54844608	0.14408286	0.048775736	0.05456167	0.035536952	0.19122974
d_Bacteria;p_Bacteroidota;c_Bacteroidia;o_Bacteroidales;f_Azobacteroidaceae;g_WRFZ01;s_WRFZ01_sp031290435	0.50648004	1.4805744	2.262486	1.4989973	0.49243432	0.19498576	0	0	0	0	0	0	0.84767044	0.74248433	0.9191868	0.91877925	0.68867683	2.1948915	0	0	0	0	0	0
d_Bacteria;p_Verrucomicrobiota;c_Verrucomicrobiae;o_Verrucomicrobiales;f_Akkermansiaceae;g_Akkermansia;s_Akkermansia_sp905200945	1.2605236	5.712602	2.0417979	1.1375713	1.0008404	1.1929936	0	0	0	0	0	0	0	0	0	0	0	0	0	0	0	0	0	0
d_Bacteria;p_Bacillota_A;c_Clostridia;o_Oscillospirales;f_Ruminococcaceae;g_Ruminiclostridium_E;s_Ruminiclostridium_E_sp031271685	0	0	0	0	0	0	0	0	0	0	0	0	2.1487937	0.35888413	0.31433427	0.77799445	0.47679007	0.18706034	0.09377931	3.984986	0.1438747	3.5608332	0.14850083	0.10963557
d_Bacteria;p_Actinomycetota;c_Actinomycetes;o_Propionibacteriales;f_Nocardioidaceae;g_Marmoricola;s_Marmoricola_sp030151765	1.6282251	1.8271289	1.817449	1.8790256	2.184619	2.9125159	0	0	0	0	0	0	0	0	0	0	0	0	0	0	0	0	0	0
d_Bacteria;p_Bacillota_A;c_Clostridia;o_Lachnospirales;f_Lachnospiraceae;g_Aequitasia;s_Aequitasia_blattaphilus	0	0	0	0	0	0	0	0	0	0	0	0	0.13501054	0.11686595	0.26385874	0.27578732	0.1622543	0.04460862	0.84999099	1.426226834	2.19731865	2.03319957	3.00240548	1.71606574
d_Bacteria;p_Bacillota_A;c_Clostridia;o_Christensenellales;f_Aristaeellaceae;g_Faecivicinus;s_Faecivicinus_sp004555155	2.54133446	1.1278293	1.29128223	1.44037253	1.17063643	4.46727658	0	0	0	0	0	0	0	0	0	0	0	0	0	0	0	0	0	0
d_Bacteria;p_Desulfobacterota;c_Desulfobulbia;o_Desulfobulbales;f_Desulfobulbaceae;g_Desulfobulbus;s_Desulfobulbus_sp903842475	0	0	0	0	0	0	0	0	0	0	0	0	0	0	0	0	0	0	3.57889507	1.15065251	1.31180385	1.00675499	2.11160852	2.311940344
d_Bacteria;p_Bacillota_A;c_Clostridia;o_Lachnospirales;f_Lachnospiraceae;g_Brotaphodocola;s_Brotaphodocola_sp003506385	0	0	0	0	0	0	0	0	0	0	0	0	0	0	0	0	0	0	1.70555941	1.065657156	4.02565909	1.16747454	1.68315846	1.62726918
d_Bacteria;p_Desulfobacterota;c_Desulfovibrionia;o_Desulfovibrionales;f_Desulfovibrionaceae;g_Mailhella;s_Mailhella_merdigallinarum	0	0	0	0	0	0	0.96454791	1.11992532	0.82340905	0.39387494	1.0691167	1.02524005	0	0	0	0	0	0	0.69954405	0.512961	0.66898636	0.70446421	2.22761287	1.05410785
d_Bacteria;p_Bacillota_A;c_Clostridia;o_Oscillospirales;f_Ruminococcaceae;g_JAAYCI01;s_JAAYCI01_sp030265505	0	0	0	0	0	0	0	0	0	0	0	0	0	0	0	0	0	0	2.0437286	1.83156836	1.70652209	1.1036155	2.5136242	1.93083939
d_Archaea;p_Halobacteriota;c_Methanosarcinia;o_Methanosarcinales;f_Methanosarcinaceae;g_Methanimicrococcus;s_Methanimicrococcus_blatticola	0	0	0	0	0	0	0.21142425	1.4465569	0.08545954	0.043095287	0.20874856	0.08196006	0.81113154	1.4538871	1.5362024	1.1849396	1.3600566	2.4743059	0	0	0	0	0	0
d_Bacteria;p_Bacillota_A;c_Clostridia;o_Oscillospirales;f_Ruminococcaceae;g_Ruminococcus_C;s_Ruminococcus_C_sp000433635	1.651649	1.29259114	2.25180087	1.88247047	1.3854997	2.3452042	0	0	0	0	0	0	0	0	0	0	0	0	0	0	0	0	0	0
d_Bacteria;p_Bacteroidota;c_Bacteroidia;o_Bacteroidales;f_UBA932;g_JAISFN01;s_JAISFN01_sp031263585	0	0	0	0	0	0	0.62705138	0.58459331	1.27878143	0.45791711	1.32855503	2.3619372	0	0	0	0	0	0	0.245725306	0.551049493	0.969893926	0.85902786	0.954903745	0.406029622
d_Bacteria;p_Bacteroidota;c_Bacteroidia;o_Bacteroidales;f_Paludibacteraceae;g_Paludibacter;s_Paludibacter_sp903927945	0	0	0	0	0	0	0.97343724	2.14936313	1.9971853	0.34212942	1.8397286	3.32341285	0	0	0	0	0	0	0	0	0	0	0	0
d_Bacteria;p_Bacteroidota;c_Bacteroidia;o_Bacteroidales;f_Bacteroidaceae;g_unclassify_f_Bacteroidaceae;s_unclassify_f_Bacteroidaceae	0.49180274	2.16420205	1.28210598	1.2542623	0.65794317	0.80196672	0.41256762	0.82480043	1.5402454	0.36821842	0.31630456	0.4952053	0	0	0	0	0	0	0	0	0	0	0	0
d_Bacteria;p_Bacteroidota;c_Bacteroidia;o_Bacteroidales;f_Paludibacteraceae;g_QVMH01;s_QVMH01_sp023391625	0	0	0	0	0	0	0.44640562	1.1413953	0.63154364	0.11121286	1.2614747	0.26823074	0	0	0	0	0	0	0.80425599	0.9296707	1.18126851	1.62499353	1.062743	1.12453979
d_Bacteria;p_Bacillota;c_Bacilli;o_Lactobacillales;f_Enterococcaceae;g_Enterococcus_C;s_Enterococcus_C_stercoravium	2.3153045	1.0436413	0.9775347	1.1904047	0.93450636	0.22248374	0	0	0	0	0	0	0.85129493	0.5663464	0.6088144	0.086496934	0.5035873	0.285647	0.41330403	0.11154809	0.048775736	0.05456167	0.057747558	0.074336395
d_Bacteria;p_Bacteroidota;c_Bacteroidia;o_Bacteroidales;f_UBA4181;g_JAIRLS01;s_JAIRLS01_sp031275285	0	0	0	0	0	0	0	0	0	0	0	0	0.846437805	0.36670702	0.94844301	1.94417919	1.26328694	1.396187267	0.440604156	0.51144574	0.676996556	0.54063942	0.45838337	0.86968189
d_Bacteria;p_Actinomycetota;c_Actinomycetes;o_Actinomycetales;f_Dermatophilaceae;g_Flexivirga;s_Flexivirga_endophytica	1.7376108	1.186059	1.1038966	1.0790439	2.1452596	2.8900847	0	0	0	0	0	0	0	0	0	0	0	0	0	0	0	0	0	0
d_Bacteria;p_Elusimicrobiota;c_Endomicrobiia;o_Endomicrobiales;f_Endomicrobiaceae;g_Endomicrobium;s_Endomicrobium_proavitum	2.9450183	0.6612262	1.06243175	0.71583677	1.31302921	0.83661612	0	0	0	0	0	0	0.226090584	0.325183306	0.42805868	0.30693133	0.35772851	0.38553028	0.08188537	0.06484304	0.06281352	0.19030024	0.02860293	0.039887726
d_Bacteria;p_Bacillota_A;c_Clostridia;o_Christensenellales;f_Aristaeellaceae;g_unclassify_f_Aristaeellaceae;s_unclassify_f_Aristaeellaceae	1.0943997	0.9337011	1.0041876	0.86939925	1.5140526	1.3415439	0.09069591	0.067994334	0.33375934	0.15611109	0.27379072	0.055668164	0	0	0	0	0	0	0.42242107	0.156691	0.1692722	0.29079044	0.37879375	0.83711356
d_Bacteria;p_Planctomycetota;c_Planctomycetia;o_Pirellulales;f_Thermoguttaceae;g_WRKP01;s_WRKP01_sp009783865	0	0	0	0	0	0	0	0	0	0	0	0	0.8263247	1.4556421	0.79152983	1.066069	0.99306875	1.4197271	0.87772506	0.930296	0.09618505	0.6253955	0.2408947	0.61777353
d_Bacteria;p_Bacteroidota;c_Bacteroidia;o_Bacteroidales;f_Bacteroidaceae;g_Bacteroides;s_Bacteroides_ovatus_A	1.0811689	1.2715348	1.6806732	1.4853745	3.301238	1.0042843	0	0	0	0	0	0	0	0	0	0	0	0	0	0	0	0	0	0
d_Bacteria;p_Bacillota_A;c_Clostridia;o_Christensenellales;f_Aristaeellaceae;g_Ventricola;s_Ventricola_sp934631055	1.91544836	1.55847745	2.72344968	1.59852262	0.408079446	1.5861316	0	0	0	0	0	0	0	0	0	0	0	0	0	0	0	0	0	0
d_Archaea;p_Methanobacteriota;c_Methanobacteria;o_Methanobacteriales;f_Methanobacteriaceae;g_JAHKLT01;s_JAHKLT01_sp030266405	0	0	0	0	0	0	0	0	0	0	0	0	3.7821023	0.75789593	0.62654453	0.68288466	0.89767814	0.77440363	0.26680535	0.24378057	0.15918326	0.34977245	0.27958882	0.9592685
d_Bacteria;p_Bacillota_A;c_Clostridia;o_Lachnospirales;f_Lachnospiraceae;g_JAAYYM01;s_JAAYYM01_sp030539165	2.0844328	2.8611443	0.8253654	2.7951138	0.67112935	0.36484876	0	0	0	0	0	0	0	0	0	0	0	0	0	0	0	0	0	0
d_Bacteria;p_Desulfobacterota;c_Desulfarculia;o_Adiutricales;f_Adiutricaceae;g_Adiutrix;s_Adiutrix_sp031261565	0	0	0	0	0	0	0	0	0	0	0	0	0	0	0	0	0	0	1.5700067	0.87594217	1.1216455	0.96397053	3.3307004	1.70614914
d_Bacteria;p_Pseudomonadota;c_Gammaproteobacteria;o_Enterobacterales;f_Enterobacteriaceae;g_Pseudocitrobacter;s_Pseudocitrobacter_faecalis	0	0	0	0	0	0	0	0	0	0	0	0	0	0	0	0	0	0	3.61949453	1.78233555	0.7300191	1.86170511	0.64993577	0.70248271
d_Bacteria;p_Bacillota_A;c_Clostridia;o_Lachnospirales;f_Lachnospiraceae;g_Brotaphodocola;s_Brotaphodocola_catenula	0	0	0	0	0	0	2.7028671	1.50319066	1.13390762	0.33063934	1.87132356	1.68297094	0	0	0	0	0	0	0	0	0	0	0	0
d_Bacteria;p_Bacillota_A;c_Clostridia;o_Lachnospirales;f_Lachnospiraceae;g_UBA5385;s_UBA5385_sp002409995	0	0	0	0	0	0	0.6219416	1.6732334	2.325697	0.081563644	0.93492	0.453727	0.8414966	0.49586266	0.20267771	0.07747311	0.16024154	0.031328186	0.31435406	0.14246401	0.3134799	0.12138422	0.17568839	0.18375269
d_Bacteria;p_Bacteroidota;c_Bacteroidia;o_Bacteroidales;f_Dysgonomonadaceae;g_Dysgonomonas;s_Dysgonomonas_sp010501065	0	0	0	0	0	0	0.36724174	0.6554382	0.92686623	0.24469082	0.8659503	1.5705941	0.0872259	0.050335564	0.17047054	0.12116054	0.098275565	0.08646048	0.26874216	0.64094297	0.640857842	0.771609619	0.64603342	0.855785335
d_Bacteria;p_Bacteroidota;c_Bacteroidia;o_Bacteroidales;f_UBA1715;g_WQTX01;s_WQTX01_sp009786075	0.4210556	0.9324668	0.82539535	0.3131709	6.209682	0.34692377	0	0	0	0	0	0	0	0	0	0	0	0	0	0	0	0	0	0
d_Bacteria;p_Desulfobacterota;c_Desulfarculia;o_Adiutricales;f_Adiutricaceae;g_Adiutrix;s_Adiutrix_sp031285975	0	0	0	0	0	0	0.99577897	0.27869387	0.47663288	1.56592994	0.57616917	5.1351492	0	0	0	0	0	0	0	0	0	0	0	0
d_Bacteria;p_Bacillota;c_Bacilli;o_Lactobacillales;f_Enterococcaceae;g_Enterococcus_C;s_Enterococcus_C_songbeiensis	1.2425643	1.6002171	1.8089086	0.45919976	2.7609537	1.1096997	0	0	0	0	0	0	0	0	0	0	0	0	0	0	0	0	0	0
d_Bacteria;p_Elusimicrobiota;c_Endomicrobiia;o_Endomicrobiales;f_Endomicrobiaceae;g_Endomicrobium;s_Endomicrobium_sp009782015	0	0	0	0	0	0	0	0	0	0	0	0	0	0	0	0	0	0	0.408643764	4.28344247	1.09624763	1.847839154	0.912985906	0.28991911
d_Bacteria;p_Bacillota_A;c_Clostridia;o_Lachnospirales;f_Lachnospiraceae;g_Acetatifactor;s_Acetatifactor_sp017521605	1.49730424	0.83385092	0.80653667	0.97329068	1.15484558	0.37345144	0	0	0	0	0	0	0.60697243	0.80723508	0.40081687	0.3488683	0.47339505	0.56074726	0	0	0	0	0	0
d_Bacteria;p_Bacillota_A;c_Clostridia;o_Lachnospirales;f_Lachnospiraceae;g_Suilimivivens;s_Suilimivivens_sp017622575	1.40792063	1.98550205	1.1629397	1.79597384	1.13178334	1.28327646	0	0	0	0	0	0	0	0	0	0	0	0	0	0	0	0	0	0
d_Bacteria;p_Bacillota_A;c_Clostridia;o_Oscillospirales;f_Ruminococcaceae;g_Ruminococcus;s_Ruminococcus_sp016295545	2.27538025	2.03811876	1.06907234	0.85686194	1.86981852	0.619099883	0	0	0	0	0	0	0	0	0	0	0	0	0	0	0	0	0	0
d_Bacteria;p_Bacillota_A;c_Clostridia;o_Oscillospirales;f_Ruminococcaceae;g_Massilioclostridium;s_Massilioclostridium_methylpentosum	0	0	0	0	0	0	0	0	0	0	0	0	0	0	0	0	0	0	0.5251643	1.0785059	2.0286326	4.043655	0.28389853	0.6891387
d_Bacteria;p_Bacillota_A;c_Clostridia;o_Peptostreptococcales;f_Anaerovoracaceae;g_Lentihominibacter;s_Lentihominibacter_sp902495595	0	0	0	0	0	0	0	0	0	0	0	0	1.03338511	1.16191617	1.53712537	1.42264842	2.04807448	1.42496103	0	0	0	0	0	0
d_Bacteria;p_Planctomycetota;c_Planctomycetia;o_Pirellulales;f_Thermoguttaceae;g_WRKP01;s_WRKP01_sp031274385	0	0	0	0	0	0	0	0	0	0	0	0	0	0	0	0	0	0	1.1347736	1.87434	0.7887177	1.4390813	1.7519623	1.6072587
d_Bacteria;p_Bacteroidota;c_Bacteroidia;o_Bacteroidales;f_Dysgonomonadaceae;g_Dysgonomonas;s_Dysgonomonas_sp010501095	0	0	0	0	0	0	1.1104525	0.85021424	0.7711704	2.3028033	1.0851376	1.0702332	0	0	0	0	0	0	0.056583647	0.29411912	0.37135282	0.23602505	0.20643386	0.115501665
d_Bacteria;p_Pseudomonadota;c_Gammaproteobacteria;o_Burkholderiales;f_Burkholderiaceae;g_Oxalobacter;s_Oxalobacter_vibrioformis	0	0	0	0	0	0	0.91218122	0.78865755	0.65392443	0.17842053	0.77399155	1.03833723	0.9289564	1.0381706	0.60730094	0.58442116	0.43896407	0.4553582	0	0	0	0	0	0
d_Bacteria;p_Bacteroidota;c_Bacteroidia;o_Bacteroidales;f_Azobacteroidaceae;g_JAJBTS01;s_unclassify_g_JAJBTS01	0	0	0	0	0	0	0	0	0	0	0	0	1.18174278	0.93299172	1.88795407	1.86159543	1.13647526	1.31915484	0	0	0	0	0	0
d_Bacteria;p_Desulfobacterota;c_Desulfobacteria;o_Desulfobacterales;f_Desulfosarcinaceae;g_Desulfosarcina;s_Desulfosarcina_sp030267325	0	0	0	0	0	0	0	0	0	0	0	0	0.3053631	0.6887327	0.45704758	1.1596816	0.97560495	1.193681	0.5468827	0.781619754	0.087262121	1.26989831	0.139587643	0.631033555
d_Bacteria;p_Bacteroidota;c_Bacteroidia;o_Bacteroidales;f_Azobacteroidaceae;g_WRFZ01;s_WRFZ01_sp025999935	1.32225019	1.09283903	1.55175336	1.99399163	0.74124388	1.5082053	0	0	0	0	0	0	0	0	0	0	0	0	0	0	0	0	0	0
d_Bacteria;p_Bacillota_A;c_Clostridia;o_Christensenellales;f_Pumilibacteraceae;g_JAIRRW01;s_JAIRRW01_sp031255775	1.022321184	1.038951	0.993132594	0.65566963	0.79320278	0.78370485	0	0	0	0	0	0	0.23444147	0.4849996	0.59974277	0.24577293	0.2658012	0.40338346	0.066455927	0.140201147	0.106751513	0.02222883	0.115608465	0.18543319
d_Archaea;p_Thermoplasmatota;c_Thermoplasmata;o_Methanomassiliicoccales;f_Methanomethylophilaceae;g_Methanoplasma;s_Methanoplasma_sp023402275	0	0	0	0	0	0	0	0	0	0	0	0	0.85747996	2.15585901	1.088063027	1.31283606	0.731612702	1.8539465	0.039614175	0	0	0.021245234	0.041512214	0.04962016
d_Bacteria;p_Bacteroidota;c_Bacteroidia;o_Bacteroidales;f_Rikenellaceae;g_Alistipes_A;s_Alistipes_A_sp949296995	0	0	0	0	0	0	1.30946664	2.0004014	0.40591507	0.37427788	2.5680748	1.47074134	0	0	0	0	0	0	0	0	0	0	0	0
d_Bacteria;p_Actinomycetota;c_Actinomycetes;o_Actinomycetales;f_Micrococcaceae;g_Rothia;s_Rothia_koreensis	2.18598615	0.99792397	0.984444	1.06454992	1.50053232	1.36042854	0	0	0	0	0	0	0	0	0	0	0	0	0	0	0	0	0	0
d_Bacteria;p_Bacteroidota;c_Bacteroidia;o_Bacteroidales;f_Dysgonomonadaceae;g_Dysgonomonas;s_Dysgonomonas_sp010501055	0	0	0	0	0	0	0.512336093	2.48114095	1.05488196	0.26711221	1.52054686	0.287432233	0.28269008	0.16313234	0.33467346	0.23453516	0.42466766	0.4023519	0	0	0	0	0	0
d_Bacteria;p_Desulfobacterota;c_Desulfovibrionia;o_Desulfovibrionales;f_Desulfovibrionaceae;g_Frigididesulfovibrio;s_Frigididesulfovibrio_sp031275955	0	0	0	0	0	0	1.3999774	0.8570656	0.7472708	0.2249741	1.1122947	0.86428374	0	0	0	0	0	0	0.62774911	0.65980455	0.21087623	0.2703861	0.5436513	0.31443632
d_Bacteria;p_Desulfobacterota;c_Desulfovibrionia;o_Desulfovibrionales;f_Desulfovibrionaceae;g_RGIG1962;s_RGIG1962_sp944325195	0	0	0	0	0	0	0.41580049	0.244900166	0.37035269	0.12462997	0.408648	0.73976169	0.91607419	1.2683627	0.9257048	0.59473722	0.987427	0.83213686	0	0	0	0	0	0
d_Bacteria;p_Bacteroidota;c_Bacteroidia;o_Bacteroidales;f_Azobacteroidaceae;g_unclassify_f_Azobacteroidaceae;s_unclassify_f_Azobacteroidaceae	0.999269624	1.86754917	1.79551039	0.65281979	1.498879545	1.01214155	0	0	0	0	0	0	0	0	0	0	0	0	0	0	0	0	0	0
d_Bacteria;p_Desulfobacterota;c_Desulfovibrionia;o_Desulfovibrionales;f_Desulfovibrionaceae;g_Mailhella;s_Mailhella_sp022510785	0	0	0	0	0	0	0	0	0	0	0	0	1.7890605	1.5008683	1.4343966	1.1076286	0.911651	1.0624536	0	0	0	0	0	0
d_Bacteria;p_Bacillota_A;c_Clostridia;o_Lachnospirales;f_Lachnospiraceae;g_Petralouisia;s_Petralouisia_sp910580195	0	0	0	0	0	0	0.31542554	3.9412198	2.7252636	0.15081362	0.5743431	0.07744209	0	0	0	0	0	0	0	0	0	0	0	0
d_Bacteria;p_Bacillota_A;c_Clostridia;o_unclassify_c_Clostridia;f_unclassify_c_Clostridia;g_unclassify_c_Clostridia;s_unclassify_c_Clostridia	0	0	0	0	0	0	0.22894229	0.15176328	0.2082159	0.12444279	0.18707176	0.79875946	0.0962188	0.15774173	0.13889748	0.11435467	0.124833025	0.11560536	0.49241926	0.8023882	1.37281829	1.37176008	0.84890291	0.41329959
d_Bacteria;p_Bacillota_A;c_Clostridia;o_Peptostreptococcales;f_Anaerovoracaceae;g_Hominibacterium;s_Hominibacterium_sp910583765	0	0	0	0	0	0	0	0	0	0	0	0	0	0	0	0	0	0	0.93917541	1.02437542	0.89340039	0.679087834	2.85643239	1.20242688
d_Bacteria;p_Bacillota_A;c_Clostridia;o_Lachnospirales;f_UBA5962;g_WRBA01;s_WRBA01_sp009779915	0	0	0	0	0	0	0.28241226	0.11856512	0.24400316	0.20254362	0.21922462	0.9291123	0.8065004	1.0453018	0.18964837	0.17619745	0.44704464	0.27929914	0.35636136	0.32446575	0.42682815	0.36211857	0.48044387	0.6943589
d_Bacteria;p_Bacteroidota;c_Bacteroidia;o_Bacteroidales;f_Rikenellaceae;g_UBA940;s_UBA940_sp031285485	0	0	0	0	0	0	0.12272736	0.25093126	0.22492455	0.03840827	0.24538721	0.06574155	0.61852396	0.6464845	1.5418563	0.9488878	1.118797	1.701654	0	0	0	0	0	0
d_Bacteria;p_Bacillota_A;c_Clostridia;o_Christensenellales;f_DTU072;g_CAG-1782;s_CAG-1782_sp023394875	1.10514838	1.04063069	1.070309396	1.2771202	0.81446346	1.20156086	0.12438832	0.074602716	0.0682356	0.030586367	0.03065312	0.03490209	0	0	0	0	0	0	0.06440866	0.035310138	0.14822195	0.017271295	0.19123481	0.16135485
d_Bacteria;p_Bacillota_A;c_Clostridia;o_Oscillospirales;f_Acutalibacteraceae;g_CAG-177;s_CAG-177_sp017430535	0	0	0	0	0	0	0	0	0	0	0	0	0.8089523	0.71095496	0.59037214	1.12287076	3.3010228	0.8931868	0	0	0	0	0	0
d_Bacteria;p_Bacteroidota;c_Bacteroidia;o_Bacteroidales;f_Tannerellaceae;g_Parabacteroides;s_Parabacteroides_chinchillae	0	0	0	0	0	0	0	0	0	0	0	0	1.5946037	1.13501938	1.63018466	1.0501638	1.18538154	0.77355421	0	0	0	0	0	0
d_Bacteria;p_Bacillota_A;c_Clostridia;o_Christensenellales;f_Aristaeellaceae;g_Limiplasma;s_Limiplasma_sp028692205	0	0	0	0	0	0	0	0	0	0	0	0	0	0	0	0	0	0	1.632172444	1.02075163	0.594698252	0.902344925	1.66097705	1.55299856
d_Bacteria;p_Verrucomicrobiota;c_Verrucomicrobiae;o_Verrucomicrobiales;f_Akkermansiaceae;g_Akkermansia;s_unclassify_g_Akkermansia	0	0	0	0	0	0	1.2187773	0.6439494	1.4300258	0.1664946	1.4766936	0.3134784	0	0	0	0	0	0	0.19357413	0.2697252	0.49650997	0.3309088	0.4564099	0.34349698
d_Bacteria;p_Desulfobacterota;c_Desulfobulbia;o_Desulfobulbales;f_Desulfobulbaceae;g_Desulfobulbus;s_Desulfobulbus_sp030824455	0	0	0	0	0	0	0	0	0	0	0	0	0.33109949	0.703968696	1.50220724	1.574769233	2.36929165	0.81510119	0	0	0	0	0	0
d_Bacteria;p_Bacillota_A;c_Clostridia;o_Lachnospirales;f_Lachnospiraceae;g_NC2004;s_NC2004_sp017621205	0	0	0	0	0	0	0	0	0	0	0	0	1.9875293	0.84703285	0.9880846	1.0163192	1.652937	0.7299811	0	0	0	0	0	0
d_Bacteria;p_Desulfobacterota;c_Desulfovibrionia;o_Desulfovibrionales;f_Desulfovibrionaceae;g_Frigididesulfovibrio;s_Frigididesulfovibrio_sp009783025	0	0	0	0	0	0	0	0	0	0	0	0	0	0	0	0	0	0	0.55058162	0.44303273	3.11414025	0.841438456	1.63031551	0.59943903
d_Bacteria;p_Bacillota_A;c_Clostridia;o_Christensenellales;f_Pumilibacteraceae;g_Protoclostridium;s_Protoclostridium_sp900761765	0.769671522	0.84328619	1.00782824	1.277446715	0.352910456	0.858703667	0	0	0	0	0	0	0	0	0	0	0	0	0.211900066	0.374792441	0.168296096	0.246099442	0.291395596	0.570118704
d_Bacteria;p_Bacillota_A;c_Clostridia;o_Lachnospirales;f_Lachnospiraceae;g_Hominisplanchenecus_A;s_Hominisplanchenecus_A_sp900762665	0	0	0	0	0	0	0.65421605	0.38886723	0.353275	0.030162752	0.3249569	0.25814006	1.75712719	1.03870163	0.71153128	0.715650648	0.46963331	0.236372208	0	0	0	0	0	0
d_Bacteria;p_Bacillota_A;c_Clostridia;o_Oscillospirales;f_Ruminococcaceae;g_FB2012;s_FB2012_sp947177715	0.78642664	1.44001134	0.81230413	0.68981572	1.987170233	1.176534238	0	0	0	0	0	0	0	0	0	0	0	0	0	0	0	0	0	0
d_Bacteria;p_Bacteroidota;c_Bacteroidia;o_Bacteroidales;f_Marinilabiliaceae;g_Geofilum;s_Geofilum_sp002411385	0.24986337	0.21685186	0.12959342	0.058059774	6.0309377	0.10999206	0	0	0	0	0	0	0	0	0	0	0	0	0	0	0	0	0	0
d_Bacteria;p_Bacillota_A;c_Clostridia;o_Oscillospirales;f_Ruminococcaceae;g_Ruminiclostridium_E;s_Ruminiclostridium_E_sp009782265	0.97372365	1.442559	0.88060766	1.5326129	0.6987618	1.2379537	0	0	0	0	0	0	0	0	0	0	0	0	0	0	0	0	0	0
d_Bacteria;p_Bacillota_A;c_Clostridia;o_Oscillospirales;f_QAKW01;g_HGM12957;s_HGM12957_sp900760695	0.9463954	1.44686538	1.02613878	1.53345926	0.821490225	0.969587504	0	0	0	0	0	0	0	0	0	0	0	0	0	0	0	0	0	0
d_Bacteria;p_Bacillota_A;c_Clostridia;o_Lachnospirales;f_Lachnospiraceae;g_V9D3004;s_V9D3004_sp949292725	0	0	0	0	0	0	0	0	0	0	0	0	0	0	0	0	0	0	0.347461894	0.87398104	2.97325646	0.257658473	0.92083057	1.27837261
d_Bacteria;p_Bacillota_A;c_Clostridia;o_Peptostreptococcales;f_Anaerovoracaceae;g_Emergencia;s_Emergencia_sp017522185	0	0	0	0	0	0	0	0	0	0	0	0	1.01055237	1.3020465	0.96492266	0.862236444	1.58864909	0.84126016	0	0	0	0	0	0
d_Bacteria;p_Desulfobacterota;c_Desulfovibrionia;o_Desulfovibrionales;f_Desulfovibrionaceae;g_WRHT01;s_unclassify_g_WRHT01	0	0	0	0	0	0	0	0	0	0	0	0	0.36560214	0.29454777	0.40597498	0.32588452	0.47076097	0.42043924	1.4380906	0.695058695	0.380269835	0.737802092	0.485098958	0.546875486
d_Bacteria;p_Deferribacterota;c_Deferribacteres;o_Deferribacterales;f_JAISNW01;g_JAITWF01;s_JAITWF01_sp031285415	0	0	0	0	0	0	0.8295943	0.4764374	0.53651881	0.41015725	0.54071364	2.02074605	0.30792218	0.36915088	0.34433365	0.2693163	0.20196803	0.21780941	0	0	0	0	0	0
d_Bacteria;p_Bacteroidota;c_Bacteroidia;o_Bacteroidales;f_Dysgonomonadaceae;g_Dysgonomonas;s_Dysgonomonas_sp031285625	0	0	0	0	0	0	0	0	0	0	0	0	0	0	0	0	0	0	0.5517133	2.4792614	0.30298325	1.7349681	0.38105175	1.0104269
d_Bacteria;p_Bacillota_A;c_Clostridia;o_Lachnospirales;f_Lachnospiraceae;g_CANQSA01;s_CANQSA01_sp947626415	1.48662947	0.56118838	1.55296607	2.0879981	0.515478035	0.237887687	0	0	0	0	0	0	0	0	0	0	0	0	0	0	0	0	0	0
d_Bacteria;p_Bacteroidota;c_Bacteroidia;o_Bacteroidales;f_Bacteroidaceae;g_Bacteroides;s_Bacteroides_oleiciplenus	0	0	0	0	0	0	0	0	0	0	0	0	1.021922488	1.32877279	0.98574339	1.20411551	0.27013745	1.576673708	0	0	0	0	0	0
d_Bacteria;p_Bacillota_A;c_Clostridia;o_Oscillospirales;f_Oscillospiraceae;g_UBA2658;s_UBA2658_sp012729875	0	0	0	0	0	0	0	0	0	0	0	0	0.68715477	0.633706	0.63216126	0.93103355	0.90160245	1.1553247	0.19748825	0.36891052	0.13465923	0.2589004	0.33725268	0.14659028
d_Bacteria;p_Pseudomonadota;c_Alphaproteobacteria;o_Rhizobiales;f_Rhizobiaceae;g_Ochrobactrum;s_Ochrobactrum_intermedium	0.83489524	1.2642249	0.76489849	0.38132856	1.01663703	2.10850593	0	0	0	0	0	0	0	0	0	0	0	0	0	0	0	0	0	0
d_Bacteria;p_Verrucomicrobiota;c_Verrucomicrobiae;o_Verrucomicrobiales;f_Akkermansiaceae;g_Akkermansia;s_Akkermansia_muciniphila_C	0	0	0	0	0	0	1.6582817	0.8472219	1.2086978	0.24667062	1.7746081	0.63332045	0	0	0	0	0	0	0	0	0	0	0	0
d_Bacteria;p_Bacillota_A;c_Clostridia;o_Lachnospirales;f_Lachnospiraceae;g_Kineothrix;s_Kineothrix_sp023443905	1.0020334	1.65219384	1.3647402	1.27186033	0.54026896	0.51835834	0	0	0	0	0	0	0	0	0	0	0	0	0	0	0	0	0	0
d_Bacteria;p_Spirochaetota;c_Spirochaetia;o_UBA9216;f_UBA9216;g_unclassify_f_UBA9216;s_unclassify_f_UBA9216	0	0	0	0	0	0	0	0	0	0	0	0	0.53581237	0.571696333	0.57148331	1.13306359	1.34996194	1.38088026	0.06756822	0.24694908	0.10366217	0.07247437	0.15341243	0.119899824
d_Bacteria;p_Bacillota_A;c_Clostridia;o_Lachnospirales;f_Lachnospiraceae;g_Lacrimispora;s_Lacrimispora_sp023398855	0	0	0	0	0	0	0	0	0	0	0	0	0	0	0	0	0	0	0.89505585	0.58650936	1.505952	1.00624808	1.53692661	0.77372137
d_Bacteria;p_Bacillota_I;c_Bacilli_A;o_Erysipelotrichales;f_Erysipelotrichaceae;g_Breznakia;s_Breznakia_sp001695645	0	0	0	0	0	0	0	0	0	0	0	0	1.0011439	1.3647666	1.0518749	0.33968553	1.4529736	1.0932761	0	0	0	0	0	0
d_Bacteria;p_Bacteroidota;c_Bacteroidia;o_Bacteroidales;f_Tannerellaceae;g_DFXE01;s_DFXE01_sp002381645	0	0	0	0	0	0	0.6201997	1.0043159	1.2928438	1.1946102	1.3526009	0.7482934	0	0	0	0	0	0	0	0	0	0	0	0
d_Bacteria;p_Actinomycetota;c_Coriobacteriia;o_Coriobacteriales;f_Eggerthellaceae;g_Raoultibacter;s_unclassify_g_Raoultibacter	0	0	0	0	0	0	0.10640116	0.30457085	0.13000241	0.049948424	0.18771529	0	0.12622936	0.12140552	0.43685964	1.3958273	0.59416306	1.0732658	0.090395925	0.312977803	0.49482346	0.090558119	0.31571185	0.29203047
d_Archaea;p_Thermoplasmatota;c_Thermoplasmata;o_Methanomassiliicoccales;f_Methanomethylophilaceae;g_WRKA01;s_WRKA01_sp009780575	0	0	0	0	0	0	0	0	0	0	0	0	0.67255259	0.82529457	0.94848941	0.98258157	1.15430509	1.53429769	0	0	0	0	0	0
d_Bacteria;p_Bacillota_I;c_Bacilli_A;o_Erysipelotrichales;f_Coprobacillaceae;g_Thomasclavelia;s_Thomasclavelia_sp021770925	0	0	0	0	0	0	0	0	0	0	0	0	0	0	0	0	0	0	0.94987289	0.79876541	0.40983216	1.075566155	1.36074014	1.50006332
d_Bacteria;p_Bacteroidota;c_Bacteroidia;o_Bacteroidales;f_Rikenellaceae;g_Alistipes_A;s_Alistipes_A_sp028691095	0	0	0	0	0	0	0	0	0	0	0	0	0.267542	0.3163745	0.5357296	1.1611114	1.3375098	1.3216234	0.16505906	0.110999666	0.04051695	0.0495722	0.5534961	0.17642732
d_Bacteria;p_Spirochaetota;c_Spirochaetia;o_Sphaerochaetales;f_Sphaerochaetaceae;g_Ornithospirochaeta;s_Ornithospirochaeta_sp949285905	0.257339276	1.334771187	0.38446055	0.121739635	1.880962154	2.05061072	0	0	0	0	0	0	0	0	0	0	0	0	0	0	0	0	0	0
d_Bacteria;p_Actinomycetota;c_Actinomycetes;o_Propionibacteriales;f_Propionibacteriaceae;g_Arachnia;s_Arachnia_defluvii	0.7260217	0.9480213	1.3582083	0.70128864	0.7519798	1.4046273	0	0	0	0	0	0	0	0	0	0	0	0	0	0	0	0	0	0
d_Bacteria;p_Bacillota_A;c_Clostridia;o_Christensenellales;f_Aristaeellaceae;g_Onthenecus;s_Onthenecus_sp023404715	0	0	0	0	0	0	0	0	0	0	0	0	1.3264697	0.4768483	1.1899507	0.30560637	0.9146694	0.46557873	0.09757813	0.120362446	0.15905929	0.16353624	0.45588008	0.20370862
d_Bacteria;p_Desulfobacterota;c_Desulfobacteria;o_Desulfobacterales;f_unclassify_o_Desulfobacterales;g_unclassify_o_Desulfobacterales;s_unclassify_o_Desulfobacterales	0.52452177	1.12318904	1.71272033	0.52311618	1.14006701	0.84737925	0	0	0	0	0	0	0	0	0	0	0	0	0	0	0	0	0	0
d_Bacteria;p_Actinomycetota;c_Coriobacteriia;o_Coriobacteriales;f_Eggerthellaceae;g_Raoultibacter;s_Raoultibacter_sp009782605	0	0	0	0	0	0	0	0	0	0	0	0	0.080308	0.3668854	0.19618791	0.19685513	0.18096255	0.1768962	0.297922688	0.689820234	0.82490159	0.526581526	1.102385885	1.19065912
d_Bacteria;p_Bacillota_A;c_Clostridia;o_Christensenellales;f_Christensenellaceae;g_SIG371;s_SIG371_sp015056045	0	0	0	0	0	0	0	0	0	0	0	0	0.7863271	0.71533316	0.7035347	0.9003119	1.1210591	1.5886412	0	0	0	0	0	0
d_Bacteria;p_Bacillota_A;c_Clostridia;o_Peptostreptococcales;f_Anaerovoracaceae;g_MT110;s_MT110_sp927441425	0.780816	0.86459535	1.4786948	0.86724204	0.61729646	1.1967221	0	0	0	0	0	0	0	0	0	0	0	0	0	0	0	0	0	0
d_Bacteria;p_Bacteroidota;c_Bacteroidia;o_Bacteroidales;f_Azobacteroidaceae;g_JAJBTS01;s_JAJBTS01_sp031256015	0	0	0	0	0	0	0	0	0	0	0	0	0.8178598	0.43536696	0.886807	2.394299	0.6898666	0.46242145	0	0	0	0	0	0
d_Bacteria;p_Bacillota_A;c_Clostridia;o_Lachnospirales;f_Lachnospiraceae;g_Limivivens;s_Limivivens_sp900066135	0	0	0	0	0	0	0	0	0	0	0	0	0	0	0	0	0	0	0.241800145	0.557431087	0.28535807	0.36575934	2.10071634	2.13307344
d_Bacteria;p_Verrucomicrobiota;c_Lentisphaeria;o_Victivallales;f_Victivallaceae;g_UBA5239;s_UBA5239_sp937888615	0.91958501	0.52331124	1.1988405	0.58806621	0.81740142	1.52738921	0	0	0	0	0	0	0	0	0	0	0	0	0	0	0	0	0	0
d_Archaea;p_Halobacteriota;c_Methanomicrobia;o_Methanomicrobiales;f_Methanocorpusculaceae;g_Methanocorpusculum;s_Methanocorpusculum_sp023396065	0	0	0	0	0	0	0	0	0	0	0	0	1.02321677	0.62554666	1.18150615	0.456937116	0.77984052	1.46821124	0	0	0	0	0	0
d_Bacteria;p_Bacillota_A;c_Clostridia;o_Oscillospirales;f_Ruminococcaceae;g_Ruminiclostridium_E;s_Ruminiclostridium_E_sp015067025	0	0	0	0	0	0	0.111913145	0.75775695	4.297442	0.010138506	0.21337305	0.034707118	0	0	0	0	0	0	0	0	0	0	0	0
d_Bacteria;p_Bacillota_A;c_Clostridia;o_Lachnospirales;f_Lachnospiraceae;g_Robinsoniella;s_Robinsoniella_sp900539655	0	0	0	0	0	0	0	0	0	0	0	0	0	0	0	0	0	0	1.9908853	0.4700221	0.6260537	0.32495815	0.37146935	1.5747321
d_Bacteria;p_Bacillota_I;c_Bacilli_A;o_Erysipelotrichales;f_Erysipelotrichaceae;g_Breznakia;s_Breznakia_pachnodae	0	0	0	0	0	0	1.3370671	0.20666079	1.4136325	0.040553983	0.15240943	0.104121305	0	0	0	0	0	0	0.63495546	0.29186658	0.28218092	0.30772626	0.19596282	0.38998962
d_Bacteria;p_Bacillota;c_Bacilli;o_Lactobacillales;f_Enterococcaceae;g_Enterococcus_A;s_Enterococcus_A_xiangfangensis	1.2293652	0.8621392	0.29489854	2.0178158	0.7946103	0.14158052	0	0	0	0	0	0	0	0	0	0	0	0	0	0	0	0	0	0
d_Bacteria;p_Bacillota_A;c_Clostridia;o_Oscillospirales;f_Ruminococcaceae;g_JAAZZIT01;s_JAAZZIT01_sp012800685	0.20089899	0.4004188	0.28379408	3.9778783	0.25787655	0.20823	0	0	0	0	0	0	0	0	0	0	0	0	0	0	0	0	0	0
d_Bacteria;p_Bacteroidota;c_Bacteroidia;o_Bacteroidales;f_Bacteroidaceae;g_Bacteroides_H;s_Bacteroides_H_sp021201335	0	0	0	0	0	0	0	0	0	0	0	0	0.24423246	0.15729858	0.29299626	0.2280669	0.41930887	0.103752576	0.53917396	0.3253746	0.92337686	0.78006357	0.43799058	0.8743065
d_Bacteria;p_Bacillota_C;c_Negativicutes;o_Acidaminococcales;f_Acidaminococcaceae;g_Phascolarctobacterium;s_Phascolarctobacterium_sp900545535	0	0	0	0	0	0	0	0	0	0	0	0	0.6915034	0.77174133	1.0465196	0.98789054	0.966936	0.83919096	0	0	0	0	0	0
d_Bacteria;p_Bacillota_A;c_Clostridia;o_Christensenellales;f_Aristaeellaceae;g_Limiplasma;s_Limiplasma_sp934621505	0	0	0	0	0	0	0	0	0	0	0	0	0	0	0	0	0	0	0.890193	0.8552016	0.26826632	2.0665224	0.47530687	0.6265488
d_Bacteria;p_Bacteroidota;c_Bacteroidia;o_Bacteroidales;f_UBA932;g_JAIRLF01;s_JAIRLF01_sp031270335	0	0	0	0	0	0	0.3603063	1.163731	1.1907783	0.28467315	1.9257365	0.25233153	0	0	0	0	0	0	0	0	0	0	0	0
d_Bacteria;p_Bacillota_A;c_Clostridia;o_Oscillospirales;f_Acutalibacteraceae;g_Acutalibacter;s_Acutalibacter_sp937958185	0	0	0	0	0	0	0.70795211	1.3102073	1.0599291	0.40370944	1.09036443	0.57705132	0	0	0	0	0	0	0	0	0	0	0	0
d_Bacteria;p_Bacteroidota;c_Bacteroidia;o_Bacteroidales;f_Bacteroidaceae;g_Bacteroides;s_Bacteroides_sp900555635	0.38732567	1.1165788	0.20290959	0.16180496	2.8451774	0.4350793	0	0	0	0	0	0	0	0	0	0	0	0	0	0	0	0	0	0
d_Bacteria;p_Bacillota;c_Bacilli;o_Lactobacillales;f_Lactobacillaceae;g_Secundilactobacillus;s_Secundilactobacillus_kimchicus	0.4808179	1.0796059	2.9902492	0.27663422	0.0766009	0.23731586	0	0	0	0	0	0	0	0	0	0	0	0	0	0	0	0	0	0
d_Bacteria;p_Elusimicrobiota;c_Endomicrobiia;o_Endomicrobiales;f_Endomicrobiaceae;g_Endomicrobium;s_Endomicrobium_sp938040055	0	0	0	0	0	0	0	0	0	0	0	0	0.624369415	0.564405845	0.96988409	0.91521439	0.65898856	1.40180184	0	0	0	0	0	0
d_Bacteria;p_Bacillota_A;c_Clostridia;o_Peptostreptococcales;f_Anaerovoracaceae;g_JAISGB01;s_JAISGB01_sp031263335	0.37654448	1.7212415	0.38600445	0.2867587	1.2656949	1.0936548	0	0	0	0	0	0	0	0	0	0	0	0	0	0	0	0	0	0
d_Bacteria;p_Pseudomonadota;c_Gammaproteobacteria;o_Pseudomonadales;f_Pseudomonadaceae;g_Pseudomonas_E;s_Pseudomonas_E_putida_V	0	0	0	0	0	0	0	0	0	0	0	0	0	0	0	0	0	0	0.35453629	0.74126275	2.6721642	0.92052855	0.1827405	0.255260776
d_Bacteria;p_Desulfobacterota;c_Desulfobacteria;o_Desulfobacterales;f_G020353555;g_G020353555;s_G020353555_sp020353555	0	0	0	0	0	0	0	0	0	0	0	0	0	0	0	0	0	0	1.356347708	0.781555637	0.92222989	0.593113555	0.72734512	0.73664851
d_Bacteria;p_Actinomycetota;c_Actinomycetes;o_Actinomycetales;f_Dermatophilaceae;g_Demetria;s_Demetria_terragena	0.605111	0.6338195	0.8892283	0.587994	0.8173741	1.5498185	0	0	0	0	0	0	0	0	0	0	0	0	0	0	0	0	0	0
d_Bacteria;p_Bacillota_A;c_Clostridia;o_Oscillospirales;f_Acutalibacteraceae;g_Timburyella;s_Timburyella_sp944412495	0	0	0	0	0	0	0.44051194	0.29884887	0.36742812	1.758856	0.28962997	1.8829199	0	0	0	0	0	0	0	0	0	0	0	0
d_Bacteria;p_Bacteroidota;c_Bacteroidia;o_Bacteroidales;f_Prolixibacteraceae;g_UBA1413;s_UBA1413_sp009782655	0	0	0	0	0	0	0	0	0	0	0	0	0.267542	0.38597685	0.2303639	1.3904665	1.8580182	0.8173202	0	0	0	0	0	0
d_Bacteria;p_Bacteroidota;c_Bacteroidia;o_Bacteroidales;f_Paludibacteraceae;g_JAISJU01;s_JAISJU01_sp031261165	0	0	0	0	0	0	0	0	0	0	0	0	0.83502287	0.21960105	0.43560702	0.44774866	0.43120098	0.39085597	0.18808407	0.26579893	0.3606941	0.2824368	0.8584612	0.2041795
d_Bacteria;p_Bacteroidota;c_Bacteroidia;o_Bacteroidales;f_Azobacteroidaceae;g_WRFZ01;s_WRFZ01_sp031289145	0.3537794	1.549149	0.18001498	0.11311858	2.2200718	0.4524083	0	0	0	0	0	0	0	0	0	0	0	0	0	0	0	0	0	0
d_Bacteria;p_Bacteroidota;c_Bacteroidia;o_Bacteroidales;f_WRGA01;g_WRGA01;s_WRGA01_sp021201815	0	0	0	0	0	0	0	0	0	0	0	0	0.60867489	1.1025684	1.60715561	0.63197406	0.52127188	0.39006405	0	0	0	0	0	0
d_Bacteria;p_Bacillota_A;c_Clostridia;o_Peptostreptococcales;f_Anaerovoracaceae;g_Lentihominibacter;s_Lentihominibacter_butyrica	0	0	0	0	0	0	0	0	0	0	0	0	0	0	0	0	0	0	1.52709357	0.8721691	0.41626344	0.551941877	0.41794914	1.04689751
d_Bacteria;p_unclassify_d_Bacteria;c_unclassify_d_Bacteria;o_unclassify_d_Bacteria;f_unclassify_d_Bacteria;g_unclassify_d_Bacteria;s_unclassify_d_Bacteria	0	0	0	0	0	0	0	0	0	0	0	0	1.9559561	0.12513588	1.5627457	0.673291	0.4365115	0.0630501	0	0	0	0	0	0
d_Bacteria;p_Bacteroidota;c_Bacteroidia;o_Bacteroidales;f_Dysgonomonadaceae;g_Dysgonomonas;s_Dysgonomonas_sp945292135	0	0	0	0	0	0	0	0	0	0	0	0	0	0	0	0	0	0	0.54227009	1.27180167	1.05375965	0.62913069	0.43674845	0.8614528
d_Bacteria;p_Bacillota_A;c_Clostridia;o_Oscillospirales;f_Acutalibacteraceae;g_WRMQ01;s_WRMQ01_sp031290595	0	0	0	0	0	0	0	0	0	0	0	0	0.23058721	0.36962575	0.50698066	0.7033938	0.9468178	0.8397602	0.18511425	0.08455471	0.46622994	0.07220186	0.206710418	0.15458116
d_Bacteria;p_Bacillota_A;c_Clostridia;o_Lachnospirales;f_Lachnospiraceae;g_Anaerostipes;s_Anaerostipes_sp018381315	0	0	0	0	0	0	0	0	0	0	0	0	3.376197	0.42813104	0.38875303	0.26004982	0.17444588	0.102315634	0	0	0	0	0	0
d_Bacteria;p_Bacillota_I;c_Bacilli_A;o_Erysipelotrichales;f_Coprobacillaceae;g_Thomasclavelia;s_Thomasclavelia_spiroformis	0	0	0	0	0	0	0	0	0	0	0	0	1.84032152	0.96836645	0.59133393	0.382691244	0.52733041	0.36129785	0	0	0	0	0	0
d_Bacteria;p_Pseudomonadota;c_Gammaproteobacteria;o_Enterobacterales;f_Aeromonadaceae;g_Aeromonas;s_Aeromonas_simiae	0	0	0	0	0	0	0	0	0	0	0	0	0	0	0	0	0	0	0.71103054	0.9310052	0.5596538	2.0492263	0.12958229	0.28396815
d_Bacteria;p_Bacillota_A;c_Clostridia;o_Peptostreptococcales;f_Anaerovoracaceae;g_Lentihominibacter;s_Lentihominibacter_sp030535275	0	0	0	0	0	0	0	0	0	0	0	0	0	0	0	0	0	0	1.33201414	0.365612036	0.46481327	0.450564055	1.10170127	0.7784996
d_Bacteria;p_Bacteroidota;c_Bacteroidia;o_Bacteroidales;f_Tannerellaceae;g_unclassify_f_Tannerellaceae;s_unclassify_f_Tannerellaceae	0	0	0	0	0	0	0.3062885	1.5420077	0.50325316	0.050692435	1.7069852	0.20824271	0	0	0	0	0	0	0	0	0	0	0	0
d_Bacteria;p_Bacillota_A;c_Clostridia;o_Oscillospirales;f_Ruminococcaceae;g_Fimivivens;s_Fimivivens_faecavium	0	0	0	0	0	0	0	0	0	0	0	0	0.82223316	0.8076372	0.70517172	0.371652544	0.73585732	0.85547976	0	0	0	0	0	0
d_Bacteria;p_Bacteroidota;c_Bacteroidia;o_Bacteroidales;f_Bacteroidaceae;g_Bacteroides;s_Bacteroides_sp900552405	0	0	0	0	0	0	0.5718453	0.3322502	0.29735804	0.097404085	2.8668473	0.105297826	0	0	0	0	0	0	0	0	0	0	0	0
d_Bacteria;p_Bacteroidota;c_Bacteroidia;o_Bacteroidales;f_Bacteroidaceae;g_Bacteroides;s_Bacteroides_bouchesdurhonensis	0	0	0	0	0	0	0.02945083	1.8122567	0.53718054	0.8769804	0.82301056	0.19088916	0	0	0	0	0	0	0	0	0	0	0	0
d_Bacteria;p_Synergistota;c_Synergistia;o_Synergistales;f_Synergistaceae;g_JAIRKI01;s_JAIRKI01_sp031274465	0	0	0	0	0	0	0	0	0	0	0	0	0	0	0	0	0	0	0.4705056	0.75855595	0.6611266	0.731061	0.81099695	0.78212696
d_Bacteria;p_Bacillota_A;c_Clostridia;o_Oscillospirales;f_Ruminococcaceae;g_Anaerotruncus;s_Anaerotruncus_sp904398655	0	0	0	0	0	0	0	0	0	0	0	0	0	0	0	0	0	0	0.050580785	0.37896937	3.5696087	0.06781664	0.035336144	0.08447583
d_Bacteria;p_Bacteroidota;c_Bacteroidia;o_Bacteroidales;f_Rikenellaceae;g_WRDF01;s_unclassify_g_WRDF01	0	0	0	0	0	0	1.8403006	0.08622909	0.4784759	1.0228827	0.47122228	0.28238964	0	0	0	0	0	0	0	0	0	0	0	0
d_Bacteria;p_Bacillota_I;c_Bacilli_A;o_Erysipelotrichales;f_Erysipelotrichaceae;g_Breznakia;s_Breznakia_blatticola	0	0	0	0	0	0	0	0	0	0	0	0	1.2837313	0.50054353	0.21719502	0.20553082	0.4365115	0.37830064	0.194167284	0.15779326	0.202628053	0.12667268	0.2776045	0.177803235
d_Archaea;p_Thermoplasmatota;c_Thermoplasmata;o_Methanomassiliicoccales;f_Methanomethylophilaceae;g_WRKA01;s_WRKA01_sp009784745	0	0	0	0	0	0	0	0	0	0	0	0	0	0	0	0	0	0	1.52823345	0.93236572	0.28153543	0.25168744	0.29843393	0.86417376
d_Bacteria;p_Deferribacterota;c_Deferribacteres;o_Deferribacterales;f_JAISNW01;g_unclassify_f_JAISNW01;s_unclassify_f_JAISNW01	0	0	0	0	0	0	0.59796831	0.281348586	0.19191938	0.28427347	0.3436519	2.45351596	0	0	0	0	0	0	0	0	0	0	0	0
d_Bacteria;p_Bacteroidota;c_Bacteroidia;o_Bacteroidales;f_Dysgonomonadaceae;g_Dysgonomonas;s_Dysgonomonas_sp010501075	0	0	0	0	0	0	0	0	0	0	0	0	1.0189614	0.55334539	0.49999592	0.72798103	0.70239968	0.57184229	0	0	0	0	0	0
d_Bacteria;p_Pseudomonadota;c_Gammaproteobacteria;o_Enterobacterales;f_Enterobacteriaceae;g_Enterobacter;s_Enterobacter_cloacae_Q	0	0	0	0	0	0	0	0	0	0	0	0	0	0	0	0	0	0	0.84854868	1.0562328	0.41979263	1.16078421	0.41668054	0.169444775
d_Bacteria;p_Bacteroidota;c_Bacteroidia;o_Bacteroidales;f_UBA932;g_JAIRLF01;s_JAIRLF01_sp031267155	0	0	0	0	0	0	0	0	0	0	0	0	0	0	0	0	0	0	0.49489407	0.572278774	0.746773204	0.821067468	0.58975374	0.821004885
d_Bacteria;p_Pseudomonadota;c_Gammaproteobacteria;o_Burkholderiales;f_Burkholderiaceae;g_Oxalobacter;s_Oxalobacter_sp030269625	0	0	0	0	0	0	0	0	0	0	0	0	0	0	0	0	0	0	0.3897988	0.48253918	0.56908596	0.72156197	0.9926389	0.62475884
d_Bacteria;p_Bacillota_A;c_Clostridia;o_Christensenellales;f_Aristaeellaceae;g_RUG11272;s_RUG11272_sp946543085	0	0	0	0	0	0	0.24808	0.5579533	1.032007	0.32025713	0.53492707	1.0658829	0	0	0	0	0	0	0	0	0	0	0	0
d_Bacteria;p_Bacillota_A;c_Clostridia;o_Christensenellales;f_Aristaeellaceae;g_Limiplasma;s_Limiplasma_sp022769795	0	0	0	0	0	0	0	0	0	0	0	0	0	0	0	0	0	0	0.24426411	0.23819997	2.26893483	0.22176425	0.25816976	0.50766985
d_Bacteria;p_Bacillota_A;c_Clostridia;o_Christensenellales;f_CALWSW01;g_JAEYFO01;s_JAEYFO01_sp023402915	0	0	0	0	0	0	0	0	0	0	0	0	1.2896765	0.19268231	0.4690227	0.8116453	0.62699115	0.3309669	0	0	0	0	0	0
d_Bacteria;p_Bacillota_A;c_Clostridia;o_Oscillospirales;f_Ruminococcaceae;g_JAAYCI01;s_JAAYCI01_sp030267215	0	0	0	0	0	0	0	0	0	0	0	0	0.6421837	0.656734	0.6454003	0.58449584	0.54951996	0.5694019	0	0	0	0	0	0
d_Bacteria;p_Bacillota_A;c_Clostridia;o_Oscillospirales;f_Butyricicoccaceae;g_Agathobaculum;s_Agathobaculum_hominis	0	0	0	0	0	0	0	0	0	0	0	0	0	0	0	0	0	0	0.8024916	0.18789242	0.8608568	0.100870304	0.57376766	1.0523093
d_Bacteria;p_Verrucomicrobiota;c_Kiritimatiellia;o_RFP12;f_UBA3636;g_JAAZAI01;s_JAAZAI01_sp012514445	0	0	0	0	0	0	0	0	0	0	0	0	0.16233835	0.12610869	0.096603684	0.2584859	0.28764254	0.15953845	0.52486086	0.8290432	0.19899428	0.34942973	0.24444824	0.28211725
d_Bacteria;p_Bacillota_B;c_Ch66;o_Ch66;f_Ch109;g_JAAZDI01;s_JAAZDI01_sp012512295	0	0	0	0	0	0	0	0	0	0	0	0	0.167707364	0.27533856	1.20129193	0.58532702	0.34712476	0.86954006	0	0	0	0	0	0
d_Bacteria;p_Spirochaetota;c_Spirochaetia;o_Treponematales;f_Breznakiellaceae;g_Breznakiella;s_Breznakiella_homolactica	0	0	0	0	0	0	0	0	0	0	0	0	0.39086453	0.54480754	0.58068209	0.60434347	0.49174703	0.80252251	0	0	0	0	0	0
d_Bacteria;p_Bacillota_A;c_Clostridia;o_Christensenellales;f_Pumilibacteraceae;g_Neoclostridium;s_Neoclostridium_sp934229275	0	0	0	0	0	0	0	0	0	0	0	0	0.71519078	0.68924406	0.72342828	0.329420906	0.5665645	0.38873735	0	0	0	0	0	0
d_Bacteria;p_Bacillota_A;c_Clostridia;o_Oscillospirales;f_JAKOTC01;g_JAKOTC01;s_JAKOTC01_sp029776465	0	0	0	0	0	0	0	0	0	0	0	0	0.26257554	0.29646155	0.23706049	0.5037175	0.788902	1.2975847	0	0	0	0	0	0
d_Bacteria;p_Bacillota_A;c_Clostridia;o_Oscillospirales;f_Ruminococcaceae;g_Fournierella;s_Fournierella_merdipullorum	0	0	0	0	0	0	0	0	0	0	0	0	1.1133645	1.0478109	0.47810504	0.26296368	0.27440056	0.18968022	0	0	0	0	0	0
d_Bacteria;p_Pseudomonadota;c_Gammaproteobacteria;o_Enterobacterales;f_Enterobacteriaceae;g_CALYQQ01;s_CALYQQ01_sp945288535	0	0	0	0	0	0	0.5445493	1.4592628	0.35036337	0.07478535	0.7644754	0.08533754	0	0	0	0	0	0	0	0	0	0	0	0
d_Bacteria;p_Bacteroidota;c_Bacteroidia;o_Bacteroidales;f_Azobacteroidaceae;g_WRFZ01;s_WRFZ01_sp009778655	0	0	0	0	0	0	0.08642124	1.3217092	0.15763165	0.26031855	1.0174577	0.40738168	0	0	0	0	0	0	0	0	0	0	0	0
d_Bacteria;p_Bacteroidota;c_Bacteroidia;o_Bacteroidales;f_Rikenellaceae;g_Tidjanibacter;s_Tidjanibacter_faecipullorum	0	0	0	0	0	0	0.5123892	0.637165866	0.75500947	0.158125686	1.04888797	0.13063824	0	0	0	0	0	0	0	0	0	0	0	0
d_Bacteria;p_Desulfobacterota;c_Desulfobacteria;o_Desulfobacterales;f_Desulfosalsimonadaceae;g_B1SED10-16;s_unclassify_g_B1SED10-16	0	0	0	0	0	0	0.46662644	0.24443659	0.52734447	0.16267031	0.4890763	1.3312651	0	0	0	0	0	0	0	0	0	0	0	0
d_Bacteria;p_Bacteroidota;c_Bacteroidia;o_Bacteroidales;f_Paludibacteraceae;g_RF16;s_RF16_sp002387325	0	0	0	0	0	0	0	0	0	0	0	0	0	0	0	0	0	0	0.34194738	1.3179194	0.1573829	0.633521	0.25191748	0.50879073
d_Bacteria;p_Verrucomicrobiota;c_Verrucomicrobiae;o_Verrucomicrobiales;f_Akkermansiaceae;g_Akkermansia;s_Akkermansia_glycaniphila	0	0	0	0	0	0	0	0	0	0	0	0	0.13767087	0.07723896	0.12144976	0.1749824	0.24128349	0.1415168	0.24801682	0.9550923	0.55683374	0.1167913	0.08452031	0.3535996
d_Bacteria;p_Bacillota_A;c_Clostridia;o_Lachnospirales;f_Lachnospiraceae;g_Lacrimispora;s_Lacrimispora_sp902363735	0	0	0	0	0	0	0	0	0	0	0	0	0	0	0	0	0	0	0.45753253	0.21693316	0.72565275	1.2268833	0.37146935	0.18587014
d_Bacteria;p_Bacillota_A;c_Clostridia;o_Peptostreptococcales;f_Anaerovoracaceae;g_Hominibacterium;s_Hominibacterium_sp020558355	0	0	0	0	0	0	0	0	0	0	0	0	0	0	0	0	0	0	0.631342084	0.566827657	0.357886162	0.591144801	0.279189465	0.73510976
d_Bacteria;p_Spirochaetota;c_UBA4802;o_UBA4802;f_UBA5550;g_JAITPE01;s_JAITPE01_sp031289575	0	0	0	0	0	0	0	0	0	0	0	0	0.49125886	0.2712417	0.570427	0.27751097	0.6195453	0.9298099	0	0	0	0	0	0
d_Bacteria;p_Bacillota_I;c_Bacilli_A;o_Erysipelotrichales;f_Coprobacillaceae;g_CAKVJS01;s_CAKVJS01_sp934754755	0	0	0	0	0	0	0	0	0	0	0	0	0	0	0	0	0	0	0.427047	0.321611556	0.40131905	0.372727674	0.83570633	0.79036113
d_Bacteria;p_Bacillota_B;c_Dehalobacteriia;o_UBA4068;f_CALXSR01;g_CALXSR01;s_CALXSR01_sp944391215	0	0	0	0	0	0	0	0	0	0	0	0	0.25734046	0.28463215	0.4505457	0.46960005	0.43168858	0.3060987	0.32150936	0.05423329	0.12331361	0.16579503	0.08638811	0.14456557
d_Bacteria;p_Bacillota_A;c_Clostridia;o_Lachnospirales;f_Lachnospiraceae;g_Suilimivivens;s_Suilimivivens_sp910586025	0	0	0	0	0	0	0	0	0	0	0	0	0.62190604	0.6620793	0.29861754	0.42754635	0.69585574	0.35711527	0	0	0	0	0	0
d_Bacteria;p_Spirochaetota;c_Spirochaetia;o_CADAEX01;f_CADAEX01;g_WQTU01;s_WQTU01_sp009780675	0	0	0	0	0	0	0	0	0	0	0	0	0.19938026	0.4712425	0.7254313	0.4991297	0.5862879	0.56065434	0	0	0	0	0	0
d_Bacteria;p_Actinomycetota;c_Coriobacteriia;o_Coriobacteriales;f_Eggerthellaceae;g_Raoultibacter;s_Raoultibacter_sp031256895	0	0	0	0	0	0	0.28815973	0.76773094	0.49095505	0.100120566	1.04920081	0.337779337	0	0	0	0	0	0	0	0	0	0	0	0
d_Bacteria;p_Bacillota_I;c_Bacilli_A;o_Erysipelotrichales;f_Coprobacillaceae;g_MGBC113645;s_MGBC113645_sp910579135	0	0	0	0	0	0	0.58866247	0.68673706	0.80032667	0.38586828	0.36563017	0.19773207	0	0	0	0	0	0	0	0	0	0	0	0
d_Bacteria;p_Bacillota_B;c_Syntrophomonadia;o_Syntrophomonadales;f_Syntrophomonadaceae;g_JAUNBV01;s_JAUNBV01_sp030526885	0	0	0	0	0	0	0	0	0	0	0	0	0.165047395	0.37175356	0.28048847	1.10524711	0.365051004	0.71690509	0	0	0	0	0	0
d_Bacteria;p_Bacillota_A;c_Clostridia;o_Oscillospirales;f_Acutalibacteraceae;g_Acutalibacter;s_Acutalibacter_sp009917525	0	0	0	0	0	0	0	0	0	0	0	0	0.41432297	0.35234872	0.42084885	0.53453135	0.5503428	0.71473986	0	0	0	0	0	0
d_Bacteria;p_Bacillota_A;c_Clostridia;o_Lachnospirales;f_Lachnospiraceae;g_Suilimivivens;s_Suilimivivens_sp000403495	0	0	0	0	0	0	0	0	0	0	0	0	0.62793005	1.0113823	0.4780608	0.3162768	0.3811964	0.16484167	0	0	0	0	0	0
d_Bacteria;p_Bacteroidota;c_Bacteroidia;o_Bacteroidales;f_Paludibacteraceae;g_JAIRTG01;s_JAIRTG01_sp031255055	0	0	0	0	0	0	0	0	0	0	0	0	0.12143401	0.8133826	0.8687801	0.2976653	0.39742094	0.40696	0	0	0	0	0	0
d_Bacteria;p_Bacillota_A;c_Clostridia;o_Oscillospirales;f_Acutalibacteraceae;g_unclassify_f_Acutalibacteraceae;s_unclassify_f_Acutalibacteraceae	0	0	0	0	0	0	0.07678654	0.09564919	0.30052972	0.07116835	0.16047813	0.0522065	0.778781196	0.31647657	0.3496178	0.197076435	0.340796625	0.15858267	0	0	0	0	0	0
d_Bacteria;p_Bacillota_A;c_Clostridia;o_Christensenellales;f_Aristaeellaceae;g_Avichristensenella;s_unclassify_g_Avichristensenella	0	0	0	0	0	0	0	0	0	0	0	0	0.54798394	0.48939678	0.45685583	0.29139227	0.6272017	0.48282227	0	0	0	0	0	0
d_Bacteria;p_Verrucomicrobiota;c_Kiritimatiellia;o_LD1-PB3_B;f_Lenti-01;g_JAISGX01;s_JAISGX01_sp031262805	0	0	0	0	0	0	0	0	0	0	0	0	0.29086033	0.5437304	0.39530942	0.7029305	0.5230989	0.4331385	0	0	0	0	0	0
d_Bacteria;p_Bacillota_A;c_Clostridia;o_Oscillospirales;f_Ruminococcaceae;g_Ruminiclostridium_E;s_Ruminiclostridium_E_sp945910715	0	0	0	0	0	0	0	0	0	0	0	0	0	0	0	0	0	0	0.16888907	0.29549781	1.759917355	0.30774202	0.148481164	0.144817325
d_Bacteria;p_Bacillota_A;c_Clostridia;o_Christensenellales;f_Aristaeellaceae;g_Egerieenecus;s_Egerieenecus_sp934631985	0	0	0	0	0	0	0.406157	0.84590995	0.43263894	0.08619061	0.7630122	0.28686017	0	0	0	0	0	0	0	0	0	0	0	0
d_Bacteria;p_Bacillota_A;c_Clostridia;o_Oscillospirales;f_Acutalibacteraceae;g_JAISXG01;s_JAISXG01_sp031270605	0	0	0	0	0	0	0	0	0	0	0	0	0.027725395	0.35998896	0.16932887	0.58900315	0.749702	0.91606873	0	0	0	0	0	0
d_Bacteria;p_Bacillota_A;c_Clostridia;o_Lachnospirales;f_Anaerotignaceae;g_Anaerotignum;s_Anaerotignum_sp947036475	0	0	0	0	0	0	0	0	0	0	0	0	0	0	0	0	0	0	0.157763044	0.265195474	1.38210493	0.175942654	0.37254126	0.45281289
d_Bacteria;p_Planctomycetota;c_Planctomycetia;o_Pirellulales;f_Thermoguttaceae;g_WRKP01;s_WRKP01_sp031266315	0	0	0	0	0	0	0	0	0	0	0	0	0.4697004	0.80938673	0.43029475	0.44064176	0.2548007	0.34487295	0	0	0	0	0	0
d_Bacteria;p_Spirochaetota;c_Spirochaetia;o_Treponematales;f_Breznakiellaceae;g_UBA937;s_UBA937_sp002293455	0	0	0	0	0	0	0	0	0	0	0	0	0.4223131	0.17322144	0.27309367	0.16914956	0.3234271	0.29001525	0.16711897	0.3577469	0.086989805	0.115234196	0.08756311	0.26415583
d_Bacteria;p_Bacteroidota;c_Bacteroidia;o_Bacteroidales;f_Dysgonomonadaceae;g_Dysgonomonas;s_Dysgonomonas_sp937875275	0	0	0	0	0	0	0	0	0	0	0	0	0	0	0	0	0	0	0.33321518	1.0432035	0.35206187	0.46530616	0.21961027	0.28350407
d_Bacteria;p_Bacteroidota;c_Bacteroidia;o_Bacteroidales;f_Paludibacteraceae;g_Paludibacter;s_Paludibacter_sp028705705	0	0	0	0	0	0	0	0	0	0	0	0	0	0	0	0	0	0	0.087368116	0.345035885	0.301276693	0.93646663	0.70657763	0.311926736
d_Bacteria;p_Fusobacteriota;c_Fusobacteriia;o_Fusobacteriales;f_Fusobacteriaceae;g_JAISST01;s_JAISST01_sp031289425	0	0	0	0	0	0	0	0	0	0	0	0	0.60474986	0.24131848	0.18860064	0.13317026	0.17396393	0.14738087	0.2604	0.17674644	0.10938722	0.11970308	0.22956277	0.29510954
d_Bacteria;p_Bacillota_A;c_Clostridia;o_Lachnospirales;f_Lachnospiraceae;g_SZUA-378;s_SZUA-378_sp028692055	0	0	0	0	0	0	0	0	0	0	0	0	0.3340384	0.99141836	0.2722675	0.42678154	0.35743021	0.28420916	0	0	0	0	0	0
d_Bacteria;p_Bacillota_A;c_Clostridia;o_Oscillospirales;f_Ruminococcaceae;g_Ruminiclostridium_E;s_Ruminiclostridium_E_sp944388385	0	0	0	0	0	0	0	0	0	0	0	0	1.1077437	0.5519601	0.10324701	0.7706241	0.066831104	0.06467605	0	0	0	0	0	0
d_Bacteria;p_Bacillota_A;c_Clostridia;o_Oscillospirales;f_Oscillospiraceae;g_Evtepia;s_Evtepia_viridis	0	0	0	0	0	0	0	0	0	0	0	0	0	0	0	0	0	0	0.4322451	0.7920501	0.2770664	0.29850107	0.3764285	0.45489556
d_Bacteria;p_Bacteroidota;c_Bacteroidia;o_Bacteroidales;f_Dysgonomonadaceae;g_Dysgonomonas;s_Dysgonomonas_sp900556485	0	0	0	0	0	0	0	0	0	0	0	0	0.11002836	0.05291174	0.02986587	0.11986975	0.22038488	0.61398274	0.13344282	0.34582904	0.21868442	0.20819187	0.3644224	0.20766956
d_Bacteria;p_Bacillota_A;c_Clostridia;o_Oscillospirales;f_Oscillospiraceae;g_unclassify_f_Oscillospiraceae;s_unclassify_f_Oscillospiraceae	0	0	0	0	0	0	0	0	0	0	0	0	0	0	0	0	0	0	0.3125977	0.2787664	1.376401	0.12741208	0.28826618	0.24015427
d_Bacteria;p_Bacillota_A;c_Clostridia;o_Oscillospirales;f_Acutalibacteraceae;g_Scatavimonas;s_Scatavimonas_sp900540865	0	0	0	0	0	0	0	0	0	0	0	0	0.21745388	0.3011672	0.38779658	0.73914117	0.7382683	0.22416756	0	0	0	0	0	0
d_Bacteria;p_Bacillota_A;c_Clostridia;o_Lachnospirales;f_Lachnospiraceae;g_JALFVM01;s_JALFVM01_sp030536755	0	0	0	0	0	0	0	0	0	0	0	0	0.78939414	0.75503314	0.3249594	0.28508335	0.33413675	0.10951644	0	0	0	0	0	0
d_Bacteria;p_Bacillota;c_Bacilli;o_Lactobacillales;f_Enterococcaceae;g_Enterococcus;s_Enterococcus_larvae	0	0	0	0	0	0	0.5938232	0.059963945	1.4077184	0.03128949	0.4625273	0	0	0	0	0	0	0	0	0	0	0	0	0
d_Bacteria;p_Bacillota_A;c_Clostridia;o_Christensenellales;f_CALWSW01;g_JAHZEH01;s_JAHZEH01_sp019421925	0	0	0	0	0	0	0.21771015	0.5148309	0.5493732	0.16595434	0.8369483	0.26572946	0	0	0	0	0	0	0	0	0	0	0	0
d_Bacteria;p_Desulfobacterota;c_Desulfobacteria;o_Desulfobacterales;f_ASO4-4;g_Desulfobotulus;s_Desulfobotulus_mexicanus	0	0	0	0	0	0	0	0	0	0	0	0	0	0	0	0	0	0	0.34656095	0.334776911	0.740937266	0.46623958	0.275502667	0.37711556
d_Bacteria;p_Bacillota_A;c_Clostridia;o_Peptostreptococcales;f_Anaerovoracaceae;g_JAISGB01;s_JAISGB01_sp031254995	0	0	0	0	0	0	0	0	0	0	0	0	0.30358517	0.6069089	0.3602259	0.31892738	0.35833046	0.5846464	0	0	0	0	0	0
d_Bacteria;p_Bacillota_A;c_Clostridia;o_Oscillospirales;f_Oscillospiraceae;g_Evtepia;s_Evtepia_sp030535235	0	0	0	0	0	0	0	0	0	0	0	0	0	0	0	0	0	0	0.32059082	0.29509437	0.5237239	0.45849133	0.55577165	0.37678012
d_Bacteria;p_Bacillota_A;c_Clostridia;o_Oscillospirales;f_Acutalibacteraceae;g_WRMQ01;s_WRMQ01_sp031256825	0	0	0	0	0	0	0	0	0	0	0	0	0	0	0	0	0	0	0.266894446	0.55644243	0.40894056	0.26959072	0.51119664	0.46463777
d_Bacteria;p_Verrucomicrobiota;c_Lentisphaeria;o_Victivallales;f_Victivallaceae;g_CALXOD01;s_unclassify_g_CALXOD01	0	0	0	0	0	0	0	0	0	0	0	0	0	0	0	0	0	0	0.37292557	0.434053875	0.34323874	0.351815094	0.37222623	0.54979135
d_Bacteria;p_Synergistota;c_Synergistia;o_Synergistales;f_Synergistaceae;g_JAIRKI01;s_unclassify_g_JAIRKI01	0	0	0	0	0	0	0.6210834	0.085614696	0.13463432	0.21553336	0.3304859	1.0255913	0	0	0	0	0	0	0	0	0	0	0	0
d_Bacteria;p_Bacillota_A;c_Clostridia;o_Oscillospirales;f_Oscillospiraceae;g_Lawsonibacter;s_Lawsonibacter_sp017416685	0	0	0	0	0	0	0	0	0	0	0	0	0	0	0	0	0	0	0.48005962	0.369134	0.58824307	0.24742715	0.2569748	0.4685582
d_Bacteria;p_Bacillota_A;c_Clostridia;o_Peptostreptococcales;f_Anaerovoracaceae;g_JAITPU01;s_JAITPU01_sp031289235	0	0	0	0	0	0	0	0	0	0	0	0	0.49874717	0.5818818	0.36552337	0.32601446	0.35833046	0.2751277	0	0	0	0	0	0
d_Bacteria;p_Bacteroidota;c_Bacteroidia;o_Bacteroidales;f_Tannerellaceae;g_DFXE01;s_DFXE01_sp031264865	0	0	0	0	0	0	0.27850494	0.19686262	0.3819475	0.32529268	0.30884477	0.90844244	0	0	0	0	0	0	0	0	0	0	0	0
d_Bacteria;p_Actinomycetota;c_Coriobacteriia;o_Coriobacteriales;f_Eggerthellaceae;g_Raoultibacter;s_Raoultibacter_massiliensis	0	0	0	0	0	0	0	0	0	0	0	0	0	0	0	0	0	0	0.41023622	0.432160958	0.23601665	0.129418502	0.42146261	0.76070917
d_Bacteria;p_Bacillota_A;c_Clostridia;o_Oscillospirales;f_Oscillospiraceae;g_Alloscillospira;s_Alloscillospira_sp017540565	0	0	0	0	0	0	0.3020243	0.19266835	0.40064722	0.18431485	0.76728606	0.52580374	0	0	0	0	0	0	0	0	0	0	0	0
d_Bacteria;p_Pseudomonadota;c_Gammaproteobacteria;o_Pseudomonadales;f_Pseudomonadaceae;g_Entomomonas;s_Entomomonas_asaccharolytica	0	0	0	0	0	0	0.21612492	0.094589315	0.05607546	1.6639785	0.3325143	0	0	0	0	0	0	0	0	0	0	0	0	0
d_Bacteria;p_Desulfobacterota;c_Desulfovibrionia;o_Desulfovibrionales;f_Desulfovibrionaceae;g_WRHT01;s_WRHT01_sp031264465	0	0	0	0	0	0	0	0	0	0	0	0	0.23115946	0.21120943	0.4988271	0.62958926	0.3183184	0.46844512	0	0	0	0	0	0
d_Bacteria;p_Bacillota_A;c_Clostridia;o_Christensenellales;f_Aristaeellaceae;g_JAEWAH01;s_JAEWAH01_sp023413135	0	0	0	0	0	0	0	0	0	0	0	0	0.13574825	0.3304818	0.36789727	0.48526517	0.52256095	0.48216242	0	0	0	0	0	0
d_Bacteria;p_Bacillota_A;c_Clostridia;o_Oscillospirales;f_Ruminococcaceae;g_JAAYCI01;s_JAAYCI01_sp030266325	0	0	0	0	0	0	0	0	0	0	0	0	0	0	0	0	0	0	0.3999532	0.3485717	0.30090082	0.21449661	0.6609141	0.39821196
d_Bacteria;p_Bacillota_A;c_Clostridia;o_Christensenellales;f_Pumilibacteraceae;g_Protoclostridium;s_Protoclostridium_gallicola	0	0	0	0	0	0	0	0	0	0	0	0	0	0	0	0	0	0	0.191888196	0.22857599	0.3455536	0.24569298	0.239083866	1.06826355
d_Bacteria;p_Bdellovibrionota;c_UBA2361;o_UBA2361;f_CAKMMH01;g_CAKMMH01;s_CAKMMH01_sp927798255	0	0	0	0	0	0	0	0	0	0	0	0	0.153854395	0.27037558	0.54251011	0.63227778	0.272779875	0.41964497	0	0	0	0	0	0
d_Bacteria;p_Bacillota_A;c_Clostridia;o_Lachnospirales;f_Lachnospiraceae;g_Aequitasia;s_unclassify_g_Aequitasia	0	0	0	0	0	0	0	0	0	0	0	0	0	0	0	0	0	0	0.22939995	0.3308331	0.48510873	0.45221162	0.30752748	0.41418907
d_Bacteria;p_Desulfobacterota;c_Desulfovibrionia;o_Desulfovibrionales;f_Desulfovibrionaceae;g_FLUQ01;s_unclassify_g_FLUQ01	0	0	0	0	0	0	0	0	0	0	0	0	0	0	0	0	0	0	0.48589942	0.122524967	0.76744769	0.2881252	0.24797902	0.289545255
d_Bacteria;p_Bacillota_A;c_Clostridia;o_Lachnospirales;f_Lachnospiraceae;g_Roseburia;s_Roseburia_sp934292805	0	0	0	0	0	0	0	0	0	0	0	0	0.8588067	0.9277099	0.1911987	0.10370193	0.031776655	0.083868966	0	0	0	0	0	0
d_Bacteria;p_Bacillota_I;c_Bacilli_A;o_JAJDGJ01;f_JAJDGJ01;g_JAJDGJ01;s_JAJDGJ01_sp029893765	0	0	0	0	0	0	0	0	0	0	0	0	0	0	0	0	0	0	0.47510588	0.27184097	0.462491126	0.24794666	0.281302552	0.44886838
d_Bacteria;p_Verrucomicrobiota;c_Lentisphaeria;o_Victivallales;f_Victivallaceae;g_CALXXL01;s_CALXXL01_sp944392655	0	0	0	0	0	0	0	0	0	0	0	0	0.24758011	0.3087473	0.3485431	0.2125799	0.28997487	0.47695017	0	0.04576327	0.12006322	0.067152716	0.0437378	0.026140258
d_Bacteria;p_Bacteroidota;c_Bacteroidia;o_Bacteroidales;f_Tannerellaceae;g_Tannerella;s_Tannerella_sp031257565	0	0	0	0	0	0	0	0	0	0	0	0	0.24859393	0.29572147	0.44748485	0.19955851	0.55689484	0.43230242	0	0	0	0	0	0
d_Bacteria;p_Bacillota_A;c_Clostridia;o_Lachnospirales;f_Lachnospiraceae;g_Brotaphodocola;s_unclassify_g_Brotaphodocola	0	0	0	0	0	0	0	0	0	0	0	0	0	0	0	0	0	0	0.117800064	0.14955467	0.36620933	0.6384167	0.73200214	0.17085283
d_Bacteria;p_Bacillota_A;c_Clostridia;o_Oscillospirales;f_Oscillospiraceae;g_Evtepia;s_Evtepia_sp029256465	0	0	0	0	0	0	0.24168238	0.45115882	0.39442372	0.15599932	0.48465323	0.40942454	0	0	0	0	0	0	0	0	0	0	0	0
d_Bacteria;p_Bacillota_A;c_Clostridia;o_Peptostreptococcales;f_Anaerovoracaceae;g_RUG13615;s_RUG13615_sp902790905	0	0	0	0	0	0	0	0	0	0	0	0	0	0	0	0	0	0	0.66295004	0.17321398	0.56767643	0.266608428	0.248533166	0.13796962
d_Bacteria;p_Pseudomonadota;c_Gammaproteobacteria;o_Xanthomonadales;f_Xanthomonadaceae;g_Stenotrophomonas;s_Stenotrophomonas_sp003525885	0	0	0	0	0	0	0	0	0	0	0	0	0.26004484	0.14344382	0.12144976	0.28747088	0.31022155	0.92996776	0	0	0	0	0	0
d_Bacteria;p_Desulfobacterota;c_Desulfarculia;o_Desulfarculales;f_Desulfarculaceae;g_JAIRYI01;s_JAIRYI01_sp031267815	0	0	0	0	0	0	0.2745372	0.12086418	0.20187138	0.09551538	0.27205697	0.51628035	0.16937684	0.12217815	0.06896307	0.046131697	0.06361106	0.074617945	0	0	0	0	0	0
d_Bacteria;p_Bacillota_A;c_Clostridia;o_Lachnospirales;f_Anaerotignaceae;g_UBA8514;s_UBA8514_sp003543235	0	0	0	0	0	0	0.44890648	0.4729317	0.5103332	0.061001364	0.32859805	0.20012493	0	0	0	0	0	0	0	0	0	0	0	0
d_Bacteria;p_Spirochaetota;c_Spirochaetia;o_Sphaerochaetales;f_Sphaerochaetaceae;g_Spiro-02;s_Spiro-02_sp001604275	0	0	0	0	0	0	0	0	0	0	0	0	0.13482139	0.34508744	0.19655441	0.31982067	0.5618683	0.41384754	0	0	0	0	0	0
d_Bacteria;p_Bacillota_A;c_Clostridia;o_Oscillospirales;f_Oscillospiraceae;g_Lawsonibacter;s_Lawsonibacter_sp944387755	0	0	0	0	0	0	0	0	0	0	0	0	0.50028914	0.28621334	0.39510062	0.21848492	0.42760754	0.13109964	0	0	0	0	0	0
d_Bacteria;p_Verrucomicrobiota;c_Kiritimatiellia;o_RFP12;f_UBA1067;g_Spyradenecus;s_Spyradenecus_sp949282555	0	0	0	0	0	0	0	0	0	0	0	0	0.081716865	0.3242007	0.17467612	0.50077176	0.44499868	0.41849867	0	0	0	0	0	0
d_Archaea;p_Methanobacteriota;c_Methanobacteria;o_Methanobacteriales;f_Methanobacteriaceae;g_Methanobrevibacter_C;s_Methanobrevibacter_C_sp003315655	0	0	0	0	0	0	0	0	0	0	0	0	0	0	0	0	0	0	0.185696836	0.54894182	0.393378686	0.34383822	0.18958253	0.273850135
d_Bacteria;p_Bacteroidota;c_Bacteroidia;o_Bacteroidales;f_UBA932;g_JAISBU01;s_JAISBU01_sp031266015	0	0	0	0	0	0	0	0	0	0	0	0	0.69447744	0.44671008	0.22692962	0.24577293	0.16612583	0.12861508	0	0	0	0	0	0
d_Bacteria;p_Bacillota;c_Bacilli;o_Lactobacillales;f_Enterococcaceae;g_Enterococcus_A;s_Enterococcus_A_raffinosus_A	0	0	0	0	0	0	0	0	0	0	0	0	0	0	0	0	0	0	0.393242614	0.23735852	0.198369856	0.243522903	0.5689277	0.260994659
d_Bacteria;p_Bacillota_A;c_Clostridia;o_Peptostreptococcales;f_Anaerovoracaceae;g_Fimisoma;s_Fimisoma_sp000435715	0	0	0	0	0	0	0	0	0	0	0	0	0.45843402	0.31820765	0.22187287	0.18375584	0.3443386	0.3543835	0	0	0	0	0	0
d_Bacteria;p_Spirochaetota;c_Spirochaetia;o_CADAEX01;f_CADAEX01;g_WQTU01;s_WQTU01_sp009778835	0	0	0	0	0	0	0	0	0	0	0	0	0	0	0	0	0	0	0.207920212	0.24585278	0.21578581	0.209898332	0.63228597	0.36257088
d_Bacteria;p_Bacillota_A;c_Clostridia;o_Oscillospirales;f_Ruminococcaceae;g_Falkowella;s_Falkowella_caecavicola	0	0	0	0	0	0	0	0	0	0	0	0	0	0	0	0	0	0	0.10003131	0.3198957	0.17744532	0.201177	0.9608873	0.10441484
d_Bacteria;p_Bacillota_I;c_Bacilli_A;o_Acholeplasmatales;f_Anaeroplasmataceae;g_Pelethenecus;s_Pelethenecus_sp910577745	0	0	0	0	0	0	0	0	0	0	0	0	0.49942033	0.190501767	0.2825741	0.19060798	0.363469625	0.331235505	0	0	0	0	0	0
d_Bacteria;p_Verrucomicrobiota;c_Verrucomicrobiae;o_Verrucomicrobiales;f_Akkermansiaceae;g_Akkermansia;s_Akkermansia_biwaensis	0	0	0	0	0	0	0.21086788	0.9382659	0.15866311	0.09809691	0.28018618	0.15951197	0	0	0	0	0	0	0	0	0	0	0	0
d_Bacteria;p_Bacillota_A;c_Clostridia;o_Lachnospirales;f_Lachnospiraceae;g_Enterocloster;s_Enterocloster_sp944384065	0	0	0	0	0	0	0.16939525	0.36259237	0.22430164	0.34184435	0.26449993	0.45604748	0	0	0	0	0	0	0	0	0	0	0	0
d_Bacteria;p_Bacillota_A;c_Clostridia;o_Oscillospirales;f_Ruminococcaceae;g_Anaerotruncus;s_Anaerotruncus_sp910586875	0	0	0	0	0	0	0.79440576	0.063059606	0.123365834	0.39211565	0.04534283	0.38721046	0	0	0	0	0	0	0	0	0	0	0	0
d_Bacteria;p_Bacillota_A;c_Clostridia;o_Oscillospirales;f_Ruminococcaceae;g_Huintestinicola;s_Huintestinicola_sp017468865	0	0	0	0	0	0	0	0	0	0	0	0	0.37311035	0.39068568	0.33813286	0.25569117	0.17176627	0.27041778	0	0	0	0	0	0
d_Bacteria;p_Elusimicrobiota;c_Endomicrobiia;o_Endomicrobiales;f_Endomicrobiaceae;g_Endomicrobium;s_Endomicrobium_sp031279415	0	0	0	0	0	0	0	0	0	0	0	0	0.22806866	0.43659684	0.17143355	0.3153636	0.46121028	0.18549103	0	0	0	0	0	0
d_Bacteria;p_Desulfobacterota;c_Desulfovibrionia;o_Desulfovibrionales;f_Desulfovibrionaceae;g_Mailhella;s_Mailhella_excrementigallinarum	0	0	0	0	0	0	0	0	0	0	0	0	0	0	0	0	0	0	0.12503913	0.25134656	0.8824311	0.32858896	0.14850083	0.052207496
d_Bacteria;p_Pseudomonadota;c_Gammaproteobacteria;o_Enterobacterales;f_Enterobacteriaceae;g_Enterobacter;s_unclassify_g_Enterobacter	0	0	0	0	0	0	0	0	0	0	0	0	0.37639296	0.42083558	0.24711752	0.26141295	0.28271598	0.17410867	0	0	0	0	0	0
d_Bacteria;p_Desulfobacterota;c_Desulfobacteria;o_Desulfobacterales;f_Desulfobacteraceae;g_unclassify_f_Desulfobacteraceae;s_unclassify_f_Desulfobacteraceae	0	0	0	0	0	0	0	0	0	0	0	0	0.3760252	0.19249424	0.13334653	0.19822206	0.3097728	0.52902985	0	0	0	0	0	0
d_Bacteria;p_Bacillota_A;c_Clostridia;o_Oscillospirales;f_Acutalibacteraceae;g_UBA1081;s_UBA1081_sp017549665	0	0	0	0	0	0	0	0	0	0	0	0	0	0	0	0	0	0	0.75975555	0.39024737	0.063005745	0.15417422	0.07172599	0.29149956
d_Bacteria;p_Bacillota_A;c_Clostridia;o_Oscillospirales;f_Ruminococcaceae;g_Massiliimalia;s_Massiliimalia_massiliensis	0	0	0	0	0	0	0	0	0	0	0	0	0	0	0	0	0	0	0.65507053	0.17708151	0.29427037	0.113168494	0.22613536	0.26388775
d_Bacteria;p_Bacillota_A;c_Clostridia;o_Lachnospirales;f_Anaerotignaceae;g_Anaerotignum;s_Anaerotignum_sp002380805	0	0	0	0	0	0	0	0	0	0	0	0	0	0	0	0	0	0	0.26581943	0.1243544	0.7585371	0.05702396	0.21170227	0.30632505
d_Bacteria;p_Bacillota_A;c_Clostridia;o_Christensenellales;f_Aristaeellaceae;g_Limiplasma;s_Limiplasma_sp017517815	0	0	0	0	0	0	0	0	0	0	0	0	0.30715817	0.1578272	0.5550682	0.24066003	0.25915632	0.20019461	0	0	0	0	0	0
d_Bacteria;p_Bacillota_A;c_Clostridia;o_Christensenellales;f_Pumilibacteraceae;g_WRAP01;s_WRAP01_sp009781235	0	0	0	0	0	0	0	0	0	0	0	0	0.3061507	0.29655433	0.3151904	0.171532	0.27594677	0.34681594	0	0	0	0	0	0
d_Bacteria;p_Bacillota_A;c_Clostridia;o_Christensenellales;f_Aristaeellaceae;g_JAGVSV01;s_JAGVSV01_sp019137115	0	0	0	0	0	0	0	0	0	0	0	0	0.18557224	0.19632867	0.3022286	0.26282203	0.4367455	0.31883582	0	0	0	0	0	0
d_Bacteria;p_Bacteroidota;c_Bacteroidia;o_Bacteroidales;f_Marinifilaceae;g_Odoribacter;s_Odoribacter_sp900548135	0	0	0	0	0	0	0.15443851	0.23512618	0.19958097	0.27605283	0.29970998	0.5337561	0	0	0	0	0	0	0	0	0	0	0	0
d_Bacteria;p_Verrucomicrobiota;c_Kiritimatiellia;o_RFP12;f_UBA1067;g_M55B167;s_M55B167_sp027858965	0	0	0	0	0	0	0	0	0	0	0	0	0	0	0	0	0	0	0.68502482	0.27515178	0.122264339	0.225521363	0.199006905	0.189734547
d_Bacteria;p_Pseudomonadota;c_Gammaproteobacteria;o_Enterobacterales;f_Enterobacteriaceae;g_Citrobacter;s_Citrobacter_werkmanii	0	0	0	0	0	0	0	0	0	0	0	0	0.41801363	0.30152932	0.21882504	0.25790676	0.28193918	0.18039513	0	0	0	0	0	0
d_Bacteria;p_Bacteroidota;c_Bacteroidia;o_Bacteroidales;f_Rikenellaceae;g_Alistipes_A;s_Alistipes_A_sp944326855	0	0	0	0	0	0	0.1425586	0.43284613	0.3136273	0.010224183	0.6762686	0.078750946	0	0	0	0	0	0	0	0	0	0	0	0
d_Bacteria;p_Bacillota_A;c_Clostridia;o_Lachnospirales;f_Lachnospiraceae;g_RGIG3040;s_RGIG3040_sp017436305	0	0	0	0	0	0	0	0	0	0	0	0	0.07464527	0.86151206	0.21882504	0.4025434	0.044853993	0.049326785	0	0	0	0	0	0
d_Bacteria;p_Actinomycetota;c_Coriobacteriia;o_Coriobacteriales;f_Eggerthellaceae;g_Adlercreutzia;s_Adlercreutzia_sp958431955	0	0	0	0	0	0	0	0	0	0	0	0	0.19250819	0.676206	0.32204455	0.14361753	0.13202295	0.17146052	0	0	0	0	0	0
d_Bacteria;p_Bacillota_A;c_Clostridia;o_Oscillospirales;f_Butyricicoccaceae;g_Agathobaculum;s_Agathobaculum_sp951230135	0	0	0	0	0	0	0	0	0	0	0	0	0.16091596	0.50821996	0.41435778	0.15635678	0.15026706	0.24141102	0	0	0	0	0	0
d_Bacteria;p_Bacillota_A;c_Clostridia;o_Christensenellales;f_Aristaeellaceae;g_Limiplasma;s_unclassify_g_Limiplasma	0	0	0	0	0	0	0	0	0	0	0	0	0	0	0	0	0	0	0.15673673	0.20164047	0.05771111	0.18156636	0.814662	0.2146503
d_Bacteria;p_Pseudomonadota;c_Gammaproteobacteria;o_Burkholderiales;f_Chitinibacteraceae;g_Chitiniphilus;s_Chitiniphilus_eburneus	0	0	0	0	0	0	0	0	0	0	0	0	0.21867901	0.2776253	0.21903048	0.33591673	0.25623623	0.30057386	0	0	0	0	0	0
d_Bacteria;p_Bacillota_A;c_Clostridia;o_Oscillospirales;f_Ruminococcaceae;g_RUG12519;s_RUG12519_sp910577565	0	0	0	0	0	0	0	0	0	0	0	0	0	0	0	0	0	0	0.03730333	0.15451469	0.70106936	0.28008306	0.20414017	0.18171102
d_Bacteria;p_Pseudomonadota;c_Alphaproteobacteria;o_Rhizobiales;f_Beijerinckiaceae;g_JAISTL01;s_JAISTL01_sp031272615	0	0	0	0	0	0	0	0	0	0	0	0	0.21118787	0.43444535	0.33439273	0.17255813	0.27612868	0.12921874	0	0	0	0	0	0
d_Bacteria;p_Bacillota_A;c_Clostridia;o_Oscillospirales;f_Ruminococcaceae;g_Anaerotruncus;s_Anaerotruncus_massiliensis_A	0	0	0	0	0	0	0	0	0	0	0	0	0	0	0	0	0	0	0.13838342	0.06157134	0.37384194	0.1677916	0.42873618	0.37682003
d_Bacteria;p_Bacillota_A;c_Clostridia;o_Lachnospirales;f_Anaerotignaceae;g_Anaerotignum;s_Anaerotignum_sp030908465	0	0	0	0	0	0	0	0	0	0	0	0	0	0	0	0	0	0	0.22570089	0.21080595	0.35588488	0.20846526	0.35477236	0.18323804
d_Bacteria;p_Bacillota_A;c_Clostridia;o_Lachnospirales;f_Lachnospiraceae;g_CHH4-2;s_CHH4-2_sp018378255	0	0	0	0	0	0	0	0	0	0	0	0	0.6948193	0.38363478	0.18860064	0.15419716	0.051544867	0.056684975	0	0	0	0	0	0
d_Bacteria;p_Bacillota_A;c_Clostridia;o_Peptostreptococcales;f_Anaerovoracaceae;g_CALWZU01;s_CALWZU01_sp944386095	0	0	0	0	0	0	0	0	0	0	0	0	0	0	0	0	0	0	0.5049979	0.3372334	0.17216872	0.013374433	0.1785756	0.32278463
d_Bacteria;p_Pseudomonadota;c_Gammaproteobacteria;o_Pseudomonadales;f_Pseudomonadaceae;g_Pseudomonas;s_Pseudomonas_sp014852585	0	0	0	0	0	0	0	0	0	0	0	0	0.27525708	0.18614385	0.21539015	0.30924854	0.22613351	0.28420982	0	0	0	0	0	0
d_Bacteria;p_Bacillota_A;c_Clostridia;o_Christensenellales;f_unclassify_o_Christensenellales;g_unclassify_o_Christensenellales;s_unclassify_o_Christensenellales	0	0	0	0	0	0	0	0	0	0	0	0	0.15489341	0.09044853	0.15316026	0.1084807	0.07756227	0.21933441	0.06582938	0.19247514	0.06312145	0.07060912	0.17245875	0.12368557
d_Bacteria;p_Pseudomonadota;c_Alphaproteobacteria;o_Acetobacterales;f_Acetobacteraceae;g_Entomobacter;s_Entomobacter_blattae	0	0	0	0	0	0	0.13560644	0.024399256	0.026036311	0.12254222	1.0965141	0.05992839	0	0	0	0	0	0	0	0	0	0	0	0
d_Bacteria;p_Spirochaetota;c_Spirochaetia;o_Treponematales;f_Treponemataceae;g_Brucepastera;s_Brucepastera_parasyntrophica	0	0	0	0	0	0	0	0	0	0	0	0	0.20519221	0.2762912	0.15873651	0.2794321	0.30824745	0.23503023	0	0	0	0	0	0
d_Bacteria;p_Bacillota_A;c_Clostridia;o_Christensenellales;f_Aristaeellaceae;g_UBA1224;s_UBA1224_sp902782795	0	0	0	0	0	0	0.24920751	0.22419578	0.19323069	0	0.31001455	0.4800624	0	0	0	0	0	0	0	0	0	0	0	0
d_Bacteria;p_Bacillota_A;c_Clostridia;o_Lachnospirales;f_Lachnospiraceae;g_Eisenbergiella;s_Eisenbergiella_stercoravium	0	0	0	0	0	0	0	0	0	0	0	0	0.34550074	0.2523	0.20319465	0.23699515	0.24990077	0.1578457	0	0	0	0	0	0
d_Bacteria;p_Bacteroidota;c_Bacteroidia;o_Bacteroidales;f_Rikenellaceae;g_WRDF01;s_WRDF01_sp009783565	0	0	0	0	0	0	0	0	0	0	0	0	0	0	0	0	0	0	0.4741949	0.15251209	0.10185028	0.22379524	0.2915235	0.20062998
d_Bacteria;p_Bacillota_A;c_Clostridia;o_Lachnospirales;f_Lachnospiraceae;g_Lacrimispora;s_Lacrimispora_sp002365025	0	0	0	0	0	0	0	0	0	0	0	0	0.39777887	0.19745961	0.2977951	0.21667926	0.14135791	0.18654495	0	0	0	0	0	0
d_Bacteria;p_Actinomycetota;c_Actinomycetes;o_Mycobacteriales;f_Mycobacteriaceae;g_Corynebacterium;s_Corynebacterium_variabile	0	0	0	0	0	0	0	0	0	0	0	0	0.163285407	0.245682264	0.20620605	0.29273057	0.25193852	0.25964179	0	0	0	0	0	0
d_Bacteria;p_Bacillota_A;c_Clostridia;o_Lachnospirales;f_Lachnospiraceae;g_RGIG3040;s_RGIG3040_sp910585715	0	0	0	0	0	0	0	0	0	0	0	0	0	0	0	0	0	0	0.10566621	1.0883515	0.088424265	0.041213915	0.067108415	0.024064729
d_Bacteria;p_Pseudomonadota;c_Alphaproteobacteria;o_Rhodobacterales;f_Rhodobacteraceae;g_Roseivivax;s_Roseivivax_isoporae	0	0	0	0	0	0	0.12562338	0.3309732	0.40486458	0.03861261	0.30183542	0.21149181	0	0	0	0	0	0	0	0	0	0	0	0
d_Bacteria;p_Bacillota_A;c_Clostridia;o_Christensenellales;f_DTU072;g_Firm-09;s_Firm-09_sp002385605	0	0	0	0	0	0	0	0	0	0	0	0	0.2537524	0.27301112	0.16285595	0.16868094	0.24551642	0.3012623	0	0	0	0	0	0
d_Bacteria;p_Pseudomonadota;c_Gammaproteobacteria;o_Burkholderiales;f_Rhodocyclaceae;g_Azovibrio;s_Azovibrio_sp031273565	0	0	0	0	0	0	0.2114553	0.23779072	0.101498105	0.3336384	0.1747826	0.3201466	0	0	0	0	0	0	0	0	0	0	0	0
d_Bacteria;p_Bacillota_A;c_Clostridia;o_Christensenellales;f_Aristaeellaceae;g_Onthenecus;s_Onthenecus_sp023402355	0	0	0	0	0	0	0	0	0	0	0	0	0.18688951	0.10370054	0.12292028	0.3523951	0.3239451	0.28499913	0	0	0	0	0	0
d_Bacteria;p_Bacillota_A;c_Clostridia;o_Oscillospirales;f_Ruminococcaceae;g_JAFBIO01;s_JAFBIO01_sp949295465	0	0	0	0	0	0	0	0	0	0	0	0	0.073115125	0.38469726	0.21013674	0.30924854	0.21967268	0.17621006	0	0	0	0	0	0
d_Bacteria;p_Pseudomonadota;c_Gammaproteobacteria;o_Enterobacterales;f_Enterobacteriaceae;g_Enterobacter;s_Enterobacter_hoffmannii	0	0	0	0	0	0	0	0	0	0	0	0	0	0	0	0	0	0	0.4058275	0.32361192	0.066034734	0.15169339	0.30499288	0.11809792
d_Bacteria;p_Fusobacteriota;c_Fusobacteriia;o_Fusobacteriales;f_Leptotrichiaceae;g_Sebaldella;s_Sebaldella_termitidis	0	0	0	0	0	0	0.089603886	0.33856553	0.41289312	0.03598734	0.20093866	0.2815896	0	0	0	0	0	0	0	0	0	0	0	0
d_Bacteria;p_Methylomirabilota;c_Methylomirabilia;o_Methylomirabilales;f_2-02-FULL-66-22;g_2-02-FULL-66-22;s_2-02-FULL-66-22_sp016209735	0	0	0	0	0	0	0	0	0	0	0	0	0.20993182	0.26500618	0.25642595	0.15723768	0.23652573	0.23121062	0	0	0	0	0	0
d_Bacteria;p_Bacillota_I;c_Bacilli_A;o_ML615J-28;f_CAG-698;g_CAKOMG01;s_unclassify_g_CAKOMG01	0	0	0	0	0	0	0	0	0	0	0	0	0	0	0	0	0	0	0.2842875	0.295212386	0.119421839	0.286536538	0.07881186	0.28562955
d_Bacteria;p_Desulfobacterota;c_Desulfobacteria;o_Desulfobacterales;f_Desulfobacteraceae;g_Desulfocicer;s_Desulfocicer_sp937124525	0	0	0	0	0	0	0.18901318	0.21255356	0.3799149	0.17283729	0.22925451	0.14791848	0	0	0	0	0	0	0	0	0	0	0	0
d_Bacteria;p_Bacillota_A;c_Clostridia;o_Lachnospirales;f_Lachnospiraceae;g_Enterocloster;s_Enterocloster_excrementipullorum	0	0	0	0	0	0	0	0	0	0	0	0	0	0	0	0	0	0	0.018914364	0.055302627	0.09189058	0.08791337	0.93817556	0.1263568
d_Bacteria;p_Bacillota_A;c_Clostridia;o_Lachnospirales;f_Lachnospiraceae;g_Blautia;s_Blautia_hominis	0	0	0	0	0	0	0.13397686	0.17293473	0.3131548	0.02506616	0.09043525	0.034323644	0	0	0	0	0	0	0.09647406	0.028207539	0.059203546	0	0.053918194	0.30613375
d_Bacteria;p_Bacillota_A;c_Clostridia;o_Christensenellales;f_DTU072;g_DTU072;s_DTU072_sp028703745	0	0	0	0	0	0	0	0	0	0	0	0	0.1894723	0.19741763	0.25715032	0.25802487	0.18184848	0.22954504	0	0	0	0	0	0
d_Bacteria;p_Bacillota_I;c_Bacilli_A;o_Erysipelotrichales;f_Coprobacillaceae;g_unclassify_f_Coprobacillaceae;s_unclassify_f_Coprobacillaceae	0	0	0	0	0	0	0.18336336	0.6460937	0.161359	0.039451983	0.2767667	0	0	0	0	0	0	0	0	0	0	0	0	0
d_Bacteria;p_Pseudomonadota;c_Gammaproteobacteria;o_Pseudomonadales;f_Pseudomonadaceae;g_Pseudomonas_E;s_Pseudomonas_E_sp028898945	0	0	0	0	0	0	0	0	0	0	0	0	0.17688084	0.17012136	0.43211034	0.10705665	0.18698613	0.23377146	0	0	0	0	0	0
d_Bacteria;p_Actinomycetota;c_Coriobacteriia;o_Coriobacteriales;f_Eggerthellaceae;g_UBA9715;s_UBA9715_sp017459925	0	0	0	0	0	0	0	0	0	0	0	0	0.135741567	0.26404226	0.224806432	0.25361798	0.166195254	0.2366522	0	0	0	0	0	0
d_Bacteria;p_Bacteroidota;c_Bacteroidia;o_Bacteroidales;f_UBA1715;g_WQTX01;s_WQTX01_sp031262005	0	0	0	0	0	0	0	0	0	0	0	0	0.244290285	0.259743507	0.146990919	0.17299853	0.28332607	0.171825105	0	0	0	0	0	0
d_Bacteria;p_Bacillota_A;c_Clostridia;o_Peptostreptococcales;f_Anaerovoracaceae;g_WRMW01;s_WRMW01_sp031290775	0	0	0	0	0	0	0	0	0	0	0	0	0.23474641	0.19606821	0.15091391	0.21536283	0.23509657	0.21227543	0	0	0	0	0	0
d_Bacteria;p_Bacillota_A;c_Clostridia;o_Oscillospirales;f_Acutalibacteraceae;g_DXWE01;s_DXWE01_sp019417045	0	0	0	0	0	0	0.2720876	0.1912339	0.21222726	0.08049478	0.17600836	0.28808317	0	0	0	0	0	0	0	0	0	0	0	0
d_Bacteria;p_Bacillota_A;c_Clostridia;o_Lachnospirales;f_Lachnospiraceae;g_Bariatricus;s_Bariatricus_massiliensis	0	0	0	0	0	0	0.09714785	0.18507719	0.49373686	0.03934505	0.33269855	0.050508674	0	0	0	0	0	0	0	0	0	0	0	0
d_Bacteria;p_Bacteroidota;c_Bacteroidia;o_Bacteroidales;f_Tannerellaceae;g_Parabacteroides;s_Parabacteroides_sp020026285	0	0	0	0	0	0	0.20026563	0.14837201	0.23749019	0.086177304	0.48771018	0.026030302	0	0	0	0	0	0	0	0	0	0	0	0
d_Bacteria;p_Bacillota;c_Bacilli;o_Staphylococcales;f_Staphylococcaceae;g_Mammaliicoccus;s_Mammaliicoccus_sciuri	0	0	0	0	0	0	0	0	0	0	0	0	0.114644462	0.12631502	0.272015185	0.151453707	0.29011248	0.23143358	0	0	0	0	0	0
d_Bacteria;p_Spirochaetota;c_Spirochaetia;o_DTKZ01;f_DTKZ01;g_JAISAF01;s_JAISAF01_sp031266855	0	0	0	0	0	0	0.07530997	0.104706824	0.10515954	0.02356873	0.08857551	0.7765719	0	0	0	0	0	0	0	0	0	0	0	0
d_Bacteria;p_Verrucomicrobiota;c_Verrucomicrobiae;o_Opitutales;f_Opitutaceae;g_Ereboglobus;s_Ereboglobus_sp029504735	0	0	0	0	0	0	0	0	0	0	0	0	0.09880313	0.26471925	0.3448154	0.046131697	0.21203688	0.20519945	0	0	0	0	0	0
d_Bacteria;p_Bacillota_A;c_Clostridia;o_Christensenellales;f_UBA1750;g_CALWRM01;s_CALWRM01_sp944383925	0	0	0	0	0	0	0	0	0	0	0	0	0.10666857	0.25648072	0.08686181	0.2517875	0.10682779	0.360274	0	0	0	0	0	0
d_Bacteria;p_Pseudomonadota;c_Gammaproteobacteria;o_Pseudomonadales;f_Pseudomonadaceae;g_Entomomonas;s_Entomomonas_sp945283395	0	0	0	0	0	0	0.017523648	0.063059606	0.6280445	0.025135627	0.41564286	0.008604668	0	0	0	0	0	0	0	0	0	0	0	0
d_Bacteria;p_Bacillota_A;c_Clostridia;o_Oscillospirales;f_Acutalibacteraceae;g_CAG-177;s_CAG-177_sp017502085	0	0	0	0	0	0	0	0	0	0	0	0	0	0	0	0	0	0	0.4289881	0.15905929	0.06199936	0.12003551	0.13464561	0.24920349
d_Bacteria;p_Bacillota_A;c_Clostridia;o_UBA1212;f_SIG427;g_SIG427;s_SIG427_sp015069135	0	0	0	0	0	0	0	0	0	0	0	0	0.09660756	0.09955242	0.6405903	0.1465963	0.05183126	0.1094396	0	0	0	0	0	0
d_Bacteria;p_Bacillota_A;c_Clostridia;o_Christensenellales;f_DTU072;g_CAG-1782;s_CAG-1782_sp016297005	0	0	0	0	0	0	0	0	0	0	0	0	0.14311875	0.36289403	0.16951807	0.18426916	0.117271885	0.16622297	0	0	0	0	0	0
d_Bacteria;p_Bacillota_A;c_Clostridia;o_Oscillospirales;f_Acutalibacteraceae;g_Avimonas;s_Avimonas_sp003519645	0	0	0	0	0	0	0	0	0	0	0	0	0	0	0	0	0	0	0.075023524	0.027419638	0.105710697	0.315460447	0.2664278	0.35023111
d_Bacteria;p_Bacillota_A;c_Clostridia;o_Christensenellales;f_Pumilibacteraceae;g_WRGC01;s_WRGC01_sp031264755	0	0	0	0	0	0	0.3321721	0.22597806	0.06804442	0.124678224	0.11663831	0.269046545	0	0	0	0	0	0	0	0	0	0	0	0
d_Bacteria;p_Bacillota_C;c_Negativicutes;o_Veillonellales;f_Veillonellaceae;g_Veillonella;s_Veillonella_sp009929605	0	0	0	0	0	0	0.04819838	0.065041475	0.0231351	0	0.10912506	0.21300262	0.078756131	0	0.219882203	0.183858237	0.03380298	0.14869524	0	0	0	0	0	0
d_Bacteria;p_Bacteroidota;c_Bacteroidia;o_Bacteroidales;f_Bacteroidaceae;g_Bacteroides;s_Bacteroides_sp028690125	0	0	0	0	0	0	0	0	0	0	0	0	0.22615206	0.21960105	0.1859299	0.20610653	0.15026706	0.13220134	0	0	0	0	0	0
d_Bacteria;p_Verrucomicrobiota;c_Verrucomicrobiae;o_Opitutales;f_Opitutaceae;g_Ereboglobus;s_Ereboglobus_luteus	0	0	0	0	0	0	0	0	0	0	0	0	0	0	0	0	0	0	0.12847623	0.217881335	0.1466089	0.172660005	0.21929598	0.226529706
d_Bacteria;p_Bacillota_A;c_Clostridia;o_Lachnospirales;f_Lachnospiraceae;g_Agathobacter;s_Agathobacter_sp017523185	0	0	0	0	0	0	0	0	0	0	0	0	0	0	0	0	0	0	0.16131176	0.073695466	0.108273156	0.043256033	0.43668845	0.2862475
d_Bacteria;p_Bacillota_A;c_Clostridia;o_Lachnospirales;f_Lachnospiraceae;g_Fimimorpha;s_unclassify_g_Fimimorpha	0	0	0	0	0	0	0.06802184	0.41306522	0.17957705	0.014635414	0.3960188	0.025050674	0	0	0	0	0	0	0	0	0	0	0	0
d_Bacteria;p_Bacillota_A;c_Clostridia;o_Oscillospirales;f_Acutalibacteraceae;g_CAG-177;s_CAG-177_sp905235625	0	0	0	0	0	0	0	0	0	0	0	0	0	0	0	0	0	0	0.06269466	0.247468	0.12504068	0.100870304	0.38105175	0.17276724
d_Bacteria;p_Pseudomonadota;c_Gammaproteobacteria;o_Burkholderiales;f_Neisseriaceae;g_QFNR01;s_unclassify_g_QFNR01	0	0	0	0	0	0	0	0	0	0	0	0	0.15136968	0.19342022	0.20074195	0.19789076	0.110448256	0.2229187	0	0	0	0	0	0
d_Bacteria;p_Bacteroidota;c_Bacteroidia;o_Flavobacteriales_B;f_Blattabacteriaceae;g_Blattabacterium;s_Blattabacterium_sp000022605	0	0	0	0	0	0	0.12544549	0.1450994	0.10322318	0.087397926	0.44824767	0.16719389	0	0	0	0	0	0	0	0	0	0	0	0
d_Bacteria;p_Planctomycetota;c_Planctomycetia;o_Pirellulales;f_Thermoguttaceae;g_WRMR01;s_WRMR01_sp009776995	0	0	0	0	0	0	0	0	0	0	0	0	0	0	0	0	0	0	0.106880374	0.10569906	0.27007475	0.14835857	0.20643386	0.2362534
d_Bacteria;p_Bacillota_A;c_Clostridia;o_Oscillospirales;f_unclassify_o_Oscillospirales;g_unclassify_o_Oscillospirales;s_unclassify_o_Oscillospirales	0	0	0	0	0	0	0.42173597	0.06323473	0	0.030246519	0.11367205	0.4400572	0	0	0	0	0	0	0	0	0	0	0	0
d_Bacteria;p_Bacillota_A;c_Clostridia;o_Oscillospirales;f_Acutalibacteraceae;g_CAG-217;s_CAG-217_sp900547275	0	0	0	0	0	0	0	0	0	0	0	0	0.09660756	0.019910522	0.4973	0.06765979	0.18659246	0.20063937	0	0	0	0	0	0
d_Bacteria;p_Bacillota_A;c_Clostridia;o_Oscillospirales;f_Acutalibacteraceae;g_CAKTEE01;s_CAKTEE01_sp934546985	0	0	0	0	0	0	0	0	0	0	0	0	0	0	0	0	0	0	0.256191016	0.13755664	0.373473157	0.100924805	0.13937609	0.057748273
d_Bacteria;p_Bdellovibrionota;c_UBA2361;o_SZUA-149;f_JADZAE01;g_JAITKM01;s_JAITKM01_sp031278395	0	0	0	0	0	0	0	0	0	0	0	0	0	0	0	0	0	0	0.057884518	0.2397641	0.10360624	0.10347905	0.080877215	0.46725655
d_Bacteria;p_Pseudomonadota;c_Gammaproteobacteria;o_Enterobacterales;f_Enterobacteriaceae;g_Serratia;s_Serratia_nevei_A	0	0	0	0	0	0	0	0	0	0	0	0	0	0	0	0	0	0	0.28847906	0.050898995	0.09919892	0.12803794	0.23628113	0.24089678
d_Bacteria;p_Bacillota_I;c_Bacilli_A;o_Erysipelotrichales;f_Coprobacillaceae;g_Fimiplasma;s_Fimiplasma_sp910588165	0	0	0	0	0	0	0.12266547	0.24698323	0.25794688	0.08546118	0.27961418	0.025814041	0	0	0	0	0	0	0	0	0	0	0	0
d_Bacteria;p_Campylobacterota;c_Campylobacteria;o_Campylobacterales;f_Arcobacteraceae;g_Aliarcobacter;s_Aliarcobacter_sp017995775	0	0	0	0	0	0	0	0	0	0	0	0	0.16136792	0.12583885	0.17579766	0.15679593	0.24241297	0.14986478	0	0	0	0	0	0
d_Bacteria;p_Bacillota_A;c_Clostridia;o_Christensenellales;f_UBA3700;g_MGBC100798;s_unclassify_g_MGBC100798	0	0	0	0	0	0	0.06443188	0.58492076	0.050607998	0.05041089	0.17429705	0.08628569	0	0	0	0	0	0	0	0	0	0	0	0
d_Bacteria;p_Synergistota;c_Synergistia;o_Synergistales;f_Aminobacteriaceae;g_JAISLU01;s_JAISLU01_sp031277095	0	0	0	0	0	0	0	0	0	0	0	0	0.1119678	0.21537802	0.07294171	0.14637947	0.17380904	0.28609547	0	0	0	0	0	0
d_Bacteria;p_Bacillota_B;c_Syntrophomonadia;o_Syntrophomonadales;f_Syntrophomonadaceae;g_JAISDD01;s_JAISDD01_sp031265005	0	0	0	0	0	0	0	0	0	0	0	0	0.06952027	0.11143942	0.2453163	0.16410038	0.23208013	0.17355181	0	0	0	0	0	0
d_Bacteria;p_Bacteroidota;c_Bacteroidia;o_Bacteroidales;f_Bacteroidaceae;g_Bacteroides_I;s_Bacteroides_I_graminisolvens	0	0	0	0	0	0	0.3640886	0.068238854	0.2767057	0.026112102	0.25514868	0	0	0	0	0	0	0	0	0	0	0	0	0
d_Bacteria;p_Desulfobacterota;c_Desulfovibrionia;o_Desulfovibrionales;f_Desulfovibrionaceae;g_Frigididesulfovibrio;s_Frigididesulfovibrio_sp031276785	0	0	0	0	0	0	0	0	0	0	0	0	0.20843405	0.17183048	0.10391695	0.15292978	0.21726525	0.13492571	0	0	0	0	0	0
d_Bacteria;p_Spirochaetota;c_Spirochaetia;o_UBA9216;f_UBA9216;g_JAISRN01;s_JAISRN01_sp031273605	0	0	0	0	0	0	0	0	0	0	0	0	0	0	0	0	0	0	0.19779454	0.09892325	0.13575524	0.11166112	0.2109077	0.22602183
d_Bacteria;p_Bacillota_A;c_Clostridia;o_Oscillospirales;f_Ruminococcaceae;g_JAIHAL01;s_JAIHAL01_sp020054675	0	0	0	0	0	0	0	0	0	0	0	0	0.21268779	0.06136804	0.17665881	0.13902707	0.16614404	0.16865714	0	0	0	0	0	0
d_Bacteria;p_Bacillota_A;c_Clostridia;o_Christensenellales;f_Pumilibacteraceae;g_Pumilibacter;s_Pumilibacter_sp947090725	0	0	0	0	0	0	0	0	0	0	0	0	0.07512691	0.08670704	0.15294233	0.13095458	0.16552566	0.30448952	0	0	0	0	0	0
d_Bacteria;p_Bacillota_A;c_Clostridia;o_Christensenellales;f_Borkfalkiaceae;g_Borkfalkia;s_Borkfalkia_sp944346885	0	0	0	0	0	0	0	0	0	0	0	0	0.10408636	0.23150119	0.13773352	0.17009458	0.16287756	0.10317299	0	0	0	0	0	0
d_Bacteria;p_Bacillota_A;c_Clostridia;o_Lachnospirales;f_WQUN01;g_WRKH01;s_WRKH01_sp009778175	0	0	0	0	0	0	0.0731334	0.372829	0.17551923	0.041960467	0.1892343	0.05386618	0	0	0	0	0	0	0	0	0	0	0	0
d_Bacteria;p_Bacillota_A;c_Clostridia;o_Christensenellales;f_Pumilibacteraceae;g_Neoclostridium;s_unclassify_g_Neoclostridium	0	0	0	0	0	0	0	0	0	0	0	0	0	0	0	0	0	0	0.038043067	0.18075213	0.034046277	0.30603978	0.1461747	0.20119849
d_Bacteria;p_Bacillota_A;c_Clostridia;o_Peptostreptococcales;f_Anaerovoracaceae;g_unclassify_f_Anaerovoracaceae;s_unclassify_f_Anaerovoracaceae	0	0	0	0	0	0	0.2212812	0.16979685	0.21242893	0.06721449	0.1178821	0.11504763	0	0	0	0	0	0	0	0	0	0	0	0
d_Bacteria;p_Bacillota_A;c_Clostridia;o_Peptostreptococcales;f_Anaerovoracaceae;g_JAIRPC01;s_JAIRPC01_sp031257215	0	0	0	0	0	0	0	0	0	0	0	0	0	0	0	0	0	0	0.044320773	0.17818229	0.118993305	0.07130831	0.3560733	0.12953657
d_Bacteria;p_Actinomycetota;c_Actinomycetes;o_Actinomycetales;f_Cellulomonadaceae;g_Cellulomonas;s_Cellulomonas_sp009777345	0	0	0	0	0	0	0	0	0	0	0	0	0.10002883	0.1317607	0.16468076	0.13503538	0.15680042	0.19542809	0	0	0	0	0	0
d_Bacteria;p_Bacillota_A;c_Clostridia;o_Christensenellales;f_CAG-917;g_Limadaptatus;s_unclassify_g_Limadaptatus	0	0	0	0	0	0	0	0	0	0	0	0	0	0	0	0	0	0	0.22955905	0.13983235	0.3081622	0.11627386	0.05345729	0.03194919
d_Bacteria;p_Campylobacterota;c_Campylobacteria;o_Campylobacterales;f_Campylobacteraceae;g_JAIRQK01;s_JAIRQK01_sp031256525	0	0	0	0	0	0	0	0	0	0	0	0	0.18266122	0.06274323	0.07968425	0.17057103	0.1764004	0.19542809	0	0	0	0	0	0
d_Bacteria;p_Bacillota_A;c_Clostridia;o_Lachnospirales;f_Lachnospiraceae;g_Anthropogastromicrobium;s_Anthropogastromicrobium_sp905214365	0	0	0	0	0	0	0	0	0	0	0	0	0.10722525	0.21038038	0.13097268	0.20325977	0.05798806	0.15304929	0	0	0	0	0	0
d_Bacteria;p_Verrucomicrobiota;c_Verrucomicrobiae;o_Opitutales;f_CAG-312;g_Merdousia;s_Merdousia_sp002405555	0	0	0	0	0	0	0	0	0	0	0	0	0.18191475	0.14648059	0.077512875	0.15209638	0.17794931	0.11741659	0	0	0	0	0	0
d_Bacteria;p_Bacillota_A;c_Clostridia;o_Lachnospirales;f_UBA5962;g_unclassify_f_UBA5962;s_unclassify_f_UBA5962	0	0	0	0	0	0	0.08269321	0.16472915	0.27217767	0.061001364	0.17576179	0.09571197	0	0	0	0	0	0	0	0	0	0	0	0
d_Bacteria;p_Bacillota_A;c_Clostridia;o_Christensenellales;f_UBA3700;g_MGBC161649;s_MGBC161649_sp910587685	0	0	0	0	0	0	0.3409243	0.073837005	0.11515598	0.032601025	0.1388568	0.13950388	0	0	0	0	0	0	0	0	0	0	0	0
d_Bacteria;p_Actinomycetota;c_Coriobacteriia;o_Coriobacteriales;f_Eggerthellaceae;g_Raoultibacter;s_Raoultibacter_sp009782615	0	0	0	0	0	0	0	0	0	0	0	0	0.03347972	0.066413045	0.1431309	0.22568475	0.119449355	0.24889423	0	0	0	0	0	0
d_Bacteria;p_Elusimicrobiota;c_Endomicrobiia;o_Endomicrobiales;f_Endomicrobiaceae;g_Endomicrobium;s_Endomicrobium_sp009776745	0	0	0	0	0	0	0	0	0	0	0	0	0.039473433	0.063274905	0.09107398	0.09317561	0.10541941	0.41155806	0	0	0	0	0	0
d_Bacteria;p_Bacillota_A;c_Clostridia;o_Oscillospirales;f_Ruminococcaceae;g_Ruminiclostridium_E;s_Ruminiclostridium_E_sp009778065	0	0	0	0	0	0	0	0	0	0	0	0	0.46578655	0.11199664	0.09482414	0.031715557	0.058310144	0.038474917	0	0	0	0	0	0
d_Bacteria;p_Bacillota_B;c_Dehalobacteriia;o_UBA4068;f_UBA4068;g_HGM13862;s_unclassify_g_HGM13862	0	0	0	0	0	0	0.21908355	0.17861749	0.20374669	0.029460886	0.10629082	0.060512107	0	0	0	0	0	0	0	0	0	0	0	0
d_Bacteria;p_Bacillota_A;c_Clostridia;o_Lachnospirales;f_Lachnospiraceae;g_Mobilisporobacter;s_Mobilisporobacter_senegalensis	0	0	0	0	0	0	0	0	0	0	0	0	0	0	0	0	0	0	0.1482252	0.2383631	0.090961844	0.12719004	0	0.18566498
d_Bacteria;p_Bacillota_A;c_Clostridia;o_Oscillospirales;f_Butyricicoccaceae;g_unclassify_f_Butyricicoccaceae;s_unclassify_f_Butyricicoccaceae	0	0	0	0	0	0	0	0	0	0	0	0	0	0	0	0	0	0	0.19381057	0.10510861	0.124691315	0.14082387	0.11792708	0.09919419
d_Bacteria;p_Bacillota_A;c_Clostridia;o_Oscillospirales;f_Acutalibacteraceae;g_UBA3903;s_UBA3903_sp002391625	0	0	0	0	0	0	0	0	0	0	0	0	0.10906846	0.21288605	0.08620377	0.13629827	0.08674244	0.14414842	0	0	0	0	0	0
d_Bacteria;p_Bacillota_A;c_Clostridia;o_Lachnospirales;f_Lachnospiraceae;g_Muricomes;s_Muricomes_contortus_C	0	0	0	0	0	0	0	0	0	0	0	0	0.24816492	0.1009806	0.10881475	0.13518098	0.11470856	0.06727849	0	0	0	0	0	0
d_Bacteria;p_Bacillota_A;c_Clostridia;o_Oscillospirales;f_Oscillospiraceae;g_Lawsonibacter;s_Lawsonibacter_asaccharolyticus	0	0	0	0	0	0	0.078584395	0.15906869	0.15716782	0.061996046	0.27111834	0.038587432	0	0	0	0	0	0	0	0	0	0	0	0
d_Bacteria;p_Bacillota_A;c_Clostridia;o_Christensenellales;f_Pumilibacteraceae;g_HGM11386;s_HGM11386_sp022791055	0	0	0	0	0	0	0	0	0	0	0	0	0	0	0	0	0	0	0.0868267	0.08462258	0.059203546	0.051739503	0.25611115	0.21751611
d_Bacteria;p_Bacillota_A;c_Clostridia;o_Oscillospirales;f_Acutalibacteraceae;g_Heritagella;s_Heritagella_sp944384915	0	0	0	0	0	0	0	0	0	0	0	0	0	0	0	0	0	0	0.050155777	0.07790654	0.1442777	0.14794303	0.13139717	0.2041795
d_Bacteria;p_Bacillota_A;c_Clostridia;o_Oscillospirales;f_Oscillospiraceae;g_JAJQCF01;s_JAJQCF01_sp021202845	0	0	0	0	0	0	0	0	0	0	0	0	0	0	0	0	0	0	0.12984034	0.04519441	0.12331361	0.11937247	0.21597038	0.108424224
d_Bacteria;p_Spirochaetota;c_Spirochaetia;o_B11-G9;f_B11-G9;g_JAJRQE01;s_unclassify_g_JAJRQE01	0	0	0	0	0	0	0	0	0	0	0	0	0	0	0	0	0	0	0.2677273	0.10176309	0.17251189	0.05743329	0.029925853	0.10731261
d_Bacteria;p_Deferribacterota;c_Deferribacteres;o_Deferribacterales;f_JAISNW01;g_JAITWL01;s_JAITWL01_sp031285285	0	0	0	0	0	0	0	0	0	0	0	0	0	0	0	0	0	0	0.14339446	0.08658706	0.24390568	0.10699541	0.07404361	0.07288692
d_Bacteria;p_Bacillota_A;c_Clostridia;o_Lachnospirales;f_Lachnospiraceae;g_Enterocloster;s_Enterocloster_sp900555045	0	0	0	0	0	0	0	0	0	0	0	0	0	0	0	0	0	0	0.0966129	0.25894138	0.16057381	0.069085255	0.033747323	0.10756999
d_Bacteria;p_Bacillota_A;c_Clostridia;o_Lachnospirales;f_Lachnospiraceae;g_Lachnoanaerobaculum;s_Lachnoanaerobaculum_sp916720285	0	0	0	0	0	0	0.13101253	0.15715133	0.11379321	0.032215253	0.17757042	0.11028238	0	0	0	0	0	0	0	0	0	0	0	0
d_Bacteria;p_Verrucomicrobiota;c_Lentisphaeria;o_Victivallales;f_Victivallaceae;g_Victivallis;s_Victivallis_sp944391105	0	0	0	0	0	0	0	0	0	0	0	0	0	0	0	0	0	0	0.14061987	0.15418158	0.07191228	0.075415045	0.065492116	0.17613865
d_Bacteria;p_Bacillota_A;c_Clostridia;o_Christensenellales;f_CAG-917;g_JAITEJ01;s_JAITEJ01_sp031289315	0	0	0	0	0	0	0	0	0	0	0	0	0.12143401	0.10636545	0.11654374	0.056698166	0.13681711	0.12610026	0	0	0	0	0	0
d_Bacteria;p_Bacillota_A;c_Clostridia;o_Eubacteriales;f_Eubacteriaceae;g_Eubacterium;s_Eubacterium_limosum	0	0	0	0	0	0	0	0	0	0	0	0	0	0	0	0	0	0	0.17703272	0.041594163	0.067900255	0.13563335	0.12809363	0.1108744
d_Bacteria;p_Bacteroidota;c_Bacteroidia;o_Bacteroidales;f_Marinifilaceae;g_Odoribacter;s_Odoribacter_laneus	0	0	0	0	0	0	0	0	0	0	0	0	0	0	0	0	0	0	0.06098636	0.06241011	0.08420782	0.29436523	0.07242958	0.08657616
d_Bacteria;p_Pseudomonadota;c_Gammaproteobacteria;o_Burkholderiales;f_Burkholderiaceae;g_Saezia;s_Saezia_sanguinis	0	0	0	0	0	0	0	0	0	0	0	0	0	0	0	0	0	0	0.09198072	0.1792918	0.06585387	0.052618373	0.055690784	0.20994544
d_Bacteria;p_Bacillota_A;c_Clostridia;o_Oscillospirales;f_Acutalibacteraceae;g_UBA1447;s_UBA1447_sp012524025	0	0	0	0	0	0	0.0693645	0.11856512	0.059930563	0.011939428	0.27819726	0.10218048	0	0	0	0	0	0	0	0	0	0	0	0
d_Bacteria;p_Pseudomonadota;c_Alphaproteobacteria;o_RF32;f_UBA3637;g_CALXUD01;s_CALXUD01_sp944391585	0	0	0	0	0	0	0	0	0	0	0	0	0	0	0	0	0	0	0.10339501	0.18227595	0.07464798	0.09785508	0.12746945	0.04570988
d_Bacteria;p_Actinomycetota;c_Actinomycetes;o_Actinomycetales;f_Microbacteriaceae;g_Leucobacter;s_Leucobacter_aridicollis_A	0	0	0	0	0	0	0	0	0	0	0	0	0.09554599	0	0.11670668	0.15613803	0.11961053	0.12627657	0	0	0	0	0	0
d_Bacteria;p_Bacillota_A;c_Clostridia;o_Peptostreptococcales;f_Anaerovoracaceae;g_Emergencia;s_Emergencia_sp937997955	0	0	0	0	0	0	0	0	0	0	0	0	0	0	0	0	0	0	0.031347316	0.46743926	0.024046283	0.02017406	0.043799076	0.02617688
d_Bacteria;p_Desulfobacterota;c_Desulfovibrionia;o_Desulfovibrionales;f_Desulfovibrionaceae;g_Maridesulfovibrio;s_Maridesulfovibrio_gilichinskyi	0	0	0	0	0	0	0	0	0	0	0	0	0	0	0	0	0	0	0.12219234	0.020450484	0.147385892	0.090026684	0.13681725	0.093451306
d_Archaea;p_Methanobacteriota;c_Methanobacteria;o_Methanobacteriales;f_Methanobacteriaceae;g_Methanobrevibacter_C;s_Methanobrevibacter_C_cuticularis	0	0	0	0	0	0	0	0	0	0	0	0	0.13780656	0.15904836	0.09538539	0.05254646	0.027602453	0.12749085	0	0	0	0	0	0
d_Bacteria;p_Bacteroidota;c_Bacteroidia;o_Bacteroidales;f_UBA932;g_JAIRKV01;s_JAIRKV01_sp031276235	0	0	0	0	0	0	0	0	0	0	0	0	0	0	0	0	0	0	0.03926663	0.05453462	0.085845254	0.122141526	0.05212084	0.222971696
d_Bacteria;p_Bacillota_C;c_Negativicutes;o_Acidaminococcales;f_Acidaminococcaceae;g_Phascolarctobacterium;s_Phascolarctobacterium_faecium	0	0	0	0	0	0	0	0	0	0	0	0	0	0	0	0	0	0	0.2006229	0.1466476	0.048092593	0.04034806	0.021899527	0.11517816
d_Bacteria;p_Bacillota_A;c_Clostridia;o_Christensenellales;f_Pumilibacteraceae;g_RACS-047;s_RACS-047_sp013316045	0	0	0	0	0	0	0	0	0	0	0	0	0.060547896	0.08111172	0.13734984	0.1130805	0.1169451	0.06287441	0	0	0	0	0	0
d_Bacteria;p_Bacteroidota;c_Bacteroidia;o_Bacteroidales;f_Bacteroidaceae;g_Bacteroides;s_Bacteroides_sp009929715	0	0	0	0	0	0	0	0	0	0	0	0	0	0	0	0	0	0	0.16300622	0.10082029	0.043283354	0.100870304	0.06569855	0.08376601
d_Bacteria;p_Bacillota_A;c_Clostridia;o_Clostridiales;f_Clostridiaceae;g_Clostridium;s_Clostridium_sartagoforme_A	0	0	0	0	0	0	0	0	0	0	0	0	0.10068193	0.09173788	0.06472639	0.06927632	0.10348557	0.12606107	0	0	0	0	0	0
d_Bacteria;p_Pseudomonadota;c_Gammaproteobacteria;o_Burkholderiales;f_Casimicrobiaceae;g_UBA931;s_UBA931_sp031270015	0	0	0	0	0	0	0.029389273	0.09253855	0.063480526	0.069556475	0.09505665	0.20564277	0	0	0	0	0	0	0	0	0	0	0	0
d_Bacteria;p_Pseudomonadota;c_Gammaproteobacteria;o_Pseudomonadales;f_Moraxellaceae;g_Acinetobacter;s_Acinetobacter_nematophilus	0	0	0	0	0	0	0	0	0	0	0	0	0.099195324	0.09333053	0.100092195	0.07047902	0.045352343	0.14249961	0	0	0	0	0	0
d_Bacteria;p_Bacteroidota;c_Bacteroidia;o_Bacteroidales;f_UBA932;g_JAITMY01;s_JAITMY01_sp031288885	0	0	0	0	0	0	0	0	0	0	0	0	0.112133645	0.12444065	0.05268013	0.12686211	0.025915619	0.10259977	0	0	0	0	0	0
d_Bacteria;p_Bacteroidota;c_Bacteroidia;o_Bacteroidales;f_Rikenellaceae;g_unclassify_f_Rikenellaceae;s_unclassify_f_Rikenellaceae	0	0	0	0	0	0	0	0	0	0	0	0	0	0	0	0	0	0	0.12703294	0.07959099	0.060323693	0.05839562	0.050712164	0.166697
d_Bacteria;p_Bacillota_A;c_Clostridia;o_Oscillospirales;f_Acutalibacteraceae;g_UBA1081;s_UBA1081_sp947631945	0	0	0	0	0	0	0	0	0	0	0	0	0	0	0	0	0	0	0.07523359	0.16039595	0.033664774	0.107595034	0.06569855	0.08900126
d_Bacteria;p_Desulfobacterota;c_Desulfovibrionia;o_Desulfovibrionales;f_Desulfovibrionaceae;g_unclassify_f_Desulfovibrionaceae;s_unclassify_f_Desulfovibrionaceae	0	0	0	0	0	0	0.034474287	0.27912873	0.07170629	0.029669646	0.08176956	0.033856023	0	0	0	0	0	0	0	0	0	0	0	0
d_Bacteria;p_Bacteroidota;c_Bacteroidia;o_Bacteroidales;f_Tannerellaceae;g_Tannerella;s_Tannerella_forsythia_A	0	0	0	0	0	0	0	0	0	0	0	0	0	0	0	0	0	0	0.0464678	0.14718677	0.047526766	0.12460441	0.037873287	0.10994277
d_Bacteria;p_Bacillota;c_Bacilli;o_Lactobacillales;f_Enterococcaceae;g_Enterococcus;s_Enterococcus_sp016745255	0	0	0	0	0	0	0	0	0	0	0	0	0.03190315	0.030684007	0.10391695	0.19116206	0.09585228	0.056218967	0	0	0	0	0	0
d_Bacteria;p_Bacillota;c_Bacilli;o_Lactobacillales;f_Enterococcaceae;g_HY326;s_HY326_sp029893325	0	0	0	0	0	0	0.16702417	0	0.060128413	0.14374593	0.13505585	0	0	0	0	0	0	0	0	0	0	0	0	0
d_Bacteria;p_Verrucomicrobiota;c_Verrucomicrobiae;o_Verrucomicrobiales;f_Akkermansiaceae;g_Akkermansia;s_Akkermansia_sp002471255	0	0	0	0	0	0	0	0	0	0	0	0	0.10490672	0.12107738	0.06663319	0.10286116	0.01260759	0.0887348	0	0	0	0	0	0
d_Bacteria;p_Verrucomicrobiota;c_Verrucomicrobiae;o_Opitutales;f_CAG-312;g_CALXQW01;s_CALXQW01_sp944390805	0	0	0	0	0	0	0	0	0	0	0	0	0	0	0	0	0	0	0.101736315	0.024788452	0.052027375	0.07274886	0	0.19823018
d_Bacteria;p_Bacillota_A;c_Clostridia;o_Christensenellales;f_Aristaeellaceae;g_Limiplasma;s_Limiplasma_sp029009515	0	0	0	0	0	0	0	0	0	0	0	0	0	0	0	0	0	0	0.050296597	0.14705963	0.03858213	0.026974257	0.07027538	0.084001206
d_Bacteria;p_Pseudomonadota;c_Gammaproteobacteria;o_Enterobacterales;f_Enterobacteriaceae;g_Enterobacillus;s_Enterobacillus_tribolii	0	0	0	0	0	0	0	0	0	0	0	0	0	0	0	0	0	0	0.12912698	0.053935267	0.066034734	0.039572187	0.0816178	0.041077517
d_Bacteria;p_Verrucomicrobiota;c_Verrucomicrobiae;o_Opitutales;f_CAG-312;g_Merdousia;s_Merdousia_sp900760055	0	0	0	0	0	0	0	0	0	0	0	0	0	0	0	0	0	0	0.043886296	0.07057412	0.053863715	0.11297465	0.042923097	0.0732951
d_Bacteria;p_Bacillota_A;c_Clostridia;o_Oscillospirales;f_Ruminococcaceae;g_JAUNBN01;s_JAUNBN01_sp030527085	0	0	0	0	0	0	0	0	0	0	0	0	0	0	0	0	0	0	0.08608464	0.02247306	0.047167704	0.046167523	0.0816178	0.0872898
d_Bacteria;p_Bacillota;c_Bacilli;o_Lactobacillales;f_Lactobacillaceae;g_Lacticaseibacillus;s_Lacticaseibacillus_manihotivorans	0	0	0	0	0	0	0	0	0	0	0	0	0	0	0	0	0	0	0.06681196	0.024418483	0.102501728	0	0.09335078	0.027895933
d_Bacteria;p_Bacillota_A;c_Clostridia;o_Lachnospirales;f_Lachnospiraceae;g_Brotaphodocola;s_Brotaphodocola_sp030524245	0	0	0	0	0	0	0	0	0	0	0	0	0	0	0	0	0	0	0.024196729	0.052775368	0.018561125	0.046465408	0.107695347	0.064527836
d_Bacteria;p_Pseudomonadota;c_Gammaproteobacteria;o_Pseudomonadales;f_Moraxellaceae;g_Acinetobacter;s_Acinetobacter_gerneri	0	0	0	0	0	0	0	0	0	0	0	0	0.06900531	0.074664354	0.04741214	0.028191565	0.077746816	0.005699979	0	0	0	0	0	0
d_Bacteria;p_Bacillota_I;c_Bacilli_A;o_Erysipelotrichales;f_Erysipelotrichaceae;g_Breznakia;s_Breznakia_sp029504745	0	0	0	0	0	0	0	0	0	0	0	0	0	0	0	0	0	0	0.08051075	0.07062031	0	0	0.056245565	0.067231156
d_Bacteria;p_Verrucomicrobiota;c_Lentisphaeria;o_Victivallales;f_Victivallaceae;g_UBA5239;s_UBA5239_sp002408885	0	0	0	0	0	0	0.04377878	0.052513298	0.03502286	0.025118232	0.037759542	0.07523876	0	0	0	0	0	0	0	0	0	0	0	0
d_Bacteria;p_Fibrobacterota;c_Chitinivibrionia;o_Chitinivibrionales;f_WRFX01;g_WRFX01;s_WRFX01_sp009779925	0	0	0	0	0	0	0	0	0	0	0	0	0	0	0	0	0	0	0	0.031462263	0.03301742	0.046167523	0.120278895	0.035942823
d_Bacteria;p_Spirochaetota;c_Spirochaetia;o_Sphaerochaetales;f_Sphaerochaetaceae;g_SABI01;s_SABI01_sp009929055	0	0	0	0	0	0	0	0	0	0	0	0	0	0	0	0	0	0	0	0.028577082	0.044984393	0.031450383	0.088764764	0.016323373
d_Bacteria;p_Bacillota;c_Bacilli;o_Lactobacillales;f_Enterococcaceae;g_Enterococcus_H;s_Enterococcus_H_canis	0	0	0	0	0	0	0	0	0	0	0	0	0.0353874	0.05105261	0.043224696	0.007228616	0	0.035076804	0	0	0	0	0	0
d_Bacteria;p_Verrucomicrobiota;c_Verrucomicrobiae;o_Opitutales;f_CAG-312;g_UMGS1490;s_UMGS1490_sp017633865	0	0	0	0	0	0	0	0	0	0	0	0	0	0	0	0	0	0	0	0	0.023201428	0	0	0.07577132
