Species Path	Esin_1	Esin_2	Esin_3	Esin_4	Esin_5	Esin_6	Bger_1	Bger_2	Bger_3	Bger_4	Bger_5	Bger_6	Pame_1	Pame_2	Pame_3	Pame_4	Pame_5	Pame_6	Pful_1	Pful_2	Pful_3	Pful_4	Pful_5	Pful_6
d_Archaea;p_Halobacteriota;c_Methanomicrobia;o_Methanomicrobiales;f_Methanocorpusculaceae;g_Methanocorpusculum;s_Methanocorpusculum_faecipullorum	2.4282517	2.615223	1.8595144	0.9442335	3.5583959	7.7142606	0	0	0	0	0	0	0	0	0	0	0	0	0	0	0	0	0	0
d_Bacteria;p_Actinomycetota;c_Actinomycetes;o_Actinomycetales;f_Bifidobacteriaceae;g_JALCQC01;s_JALCQC01_sp022649925	0.19369551	0.35949244	1.1760299	0.19619267	0.24746301	0.28257759	0	0	0	0	0	0	0	0	0	0	0	0	0	0	0	0	0	0
d_Bacteria;p_Actinomycetota;c_Actinomycetes;o_Actinomycetales;f_Bifidobacteriaceae;g_JALCQC01;s_JALCQC01_sp022651005	0.2690498	0.18259504	0.5829366	0.1288862	0.14221941	0.21204233	0	0	0	0	0	0	0	0	0	0	0	0	0	0	0	0	0	0
d_Bacteria;p_Actinomycetota;c_Actinomycetes;o_Actinomycetales;f_Bifidobacteriaceae;g_JALCQC01;s_unclassify_g_JALCQC01	0.16438232	0.091010086	0.7722073	0.36938083	0.05050617	0.18255082	0	0	0	0	0	0	0	0	0	0	0	0	0	0	0	0	0	0
d_Bacteria;p_Actinomycetota;c_Actinomycetes;o_Actinomycetales;f_Brevibacteriaceae;g_Brevibacterium;s_Brevibacterium_sp026013965	0.3340536	0.66096264	0.41598785	0.4708261	0.6326492	0.6770804	0	0	0	0	0	0	0	0	0	0	0	0	0	0	0	0	0	0
d_Bacteria;p_Actinomycetota;c_Actinomycetes;o_Actinomycetales;f_Brevibacteriaceae;g_Brevibacterium;s_unclassify_g_Brevibacterium	0.8934432	0.45951288999999995	0.46490876000000003	0.6615074599999999	0.87111595	1.0943155	0	0	0	0	0	0	0	0	0	0	0	0	0	0	0	0	0	0
d_Bacteria;p_Actinomycetota;c_Actinomycetes;o_Actinomycetales;f_Cellulomonadaceae;g_Isoptericola;s_Isoptericola_sp026934365	0.46530795	0.4508298	0.75961936	0.9395124	0.3176997	0.4593215	0	0	0	0	0	0	0	0	0	0	0	0	0	0	0	0	0	0
d_Bacteria;p_Actinomycetota;c_Actinomycetes;o_Actinomycetales;f_Dermabacteraceae;g_Brachybacterium;s_Brachybacterium_sp005490785	0.920898	1.12785142	1.80126349	1.86268582	1.9655215300000002	1.66533817	0	0	0	0	0	0	0	0	0	0	0	0	0	0	0	0	0	0
d_Bacteria;p_Actinomycetota;c_Actinomycetes;o_Actinomycetales;f_Dermatophilaceae;g_Demetria;s_Demetria_terragena	1.572487	2.77924012	1.9585732	1.15814088	2.89885972	3.0000324	0	0	0	0	0	0	0	0	0	0	0	0	0	0	0	0	0	0
d_Bacteria;p_Actinomycetota;c_Actinomycetes;o_Actinomycetales;f_Dermatophilaceae;g_Flexivirga;s_Flexivirga_endophytica	9.930227	8.79928226	9.2810223	6.21523146	11.9521538	15.8906622	0	0	0	0	0	0	0	0	0	0	0	0	0	0	0	0	0	0
d_Bacteria;p_Actinomycetota;c_Actinomycetes;o_Actinomycetales;f_Dermatophilaceae;g_Leekyejoonella;s_Leekyejoonella_antrihumi	0.257154	0.43705174	0.42558435	0.26175472	0.32828984	0.42061612	0	0	0	0	0	0	0	0	0	0	0	0	0	0	0	0	0	0
d_Bacteria;p_Actinomycetota;c_Actinomycetes;o_Actinomycetales;f_Microbacteriaceae;g_Microbacterium;s_Microbacterium_protaetiae	0.235119	0.29288977	0.26320028	0.28483987	0.25524724	0.5483216	0	0	0	0	0	0	0	0	0	0	0	0	0	0	0	0	0	0
d_Bacteria;p_Actinomycetota;c_Actinomycetes;o_Actinomycetales;f_Micrococcaceae;g_Rothia;s_Rothia_koreensis	1.8929847	1.205256	1.0671055	1.0578766	1.2485344	1.2403029	0	0	0	0	0	0	0	0	0	0	0	0	0	0	0	0	0	0
d_Bacteria;p_Actinomycetota;c_Actinomycetes;o_Mycobacteriales;f_Mycobacteriaceae;g_Corynebacterium;s_Corynebacterium_sp012837295	0.42115477	0.35623425	1.1271889	0.3657469	0.26838273	0.64525694	0	0	0	0	0	0	0	0	0	0	0	0	0	0	0	0	0	0
d_Bacteria;p_Actinomycetota;c_Actinomycetes;o_Mycobacteriales;f_Mycobacteriaceae;g_Corynebacterium;s_Corynebacterium_terpenotabidum	5.7485622	1.17250004	1.37999827	0.79207525	1.673123746	2.70946439	0	0	0	0	0	0	0	0	0	0	0	0	0	0	0	0	0	0
d_Bacteria;p_Actinomycetota;c_Actinomycetes;o_Mycobacteriales;f_Mycobacteriaceae;g_Corynebacterium;s_unclassify_g_Corynebacterium	0.13770449	0.076239854	0.87168896	0.16592823	0.12222721	0.28036126	0	0	0	0	0	0	0	0	0	0	0	0	0	0	0	0	0	0
d_Bacteria;p_Actinomycetota;c_Actinomycetes;o_Mycobacteriales;f_Mycobacteriaceae;g_Gordonia;s_Gordonia_humi	0.2688118	0.2864225	0.27171785	0.22199436	0.44880116	0.5257	0	0	0	0	0	0	0	0	0	0	0	0	0	0	0	0	0	0
d_Bacteria;p_Actinomycetota;c_Actinomycetes;o_Mycobacteriales;f_Mycobacteriaceae;g_Gordonia;s_Gordonia_hydrophobica	0.22091642	0.18706247	0.35328814	0.33009878	0.35135883	0.6686537	0	0	0	0	0	0	0	0	0	0	0	0	0	0	0	0	0	0
d_Bacteria;p_Actinomycetota;c_Actinomycetes;o_Mycobacteriales;f_Mycobacteriaceae;g_Gordonia;s_Gordonia_liuliyuniae	0.7455723	0.91542864	1.4032001	0.95140505	2.0112934	2.1441042	0	0	0	0	0	0	0	0	0	0	0	0	0	0	0	0	0	0
d_Bacteria;p_Actinomycetota;c_Actinomycetes;o_Mycobacteriales;f_Mycobacteriaceae;g_Mycobacterium;s_Mycobacterium_abscessus	0.21803215999999997	0.114359743	0.28444572	0.188350935	0.96841515	1.4910127599999998	0	0	0	0	0	0	0	0	0	0	0	0	0	0	0	0	0	0
d_Bacteria;p_Actinomycetota;c_Actinomycetes;o_Mycobacteriales;f_Mycobacteriaceae;g_Mycobacterium;s_Mycobacterium_acidiphilum	0.43862176	0.4918326	0.39511532	0.15188417	0.3684731	0.82622147	0	0	0	0	0	0	0	0	0	0	0	0	0	0	0	0	0	0
d_Bacteria;p_Actinomycetota;c_Actinomycetes;o_Mycobacteriales;f_Mycobacteriaceae;g_Mycobacterium;s_Mycobacterium_fortunisiensis	0.13233532	0.14653452	0.035271633	0.20686507	0.27106485	0.55518895	0	0	0	0	0	0	0	0	0	0	0	0	0	0	0	0	0	0
d_Bacteria;p_Actinomycetota;c_Actinomycetes;o_Mycobacteriales;f_Mycobacteriaceae;g_Rhodococcus;s_Rhodococcus_rhodnii	0.25990182	0.63952947	0.507996	0.7504818	1.1061296	0.8498478	0	0	0	0	0	0	0	0	0	0	0	0	0	0	0	0	0	0
d_Bacteria;p_Actinomycetota;c_Actinomycetes;o_Mycobacteriales;f_Mycobacteriaceae;g_Rhodococcus;s_Rhodococcus_sp002259415	0.108407274	0.10591683	0.1478694	0.1893977	0.09927066	0.33047992	0	0	0	0	0	0	0	0	0	0	0	0	0	0	0	0	0	0
d_Bacteria;p_Actinomycetota;c_Actinomycetes;o_Mycobacteriales;f_Mycobacteriaceae;g_Rhodococcus;s_Rhodococcus_yananensis	0.60102296	0.46166047	0.3680085	0.43166795	1.3885767	1.8359917	0	0	0	0	0	0	0	0	0	0	0	0	0	0	0	0	0	0
d_Bacteria;p_Actinomycetota;c_Actinomycetes;o_Mycobacteriales;f_Mycobacteriaceae;g_Tsukamurella;s_Tsukamurella_sp023168325	0.38600886	0.10498199	0.37363058	0.29111648	0.47162735	0.8122222	0	0	0	0	0	0	0	0	0	0	0	0	0	0	0	0	0	0
d_Bacteria;p_Actinomycetota;c_Actinomycetes;o_Mycobacteriales;f_Mycobacteriaceae;g_Tsukamurella;s_unclassify_g_Tsukamurella	0.37360886	0.35973564	0.4978936	0.50784445	0.5013074	1.6155125	0	0	0	0	0	0	0	0	0	0	0	0	0	0	0	0	0	0
d_Bacteria;p_Actinomycetota;c_Actinomycetes;o_Propionibacteriales;f_Kribbellaceae;g_Kribbella;s_Kribbella_monticola	0.23624012	0.40007603	0.20000835	0.097752675	0.12524346	0.43210703	0	0	0	0	0	0	0	0	0	0	0	0	0	0	0	0	0	0
d_Bacteria;p_Actinomycetota;c_Actinomycetes;o_Propionibacteriales;f_Nocardioidaceae;g_Marmoricola;s_Marmoricola_sp030151765	0.24519326	0.16554998	0.34907502	0.16359662	0.38218796	0.39847827	0	0	0	0	0	0	0	0	0	0	0	0	0	0	0	0	0	0
d_Bacteria;p_Actinomycetota;c_Actinomycetes;o_Propionibacteriales;f_Nocardioidaceae;g_Nocardioides;s_Nocardioides_sp001429555	0.77554623	0.78947983	0.6781039200000001	0.5478732399999999	1.17686256	1.19083955	0	0	0	0	0	0	0	0	0	0	0	0	0	0	0	0	0	0
d_Bacteria;p_Actinomycetota;c_Actinomycetes;o_Propionibacteriales;f_Nocardioidaceae;g_Nocardioides;s_Nocardioides_sp025924815	0.4893282	0.41618943	0.45364046	0.31594214	0.70887345	0.46203133	0	0	0	0	0	0	0	0	0	0	0	0	0	0	0	0	0	0
d_Bacteria;p_Actinomycetota;c_Actinomycetes;o_Propionibacteriales;f_Propionibacteriaceae;g_Arachnia;s_Arachnia_defluvii	0.21597038	0.27060947	0.8452681	0.13770634	0.23282965	0.18934785	0	0	0	0	0	0	0	0	0	0	0	0	0	0	0	0	0	0
d_Bacteria;p_Actinomycetota;c_Actinomycetes;o_Propionibacteriales;f_Propionibacteriaceae;g_Avipropionibacterium;s_unclassify_g_Avipropionibacterium	2.2438176	1.96829892	0.6058166	0.88826628	1.5757912	2.28686212	0	0	0	0	0	0	0	0	0	0	0	0	0	0	0	0	0	0
d_Bacteria;p_Actinomycetota;c_Actinomycetes;o_Propionibacteriales;f_Propionibacteriaceae;g_Brooklawnia;s_Brooklawnia_cerclae	0.1974374	0.43724394	0.19501625	0.10892896	0.28546914	0.5932899	0	0	0	0	0	0	0	0	0	0	0	0	0	0	0	0	0	0
d_Bacteria;p_Actinomycetota;c_Actinomycetes;o_Propionibacteriales;f_Propionibacteriaceae;g_Microlunatus_A;s_Microlunatus_A_soli	1.76426193	1.44447227	1.68352786	0.9539382200000001	1.39994897	1.3680123	0	0	0	0	0	0	0	0	0	0	0	0	0	0	0	0	0	0
d_Bacteria;p_Actinomycetota;c_Actinomycetes;o_Propionibacteriales;f_unclassify_o_Propionibacteriales;g_unclassify_o_Propionibacteriales;s_unclassify_o_Propionibacteriales	0.18121278	0.14714803	0.1448971	0.0944233	0.079185486	0.22360174	0	0	0	0	0	0	0	0	0	0	0	0	0	0	0	0	0	0
d_Bacteria;p_Actinomycetota;c_Coriobacteriia;o_Coriobacteriales;f_Eggerthellaceae;g_Raoultibacter;s_Raoultibacter_sp031256895	0.028366864	0.11778951	0.07371655	0.16628544	0.098777324	0.23101555	0.14277507	0.15808675	0.08434671	0.0094520375	0.24155287	0.0	0.019168152	0.013826751	0.02341339	0.10963389	0.057590265	0.05066653	0	0	0	0	0	0
d_Bacteria;p_Bacillota;c_Bacilli;o_Lactobacillales;f_Enterococcaceae;g_Enterococcus_A;s_Enterococcus_A_murrayae	0.3362866	0.19014604	0.09153827	0.033554003	0.29897803	0.07416121	0	0	0	0	0	0	0	0	0	0	0	0	0	0	0	0	0	0
d_Bacteria;p_Bacillota;c_Bacilli;o_Lactobacillales;f_Enterococcaceae;g_Enterococcus_A;s_Enterococcus_A_xiangfangensis	1.30803829	1.2864913	0.7527189299999999	2.7183289999999998	1.8240335	0.38510492	0	0	0	0	0	0	0	0	0	0	0	0	0	0	0	0	0	0
d_Bacteria;p_Bacillota;c_Bacilli;o_Lactobacillales;f_Enterococcaceae;g_Enterococcus_C;s_Enterococcus_C_asini	6.3497162	2.28556	1.6848708700000001	3.269152	3.1067687	2.11907297	0	0	0	0	0	0	1.0746063000000001	1.04245019	0.82829698	0.23616356	0.45089474	0.34281534	0.53417665	0.12885265	0.04097626	0.028648082	0.09329511	0.06691031
d_Bacteria;p_Bacillota;c_Bacilli;o_Lactobacillales;f_Enterococcaceae;g_Enterococcus_C;s_Enterococcus_C_mediterraneensis	1.50348352	2.16390403	1.68049103	0.8092725000000001	2.8234431	3.91422565	0	0	0	0	0	0	0	0	0	0	0	0	0	0	0	0	0	0
d_Bacteria;p_Bacillota;c_Bacilli;o_Lactobacillales;f_Enterococcaceae;g_Enterococcus_C;s_Enterococcus_C_myersii	7.9354823	2.5129563	1.22722443	1.25046039	3.9160882	0.346413646	0	0	0	0	0	0	0	0	0	0	0	0	0	0	0	0	0	0
d_Bacteria;p_Bacillota;c_Bacilli;o_Lactobacillales;f_Enterococcaceae;g_Enterococcus_C;s_Enterococcus_C_sp027692465	4.4312261	2.7567605	0.6118716	10.6270764	3.3007413000000003	3.0719389	0	0	0	0	0	0	0	0	0	0	0	0	0	0	0	0	0	0
d_Bacteria;p_Bacillota;c_Bacilli;o_Lactobacillales;f_Enterococcaceae;g_Enterococcus_C;s_Enterococcus_C_stercoravium	3.1133078999999997	1.09892349	1.21871083	1.192591564	1.196685454	0.31217477	0	0	0	0	0	0	0.7449632	0.52672976	0.50452757	0.21093465	0.5595556	0.2290825	0.6273339	0.11269616	0.053016096	0.04561921	0.063139275	0.04883438
d_Bacteria;p_Bacillota;c_Bacilli;o_Lactobacillales;f_Enterococcaceae;g_Enterococcus_C;s_unclassify_g_Enterococcus_C	1.002800324	1.16496562	0.67829203	1.7985642	1.37818131	0.43388849	0	0	0	0	0	0	0	0	0	0	0	0	0	0	0	0	0	0
d_Bacteria;p_Bacillota;c_Bacilli;o_Lactobacillales;f_Enterococcaceae;g_Enterococcus_H;s_Enterococcus_H_canis	2.784862	1.4054259	0.8835426	0.8636509	3.4195147	2.686387	0	0	0	0	0	0	0.07349683	0.26508072	0.06733074	0.0	0.027602453	0.06070991	0.07646034	0.0	0.021328019	0.104378805	0.058271788	0.058044273
d_Bacteria;p_Bacillota;c_Bacilli;o_Lactobacillales;f_Enterococcaceae;g_Enterococcus_J;s_Enterococcus_J_sp946409145	0.9500034	0.6225748	0.26354137	0.8940522	0.12707983	0.4593215	0	0	0	0	0	0	0.2774276	0.21065201	0.12484695	0.06362987	0.17547873	0.11578654	0	0	0	0	0	0
d_Bacteria;p_Bacillota;c_Bacilli;o_Lactobacillales;f_Enterococcaceae;g_Enterococcus_J;s_Enterococcus_J_timonensis	0.80377764	0.61740124	0.51531625	0.99044985	0.17798834	0.45568967	0	0	0	0	0	0	0	0	0	0	0	0	0	0	0	0	0	0
d_Bacteria;p_Bacillota;c_Bacilli;o_Lactobacillales;f_Lactobacillaceae;g_Loigolactobacillus;s_Loigolactobacillus_bifermentans	0.46762878	0.11949321	0.30200765	0.121832006	0.06385686	0.12428018	0	0	0	0	0	0	0	0	0	0	0	0	0	0	0	0	0	0
d_Bacteria;p_Bacillota;c_Bacilli;o_Lactobacillales;f_Lactobacillaceae;g_Loigolactobacillus;s_Loigolactobacillus_coryniformis	2.8622823	2.0607343	2.8495305	9.090062	2.9661953	1.8259374	0	0	0	0	0	0	0	0	0	0	0	0	0	0	0	0	0	0
d_Bacteria;p_Bacillota;c_Bacilli;o_Lactobacillales;f_Lactobacillaceae;g_Paucilactobacillus;s_Paucilactobacillus_vaccinostercus	1.0973971	0.325709	0.5156294	1.4192166	0.45883292	0.33503434	0	0	0	0	0	0	0	0	0	0	0	0	0	0	0	0	0	0
d_Bacteria;p_Bacillota;c_Bacilli;o_MOL361;f_Turicibacteraceae;g_Turicibacter;s_Turicibacter_sanguinis	0.2008331	0.15043482	0.15113932	0.14773662	0.16938782	0.17055264	0	0	0	0	0	0	0	0	0	0	0	0	0	0	0	0	0	0
d_Bacteria;p_Bacillota_A;c_Clostridia;o_Christensenellales;f_Aristaeellaceae;g_Avichristensenella;s_Avichristensenella_sp009787135	6.3963495	6.9093713	5.09882607	4.12986809	8.208647500000001	12.8036636	1.180847514	2.07950001	2.0931392	0.5267625890000001	2.21926502	1.665990894	14.300771404999999	10.98825549	13.23359886	18.02370932	20.06544568	16.444437960000002	2.01417158	2.5914755400000002	1.5582444	2.68864204	2.33534116	3.14095118
d_Bacteria;p_Bacillota_A;c_Clostridia;o_Christensenellales;f_Aristaeellaceae;g_Excrementavichristensenella;s_Excrementavichristensenella_intestinipullorum	0.39470142	0.27812377	0.43993005	0.3178449	0.24009241	0.30107245	0	0	0	0	0	0	0	0	0	0	0	0	0	0	0	0	0	0
d_Bacteria;p_Bacillota_A;c_Clostridia;o_Christensenellales;f_Aristaeellaceae;g_Faecivicinus;s_Faecivicinus_sp004555155	3.28854488	1.39548109	1.92861297	1.84389278	1.59952578	6.3988692	0	0	0	0	0	0	0	0	0	0	0	0	0	0	0	0	0	0
d_Bacteria;p_Bacillota_A;c_Clostridia;o_Christensenellales;f_Aristaeellaceae;g_Firm-10;s_Firm-10_sp934631025	0.7355802	0.7085538	0.635986	0.40665466	0.55858254	0.54901445	0	0	0	0	0	0	0	0	0	0	0	0	0	0	0	0	0	0
d_Bacteria;p_Bacillota_A;c_Clostridia;o_Christensenellales;f_Aristaeellaceae;g_JAEZHK01;s_JAEZHK01_sp029974035	0.924374866	0.84769534	1.21054843	0.703923326	0.476544258	0.99730798	0	0	0	0	0	0	0	0	0	0	0	0	0	0	0	0	0	0
d_Bacteria;p_Bacillota_A;c_Clostridia;o_Christensenellales;f_Aristaeellaceae;g_Limiplasma;s_unclassify_g_Limiplasma	0.36662376	0.27951443	0.4757699	0.26306352	0.3693259	0.66745156	0	0	0	0	0	0	0	0	0	0	0	0	0	0	0	0	0	0
d_Bacteria;p_Bacillota_A;c_Clostridia;o_Christensenellales;f_Aristaeellaceae;g_Pullichristensenella;s_Pullichristensenella_sp012514855	0.49474881	0.55085984	0.63341633	0.292615044	0.47794612000000003	1.00589058	0	0	0	0	0	0	0	0	0	0	0	0	0	0	0	0	0	0
d_Bacteria;p_Bacillota_A;c_Clostridia;o_Christensenellales;f_Aristaeellaceae;g_Pullichristensenella;s_Pullichristensenella_sp946496415	0.2975359	0.19108734	0.1475035	0.21859935	0.18039685	0.48021257	0	0	0	0	0	0	0	0	0	0	0	0	0	0	0	0	0	0
d_Bacteria;p_Bacillota_A;c_Clostridia;o_Christensenellales;f_Aristaeellaceae;g_Ventricola;s_Ventricola_sp934631055	2.19066662	2.77590227	4.4180126799999995	2.96728092	0.938547735	1.66061076	0	0	0	0	0	0	0	0	0	0	0	0	0	0	0	0	0	0
d_Bacteria;p_Bacillota_A;c_Clostridia;o_Christensenellales;f_Aristaeellaceae;g_unclassify_f_Aristaeellaceae;s_unclassify_f_Aristaeellaceae	0.175818305	0.23361970999999998	0.53421824	0.46722335	0.085169865	0.34185498000000003	1.252474405	2.2675689500000002	1.2153802599999999	0.12941824600000001	2.1515067400000003	0.497338451	3.39274427	2.04904698	1.80431104	1.65398603	2.00353163	1.6218270600000002	0.10731097	0.2689377	0.2234327	0.1808754	0.4926494	0.3328404
d_Bacteria;p_Bacillota_A;c_Clostridia;o_Christensenellales;f_CAG-138;g_JAJDHH01;s_JAJDHH01_sp030266105	3.5012317200000003	5.36144884	3.97207125	3.57836839	8.905646345	10.08059231	0	0	0	0	0	0	2.19579156	1.264933936	2.2283522700000002	2.996944745	2.123012545	1.6363731499999998	0.53465695	0.94650826	1.08030688	0.38039337500000003	0.38131412	0.7100634100000001
d_Bacteria;p_Bacillota_A;c_Clostridia;o_Christensenellales;f_CAG-138;g_JAKJBL01;s_JAKJBL01_sp022707005	0.5264733699999999	0.4802805	0.51784811	0.35567618	0.6851556	0.77771362	0	0	0	0	0	0	0	0	0	0	0	0	0	0	0	0	0	0
d_Bacteria;p_Bacillota_A;c_Clostridia;o_Christensenellales;f_CAG-917;g_Limadaptatus;s_Limadaptatus_sp949286725	0.13189535	0.08630066	0.10546305	0.22492069	0.17192227	0.2574374	0	0	0	0	0	0	0	0	0	0	0	0	0	0	0	0	0	0
d_Bacteria;p_Bacillota_A;c_Clostridia;o_Christensenellales;f_Pumilibacteraceae;g_Protoclostridium;s_Protoclostridium_sp900761765	0.525330106	0.36836984	0.4302324	0.39452766	0.19077091499999999	0.19024555199999998	0	0	0	0	0	0	0	0	0	0	0	0	0	0	0	0	0	0
d_Bacteria;p_Bacillota_A;c_Clostridia;o_Christensenellales;f_Pumilibacteraceae;g_RACS-047;s_RACS-047_sp013316045	0.12050577	0.16012284	0.2842502	0.13657074	0.059240256	0.19181548	0.044238012	0.1326602	0.12740491	0.063454255	0.09538902	0.10861134	0	0	0	0	0	0	0	0	0	0	0	0
d_Bacteria;p_Bacillota_A;c_Clostridia;o_Christensenellales;f_Pumilibacteraceae;g_RACS-047;s_RACS-047_sp031276725	0.061643377	0.18770814	0.16019188	0.14454034	0.056819417	0.17114131	0	0	0	0	0	0	0	0	0	0	0	0	0	0	0	0	0	0
d_Bacteria;p_Bacillota_A;c_Clostridia;o_Clostridiales;f_Clostridiaceae;g_Clostridium;s_Clostridium_sp023424785	0.15870517	0.14319056	0.15510021	0.11944901	0.13484763	0.04786938	0	0	0	0	0	0	0	0	0	0	0	0	0	0	0	0	0	0
d_Bacteria;p_Bacillota_A;c_Clostridia;o_Eubacteriales;f_Eubacteriaceae;g_Eubacterium;s_Eubacterium_sp030524435	0.31632778	0.2101612	0.24028783	0.30905014	0.34988755	0.18735474	0	0	0	0	0	0	0	0	0	0	0	0	0	0	0	0	0	0
d_Bacteria;p_Bacillota_A;c_Clostridia;o_Lachnospirales;f_Anaerotignaceae;g_Metalachnospira;s_Metalachnospira_sp900546215	0.15177341	0.16133592	0.072814524	0.2325057	0.13430038	0.22023654	0	0	0	0	0	0	0	0	0	0	0	0	0	0	0	0	0	0
d_Bacteria;p_Bacillota_A;c_Clostridia;o_Lachnospirales;f_Anaerotignaceae;g_Metalachnospira;s_Metalachnospira_sp900553995	0.61245498	0.43007788	0.289616606	0.2013591535	0.49351242	0.34859922	0	0	0	0	0	0	0	0	0	0	0	0	0	0	0	0	0	0
d_Bacteria;p_Bacillota_A;c_Clostridia;o_Lachnospirales;f_Anaerotignaceae;g_RGIG5631;s_RGIG5631_sp017534115	0.36897317	0.3383412	0.19361326	0.2703634	0.6565794	0.699997	0	0	0	0	0	0	0	0	0	0	0	0	0	0	0	0	0	0
d_Bacteria;p_Bacillota_A;c_Clostridia;o_Lachnospirales;f_Lachnospiraceae;g_1XD8-76;s_1XD8-76_sp910573755	0.19123445	0.07562622	0.24028783	0.16014408	0.011191693	0.06067738	0	0	0	0	0	0	0	0	0	0	0	0	0	0	0	0	0	0
d_Bacteria;p_Bacillota_A;c_Clostridia;o_Lachnospirales;f_Lachnospiraceae;g_Acetatifactor;s_Acetatifactor_sp017521605	0.70119303	0.37842765	0.39576814	0.34540915	0.7676183	0.17013465	0	0	0	0	0	0	0	0	0	0	0	0	0	0	0	0	0	0
d_Bacteria;p_Bacillota_A;c_Clostridia;o_Lachnospirales;f_Lachnospiraceae;g_Acetatifactor;s_Acetatifactor_sp947385785	0.12653105	1.0041043	0.47214442	0.23075749	1.2958804	0.09367742	0	0	0	0	0	0	0	0	0	0	0	0	0	0	0	0	0	0
d_Bacteria;p_Bacillota_A;c_Clostridia;o_Lachnospirales;f_Lachnospiraceae;g_Aequitasia;s_Aequitasia_blattaphilus_A	0.7319386	0.39535278	0.37113756	0.30696929	0.4095495	0.29077074	0.17791979	0.36162338	0.19610617	0.1020821	0.341016	0.019414306	0.6571739	1.7464806	1.2205092	0.45846245	1.3740417	0.8736214	2.28404747	2.41855128	1.81285177	1.121638904	2.47938552	1.7526598
d_Bacteria;p_Bacillota_A;c_Clostridia;o_Lachnospirales;f_Lachnospiraceae;g_Anaerocolumna;s_Anaerocolumna_jejuensis	0.14715289	0.08633655	0.22837380000000002	0.18940030000000002	0.134813774	0.20826884	0	0	0	0	0	0	0	0	0	0	0	0	0	0	0	0	0	0
d_Bacteria;p_Bacillota_A;c_Clostridia;o_Lachnospirales;f_Lachnospiraceae;g_Anaerosporobacter;s_Anaerosporobacter_sp018372435	0.13619237	0.15080543	0.1799199	0.16661307	0.3202037	0.24111535	0	0	0	0	0	0	0	0	0	0	0	0	0	0	0	0	0	0
d_Bacteria;p_Bacillota_A;c_Clostridia;o_Lachnospirales;f_Lachnospiraceae;g_Bovifimicola;s_Bovifimicola_sp900315425	0.1428173	0.16473041	0.23790866	0.33487588	0.24865508	0.23790345	0	0	0	0	0	0	0	0	0	0	0	0	0	0	0	0	0	0
d_Bacteria;p_Bacillota_A;c_Clostridia;o_Lachnospirales;f_Lachnospiraceae;g_CAG-303;s_CAG-303_sp015057425	0.15982884	0.33920774	0.21299756	0.17176674	0.043650713	0.09860771	0	0	0	0	0	0	0	0	0	0	0	0	0	0	0	0	0	0
d_Bacteria;p_Bacillota_A;c_Clostridia;o_Lachnospirales;f_Lachnospiraceae;g_CAG-590;s_CAG-590_sp023664535	0.079121925	0.121308304	0.18493038	0.20455214	0.13962701	0.027036017	0	0	0	0	0	0	0	0	0	0	0	0	0	0	0	0	0	0
d_Bacteria;p_Bacillota_A;c_Clostridia;o_Lachnospirales;f_Lachnospiraceae;g_CALWPY01;s_CALWPY01_sp944383545	0.36443424	0.30590698	0.14100018	0.52833205	0.09631961	0.14795983	0	0	0	0	0	0	0	0	0	0	0	0	0	0	0	0	0	0
d_Bacteria;p_Bacillota_A;c_Clostridia;o_Lachnospirales;f_Lachnospiraceae;g_Enterocloster;s_Enterocloster_sp900555045	0.16828632	0.23958398	0.20184173	0.27245867	0.22651987	0.053396042	0	0	0	0	0	0	0	0	0	0	0	0	0	0	0	0	0	0
d_Bacteria;p_Bacillota_A;c_Clostridia;o_Lachnospirales;f_Lachnospiraceae;g_KM106-2;s_KM106-2_sp023434365	0.19263546	0.017064381	0.13554695	0.6022514	0.05050617	0.31946403	0	0	0	0	0	0	0	0	0	0	0	0	0	0	0	0	0	0
d_Bacteria;p_Bacillota_A;c_Clostridia;o_Lachnospirales;f_Lachnospiraceae;g_Kineothrix;s_Kineothrix_sp023443905	0.74042091	1.0962104400000001	0.83528663	0.7931694300000001	0.32981165999999995	0.28115164000000004	0	0	0	0	0	0	0	0	0	0	0	0	0	0	0	0	0	0
d_Bacteria;p_Bacillota_A;c_Clostridia;o_Lachnospirales;f_Lachnospiraceae;g_Lachnoclostridium;s_Lachnoclostridium_sp905192625	0.72143143	0.58076825	1.2503945399999998	1.0798812	0.5768758	1.1135517	0	0	0	0	0	0	0	0	0	0	0	0	0	0	0	0	0	0
d_Bacteria;p_Bacillota_A;c_Clostridia;o_Lachnospirales;f_Lachnospiraceae;g_Limivivens;s_Limivivens_intestinipullorum	0.18840848	0.13351934	0.3434835	0.017671064	0.20376593	0.25665838	0	0	0	0	0	0	0	0	0	0	0	0	0	0	0	0	0	0
d_Bacteria;p_Bacillota_A;c_Clostridia;o_Lachnospirales;f_Lachnospiraceae;g_RGIG3002;s_RGIG3002_sp017437065	0.19765005000000002	0.45276984000000003	0.52624121	0.25465718	0.164479295	0.21605362	0	0	0	0	0	0	0	0	0	0	0	0	0	0	0	0	0	0
d_Bacteria;p_Bacillota_A;c_Clostridia;o_Lachnospirales;f_Lachnospiraceae;g_Roseburia;s_Roseburia_hominis_A	0.36685522000000004	0.48692977	0.207481656	0.18234175	1.7553488499999998	0.66939002	0	0	0	0	0	0	0	0	0	0	0	0	0	0	0	0	0	0
d_Bacteria;p_Bacillota_A;c_Clostridia;o_Lachnospirales;f_Lachnospiraceae;g_Roseburia_C;s_Roseburia_C_sp029071325	1.9280335599999998	0.83024104	0.7898567999999999	0.297667375	0.253530676	0.37007202	0	0	0	0	0	0	0	0	0	0	0	0	0	0	0	0	0	0
d_Bacteria;p_Bacillota_A;c_Clostridia;o_Lachnospirales;f_Lachnospiraceae;g_Sporofaciens;s_Sporofaciens_sp910579015	0.28872678	0.30665708	1.1213435	2.3441744	0.17380042	0.07852371	0	0	0	0	0	0	0	0	0	0	0	0	0	0	0	0	0	0
d_Bacteria;p_Bacillota_A;c_Clostridia;o_Lachnospirales;f_Lachnospiraceae;g_Suilimivivens;s_Suilimivivens_sp017622575	1.0428929	1.44949814	1.47116187	1.3101368999999998	1.13472193	1.63206527	0	0	0	0	0	0	0	0	0	0	0	0	0	0	0	0	0	0
d_Bacteria;p_Bacillota_A;c_Clostridia;o_Lachnospirales;f_Lachnospiraceae;g_Suilimivivens;s_Suilimivivens_sp018384375	0.0969951	0.20713316	1.6453141	0.20035714	0.11920604	0.09232751	0	0	0	0	0	0	0	0	0	0	0	0	0	0	0	0	0	0
d_Bacteria;p_Bacillota_A;c_Clostridia;o_Lachnospirales;f_Lachnospiraceae;g_UBA1201;s_unclassify_g_UBA1201	0.92695016	0.172172	0.50687575	2.061318	0.08329745	0.1948116	0	0	0	0	0	0	0	0	0	0	0	0	0	0	0	0	0	0
d_Bacteria;p_Bacillota_A;c_Clostridia;o_Lachnospirales;f_Lachnospiraceae;g_UBA3212;s_UBA3212_sp934339365	1.41112244	0.2595325	0.32231091	0.554759506	0.7898699600000001	0.172187917	0	0	0	0	0	0	0	0	0	0	0	0	0	0	0	0	0	0
d_Bacteria;p_Bacillota_A;c_Clostridia;o_Lachnospirales;f_Lachnospiraceae;g_UBA3282;s_UBA3282_sp002491905	0.62667764	1.42545243	0.373613716	0.5247046200000001	1.23408512	0.7045727700000001	0	0	0	0	0	0	0	0	0	0	0	0	0	0	0	0	0	0
d_Bacteria;p_Bacillota_A;c_Clostridia;o_Lachnospirales;f_Lachnospiraceae;g_UBA3282;s_UBA3282_sp023664485	0.48278865	1.4946721	0.6696544	1.5170822	0.50857973	0.2188365	0	0	0	0	0	0	0	0	0	0	0	0	0	0	0	0	0	0
d_Bacteria;p_Bacillota_A;c_Clostridia;o_Lachnospirales;f_Lachnospiraceae;g_UBA933;s_UBA933_sp958425285	2.60756422	4.26396146	1.3988478	3.5829081	0.96709883	0.86700546	0	0	0	0	0	0	0	0	0	0	0	0	0	0	0	0	0	0
d_Bacteria;p_Bacillota_A;c_Clostridia;o_Lachnospirales;f_Lachnospiraceae;g_unclassify_f_Lachnospiraceae;s_unclassify_f_Lachnospiraceae	1.502596826	2.38344531	2.03237616	1.40333149	1.45873893	1.2293049	3.4016787	5.35464333	6.11131444	2.5276224409999997	7.66084068	4.17524327	1.20332906	1.44092672	1.01336316	0.74880809	0.583017236	0.522404657	2.416405927	1.62456734	5.87689246	2.141305746	3.5432313300000002	3.26946541
d_Bacteria;p_Bacillota_A;c_Clostridia;o_Lachnospirales;f_UBA5962;g_WRBA01;s_WRBA01_sp009779915	0.184369603	0.40489116599999997	0.146077062	0.143226375	0.21074813	0.34000081000000004	0	0	0	0	0	0	0.9560474	1.3240974	0.33632222	0.44370532	0.45384258	0.25270864	0.3528198	0.3143127	0.25372967	0.24243633	0.34661654	0.4557479
d_Bacteria;p_Bacillota_A;c_Clostridia;o_Monoglobales;f_Monoglobaceae;g_Ructibacterium;s_Ructibacterium_gallinarum	0.074738584	0.110343814	0.23904283	0.058415227	0.09185309	0.20288676	0	0	0	0	0	0	0	0	0	0	0	0	0	0	0	0	0	0
d_Bacteria;p_Bacillota_A;c_Clostridia;o_Oscillospirales;f_Acutalibacteraceae;g_CAG-177;s_CAG-177_sp016297555	0.24161716	0.33442748	0.37673268	0.38713586	0.11382913	0.13416111	0	0	0	0	0	0	0	0	0	0	0	0	0	0	0	0	0	0
d_Bacteria;p_Bacillota_A;c_Clostridia;o_Oscillospirales;f_Acutalibacteraceae;g_CAG-177;s_unclassify_g_CAG-177	0.16116814	0.20820458	0.4993692	0.06823274	0.19807428	0.074575536	0	0	0	0	0	0	0	0	0	0	0	0	0	0	0	0	0	0
d_Bacteria;p_Bacillota_A;c_Clostridia;o_Oscillospirales;f_Acutalibacteraceae;g_CAG-488;s_CAG-488_sp934456435	0.025990166	0.028778866	0.04156331	0.04062753	0.12776679	0.27900657	0	0	0	0	0	0	0	0	0	0	0	0	0	0	0	0	0	0
d_Bacteria;p_Bacillota_A;c_Clostridia;o_Oscillospirales;f_Acutalibacteraceae;g_CAKTEE01;s_CAKTEE01_sp934546985	1.7316602	0.6062079	0.7993737	0.2651098	0.273033	0.44056192	0	0	0	0	0	0	0	0	0	0	0	0	0	0	0	0	0	0
d_Bacteria;p_Bacillota_A;c_Clostridia;o_Oscillospirales;f_Acutalibacteraceae;g_CANQSG01;s_CANQSG01_sp949292695	1.339593	0.3642098	0.42558435	0.10283212	0.12739605	0.35863063	0	0	0	0	0	0	0	0	0	0	0	0	0	0	0	0	0	0
d_Bacteria;p_Bacillota_A;c_Clostridia;o_Oscillospirales;f_Acutalibacteraceae;g_Eubacterium_R;s_Eubacterium_R_sp944380545	0.3425829	0.17968789	0.5286335	0.29124895	0.52198064	0.3337256	0	0	0	0	0	0	0	0	0	0	0	0	0	0	0	0	0	0
d_Bacteria;p_Bacillota_A;c_Clostridia;o_Oscillospirales;f_Acutalibacteraceae;g_Fimenecus;s_Fimenecus_sp947598155	0.8835608699999999	0.74639103	0.26788075	0.4722286	0.5241247259999999	0.6811835900000001	0	0	0	0	0	0	0	0	0	0	0	0	0	0	0	0	0	0
d_Bacteria;p_Bacillota_A;c_Clostridia;o_Oscillospirales;f_Acutalibacteraceae;g_JAAZFZ01;s_JAAZFZ01_sp024684435	0.26712132	0.17398965	0.3769221	0.21492109	0.20598568	0.25011253	0	0	0	0	0	0	0	0	0	0	0	0	0	0	0	0	0	0
d_Bacteria;p_Bacillota_A;c_Clostridia;o_Oscillospirales;f_Acutalibacteraceae;g_JAISXG01;s_JAISXG01_sp031270605	0.44995752	0.47981776	0.45878452999999997	0.452482576	0.9007315899999999	0.49995405	0	0	0	0	0	0	0.21433486	0.27904886	0.10855293	0.40151665	0.6439641	0.8221798	0.65574396	0.36444435	0.09977179	0.098818585	0.17037089	0.26247838
d_Bacteria;p_Bacillota_A;c_Clostridia;o_Oscillospirales;f_Acutalibacteraceae;g_SIG598;s_SIG598_sp015065695	0.04452022	0.09859418	0.07119632	0.034796733	0.072953254	0.065921105	0	0	0	0	0	0	0	0	0	0	0	0	0	0	0	0	0	0
d_Bacteria;p_Bacillota_A;c_Clostridia;o_Oscillospirales;f_Acutalibacteraceae;g_UBA1081;s_UBA1081_sp900314355	0.15510273	0.2047725	0.18125927	0.15386547	0.078202955	0.1678289	0	0	0	0	0	0	0	0	0	0	0	0	0	0	0	0	0	0
d_Bacteria;p_Bacillota_A;c_Clostridia;o_Oscillospirales;f_Acutalibacteraceae;g_UBA1213;s_UBA1213_sp947585965	0.19137038	0.09270797	0.047818463	0.08880964	0.07839756	0.061985523	0	0	0	0	0	0	0	0	0	0	0	0	0	0	0	0	0	0
d_Bacteria;p_Bacillota_A;c_Clostridia;o_Oscillospirales;f_Acutalibacteraceae;g_UBA1425;s_UBA1425_sp009779495	0.07486785	0.10132344	0.17294067	0.09752715	0.2589967	0.14780934	0	0	0	0	0	0	0	0	0	0	0	0	0	0	0	0	0	0
d_Bacteria;p_Bacillota_A;c_Clostridia;o_Oscillospirales;f_Acutalibacteraceae;g_UBA3903;s_UBA3903_sp002391625	0.25306222	0.10674856	0.14935185	1.9873399	0.074050255	0.11598149	0	0	0	0	0	0	0	0	0	0	0	0	0	0	0	0	0	0
d_Bacteria;p_Bacillota_A;c_Clostridia;o_Oscillospirales;f_Acutalibacteraceae;g_unclassify_f_Acutalibacteraceae;s_unclassify_f_Acutalibacteraceae	0.14659084	0.12985569	0.18754172	0.08020222	0.15613773	0.34729186	0.12652066	0.075881675	0.5870533	0.17240515	1.3367828	0.12425139	0	0	0	0	0	0	0	0	0	0	0	0
d_Bacteria;p_Bacillota_A;c_Clostridia;o_Oscillospirales;f_Butyricicoccaceae;g_Ventrousia;s_Ventrousia_excrementavium	0.32147714	0.41014048	0.71527517	0.37143534	0.38936707	0.15004711	0	0	0	0	0	0	0	0	0	0	0	0	0	0	0	0	0	0
d_Bacteria;p_Bacillota_A;c_Clostridia;o_Oscillospirales;f_CAG-272;g_HGM12713;s_HGM12713_sp017935225	0.089928515	0.06638505	0.12463805	0.0749736	0.06876894	0.057701536	0	0	0	0	0	0	0	0	0	0	0	0	0	0	0	0	0	0
d_Bacteria;p_Bacillota_A;c_Clostridia;o_Oscillospirales;f_CAG-272;g_UBA1248;s_unclassify_g_UBA1248	0.16662008	0.15814118	0.24742502	0.116276294	0.121889755	0.30839327	0	0	0	0	0	0	0	0	0	0	0	0	0	0	0	0	0	0
d_Bacteria;p_Bacillota_A;c_Clostridia;o_Oscillospirales;f_CAG-272;g_UMGS1865;s_UMGS1865_sp017517745	0.31404787	0.3149114	0.44511501	0.34843764	0.311178147	0.35200352999999995	0	0	0	0	0	0	0	0	0	0	0	0	0	0	0	0	0	0
d_Bacteria;p_Bacillota_A;c_Clostridia;o_Oscillospirales;f_Feifaniaceae;g_JAAYBB01;s_JAAYBB01_sp012719075	0.532552	0.22745307	0.13383114	0.17838836	0.15583368	0.3323174	0	0	0	0	0	0	0	0	0	0	0	0	0	0	0	0	0	0
d_Bacteria;p_Bacillota_A;c_Clostridia;o_Oscillospirales;f_Oscillospiraceae;g_CAG-170;s_CAG-170_sp934630555	0.33988872	0.36717835	0.3380603	0.21381998	0.18338943	0.23322435	0	0	0	0	0	0	0	0	0	0	0	0	0	0	0	0	0	0
d_Bacteria;p_Bacillota_A;c_Clostridia;o_Oscillospirales;f_Oscillospiraceae;g_DUOX01;s_DUOX01_sp012838665	0.30051136	0.1730329	0.17300715	0.18320483	0.7632734	0.9700292	0	0	0	0	0	0	0	0	0	0	0	0	0	0	0	0	0	0
d_Bacteria;p_Bacillota_A;c_Clostridia;o_Oscillospirales;f_Oscillospiraceae;g_Evtepia;s_Evtepia_sp017861415	0.83454126	1.466667	0.9550295	1.0891157	0.7653122	0.8445879	0	0	0	0	0	0	0	0	0	0	0	0	0	0	0	0	0	0
d_Bacteria;p_Bacillota_A;c_Clostridia;o_Oscillospirales;f_Oscillospiraceae;g_Faecousia;s_Faecousia_sp004555705	0.110674314	0.45615578	0.22615315	0.34600985	0.47354323	0.33230314	0	0	0	0	0	0	0	0	0	0	0	0	0	0	0	0	0	0
d_Bacteria;p_Bacillota_A;c_Clostridia;o_Oscillospirales;f_Oscillospiraceae;g_Heteroscilispira;s_Heteroscilispira_lomanii	0.21582854	0.23234788	0.19654466	0.18743391	0.16209811	0.27519202	0	0	0	0	0	0	0	0	0	0	0	0	0	0	0	0	0	0
d_Bacteria;p_Bacillota_A;c_Clostridia;o_Oscillospirales;f_Oscillospiraceae;g_JAIRRO01;s_unclassify_g_JAIRRO01	0.46171287	0.14103541	0.33099246	0.13688263	0.35220492	0.67187154	0	0	0	0	0	0	0.18859527	0.44292447	0.39108267	0.15051448	0.13177438	0.075355664	0	0	0	0	0	0
d_Bacteria;p_Bacillota_A;c_Clostridia;o_Oscillospirales;f_Oscillospiraceae;g_Lawsonibacter;s_Lawsonibacter_sp009911595	6.569759449999999	8.26315024	9.47619834	9.76813806	9.623625715000001	8.53612638	0	0	0	0	0	0	0	0	0	0	0	0	0	0	0	0	0	0
d_Bacteria;p_Bacillota_A;c_Clostridia;o_Oscillospirales;f_Oscillospiraceae;g_Lawsonibacter;s_Lawsonibacter_sp944387755	0.041095544	0.19718844	0.0985797	0.07494686	0.56117916	0.28396785	0	0	0	0	0	0	0	0	0	0	0	0	0	0	0	0	0	0
d_Bacteria;p_Bacillota_A;c_Clostridia;o_Oscillospirales;f_Oscillospiraceae;g_Limivicinus;s_Limivicinus_sp002320035	0.16106811	0.5152342	0.11924959	0.03730077	0.4838811	0.3224084	0	0	0	0	0	0	0.38017271	0.46493960999999995	0.51936987	0.39640719999999996	0.28475749	0.21492735000000002	0	0	0	0	0	0
d_Bacteria;p_Bacillota_A;c_Clostridia;o_Oscillospirales;f_Oscillospiraceae;g_UBA2658;s_UBA2658_sp012516225	1.02867973	1.19229516	0.67707039	0.83808477	1.71776435	2.2037172	0	0	0	0	0	0	0	0	0	0	0	0	0	0	0	0	0	0
d_Bacteria;p_Bacillota_A;c_Clostridia;o_Oscillospirales;f_Oscillospiraceae;g_UBA2658;s_UBA2658_sp023386265	3.1689079700000002	2.67366434	2.97500015	3.94991722	2.24602572	4.06770766	0	0	0	0	0	0	0	0	0	0	0	0	0	0	0	0	0	0
d_Bacteria;p_Bacillota_A;c_Clostridia;o_Oscillospirales;f_Oscillospiraceae;g_WQUU01;s_WQUU01_sp009781925	0.6190533	0.50578785	0.6583883	0.7328193	0.571224	0.711948	0	0	0	0	0	0	0	0	0	0	0	0	0	0	0	0	0	0
d_Bacteria;p_Bacillota_A;c_Clostridia;o_Oscillospirales;f_Oscillospiraceae;g_WRJA01;s_WRJA01_sp009782435	0.96592895	0.6184499400000001	1.0610422000000002	0.70262086	0.8111101999999999	2.07704453	0	0	0	0	0	0	0	0	0	0	0	0	0	0	0	0	0	0
d_Bacteria;p_Bacillota_A;c_Clostridia;o_Oscillospirales;f_Oscillospiraceae;g_unclassify_f_Oscillospiraceae;s_unclassify_f_Oscillospiraceae	0.791097444	0.852908362	0.86074334	0.444880755	0.6698872950000001	0.708930434	0	0	0	0	0	0	0.325311	0.3910991	0.33113202	0.33024427	0.4368634	0.34525633	0	0	0	0	0	0
d_Bacteria;p_Bacillota_A;c_Clostridia;o_Oscillospirales;f_QAKW01;g_HGM12957;s_HGM12957_sp900760695	0.7344492	0.6708307499999999	0.8383635899999999	1.4919798599999998	0.060977488999999996	0.25471619	0	0	0	0	0	0	0	0	0	0	0	0	0	0	0	0	0	0
d_Bacteria;p_Bacillota_A;c_Clostridia;o_Oscillospirales;f_QAKW01;g_QAKW01;s_unclassify_g_QAKW01	0.27716342	0.14010759	0.30352148	0.13186139	0.09873362	0.07583407	0	0	0	0	0	0	0	0	0	0	0	0	0	0	0	0	0	0
d_Bacteria;p_Bacillota_A;c_Clostridia;o_Oscillospirales;f_Ruminococcaceae;g_FB2012;s_FB2012_sp900543145	1.06802578	0.36147952000000005	0.221443835	0.83806559	0.17084305900000002	0.191590685	0	0	0	0	0	0	0	0	0	0	0	0	0	0	0	0	0	0
d_Bacteria;p_Bacillota_A;c_Clostridia;o_Oscillospirales;f_Ruminococcaceae;g_FB2012;s_FB2012_sp947177715	0.6929082	0.9674092	0.19271208	0.16011734	1.8117641	1.3204052	0	0	0	0	0	0	0	0	0	0	0	0	0	0	0	0	0	0
d_Bacteria;p_Bacillota_A;c_Clostridia;o_Oscillospirales;f_Ruminococcaceae;g_JAAYCI01;s_JAAYCI01_sp012729855	4.6154917	6.4045857999999996	8.6419759	5.3265595	5.4271726000000005	6.086721900000001	0	0	0	0	0	0	2.11391992	2.8332112	3.9483664700000003	4.47449192	3.8504309	4.9373225000000005	2.63525683	2.87203764	1.31914691	0.75858031	3.24268138	3.21460482
d_Bacteria;p_Bacillota_A;c_Clostridia;o_Oscillospirales;f_Ruminococcaceae;g_JAAYCI01;s_JAAYCI01_sp030266915	0.7719355999999999	0.9093834199999999	0.7364988	0.82053703	0.65358021	0.56620779	2.9720911	0.8762703700000001	1.60460037	1.10640195	1.7570637	2.9077709	8.40796697	8.60240866	9.13616815	7.0314044	9.022384259999999	10.02351394	16.579316903	12.97049436	11.688462693	9.758679787	18.6639922	13.26492429
d_Bacteria;p_Bacillota_A;c_Clostridia;o_Oscillospirales;f_Ruminococcaceae;g_JAAYCI01;s_unclassify_g_JAAYCI01	0.5850663	0.63606364	3.6149495	0.8646844	0.30504787	0.40952763	7.940703689999999	6.93840943	9.09411838	4.14249478	8.97282668	6.71189103	5.80815518	6.58898721	7.74936563	5.85162853	8.23834282	7.85385895	0.9767809000000001	1.4202165	0.68330285	0.90759811	1.2802684700000002	1.00723736
d_Bacteria;p_Bacillota_A;c_Clostridia;o_Oscillospirales;f_Ruminococcaceae;g_JAITEB01;s_JAITEB01_sp031282245	0.101665504	0.26487985	0.8894234	0.3178449	0.17149454	0.32321003	0.07976089	0.10314879	0.27756652	0.09867658	0.3095749	0.24233438	0	0	0	0	0	0	0	0	0	0	0	0
d_Bacteria;p_Bacillota_A;c_Clostridia;o_Oscillospirales;f_Ruminococcaceae;g_Massiliimalia;s_Massiliimalia_sp900752435	0.10066388	0.078680985	0.09942946	0.111075275	0.11158618	0.048223116	0	0	0	0	0	0	0.24168168	0.20074865	0.058146883	0.107713096	0.16502869	0.12582986	0	0	0	0	0	0
d_Bacteria;p_Bacillota_A;c_Clostridia;o_Oscillospirales;f_Ruminococcaceae;g_Massilioclostridium;s_Massilioclostridium_facile	0.06644472	0.08026252	0.14006725	0.07553871	0.11382913	0.1431051	0	0	0	0	0	0	0	0	0	0	0	0	0.07290555	0.117240466	0.33555138	0.12511846	0.56535023	0.10349662
d_Bacteria;p_Bacillota_A;c_Clostridia;o_Oscillospirales;f_Ruminococcaceae;g_RUG12519;s_RUG12519_sp910577565	0.022680098	0.10045443	0.054404754	0.017726628	0.1114947	0.08395604	0	0	0	0	0	0	0.43427262	0.10534343	0.084496774	0.11932582	0.12123891	0.05587112	0.08310146	0.056694377	0.6629633	0.19609776	0.10449972	0.17117332
d_Bacteria;p_Bacillota_A;c_Clostridia;o_Oscillospirales;f_Ruminococcaceae;g_Ruminiclostridium_E;s_Ruminiclostridium_E_sp009782265	0.7753191	1.3576424	0.95153934	1.4233615	0.49243432	1.2548083	0	0	0	0	0	0	0	0	0	0	0	0	0	0	0	0	0	0
d_Bacteria;p_Bacillota_A;c_Clostridia;o_Oscillospirales;f_Ruminococcaceae;g_Ruminiclostridium_E;s_Ruminiclostridium_E_sp947594425	0.102613665	0.0730439	0.19340251	0.08020222	0.096084744	0.20077795	0	0	0	0	0	0	0	0	0	0	0	0	0	0	0	0	0	0
d_Bacteria;p_Bacillota_A;c_Clostridia;o_Oscillospirales;f_Ruminococcaceae;g_Ruminococcus;s_Ruminococcus_sp016295545	2.24726178	2.0372166600000003	0.86152104	0.58075467	2.12300429	0.6166544700000001	0	0	0	0	0	0	0	0	0	0	0	0	0	0	0	0	0	0
d_Bacteria;p_Bacillota_A;c_Clostridia;o_Oscillospirales;f_Ruminococcaceae;g_Ruminococcus;s_Ruminococcus_sp017461395	0.6602785	0.39368266	0.3790456	0.49622127	0.45775598	0.18174723	0	0	0	0	0	0	0	0	0	0	0	0	0	0	0	0	0	0
d_Bacteria;p_Bacillota_A;c_Clostridia;o_Oscillospirales;f_Ruminococcaceae;g_Ruminococcus;s_Ruminococcus_sp017463375	0.36570954	0.2854561	0.17257574	0.74973565	0.08841718	0.08877154	0	0	0	0	0	0	0	0	0	0	0	0	0	0	0	0	0	0
d_Bacteria;p_Bacillota_A;c_Clostridia;o_Oscillospirales;f_Ruminococcaceae;g_Ruminococcus;s_Ruminococcus_sp947175655	0.7225625	0.5754977	0.84728766	0.54671475	0.70004657	0.33801373	0	0	0	0	0	0	0	0	0	0	0	0	0	0	0	0	0	0
d_Bacteria;p_Bacillota_A;c_Clostridia;o_Oscillospirales;f_Ruminococcaceae;g_Ruminococcus_C;s_Ruminococcus_C_sp949291345	0.49936731	0.37818893600000003	0.283261409	1.7948314499999998	0.33042524	0.246845029	0	0	0	0	0	0	0	0	0	0	0	0	0	0	0	0	0	0
d_Bacteria;p_Bacillota_A;c_Clostridia;o_Oscillospirales;f_Ruminococcaceae;g_WRAV01;s_unclassify_g_WRAV01	0.15345252	0.49559322	0.43967545	0.33982357	0.26193324	0.05680435	1.02393422	0.468042005	1.3748413099999999	0.34190612	0.613068614	1.08384291	0.46939725	0.13891046	0.10291002	0.17701702	0.18080659	0.015906936	0	0	0	0	0	0
d_Bacteria;p_Bacillota_A;c_Clostridia;o_Oscillospirales;f_SIG627;g_RGIG5579;s_RGIG5579_sp947589595	0.08525148	0.3209555	0.1227001	0.21322273	0.09778848	0.20197111	0	0	0	0	0	0	0	0	0	0	0	0	0	0	0	0	0	0
d_Bacteria;p_Bacillota_A;c_Clostridia;o_Oscillospirales;f_SIG627;g_SIG627;s_SIG627_sp015065085	0.26294738	0.2634313	0.35041985	0.2544513	0.15388572	0.16686273	0	0	0	0	0	0	0	0	0	0	0	0	0	0	0	0	0	0
d_Bacteria;p_Bacillota_A;c_Clostridia;o_Oscillospirales;f_UBA929;g_WRMG01;s_WRMG01_sp009777435	1.69460847	2.6960178	1.32457	0.36870217	0.7255411599999999	0.83118921	0	0	0	0	0	0	0	0	0	0	0	0	0	0	0	0	0	0
d_Bacteria;p_Bacillota_A;c_Clostridia;o_Oscillospirales;f_UMGS1384;g_Allobutyricicoccus;s_Allobutyricicoccus_sp015067705	0.1424647	0.19718844	0.24206759	0.23661801	0.3064036	0.3164213	0	0	0	0	0	0	0	0	0	0	0	0	0	0	0	0	0	0
d_Bacteria;p_Bacillota_A;c_Clostridia;o_Oscillospirales;f_unclassify_o_Oscillospirales;g_unclassify_o_Oscillospirales;s_unclassify_o_Oscillospirales	0.28756389	0.46446672	0.50814325	0.40291518	0.26503271	0.4966148	0	0	0	0	0	0	0.89244105	1.03933379	1.44310069	0.82253313	1.39101136	1.45576182	0	0	0	0	0	0
d_Bacteria;p_Bacillota_A;c_Clostridia;o_Peptostreptococcales;f_Anaerovoracaceae;g_Hominibacterium;s_Hominibacterium_faecale	0.17240497	0.3075668	0.1531715	0.15720919	0.078475654	0.09927558	0	0	0	0	0	0	0	0	0	0	0	0	0	0	0	0	0	0
d_Bacteria;p_Bacillota_A;c_Clostridia;o_Peptostreptococcales;f_Anaerovoracaceae;g_JAILLO01;s_JAILLO01_sp024693105	0.8498722	0.59299755	0.6562826	0.31392923	1.545267	1.1808335	0	0	0	0	0	0	0	0	0	0	0	0	0	0	0	0	0	0
d_Bacteria;p_Bacillota_A;c_Clostridia;o_Peptostreptococcales;f_Anaerovoracaceae;g_Lentihominibacter;s_Lentihominibacter_sp030536355	1.8278085	2.0368173	4.3984885	3.0482962	0.99679196	1.4480298	0	0	0	0	0	0	0	0	0	0	0	0	0	0	0	0	0	0
d_Bacteria;p_Bacillota_A;c_Clostridia;o_Peptostreptococcales;f_Anaerovoracaceae;g_Lentihominibacter;s_unclassify_g_Lentihominibacter	0.3145538	0.32342586	0.14971207	0.14048785	0.2024965	0.5267528	0	0	0	0	0	0	0	0	0	0	0	0	0	0	0	0	0	0
d_Bacteria;p_Bacillota_A;c_Clostridia;o_Peptostreptococcales;f_Anaerovoracaceae;g_MT110;s_MT110_sp927441425	0.81494635	0.947507	1.3451464	0.76889896	0.6629386	1.2971936	0	0	0	0	0	0	0	0	0	0	0	0	0	0	0	0	0	0
d_Bacteria;p_Bacillota_A;c_Clostridia;o_Peptostreptococcales;f_Anaerovoracaceae;g_unclassify_f_Anaerovoracaceae;s_unclassify_f_Anaerovoracaceae	0.15072663	0.06675963	0.15065077	0.06479396	0.11731976	0.07253383	0	0	0	0	0	0	0	0	0	0	0	0	0.5040015	0.15845414	0.3076293	0.20926301	0.09465049	0.090509795
d_Bacteria;p_Bacillota_A;c_Clostridia;o_Peptostreptococcales;f_Peptostreptococcaceae;g_Romboutsia;s_Romboutsia_timonensis	0.76978236	0.6491188	0.729149	0.7081052	0.49971175	0.74526596	0	0	0	0	0	0	0	0	0	0	0	0	0	0	0	0	0	0
d_Bacteria;p_Bacillota_A;c_Clostridia;o_Peptostreptococcales;f_Peptostreptococcaceae;g_Romboutsia_A;s_Romboutsia_A_weinsteinii	0.059214048	0.20981614	0.09942946	0.0833065	0.22802386	0.14028528	0	0	0	0	0	0	0.34035294	0.57929242	0.28493957999999997	0.249974775	0.166600375	0.2729254	0	0	0	0	0	0
d_Bacteria;p_Bacillota_A;c_Clostridia;o_Peptostreptococcales;f_Peptostreptococcaceae;g_unclassify_f_Peptostreptococcaceae;s_unclassify_f_Peptostreptococcaceae	0.4026555	0.22948638	0.2746147	0.30082908	0.48515734	0.42962396	0	0	0	0	0	0	0	0	0	0	0	0	0	0	0	0	0	0
d_Bacteria;p_Bacillota_A;c_Clostridia;o_UBA1212;f_SIG427;g_SIG427;s_SIG427_sp902465325	0.13189535	0.07966221	0.17257574	0.08434526	0.083505034	0.07545576	0	0	0	0	0	0	0	0	0	0	0	0	0	0	0	0	0	0
d_Bacteria;p_Bacillota_A;c_Clostridia;o_UBA1381;f_UBA1381;g_HGM11525;s_HGM11525_sp944391635	0.16888246	0.15400258	0.11915092	0.13976222	0.31743714	0.08825796	0	0	0	0	0	0	0	0	0	0	0	0	0	0	0	0	0	0
d_Bacteria;p_Bacillota_A;c_Clostridia;o_UBA1381;f_UBA1381;g_Hominilimicola;s_Hominilimicola_sp910585795	0.11278444	0.13145883	0.09492856	0.10207042	0.1896784	0.048342098	0	0	0	0	0	0	0	0	0	0	0	0	0	0	0	0	0	0
d_Bacteria;p_Bacillota_A;c_Clostridia;o_UBA1381;f_UBA1381;g_UBA1381;s_UBA1381_sp002305435	0.4808179	0.24319911	0.5221071	0.9325531	0.11186171	0.1230527	0	0	0	0	0	0	0	0	0	0	0	0	0	0	0	0	0	0
d_Bacteria;p_Bacillota_B;c_Dehalobacteriia;o_UBA4068;f_UBA4068;g_CALXSV01;s_CALXSV01_sp944390945	1.4225455	1.4097027999999998	1.0295783	0.54826872	5.0240701	8.5031537	0	0	0	0	0	0	0	0	0	0	0	0	0	0	0	0	0	0
d_Bacteria;p_Bacillota_B;c_Dehalobacteriia;o_UBA7702;f_UBA7702;g_Cryptoclostridium;s_Cryptoclostridium_obscurum	0.10377375	0.38941163	0.20744273	0.081108935	0.4109525	0.36707157	0	0	0	0	0	0	0	0	0	0	0	0	0	0	0	0	0	0
d_Bacteria;p_Bacillota_C;c_Negativicutes;o_Acidaminococcales;f_Acidaminococcaceae;g_Phascolarctobacterium;s_Phascolarctobacterium_faecium	0.106848575	0.17746952	0.1281535	0.03711653	0.13617939	0.05713163	0.40090942	0.13583748	0.9046971	0.16131485	0.20881964	0.11504763	0	0	0	0	0	0	0.26526815	0.3595244	0.09326398	0.19561361	0.054051228	0.11998698
d_Bacteria;p_Bacillota_C;c_Negativicutes;o_Acidaminococcales;f_JAISLQ01;g_JAISLQ01;s_JAISLQ01_sp031275255	0.5160613	0.6480889	0.6390904	0.7427563	0.7734573	0.5544619	0	0	0	0	0	0	0	0	0	0	0	0	0	0	0	0	0	0
d_Bacteria;p_Bacillota_C;c_Negativicutes;o_Acidaminococcales;f_JAISLQ01;g_JAISLQ01;s_JAISLQ01_sp031290885	0.07632032	0.051193126	0.128505585	0.095786698	0.30123292	0.0	1.0404259	1.50124882	0.8311550000000001	1.23111679	1.2642577	1.14265909	1.073706413	1.3585395200000001	0.851281653	0.64811395	0.95163593	0.9056295360000001	0.94444245	1.2719483	1.4390236	0.6314009	0.37057027	0.83187926
d_Bacteria;p_Bacillota_I;c_Bacilli_A;o_Acholeplasmatales;f_JAEDCM01;g_JAEDCM01;s_JAEDCM01_sp016294165	0.1879419	0.22544985	0.11896993	0.061206024	0.07699303	0.06957147	0	0	0	0	0	0	0	0	0	0	0	0	0	0	0	0	0	0
d_Bacteria;p_Bacillota_I;c_Bacilli_A;o_Erysipelotrichales;f_Erysipelotrichaceae;g_Breznakia;s_Breznakia_sp001695645	0.27562824	0.7290948	0.77136976	0.15558806	0.15055323	0.06802054	0	0	0	0	0	0	0.9050647	2.174372	1.8733572	0.5693324	1.9341903	1.9869304	0	0	0	0	0	0
d_Bacteria;p_Bacillota_I;c_Bacilli_A;o_Erysipelotrichales;f_Erysipelotrichaceae;g_RGIG1896;s_RGIG1896_sp944327135	0.171042016	0.0	0.033431347	0.09952143199999999	0.24135130700000001	0.15758539	0	0	0	0	0	0	0.85741764	0.30088639	0.27833974	0.22090424	0.29010027	0.23480535600000002	0	0	0	0	0	0
d_Bacteria;p_Bacillota_I;c_Bacilli_A;o_Erysipelotrichales;f_Erysipelotrichaceae;g_UBA6182;s_UBA6182_sp012511085	0.33919123	0.25697947	0.33307222	0.26976097	0.6825828	0.118951775	0	0	0	0	0	0	0	0	0	0	0	0	0	0	0	0	0	0
d_Bacteria;p_Bacillota_I;c_Bacilli_A;o_JAJDGJ01;f_JAJDGJ01;g_JAJDGJ01;s_JAJDGJ01_sp029893765	0.40796682	0.41947365	0.14562897	0.18790247	0.09550244	0.03236127	0	0	0	0	0	0	0.22165790000000002	0.128994748	0.200770524	0.146116683	0.16649134	0.20969293	0.20667696400000002	0.5050617399999999	0.575086626	0.320141299	0.45751716200000003	0.91518398
d_Bacteria;p_Bacteroidota;c_Bacteroidia;o_Bacteroidales;f_Azobacteroidaceae;g_JAJBTS01;s_JAJBTS01_sp020860885	1.3721193	1.1043967	0.17517376	0.72547495	0.93054795	0.71280193	0	0	0	0	0	0	0.9457212100000001	0.30080619	0.7822427999999999	0.88225521	0.60407621	0.50192645	0.3381454	0.6865867	0.89344902	0.46056808000000005	0.4049678	0.62300909
d_Bacteria;p_Bacteroidota;c_Bacteroidia;o_Bacteroidales;f_Dysgonomonadaceae;g_Dysgonomonas;s_Dysgonomonas_sp003523545	0.090934776	0.35871512	0.022722227	0.0444214	0.27939558	0.1220242	1.4976127	2.2710423	1.9666213	9.918843	1.0951399	4.419635	0	0	0	0	0	0	0.43594402	0.17098731	0.057094265	0.7983368	0.13742086	0.2086562
d_Bacteria;p_Bacteroidota;c_Bacteroidia;o_Bacteroidales;f_F082;g_JAISHW01;s_JAISHW01_sp031262365	2.5157356	3.5768638	2.2258232	5.421829	2.4149103	2.5347996	0.22265546	0.1767429	0.037720308	0.067631915	0.06777965	0.11576224	4.985748	5.481572	6.0605035	10.747823	6.3525467	8.169739	0.069509394	0.09145556	0.09597595	0.12674564	0.0874076	0.1915462
d_Bacteria;p_Bacteroidota;c_Bacteroidia;o_Bacteroidales;f_JAQUTK01;g_JAQUTK01;s_JAQUTK01_sp028709785	0.80119115	1.10759214	0.8313832999999999	0.43526919000000003	0.96779154	1.4085015	0.655267	0.60279787	0.2222971	0.06360245	1.3003223	0.25401875	0	0	0	0	0	0	0	0	0	0	0	0
d_Bacteria;p_Bacteroidota;c_Bacteroidia;o_Bacteroidales;f_Marinifilaceae;g_Odoribacter;s_Odoribacter_massiliensis	0.285942046	0.28593323000000004	0.42947587	0.092839111	0.94006097	0.66449705	0	0	0	0	0	0	0	0	0	0	0	0	0	0	0	0	0	0
d_Bacteria;p_Bacteroidota;c_Bacteroidia;o_Bacteroidales;f_Marinilabiliaceae;g_Geofilum;s_Geofilum_rhodophaeum	0.040648848	0.4050936	0.08357833	0.031770956	0.21885969	0.038692825	0	0	0	0	0	0	0	0	0	0	0	0	0	0	0	0	0	0
d_Bacteria;p_Bacteroidota;c_Bacteroidia;o_Bacteroidales;f_Marinilabiliaceae;g_Geofilum;s_Geofilum_sp002411385	0.2729281	0.16718145	0.08357833	0.027232215	5.5190725	0.060188882	0	0	0	0	0	0	0	0	0	0	0	0	0	0	0	0	0	0
d_Bacteria;p_Bacteroidota;c_Bacteroidia;o_Bacteroidales;f_Prolixibacteraceae;g_UBA1413;s_UBA1413_sp009782655	0.25785217	0.64661646	0.18798545	0.15411557	0.6275822	0.38741654	0	0	0	0	0	0	0.22040358	0.45929217	0.17349538	1.472722	1.670209	0.84151185	0	0	0	0	0	0
d_Bacteria;p_Bacteroidota;c_Bacteroidia;o_Bacteroidales;f_Prolixibacteraceae;g_UBA6024;s_UBA6024_sp016788685	0.07483544	2.0301964	0.24683253	0.41674867	0.35256013	0.22161806	0	0	0	0	0	0	0	0	0	0	0	0	0	0	0	0	0	0
d_Bacteria;p_Bacteroidota;c_Bacteroidia;o_Bacteroidales;f_Rikenellaceae;g_Tidjanibacter;s_Tidjanibacter_sp934663885	16.286923435	17.52415187	15.963927550000001	16.94076936	28.47132002	24.995895779999998	3.8339741800000002	7.22562824	7.14744295	2.789346985	7.324294360000001	2.71026906	2.19949132	1.49487515	1.90427897	1.736258116	1.3124842559999998	1.7475569499999999	3.2390668639999998	2.706739637	9.282691721	3.601264281	4.149993292	2.4527931439999997
d_Bacteria;p_Bacteroidota;c_Bacteroidia;o_Bacteroidales;f_Rikenellaceae;g_UBA940;s_UBA940_sp002293535	0.11053298	0.045897275	0.22095434	0.25917584	0.06792201	0.11252058	0	0	0	0	0	0	0	0	0	0	0	0	0	0	0	0	0	0
d_Bacteria;p_Bacteroidota;c_Bacteroidia;o_Bacteroidales;f_Rikenellaceae;g_UBA940;s_UBA940_sp031285345	5.60408845	7.3770145	5.95471892	4.0808895199999995	3.82667009	2.95242039	0	0	0	0	0	0	0	0	0	0	0	0	0	0	0	0	0	0
d_Bacteria;p_Bacteroidota;c_Bacteroidia;o_Bacteroidales;f_Rikenellaceae;g_UBA940;s_unclassify_g_UBA940	0.08647812	0.15321109	0.14290504	0.2613511	0.075577475	0.08109718	0	0	0	0	0	0	0	0	0	0	0	0	0	0	0	0	0	0
d_Bacteria;p_Bacteroidota;c_Bacteroidia;o_Bacteroidales;f_Rikenellaceae;g_unclassify_f_Rikenellaceae;s_unclassify_f_Rikenellaceae	0.497570974	0.29425843	1.33530643	0.24067001999999998	0.18559175	0.29271439	1.7445896	6.4372005	4.364185	0.33510527	6.9348106	0.3873545	1.5247321600000001	1.3786987000000002	1.9314201	1.7687748	1.53146738	1.8692397500000002	0.12589875	0.020450484	0.075114585	0.0	0.18568057	0.12849568
d_Bacteria;p_Bacteroidota;c_Bacteroidia;o_Bacteroidales;f_Salinivirgaceae;g_JAAYQU01;s_JAAYQU01_sp028709085	0.12080864	0.18727936	0.17387652	0.13219266	0.5048072	0.035776276	0	0	0	0	0	0	0	0	0	0	0	0	0.1124723	0.049327727	0.051765956	0.09651105	0.031429697	0.056352515
d_Bacteria;p_Bacteroidota;c_Bacteroidia;o_Bacteroidales;f_UBA932;g_JAGCJX01;s_JAGCJX01_sp017647795	0.13099216	0.18770814	0.32654497	0.25896806	0.32197636	0.35939687	0	0	0	0	0	0	0	0	0	0	0	0	0	0	0	0	0	0
d_Bacteria;p_Bacteroidota;c_Bacteroidia;o_Bacteroidales;f_UBA932;g_unclassify_f_UBA932;s_unclassify_f_UBA932	4.5228814	3.63516255	4.549008199999999	6.8446538100000005	8.44507085	9.264382375	0	0	0	0	0	0	0.63199675	0.5528035	0.9725561	1.8378749	0.702712	0.8681515	0	0	0	0	0	0
d_Bacteria;p_Bacteroidota;c_Bacteroidia;o_Bacteroidales;f_WCHB1-69;g_JAGVVH01;s_JAGVVH01_sp030267125	8.4050073	8.3798619	6.928800679999999	2.240683794	7.441067493	7.11043095	0	0	0	0	0	0	2.75395842	4.824924655	7.31194431	4.04504439	7.471463141999999	6.842410245	1.934920935	5.631737819	1.039162318	3.8074275539999998	2.8637511989999997	2.544263748
d_Bacteria;p_Bacteroidota;c_Bacteroidia;o_Bacteroidales;f_WCHB1-69;g_JAGVVH01;s_JAGVVH01_sp031285725	0.23265386	0.057248235	0.12401959	2.9094565	0.13237496	0.038276773	0	0	0	0	0	0	0.17251354	0.4756397	0.6696231	0.2631215	0.33402362	0.7650648	0	0	0	0	0	0
d_Bacteria;p_Bacteroidota;c_Bacteroidia;o_Bacteroidales;f_WCHB1-69;g_JAGVVH01;s_JAGVVH01_sp937949745	0.30715638	0.25508517	0.24087816	0.06463473	0.15970847	0.78279257	0.03538052	0.05092725	0.061137185	0.20705672	0.12816706	0.32801442199999997	1.0847053	1.3902014500000002	1.21145554	2.27882038	1.85552106	1.7114784799999998	0.473025837	0.7274544629999999	1.11797039	0.473053143	1.127734502	0.571349953
d_Bacteria;p_Bacteroidota;c_Bacteroidia;o_Bacteroidales;f_WRLA01;g_WRLA01;s_WRLA01_sp031254805	2.63288057	1.44852154	1.05519134	1.4399492999999999	5.952307429999999	3.263587715	0	0	0	0	0	0	0.520033228	0.8210488739999999	0.6910597	2.902817245	1.656272615	2.2484242649999997	4.4008765	1.721353	3.0756812	2.393347	1.3381948	1.9034263
d_Bacteria;p_Bacteroidota;c_Bacteroidia;o_Flavobacteriales_B;f_Blattabacteriaceae;g_Blattabacterium;s_Blattabacterium_cuenoti_L	0.21597038	0.17621091	0.22267798	0.14214848	0.12572801	0.1262319	0	0	0	0	0	0	0	0	0	0	0	0	0	0	0	0	0	0
d_Bacteria;p_Bdellovibrionota;c_UBA2361;o_SZUA-149;f_JADZAE01;g_JAITKM01;s_JAITKM01_sp031278395	0.0843541	0.08184058799999999	0.22515190000000002	0.043953814	0.11255643	0.037768328000000004	0	0	0	0	0	0	0	0	0	0	0	0	0	0	0	0	0	0
d_Bacteria;p_Campylobacterota;c_Campylobacteria;o_Campylobacterales;f_Arcobacteraceae;g_Aliarcobacter;s_Aliarcobacter_defluvii	0.14611730499999998	0.212378437	0.31761571499999997	0.207635368	0.142040014	0.323205556	0	0	0	0	0	0	0	0	0	0	0	0	0	0	0	0	0	0
d_Bacteria;p_Campylobacterota;c_Campylobacteria;o_Campylobacterales;f_Campylobacteraceae;g_JAIRQK01;s_JAIRQK01_sp031256525	0.22612725	0.1251951	0.09040524	0.04651054	0.1852725	0.14538544	0	0	0	0	0	0	0.177098205	0.40367030000000004	0.183899956	0.264323678	0.154291837	0.297801382	0	0	0	0	0	0
d_Bacteria;p_Desulfobacterota;c_Desulfarculia;o_Adiutricales;f_Adiutricaceae;g_Adiutrix;s_Adiutrix_sp023525915	2.98649388	3.26721912	6.2673831	4.7407886999999995	1.7351652199999998	2.8983406499999997	1.0593235189999999	1.6207804110000001	1.59355699	0.93821024	1.779915	2.513365506	3.46905455	1.75128601	2.06446652	1.7584761700000002	2.70112824	1.7111980299999998	0	0	0	0	0	0
d_Bacteria;p_Desulfobacterota;c_Desulfovibrionia;o_Desulfovibrionales;f_Desulfovibrionaceae;g_FLUQ01;s_FLUQ01_sp900079685	0.50895221	0.63473686	0.6407413900000001	0.35534261	0.39346740999999996	0.36870287	12.36899983	8.28542163	8.3591008	6.805783349	10.84737102	13.767134986	13.36492816	21.7560584	14.6559692	10.25286078	13.54480228	15.766335309999999	9.09646683	4.66929181	9.94071732	6.13169366	19.06767859	10.3934317
d_Bacteria;p_Desulfobacterota;c_Desulfovibrionia;o_Desulfovibrionales;f_Desulfovibrionaceae;g_Frigididesulfovibrio;s_unclassify_g_Frigididesulfovibrio	1.52783372	0.928812	1.8444524	1.75609744	4.7862816	1.26420736	0	0	0	0	0	0	0.089160465	0.1286298	0.12768407	0.15575165	0.083135225	0.14221737	4.27501917	4.399714550000001	2.8945614	2.41883298	4.5458008	2.8709788
d_Bacteria;p_Fibrobacterota;c_Chitinivibrionia;o_Chitinivibrionales;f_WRFX01;g_JAIFMU01;s_unclassify_g_JAIFMU01	0.3442752	0.18737671	0.18196557	0.2280369	0.18645583	0.1857631	0	0	0	0	0	0	0	0	0	0	0	0	0	0	0	0	0	0
d_Bacteria;p_JAAYKD01;c_JAAYKD01;o_JAAYKD01;f_WRDA01;g_WREE01;s_WREE01_sp009779515	0.16737337	0.10109025	0.09733184	0.07135538	0.249334	0.15770999	0	0	0	0	0	0	0	0	0	0	0	0	0.07646034	0.2692857	0.031991996	0.16402371	0.053415805	0.1509152
d_Bacteria;p_Planctomycetota;c_SZUA-567;o_SZUA-567;f_SZUA-567;g_JAJBSZ01;s_JAJBSZ01_sp020861125	1.18555592	1.47476188	1.34575793	1.41660847	1.59721744	1.22437451	0	0	0	0	0	0	13.55319746	7.58611495	7.37169876	4.11572872	5.701096946	5.0267744	0	0	0	0	0	0
d_Bacteria;p_Planctomycetota;c_SZUA-567;o_SZUA-567;f_SZUA-567;g_JAJBSZ01;s_unclassify_g_JAJBSZ01	0.66097903	0.77076155	0.8418843	0.9143677	0.6326166	0.8141494	4.64606956	4.64754071	3.15922937	5.14644862	4.326717154	12.488239700000001	4.556501470000001	3.009858714	1.6210906600000001	0.9208708299999999	0.962460496	0.830401766	2.0234081	9.11115581	1.809051146	5.256256710000001	5.2161419	2.51423105
d_Bacteria;p_Pseudomonadota;c_Alphaproteobacteria;o_RF32;f_CAG-977;g_UBA11549;s_UBA11549_sp944391535	0.10230178	0.12460619	0.11452012	0.095950134	0.067054935	0.06816522	0	0	0	0	0	0	0	0	0	0	0	0	0	0	0	0	0	0
d_Bacteria;p_Pseudomonadota;c_Alphaproteobacteria;o_Rhizobiales;f_Rhizobiaceae;g_Ochrobactrum;s_Ochrobactrum_intermedium	1.14187476	1.550039312	1.3031780240000002	0.9641373120000001	0.9453849910000001	7.9594301000000005	0	0	0	0	0	0	0	0	0	0	0	0	0	0	0	0	0	0
d_Bacteria;p_Pseudomonadota;c_Alphaproteobacteria;o_Rhodobacterales;f_Rhodobacteraceae;g_Paracoccus;s_Paracoccus_sp030538705	0.12889062	0.19856735	0.22404465	0.10074032	0.08723788	0.18255082	0	0	0	0	0	0	0	0	0	0	0	0	0	0	0	0	0	0
d_Bacteria;p_Pseudomonadota;c_Gammaproteobacteria;o_Burkholderiales;f_Burkholderiaceae;g_Advenella;s_Advenella_sp023387815	1.14087681	0.332036284	0.41839018000000006	0.37908593199999996	0.4982047	2.25005155	0	0	0	0	0	0	0	0	0	0	0	0	0	0	0	0	0	0
d_Bacteria;p_Pseudomonadota;c_Gammaproteobacteria;o_Burkholderiales;f_Casimicrobiaceae;g_UBA931;s_UBA931_sp002293615	0.49190022899999997	0.544904896	3.86112468	0.512840755	0.508453934	0.351481243	0	0	0	0	0	0	0	0	0	0	0	0	0	0	0	0	0	0
d_Bacteria;p_Pseudomonadota;c_Gammaproteobacteria;o_Burkholderiales;f_Rhodocyclaceae;g_JAEWVQ01;s_JAEWVQ01_sp023459095	0.24706075	0.14730668	1.8045338	0.20052841	0.12456842	0.20753415	0	0	0	0	0	0	0	0	0	0	0	0	0	0	0	0	0	0
d_Bacteria;p_Pseudomonadota;c_Gammaproteobacteria;o_Burkholderiales;f_Rhodocyclaceae;g_Sulfuritalea;s_unclassify_g_Sulfuritalea	0.15084484	0.14093176	0.1432303	0.11053086	0.15062706	0.1710072	0	0	0	0	0	0	0	0	0	0	0	0	0	0	0	0	0	0
d_Bacteria;p_Pseudomonadota;c_Gammaproteobacteria;o_Enterobacterales;f_Enterobacteriaceae;g_JANEWG01;s_unclassify_g_JANEWG01	0.12384703	0.072601095	0.040776122	1.2583772	0.023875633	0.07550961	0	0	0	0	0	0	0	0	0	0	0	0	0	0	0	0	0	0
d_Bacteria;p_Pseudomonadota;c_Gammaproteobacteria;o_Enterobacterales;f_Enterobacteriaceae;g_Pseudocitrobacter;s_Pseudocitrobacter_faecalis	3.4550205600000004	1.87912518	1.47166671	1.8107040799999998	2.30897429	9.24094926	0	0	0	0	0	0	0	0	0	0	0	0	6.92342902	1.8053850599999999	0.74178308	2.12008951	0.66952157	0.383657272
d_Bacteria;p_Pseudomonadota;c_Gammaproteobacteria;o_Enterobacterales;f_Enterobacteriaceae;g_Serratia;s_Serratia_marcescens	1.8607508	0.7087795	0.79153657	0.20360938	0.40858355	0.96983594	0	0	0	0	0	0	0	0	0	0	0	0	0	0	0	0	0	0
d_Bacteria;p_Pseudomonadota;c_Gammaproteobacteria;o_Enterobacterales;f_Enterobacteriaceae;g_Serratia;s_Serratia_nematodiphila	4.3926576	0.8216178	0.47464236	0.324770064	0.462037056	0.37355292	4.145544	0.035239153	0.37603492	0.033711296	0.32940254	0.038467944	0	0	0	0	0	0	0	0	0	0	0	0
d_Bacteria;p_Pseudomonadota;c_Gammaproteobacteria;o_Pseudomonadales;f_Pseudomonadaceae;g_Entomomonas;s_Entomomonas_sp025985425	0.5892971300000001	0.1335792	0.71049249	0.276612955	0.082479368	0.47891799	0	0	0	0	0	0	0	0	0	0	0	0	0	0	0	0	0	0
d_Bacteria;p_Pseudomonadota;c_Gammaproteobacteria;o_Pseudomonadales;f_Pseudomonadaceae;g_Pseudomonas;s_Pseudomonas_aeruginosa	12.9986712	22.5435906	1.09600802	0.89769776	2.41030346	1.16048372	0	0	0	0	0	0	0	0	0	0	0	0	0	0	0	0	0	0
d_Bacteria;p_Spirochaetota;c_Spirochaetia;o_Sphaerochaetales;f_Sphaerochaetaceae;g_Ornithospirochaeta;s_Ornithospirochaeta_sp949285905	0.263689493	0.72198829	0.277946675	0.18296015000000002	0.64153351	0.712886497	0	0	0	0	0	0	0	0	0	0	0	0	0	0	0	0	0	0
d_Bacteria;p_Spirochaetota;c_Spirochaetia;o_Sphaerochaetales;f_Sphaerochaetaceae;g_Spiro-02;s_Spiro-02_sp023401595	0.23557688	0.94308513	1.2074765	0.34936643	0.38602912	0.21912971	0	0	0	0	0	0	0	0	0	0	0	0	0	0	0	0	0	0
d_Bacteria;p_Spirochaetota;c_Spirochaetia;o_Treponematales;f_Treponemataceae;g_Teretinema;s_Teretinema_sp003246335	0.53338355	0.54781574	0.47594008	0.25980067	0.48768413	0.6924894	0	0	0	0	0	0	0	0	0	0	0	0	0	0	0	0	0	0
d_Bacteria;p_Spirochaetota;c_Spirochaetia;o_WRBN01;f_WRBN01;g_WRBN01;s_WRBN01_sp009784515	0.3187744	0.22796492	0.14868647	0.17129235	0.17412046	0.22617126	0	0	0	0	0	0	0	0	0	0	0	0	0	0	0	0	0	0
d_Bacteria;p_Synergistota;c_Synergistia;o_Synergistales;f_Synergistaceae;g_JAIRKI01;s_JAIRKI01_sp031273805	0.20336717	0.4423335	0.27876294	0.23274928	0.28564182	0.3333897	0	0	0	0	0	0	0	0	0	0	0	0	0	0	0	0	0	0
d_Bacteria;p_Synergistota;c_Synergistia;o_Synergistales;f_Synergistaceae;g_JAIRWR01;s_JAIRWR01_sp031268885	0.24187514	0.3895673	0.67397845	0.44111225	0.2942597	0.3635709	0	0	0	0	0	0	0	0	0	0	0	0	0	0	0	0	0	0
d_Bacteria;p_Synergistota;c_Synergistia;o_Synergistales;f_Synergistaceae;g_JAJDHV01;s_JAJDHV01_sp030266365	2.50798986	5.3709717900000005	5.80928594	3.0121449399999998	2.77221575	3.08357374	0.36964902	0.13604283	0.08871534	0.14460486	0.15216659	0.47027457	10.882495	6.355690864	9.353339834	13.251065539999999	11.03396753	11.31738732	1.036581796	1.32361659	1.21228394	2.13395295	1.27730393	1.16857362
d_Bacteria;p_Synergistota;c_Synergistia;o_Synergistales;f_Synergistaceae;g_JAJDJB01;s_JAJDJB01_sp030266985	3.015929303	1.612392869	3.3662835700000002	1.614581466	7.29511046	4.0136457	0	0	0	0	0	0	0.66254095	1.34600793	4.9024705	1.58437627	1.14267181	1.49106845	4.4716654	1.51214	0.186641815	0.68773342	0.34547567	0.185544284
d_Bacteria;p_Synergistota;c_Synergistia;o_Synergistales;f_Synergistaceae;g_Syner-03;s_Syner-03_sp002316795	0.16116814	0.1338457	0.24699973	0.09972479	0.15405782	0.25355694	0	0	0	0	0	0	0	0	0	0	0	0	0	0	0	0	0	0
d_Bacteria;p_Synergistota;c_Synergistia;o_Synergistales;f_Synergistaceae;g_unclassify_f_Synergistaceae;s_unclassify_f_Synergistaceae	0.2080464	0.6655104	0.27725515	0.22283304	0.33460295	0.41073933	0.29424455	0.163917554	0.29840508	0.111534841	0.36551211	1.6435593000000002	0	0	0	0	0	0	0	0	0	0	0	0
d_Bacteria;p_Verrucomicrobiota;c_Kiritimatiellia;o_LD1-PB3_B;f_Lenti-01;g_CACXEY01;s_unclassify_g_CACXEY01	1.2612594	0.7540271	1.671361	0.5738892	0.5627821	0.9644614	0	0	0	0	0	0	0	0	0	0	0	0	0	0	0	0	0	0
d_Bacteria;p_Verrucomicrobiota;c_Kiritimatiellia;o_RFP12;f_UBA1067;g_DUPH01;s_unclassify_g_DUPH01	0.3928864	0.29002798	0.26179212	0.25589827	0.47518995	0.43631047	0	0	0	0	0	0	0	0	0	0	0	0	0	0	0	0	0	0
d_Bacteria;p_Verrucomicrobiota;c_Lentisphaeria;o_Victivallales;f_Victivallaceae;g_CALXOD01;s_CALXOD01_sp944389925	0.33545443	0.54943347	0.49175197	0.29496324	0.7329256	0.4397933	0	0	0	0	0	0	0	0	0	0	0	0	0	0	0	0	0	0
d_Bacteria;p_Verrucomicrobiota;c_Lentisphaeria;o_Victivallales;f_Victivallaceae;g_CALXXL01;s_CALXXL01_sp944392655	0.07882262	0.22911026	0.27574	0.107812785	0.16952664	0.24801469	0	0	0	0	0	0	0	0	0	0	0	0	0	0	0	0	0	0
d_Bacteria;p_Verrucomicrobiota;c_Lentisphaeria;o_Victivallales;f_Victivallaceae;g_Victivallis;s_Victivallis_lenta	0.14352784	0.15892798	0.18649212	0.05609022	0.0	0.18595648	0	0	0	0	0	0	0	0	0	0	0	0	0	0	0	0	0	0
d_Bacteria;p_Verrucomicrobiota;c_Verrucomicrobiae;o_Verrucomicrobiales;f_Akkermansiaceae;g_Akkermansia;s_Akkermansia_glycaniphila	0.35246919	0.254354193	0.229107234	0.150432395	0.9917909	0.98817674	0	0	0	0	0	0	0	0	0	0	0	0	0.567340962	0.990217294	0.799014876	0.141213177	0.214543526	0.48958261599999997
d_Bacteria;p_Verrucomicrobiota;c_Verrucomicrobiae;o_Verrucomicrobiales;f_Akkermansiaceae;g_Akkermansia;s_Akkermansia_sp002471255	0.08835144	0.33468622	0.24168213	0.33800647	0.041909277	0.16524902	0	0	0	0	0	0	0.09345879	0.09133702	0.08101493	0.059120268	0.06340526	0.055782314	0	0	0	0	0	0
d_Bacteria;p_Verrucomicrobiota;c_Verrucomicrobiae;o_Verrucomicrobiales;f_Akkermansiaceae;g_Akkermansia;s_Akkermansia_sp900545155	2.342765945	7.89452575	2.63133351	2.77302291	3.20345985	2.125574294	0.18154195	1.4698933	0.17427944	0.024036976	0.32520738	0.020571446	0.22010341	0.068656884	0.19982113	0.165261	0.11617344	0.14937893	0	0	0	0	0	0
d_Bacteria;p_unclassify_d_Bacteria;c_unclassify_d_Bacteria;o_unclassify_d_Bacteria;f_unclassify_d_Bacteria;g_unclassify_d_Bacteria;s_unclassify_d_Bacteria	0.22538362	0.03235121	0.21358928	0.28381112	0.21885969	0.08343148	0.16925849	0.10785845	0.16248736	0.09104307	0.17335927	0.6648906	0	0	0	0	0	0	0	0	0	0	0	0
d_Bacteria;p_Pseudomonadota;c_Gammaproteobacteria;o_Enterobacterales;f_Enterobacteriaceae;g_Enterobacter;s_Enterobacter_cloacae_Q	0	0	0	0	0	0	0	0	0	0	0	0	0	0	0	0	0	0	1.47843513	2.14861888	0.526397735	2.29493836	0.95947017	0.38385438
d_Bacteria;p_Bacillota;c_Bacilli;o_Lactobacillales;f_Enterococcaceae;g_HY326;s_HY326_sp029893325	0	0	0	0	0	0	0.31949693	0.08942291	0.34761062	0.109987445	0.06429929	0.11504763	0	0	0	0	0	0	0	0	0	0	0	0
d_Bacteria;p_Bacillota;c_Bacilli;o_Lactobacillales;f_Lactobacillaceae;g_Lapidilactobacillus;s_Lapidilactobacillus_dextrinicus	0	0	0	0	0	0	0.17622972	0.02186793	0.21001615	0.16212824	0.09434445	0.11637392	0	0	0	0	0	0	0	0	0	0	0	0
d_Bacteria;p_Bacillota;c_Bacilli;o_Lactobacillales;f_Streptococcaceae;g_Lactococcus;s_Lactococcus_formosensis	0	0	0	0	0	0	0	0	0	0	0	0	0.74396425	0.21999323	0.1072416	0.12837245	0.097183615	0.07939267	0	0	0	0	0	0
d_Bacteria;p_Bacillota;c_Bacilli;o_Lactobacillales;f_Streptococcaceae;g_Lactococcus;s_Lactococcus_petauri	0	0	0	0	0	0	16.266954	0.3274656	6.3621564	1.501524	0.91749567	0.5731841	0	0	0	0	0	0	0.250458486	0.290116864	0.25417205600000004	0.12471774999999999	0.8109713089999999	0.129968877
d_Bacteria;p_Bacillota_A;c_Clostridia;o_Oscillospirales;f_Acutalibacteraceae;g_Timburyella;s_Timburyella_sp944412495	0	0	0	0	0	0	0.13489868	0.17245826	0.3816904	0.103876926	0.3214965	0.031376626	1.416426	0.3649013	0.9553711	4.1587896	0.6313281	0.29828483	0	0	0	0	0	0
d_Bacteria;p_Fusobacteriota;c_Fusobacteriia;o_Fusobacteriales;f_Fusobacteriaceae;g_Fusobacterium_A;s_Fusobacterium_A_varium_A	0	0	0	0	0	0	0.978673	0.40208601	0.42791340499999997	0.37020211999999997	0.336225675	0.30269612700000004	0.22775211	0.19502656499999999	0.12210820800000001	0.18925619	0.28768474	0.15492902	1.0772383	0.06527836	0.089912735	0.10776263	0.15207331	0.107201114
d_Bacteria;p_Desulfobacterota;c_Desulfovibrionia;o_Desulfovibrionales;f_Desulfovibrionaceae;g_WRHT01;s_WRHT01_sp031275645	0	0	0	0	0	0	0	0	0	0	0	0	0.5301632	1.3111796	10.3844052	6.4668768	1.8204136	9.9596776	6.4143552	0.47884062	0.71188688	0.234215988	0.381372	0.56982512
d_Bacteria;p_Synergistota;c_Synergistia;o_Synergistales;f_Synergistaceae;g_JAITOY01;s_JAITOY01_sp031289775	0	0	0	0	0	0	0	0	0	0	0	0	0.48865992	0.30999058	0.3259582	0.54369515	0.40608844	0.33894545	0	0	0	0	0	0
d_Bacteria;p_Actinomycetota;c_Coriobacteriia;o_Coriobacteriales;f_Eggerthellaceae;g_Raoultibacter;s_Raoultibacter_massiliensis	0	0	0	0	0	0	0	0	0	0	0	0	0	0	0	0	0	0	0.06217225	0.13633649	0.17486997	0.08891524	0.20269221	0.23651265
d_Bacteria;p_Pseudomonadota;c_Gammaproteobacteria;o_Enterobacterales;f_Enterobacteriaceae;g_Serratia;s_unclassify_g_Serratia	0	0	0	0	0	0	1.4752579	0.066175826	0.7571588	0.18288592	0.7507638	1.0835885	0	0	0	0	0	0	0	0	0	0	0	0
d_Bacteria;p_Bacillota_A;c_Clostridia;o_Oscillospirales;f_Acutalibacteraceae;g_Acutalibacter;s_Acutalibacter_sp009917525	0	0	0	0	0	0	0	0	0	0	0	0	0.594785	0.33989	0.46704447	0.5680395	0.45835838	0.40835723	0	0	0	0	0	0
d_Bacteria;p_Bacillota_A;c_Clostridia;o_Christensenellales;f_Pumilibacteraceae;g_Anaerocaecibacter;s_Anaerocaecibacter_sp910578545	0	0	0	0	0	0	0	0	0	0	0	0	0	0	0	0	0	0	0.035302866	0.06709306	0.08124147	0.06058579	0.09865155	0.058959913
d_Bacteria;p_Pseudomonadota;c_Gammaproteobacteria;o_Enterobacterales;f_Enterobacteriaceae;g_Budvicia;s_Budvicia_aquatica	0	0	0	0	0	0	0	0	0	0	0	0	0	0	0	0	0	0	0.16239302	0.09289808	0.19497962	0.19690375	0.36994314	0.3773429
d_Bacteria;p_Pseudomonadota;c_Gammaproteobacteria;o_Enterobacterales;f_Enterobacteriaceae;g_Enterobacillus;s_Enterobacillus_tribolii	0	0	0	0	0	0	18.5282213	0.51153785	5.6907292	5.14028635	12.5022365	19.5441945	0.61828215	1.0721435400000001	1.160472526	1.27027986	0.47640255099999995	0.794186273	0.896616873	1.1232135699999999	0.697805131	0.69953594	1.079088206	0.9362732309999999
d_Bacteria;p_Bacillota_A;c_Clostridia;o_Oscillospirales;f_Oscillospiraceae;g_Evtepia;s_Evtepia_viridis	0	0	0	0	0	0	0	0	0	0	0	0	0	0	0	0	0	0	0.2714648	0.6398369	0.16149093	0.14261654	0.24770315	0.42099375
d_Bacteria;p_Bacillota;c_Bacilli;o_Lactobacillales;f_Lactobacillaceae;g_Lentilactobacillus;s_Lentilactobacillus_senioris	0	0	0	0	0	0	0	0	0	0	0	0	1.0335898	7.997912	0.5683988	0.27054188	0.36296812	0.13009766	7.52087	0.33003643	17.797426	2.6636136	13.878878	20.877087
d_Bacteria;p_Bacillota_A;c_Clostridia;o_Lachnospirales;f_Anaerotignaceae;g_Anaerotignum;s_Anaerotignum_sp947036475	0	0	0	0	0	0	0	0	0	0	0	0	0	0	0	0	0	0	0.15791124499999998	0.17161279699999998	0.60196793	0.14261064099999998	0.195514554	0.248774079
d_Bacteria;p_Bacillota_A;c_Clostridia;o_Lachnospirales;f_Lachnospiraceae;g_Robinsoniella;s_Robinsoniella_sp900539655	0	0	0	0	0	0	0	0	0	0	0	0	0	0	0	0	0	0	1.6391684	0.5135011	0.6140753	0.36799237	0.31576866	1.3733486
d_Bacteria;p_Bacillota_A;c_Clostridia;o_Lachnospirales;f_Lachnospiraceae;g_UBA935;s_UBA935_sp002293475	0	0	0	0	0	0	0	0	0	0	0	0	0	0	0	0	0	0	0.14757356	0.15281665	0.066034734	0.1582886	1.2113807	0.08215508
d_Bacteria;p_Actinomycetota;c_Coriobacteriia;o_Coriobacteriales;f_Eggerthellaceae;g_unclassify_f_Eggerthellaceae;s_unclassify_f_Eggerthellaceae	0	0	0	0	0	0	0	0	0	0	0	0	0.15843071	0.060950547	0.20642008	0.24164228	0.42840102	0.36293763	0	0	0	0	0	0
d_Bacteria;p_Bacillota_A;c_Clostridia;o_Christensenellales;f_Aristaeellaceae;g_JAEWAH01;s_JAEWAH01_sp023391725	0	0	0	0	0	0	0	0	0	0	0	0	0.41160083	0.1653641	0.10182464	0.119199336	0.109576195	0.1859189	0	0	0	0	0	0
d_Bacteria;p_Synergistota;c_Synergistia;o_Synergistales;f_Synergistaceae;g_JAIRKI01;s_unclassify_g_JAIRKI01	0	0	0	0	0	0	0	0	0	0	0	0	0.1773056	0.20740119	0.2575472	0.18794404	0.1439756	0.2279995	0.1663059	0.26338685	0.24451259	0.17838106	0.2952979	0.26039082
d_Bacteria;p_Bacillota_A;c_Clostridia;o_Christensenellales;f_CAG-138;g_unclassify_f_CAG-138;s_unclassify_f_CAG-138	0	0	0	0	0	0	0	0	0	0	0	0	0	0	0	0	0	0	0.27027315	0.5000721	0.34985986	0.15400787	0.27732232	0.13400574
d_Bacteria;p_Bacillota_A;c_Clostridia;o_Clostridiales;f_Clostridiaceae;g_Clostridium;s_Clostridium_sartagoforme_A	0	0	0	0	0	0	0	0	0	0	0	0	0.10707728	0.12689272	0.084080555	0.112488605	0.14362109	0.07075851	0	0	0	0	0	0
d_Bacteria;p_Synergistota;c_Synergistia;o_Synergistales;f_Aminobacteriaceae;g_JAISLU01;s_JAISLU01_sp031274425	0	0	0	0	0	0	0	0	0	0	0	0	0.13841192	0.17363808	0.1470142	0.20651971	0.12656459	0.16702288	0	0	0	0	0	0
d_Bacteria;p_Pseudomonadota;c_Gammaproteobacteria;o_Enterobacterales;f_Enterobacteriaceae;g_Enterobacter;s_Enterobacter_hoffmannii	0	0	0	0	0	0	0	0	0	0	0	0	0	0	0	0	0	0	0.5446417	0.5782799	0.14637907	0.5756591	0.24718072	0.10623245
d_Bacteria;p_Bacteroidota;c_Bacteroidia;o_Bacteroidales;f_Dysgonomonadaceae;g_Dysgonomonas;s_Dysgonomonas_sp010501055	0	0	0	0	0	0	0.8009709	0.102940254	0.21969384	0.042204473	0.40181735	0.16855809	0	0	0	0	0	0	0	0	0	0	0	0
d_Bacteria;p_Pseudomonadota;c_Alphaproteobacteria;o_Acetobacterales;f_Acetobacteraceae;g_Entomobacter;s_Entomobacter_blattae	0	0	0	0	0	0	0.12517264	0.03464911	0.101678304	0.01657344	1.0214906	0.014183939	0	0	0	0	0	0	0	0	0	0	0	0
d_Bacteria;p_Bacillota_A;c_Clostridia;o_Lachnospirales;f_Anaerotignaceae;g_Anaerotignum;s_Anaerotignum_sp023413275	0	0	0	0	0	0	0.32341695	0.285138	0.2608021	0.011133696	0.18410686	0.095284835	0	0	0	0	0	0	0	0	0	0	0	0
d_Bacteria;p_Bacillota_A;c_Clostridia;o_Lachnospirales;f_Lachnospiraceae;g_Lacrimispora;s_Lacrimispora_sp002367105	0	0	0	0	0	0	0	0	0	0	0	0	0	0	0	0	0	0	0.5454120499999999	0.53549198	1.15208163	0.48354884	1.57064965	0.5465599000000001
d_Bacteria;p_Bacillota_I;c_Bacilli_A;o_Erysipelotrichales;f_Erysipelotrichaceae;g_unclassify_f_Erysipelotrichaceae;s_unclassify_f_Erysipelotrichaceae	0	0	0	0	0	0	0	0	0	0	0	0	0	0	0	0	0	0	0.33187115	0.36669827	0.48546973	0.67882156	0.44212893	0.4704791
d_Bacteria;p_Bacillota_A;c_Clostridia;o_Peptostreptococcales;f_Anaerovoracaceae;g_JAISGB01;s_JAISGB01_sp031263335	0	0	0	0	0	0	0	0	0	0	0	0	0.23995051	0.19005485	0.27010515	0.3075445	0.1554937	0.3917445	0	0	0	0	0	0
d_Archaea;p_Halobacteriota;c_Methanomicrobia;o_Methanomicrobiales;f_Methanocorpusculaceae;g_Methanocorpusculum;s_Methanocorpusculum_sp023396065	0	0	0	0	0	0	0	0	0	0	0	0	0.3940068	0.3264223	0.7385803	0.33149916	0.25785393	1.077555	0	0	0	0	0	0
d_Bacteria;p_Bacteroidota;c_Bacteroidia;o_Bacteroidales;f_Rikenellaceae;g_Tidjanibacter;s_Tidjanibacter_faecipullorum	0	0	0	0	0	0	0.08090854	0.22746307	0.18447065	0.04787221	0.5233818	0.06704215	0	0	0	0	0	0	0	0	0	0	0	0
d_Bacteria;p_Bacillota_A;c_Clostridia;o_Lachnospirales;f_Lachnospiraceae;g_Eisenbergiella;s_Eisenbergiella_stercoravium	0	0	0	0	0	0	0	0	0	0	0	0	0.37278277	0.20514232	0.12205098	0.16956836	0.098145746	0.05587112	0	0	0	0	0	0
d_Bacteria;p_Bacillota_A;c_Clostridia;o_Peptostreptococcales;f_Anaerovoracaceae;g_JAAZGD01;s_JAAZGD01_sp937928455	0	0	0	0	0	0	0	0	0	0	0	0	0	0	0	0	0	0	0.18967804	0.07130436	0.1205575	0.058128584	0.37481582	0.15386663
d_Bacteria;p_Bacillota_A;c_Clostridia;o_Lachnospirales;f_WQUN01;g_WREB01;s_WREB01_sp009779525	0	0	0	0	0	0	0.120346375	0.27773044	0.16576326	0.013509598	0.1353909	0.43164286	0	0	0	0	0	0	0	0	0	0	0	0
d_Bacteria;p_Bacillota_A;c_Clostridia;o_Peptostreptococcales;f_Anaerovoracaceae;g_UBA1422;s_UBA1422_sp002304835	0	0	0	0	0	0	0	0	0	0	0	0	0.34340328	0.59028804	0.57563883	0.16118966	0.23598455	0.07725163	0	0	0	0	0	0
d_Bacteria;p_Bacillota_I;c_Bacilli_A;o_Erysipelotrichales;f_Erysipelotrichaceae;g_RGIG1896;s_RGIG1896_sp017473335	0	0	0	0	0	0	0	0	0	0	0	0	1.6955243	0.17273101	0.23116343	0.18303491	0.16245607	0.1174027	0	0	0	0	0	0
d_Bacteria;p_Bacillota_A;c_Clostridia;o_Peptostreptococcales;f_Anaerovoracaceae;g_Emergencia;s_Emergencia_sp017522185	0	0	0	0	0	0	0	0	0	0	0	0	0.97999614	1.153232	0.76047105	0.87296265	1.3047619	0.89393795	0	0	0	0	0	0
d_Bacteria;p_Planctomycetota;c_Planctomycetia;o_Pirellulales;f_Thermoguttaceae;g_WRKP01;s_WRKP01_sp031274045	0	0	0	0	0	0	0	0	0	0	0	0	1.1548102	0.6240609	0.35382155	0.643778	0.47576445	0.59211767	0	0	0	0	0	0
d_Bacteria;p_Pseudomonadota;c_Gammaproteobacteria;o_Burkholderiales;f_Rhodocyclaceae;g_JACOUN01;s_JACOUN01_sp016177805	0	0	0	0	0	0	0	0	0	0	0	0	0.13807888	0.110668615	0.42727083	0.31088766	0.26735094	0.3163154	0	0	0	0	0	0
d_Bacteria;p_Bacillota_A;c_Clostridia;o_Lachnospirales;f_Lachnospiraceae;g_Brotaphodocola;s_Brotaphodocola_sp003506385	0	0	0	0	0	0	0	0	0	0	0	0	0	0	0	0	0	0	1.1056648199999999	0.6059559760000001	3.31531279	0.8833351199999999	1.50394448	0.83127764
d_Bacteria;p_Bacillota_A;c_Clostridia;o_Oscillospirales;f_Oscillospiraceae;g_Lawsonibacter;s_Lawsonibacter_phocaeensis_A	0	0	0	0	0	0	0	0	0	0	0	0	1.2590583	2.1286671000000004	1.2478546499999998	0.7936289999999999	0.9821801699999999	0.8596915199999999	0	0	0	0	0	0
d_Bacteria;p_Bacillota_A;c_Clostridia;o_Peptostreptococcales;f_Anaerovoracaceae;g_RGIG446;s_RGIG446_sp949740445	0	0	0	0	0	0	0	0	0	0	0	0	0.67180747	0.678441	0.72029895	0.21956924	0.5718879	0.38474897	0	0	0	0	0	0
d_Bacteria;p_Bacillota_A;c_Clostridia;o_Oscillospirales;f_Ruminococcaceae;g_JAUNBN01;s_JAUNBN01_sp030527085	0	0	0	0	0	0	0	0	0	0	0	0	0	0	0	0	0	0	0.31902096999999996	0.179414336	0.56162349	0.10339134	0.39872945000000004	1.1129142
d_Bacteria;p_Bacillota;c_Bacilli;o_Lactobacillales;f_Lactobacillaceae;g_Pediococcus;s_Pediococcus_damnosus	0	0	0	0	0	0	0.1692149	0.22249243	0.5248243	0.078416996	0.3873268	0.1533969	0	0	0	0	0	0	0	0	0	0	0	0
d_Bacteria;p_Bacillota_A;c_Clostridia;o_Lachnospirales;f_Lachnospiraceae;g_CAG-303;s_CAG-303_sp017935565	0	0	0	0	0	0	0.30123988	0.4782455	0.30620003	0.045751046	0.1146272	0.0	0	0	0	0	0	0	0	0	0	0	0	0
d_Bacteria;p_Actinomycetota;c_Actinomycetes;o_Actinomycetales;f_Microbacteriaceae;g_Leucobacter;s_Leucobacter_aridicollis_A	0	0	0	0	0	0	0	0	0	0	0	0	0.031260855	0.06013243	0.11455267	0.017028486	0.031307463	0.08263061	0	0	0	0	0	0
d_Bacteria;p_Pseudomonadota;c_Gammaproteobacteria;o_Xanthomonadales;f_Xanthomonadaceae;g_Stenotrophomonas;s_Stenotrophomonas_sp003525885	0	0	0	0	0	0	0	0	0	0	0	0	0.31690963	0.246519384	0.31292299	0.143718017	0.4131224	0.321670436	0	0	0	0	0	0
d_Bacteria;p_Bacillota_A;c_Clostridia;o_Lachnospirales;f_Vallitaleaceae;g_UBA1351;s_UBA1351_sp002342805	0	0	0	0	0	0	0.33537247000000003	1.2934224	0.94032643	0.254497586	1.43299346	0.21410490999999998	0	0	0	0	0	0	0	0	0	0	0	0
d_Bacteria;p_Desulfobacterota;c_Desulfovibrionia;o_Desulfovibrionales;f_Desulfovibrionaceae;g_RGIG1962;s_RGIG1962_sp944325195	0	0	0	0	0	0	0.65074956	0.54040332	0.36041316	0.25848666	0.68000792	1.40105532	0.081716865	0.28112513	0.15356143	0.11299459	0.27384531	0.099692084	0.206476	0.10866666	0.21540494	0.18603294	0.1730951	0.1586259
d_Bacteria;p_Bacillota_A;c_Clostridia;o_Lachnospirales;f_Anaerotignaceae;g_Anaerotignum;s_Anaerotignum_sp020024395	0	0	0	0	0	0	0	0	0	0	0	0	0.22569422	0.25262383	0.14259274	0.08266703	0.19290571	0.13371392	0	0	0	0	0	0
d_Bacteria;p_Bacillota_A;c_Clostridia;o_Lachnospirales;f_Lachnospiraceae;g_Agathobacter;s_Agathobacter_sp017523185	0	0	0	0	0	0	0	0	0	0	0	0	0	0	0	0	0	0	0.08467501	0.11177896	0.17013928	0.2609469	0.15539144	0.32188212
d_Bacteria;p_Bacillota_I;c_Bacilli_A;o_Erysipelotrichales;f_Coprobacillaceae;g_Thomasclavelia;s_Thomasclavelia_sp021770925	0	0	0	0	0	0	0	0	0	0	0	0	0	0	0	0	0	0	0.779470526	1.10644597	0.839902286	1.08811093	3.07268382	2.48019309
d_Bacteria;p_Bacillota_A;c_Clostridia;o_Oscillospirales;f_Oscillospiraceae;g_JAIRRO01;s_JAIRRO01_sp031261325	0	0	0	0	0	0	0.046344593	0.04169321	0.15571705	0.0	0.26981473	0.08533754	0	0	0	0	0	0	0	0	0	0	0	0
d_Bacteria;p_Synergistota;c_Synergistia;o_Synergistales;f_Aminobacteriaceae;g_JAISSA01;s_JAISSA01_sp031272035	0	0	0	0	0	0	0.10543389	0.05928253	0.13284616	0.056712225	0.12788099	0.9512998	0.062489443	0.21497807	0.22898728	0.17281537	0.25273758	0.3811753	0	0	0	0	0	0
d_Bacteria;p_Bacteroidota;c_Bacteroidia;o_Bacteroidales;f_Azobacteroidaceae;g_JAJBTS01;s_JAJBTS01_sp029916745	0	0	0	0	0	0	0	0	0	0	0	0	0.28297168	0.23097613	0.2183002	0.34681726	0.2964449	0.14270471	0	0	0	0	0	0
d_Bacteria;p_Bacteroidota;c_Bacteroidia;o_Bacteroidales;f_Tannerellaceae;g_Parabacteroides;s_Parabacteroides_distasonis_A	0	0	0	0	0	0	0	0	0	0	0	0	0.19336674	0.48408788	0.22229858	0.22305436	0.29048276	0.2781092	0	0	0	0	0	0
d_Bacteria;p_Bacillota_A;c_Clostridia;o_Lachnospirales;f_unclassify_o_Lachnospirales;g_unclassify_o_Lachnospirales;s_unclassify_o_Lachnospirales	0	0	0	0	0	0	0	0	0	0	0	0	0	0	0	0	0	0	0.10212319	0.031103369	0.17626014	0.08215367	0.23781383	0.0852788
d_Bacteria;p_Bacillota_A;c_Clostridia;o_Oscillospirales;f_Oscillospiraceae;g_Lawsonibacter;s_Lawsonibacter_sp002161175	0	0	0	0	0	0	0	0	0	0	0	0	0	0	0	0	0	0	0.22990348	0.283141124	0.65558473	0.115795986	0.76636187	0.21828767
d_Bacteria;p_Bacteroidota;c_Bacteroidia;o_Bacteroidales;f_Dysgonomonadaceae;g_Dysgonomonas;s_Dysgonomonas_sp001261715	0	0	0	0	0	0	0	0	0	0	0	0	0.31943873	0.112532385	0.063518554	0.16995886	0.31805533	0.13745415	0	0	0	0	0	0
d_Bacteria;p_Bacillota_A;c_Clostridia;o_Lachnospirales;f_Lachnospiraceae;g_Lacrimispora;s_Lacrimispora_sp902363735	0	0	0	0	0	0	0	0	0	0	0	0	0	0	0	0	0	0	0.36664894	0.15200359	0.85635316	0.3756614	0.33260497	0.15994123
d_Bacteria;p_Bacillota_A;c_Clostridia;o_Peptostreptococcales;f_Anaerovoracaceae;g_Lentihominibacter;s_Lentihominibacter_butyrica	0	0	0	0	0	0	0	0	0	0	0	0	0	0	0	0	0	0	1.27980084	0.989958235	0.558511654	0.417346634	0.95556162	1.462040237
d_Bacteria;p_Desulfobacterota;c_Desulfarculia;o_Adiutricales;f_Adiutricaceae;g_Adiutrix;s_Adiutrix_sp031285975	0	0	0	0	0	0	0.17514653000000002	0.24856108	0.60371268	3.0992922	0.64910531	6.6515601	0	0	0	0	0	0	0	0	0	0	0	0
d_Bacteria;p_Bacillota_A;c_Clostridia;o_Christensenellales;f_CALWSW01;g_JAHZEH01;s_JAHZEH01_sp019421925	0	0	0	0	0	0	0	0	0	0	0	0	0.85355574	0.54605323	0.30192786	0.41025078	0.46416047	0.38793933	0	0	0	0	0	0
d_Bacteria;p_Bacillota_A;c_Clostridia;o_Peptostreptococcales;f_Anaerovoracaceae;g_JAITLA01;s_JAITLA01_sp031276135	0	0	0	0	0	0	0	0	0	0	0	0	0.026769344	0.44412446	0.27793285	0.04374556	0.08042772	0.10613766	0	0	0	0	0	0
d_Bacteria;p_Bacillota_A;c_Clostridia;o_Lachnospirales;f_Lachnospiraceae;g_Lachnoclostridium_A;s_Lachnoclostridium_A_stercoravium	0	0	0	0	0	0	0	0	0	0	0	0	0.28934287000000003	0.28398914	0.20362021000000002	0.21644823000000002	0.41992623	0.14333785	0	0	0	0	0	0
d_Bacteria;p_Bacillota_A;c_Clostridia;o_Oscillospirales;f_Acutalibacteraceae;g_Acutalibacter;s_Acutalibacter_sp900548545	0	0	0	0	0	0	0	0	0	0	0	0	0	0	0	0	0	0	0.120811865	0.07436532	0.16095985	0.08866273	0.11549516	0.095575154
d_Bacteria;p_Bacteroidota;c_Bacteroidia;o_Bacteroidales;f_Paludibacteraceae;g_Paludibacter;s_Paludibacter_sp028705705	0	0	0	0	0	0	0	0	0	0	0	0	0	0	0	0	0	0	0.08372321	0.069358155	0.05994176	0.5507865	0.5030118	0.08389649
d_Bacteria;p_Bacillota_A;c_Clostridia;o_Christensenellales;f_Aristaeellaceae;g_RUG11247;s_RUG11247_sp023421735	0	0	0	0	0	0	0.29857397	0.12277000499999999	0.082187285	0.0	0.138221659	0.0	0	0	0	0	0	0	0	0	0	0	0	0
d_Bacteria;p_Bacillota_A;c_Clostridia;o_Oscillospirales;f_Acutalibacteraceae;g_UMGS263;s_UMGS263_sp958451705	0	0	0	0	0	0	0.30123988	0.20444293	0.26889485	0.0454835	1.2102225	0.05449625	0	0	0	0	0	0	0	0	0	0	0	0
d_Bacteria;p_Bacillota_A;c_Clostridia;o_Oscillospirales;f_Oscillospiraceae;g_MGBC124762;s_MGBC124762_sp900554075	0	0	0	0	0	0	0	0	0	0	0	0	0	0	0	0	0	0	0.3106399	0.046577565	1.5885942	0.11960837	0.3728219	0.2860076
d_Bacteria;p_Bacillota_A;c_Clostridia;o_Oscillospirales;f_Ruminococcaceae;g_UBA1404;s_UBA1404_sp002305075	0	0	0	0	0	0	1.0179827	0.9905735	0.96728647	0.63025963	1.0348068	2.8538055	0	0	0	0	0	0	0	0	0	0	0	0
d_Bacteria;p_Bacillota_A;c_Clostridia;o_Oscillospirales;f_Butyricicoccaceae;g_Agathobaculum;s_Agathobaculum_hominis	0	0	0	0	0	0	0	0	0	0	0	0	0	0	0	0	0	0	0.8033148	0.35636476	0.5312205	0.14261654	0.71988755	0.8049774
d_Bacteria;p_Bacillota_A;c_Clostridia;o_Peptostreptococcales;f_Anaerovoracaceae;g_CAG-238;s_CAG-238_sp945644815	0	0	0	0	0	0	0	0	0	0	0	0	0.19189708	0.44043592	0.24505138	0.0997792	0.14413743	0.11528058	0	0	0	0	0	0
d_Bacteria;p_Synergistota;c_Synergistia;o_Synergistales;f_Synergistaceae;g_JAIRWR01;s_unclassify_g_JAIRWR01	0	0	0	0	0	0	0	0	0	0	0	0	0	0	0	0	0	0	0.08264118	0.23659635	0.05282784	0.08864159	0.1732016	0.09201371
d_Bacteria;p_Bacillota_A;c_Clostridia;o_Christensenellales;f_UBA1242;g_Caccovivens;s_Caccovivens_sp944372355	0	0	0	0	0	0	0	0	0	0	0	0	0.18631452	0.19039427	0.3698144	0.16492093	0.20991643	0.14876959	0	0	0	0	0	0
d_Bacteria;p_Campylobacterota;c_Campylobacteria;o_Campylobacterales;f_Arcobacteraceae;g_Aliarcobacter;s_Aliarcobacter_sp017995775	0	0	0	0	0	0	0	0	0	0	0	0	0.13517854	0.08915145	0.13209347	0.2461506	0.2204761	0.19396958	0	0	0	0	0	0
d_Bacteria;p_Patescibacteria;c_JAEDAM01;o_BD1-5;f_UBA6164;g_JABWCI01;s_JABWCI01_sp028689115	0	0	0	0	0	0	0	0	0	0	0	0	0.321748	0.26987135	0.25591093	0.24455363	0.34845567	0.20767175	0	0	0	0	0	0
d_Bacteria;p_Bacillota_A;c_Clostridia;o_Lachnospirales;f_Lachnospiraceae;g_Hominisplanchenecus_A;s_unclassify_g_Hominisplanchenecus_A	0	0	0	0	0	0	0	0	0	0	0	0	0	0	0	0	0	0	0.2229942	0.71237105	0.2407468	0.29233754	0.8481661	0.3034581
d_Bacteria;p_Bacteroidota;c_Bacteroidia;o_Bacteroidales;f_Marinifilaceae;g_Odoribacter;s_Odoribacter_sp944321145	0	0	0	0	0	0	0.7876391	0.43053406	0.5359908	0.2788685	0.41276637	0.14686932	0	0	0	0	0	0	0	0	0	0	0	0
d_Bacteria;p_Desulfobacterota;c_Desulfovibrionia;o_Desulfovibrionales;f_Desulfovibrionaceae;g_Frigididesulfovibrio;s_Frigididesulfovibrio_sp009783025	0	0	0	0	0	0	0	0	0	0	0	0	0	0	0	0	0	0	0.2525595	0.3883202	0.34738925	0.10275409	0.6935925	0.65452313
d_Bacteria;p_Bacillota_A;c_Clostridia;o_Oscillospirales;f_Butyricicoccaceae;g_UBA4644;s_unclassify_g_UBA4644	0	0	0	0	0	0	0	0	0	0	0	0	0.30772668	0.46412995	0.31608078	0.36572874	0.47278517	0.6285388	0	0	0	0	0	0
d_Bacteria;p_Bacillota_A;c_Clostridia;o_Lachnospirales;f_Lachnospiraceae;g_Brotaphodocola;s_unclassify_g_Brotaphodocola	0	0	0	0	0	0	0	0	0	0	0	0	0	0	0	0	0	0	0.28317848	0.2985472	0.55141455	0.36215106	0.46033758	0.33196834
d_Bacteria;p_Pseudomonadota;c_Gammaproteobacteria;o_Burkholderiales;f_Rhodocyclaceae;g_unclassify_f_Rhodocyclaceae;s_unclassify_f_Rhodocyclaceae	0	0	0	0	0	0	0	0	0	0	0	0	0	0	0	0	0	0	17.847176	0.09855657	0.21375106	0.1880075	0.119312845	0.067555204
d_Bacteria;p_Pseudomonadota;c_Gammaproteobacteria;o_Pseudomonadales;f_Moraxellaceae;g_Acinetobacter;s_Acinetobacter_gerneri	0	0	0	0	0	0	0	0	0	0	0	0	0.093114288	0.054209672	0.085984343	0.090402169	0.022644697	0.096564044	0	0	0	0	0	0
d_Bacteria;p_Bacillota_A;c_Clostridia;o_Christensenellales;f_Aristaeellaceae;g_Limiplasma;s_Limiplasma_sp934621505	0	0	0	0	0	0	0	0	0	0	0	0	0	0	0	0	0	0	0.3141335	0.35672995	0.07745435	0.3128748	0.30959025	0.28105676
d_Bacteria;p_Bacillota_A;c_Clostridia;o_Christensenellales;f_UBA1750;g_RGIG1439;s_RGIG1439_sp017413675	0	0	0	0	0	0	0	0	0	0	0	0	0	0	0	0	0	0	0.7423456	0.3019123	0.29114592	0.3292747	0.33534122	0.43346494
d_Bacteria;p_Bacillota_I;c_Bacilli_A;o_Erysipelotrichales;f_Erysipelotrichaceae;g_JAISTR01;s_JAISTR01_sp031272515	0	0	0	0	0	0	0.042173576	0.1138224	0.18218906	0.30851448	0.19096892	0.062125787	0	0	0	0	0	0	0.17216921	0.41530207	0.47545058	0.7017463	0.18041836	0.20127986
d_Bacteria;p_Planctomycetota;c_SZUA-567;o_SZUA-567;f_SZUA-567;g_JAJBSZ01;s_JAJBSZ01_sp021205245	0	0	0	0	0	0	3.29977297	1.62830017	1.42749078	4.6281419050000006	2.08191879	5.3361154200000005	0	0	0	0	0	0	3.2025644499999997	8.04762155	4.39853091	6.3061474099999995	5.24904509	4.950250565
d_Bacteria;p_Bacillota_B;c_Dehalobacteriia;o_UBA4068;f_UBA4068;g_CALXSV01;s_CALXSV01_sp944391235	0	0	0	0	0	0	0	0	0	0	0	0	0.30821276	0.5057912	0.658828	0.22035609	0.40513262	0.4888128	0	0	0	0	0	0
d_Bacteria;p_Bacillota_B;c_Dehalobacteriia;o_UBA4068;f_UBA4068;g_WRKD01;s_WRKD01_sp009778255	0	0	0	0	0	0	0	0	0	0	0	0	0.39238283	0.33396687999999997	0.9226559400000001	0.59186421	0.53545698	0.91185992	0	0	0	0	0	0
d_Bacteria;p_Desulfobacterota;c_Desulfarculia;o_Adiutricales;f_Adiutricaceae;g_Adiutrix;s_Adiutrix_sp031263565	0	0	0	0	0	0	0	0	0	0	0	0	0	0	0	0	0	0	0.86968084	0.48679817000000003	0.6799328	0.9603084399999999	0.8507287	0.6002737300000001
d_Bacteria;p_Planctomycetota;c_SZUA-567;o_SZUA-567;f_SZUA-567;g_unclassify_f_SZUA-567;s_unclassify_f_SZUA-567	0	0	0	0	0	0	0	0	0	0	0	0	0	0	0	0	0	0	0.043886296	0.09332128	0.06426913	0.39797884	0.11427574	0.27985424
d_Bacteria;p_Synergistota;c_Synergistia;o_Synergistales;f_Synergistaceae;g_JAIRKI01;s_JAIRKI01_sp031270375	0	0	0	0	0	0	0.47060657	0.032567214	0.10425684	0.26481923	0.093669735	0.55993146	0	0	0	0	0	0	0	0	0	0	0	0
d_Bacteria;p_Bacillota_A;c_Clostridia;o_Oscillospirales;f_Ruminococcaceae;g_Fournierella;s_Fournierella_merdipullorum	0	0	0	0	0	0	0	0	0	0	0	0	0.8033462	1.0085266	0.31136298	0.37869298	0.37713027	0.35731253	0	0	0	0	0	0
d_Bacteria;p_Bacteroidota;c_Bacteroidia;o_Bacteroidales;f_UBA932;g_Bact-11;s_Bact-11_sp905233345	0	0	0	0	0	0	0	0	0	0	0	0	0.3831788	0.25845364	1.3251067	0.22770137	0.46349078	2.2756102	0	0	0	0	0	0
d_Bacteria;p_Bacillota_A;c_Clostridia;o_Oscillospirales;f_Ruminococcaceae;g_Ruminococcus_C;s_Ruminococcus_C_sp017465305	0	0	0	0	0	0	0	0	0	0	0	0	0	0	0	0	0	0	0.27838302	0.5616251	0.5936561	0.41206232	0.15558465	0.14877824
d_Bacteria;p_Planctomycetota;c_Planctomycetia;o_Pirellulales;f_Thermoguttaceae;g_WRKP01;s_WRKP01_sp031274385	0	0	0	0	0	0	0	0	0	0	0	0	0	0	0	0	0	0	1.08823746	1.6976206999999999	0.75059131	0.91679132	2.0327290600000003	1.28098471
d_Bacteria;p_Bacillota_A;c_Clostridia;o_Lachnospirales;f_Lachnospiraceae;g_Hominisplanchenecus_A;s_Hominisplanchenecus_A_sp900762665	0	0	0	0	0	0	0.25304148	0.31195772	0.32389134	0.048394404	0.12125012	0.12425139	0.20701624	0.4330534	0.08850256	0.13531964	0.10884568	0.1504796	0	0	0	0	0	0
d_Bacteria;p_Bacillota;c_Bacilli;o_Lactobacillales;f_Listeriaceae;g_Listeria;s_Listeria_kieliensis_A	0	0	0	0	0	0	0	0	0	0	0	0	0.38189468	0.3883754	0.6729456	0.49107945	0.45143342	0.5791923	0	0	0	0	0	0
d_Bacteria;p_Bacillota_A;c_Clostridia;o_Peptostreptococcales;f_Anaerovoracaceae;g_WRMW01;s_WRMW01_sp031290775	0	0	0	0	0	0	0	0	0	0	0	0	0.10542484	0.13826732	0.11706696	0.3445639	0.20156588	0.2279995	0	0	0	0	0	0
d_Bacteria;p_Actinomycetota;c_Coriobacteriia;o_Coriobacteriales;f_Eggerthellaceae;g_Raoultibacter;s_unclassify_g_Raoultibacter	0	0	0	0	0	0	0.045511007	0.08188662	0.14563467	0.026112102	0.3925362	0.06704215	0	0	0	0	0	0	0	0	0	0	0	0
d_Bacteria;p_Bacillota;c_Bacilli;o_Lactobacillales;f_Enterococcaceae;g_Enterococcus;s_Enterococcus_clewellii	0	0	0	0	0	0	2.232607	0.330330361	3.52610657	0.126811739	0.810299984	0.148156072	0	0	0	0	0	0	0	0	0	0	0	0
d_Bacteria;p_Bacillota_A;c_Clostridia;o_Oscillospirales;f_Oscillospiraceae;g_Limivicinus;s_Limivicinus_sp947630375	0	0	0	0	0	0	0	0	0	0	0	0	0	0	0	0	0	0	0.31656918	0.45874017	0.055384014	0.92335045	0.16683854	0.39421165
d_Bacteria;p_Bacillota_A;c_Clostridia;o_Lachnospirales;f_Lachnospiraceae;g_NC2004;s_NC2004_sp017621205	0	0	0	0	0	0	0	0	0	0	0	0	3.2366186	1.7647373599999998	1.44095715	1.66178155	3.0146435	1.79130593	0	0	0	0	0	0
d_Bacteria;p_Bacillota_A;c_Clostridia;o_Oscillospirales;f_Oscillospiraceae;g_JAIRRO01;s_JAIRRO01_sp031261245	0	0	0	0	0	0	0	0	0	0	0	0	0.83092532	1.4576446299999999	0.8767660899999999	0.8606227099999999	0.70323799	0.701184	0	0	0	0	0	0
d_Bacteria;p_Desulfobacterota;c_Desulfovibrionia;o_Desulfovibrionales;f_Desulfovibrionaceae;g_Desulfovibrio;s_Desulfovibrio_sp017415765	0	0	0	0	0	0	0	0	0	0	0	0	0.22014771	0.20059097	0.1839873	0.22721589	0.27849615	0.10719375	0	0	0	0	0	0
d_Bacteria;p_Verrucomicrobiota;c_Kiritimatiellia;o_LD1-PB3_B;f_Lenti-01;g_Lenti-01;s_Lenti-01_sp022709625	0	0	0	0	0	0	0	0	0	0	0	0	0.57161194	0.9360905	0.8208659	0.5301703	0.9167164	1.0770421	0	0	0	0	0	0
d_Bacteria;p_Bacillota_A;c_Clostridia;o_Christensenellales;f_unclassify_o_Christensenellales;g_unclassify_o_Christensenellales;s_unclassify_o_Christensenellales	0	0	0	0	0	0	0	0	0	0	0	0	0	0	0	0	0	0	0.4279943	0.5487653	0.18299285	0.549379	1.1028706	0.24021977
d_Bacteria;p_Bacillota_C;c_Negativicutes;o_Veillonellales;f_Veillonellaceae;g_Veillonella;s_Veillonella_sp009929605	0	0	0	0	0	0	0.019707292	0.0	0.037837766	0.06539787	0.049155474	0.0	0.050409739999999995	0.13672317	0.16748167	0.41848038	0.09996036	0.029314198	0.0	0.020033106	0.14015543	0.0	0.063821435	0.06102942
d_Bacteria;p_Bacillota_A;c_Clostridia;o_Lachnospirales;f_UBA5962;g_unclassify_f_UBA5962;s_unclassify_f_UBA5962	0	0	0	0	0	0	0.56991315	0.1904366	0.42987517	0.25925592	0.20013295	1.0674108	0	0	0	0	0	0	0	0	0	0	0	0
d_Bacteria;p_Deferribacterota;c_Deferribacteres;o_Deferribacterales;f_JAISNW01;g_JAITWF01;s_JAITWF01_sp031285415	0	0	0	0	0	0	2.27658518	1.57844702	1.52006525	0.84976128	1.85663332	5.6155844	0.45111387000000003	1.07938661	0.6075613599999999	0.750800904	0.5562713499999999	0.52548267	0	0	0	0	0	0
d_Bacteria;p_Bacillota_A;c_Clostridia;o_Oscillospirales;f_Acutalibacteraceae;g_CAG-217;s_CAG-217_sp900547275	0	0	0	0	0	0	0	0	0	0	0	0	0.1322422	0.21198088	0.5862946	0.12806284	0.30902538	0.14888285	0	0	0	0	0	0
d_Bacteria;p_Bacillota_C;c_Negativicutes;o_Acidaminococcales;f_Acidaminococcaceae;g_JAKVKY01;s_JAKVKY01_sp022484685	0	0	0	0	0	0	0	0	0	0	0	0	0	0	0	0	0	0	2.4318902	1.6832316	0.27239347	4.466707	0.5262201	0.925528
d_Bacteria;p_Bacteroidota;c_Bacteroidia;o_Bacteroidales;f_UBA932;g_Bact-08;s_Bact-08_sp001897515	0	0	0	0	0	0	0	0	0	0	0	0	0	0	0	0	0	0	0.11514851	0.05260573	0.082808904	0.48631772	0.09552704	0.09014592
d_Bacteria;p_Bacillota_A;c_Clostridia;o_Lachnospirales;f_Lachnospiraceae;g_Brotaphodocola;s_Brotaphodocola_catenula	0	0	0	0	0	0	1.2020489	0.6415116	0.5085254	0.14027365	0.79076177	0.7953291	0	0	0	0	0	0	0	0	0	0	0	0
d_Bacteria;p_Bacillota_A;c_Clostridia;o_Oscillospirales;f_Ruminococcaceae;g_unclassify_f_Ruminococcaceae;s_unclassify_f_Ruminococcaceae	0	0	0	0	0	0	0.9700082299999999	1.3621227	1.32205311	0.77336607	1.4604309199999999	3.4605126	3.68051059	2.115413	1.89393869	2.4111139	4.254396	3.48804837	0	0	0	0	0	0
d_Bacteria;p_Bacillota_A;c_Clostridia;o_Oscillospirales;f_Butyricicoccaceae;g_unclassify_f_Butyricicoccaceae;s_unclassify_f_Butyricicoccaceae	0	0	0	0	0	0	0	0	0	0	0	0	0.20314658	0.09420276	0.4431036	0.21341294	0.42506474	0.3068402	0.300955524	0.33720050999999995	0.26775503	0.34295367	0.50918838	0.29391556
d_Bacteria;p_Desulfobacterota;c_Desulfovibrionia;o_Desulfovibrionales;f_Desulfovibrionaceae;g_Frigididesulfovibrio;s_Frigididesulfovibrio_sp031275955	0	0	0	0	0	0	0.525043334	0.50536759	0.39204677	0.34365891000000004	0.63226133	0.68459049	0	0	0	0	0	0	0	0	0	0	0	0
d_Bacteria;p_Bacillota_A;c_Clostridia;o_Christensenellales;f_Aristaeellaceae;g_Limiplasma;s_Limiplasma_sp028692205	0	0	0	0	0	0	0	0	0	0	0	0	0	0	0	0	0	0	0.190803794	0.282492676	0.10482598	0.164447314	0.22062195	0.37663691
d_Bacteria;p_Pseudomonadota;c_Gammaproteobacteria;o_Enterobacterales;f_Enterobacteriaceae;g_Klebsiella;s_Klebsiella_pneumoniae	0	0	0	0	0	0	4.0208206	0.13629228	1.3049996	0.1797172	1.4090911	1.5923482	0	0	0	0	0	0	0	0	0	0	0	0
d_Bacteria;p_Synergistota;c_Synergistia;o_Synergistales;f_Synergistaceae;g_JAIRKI01;s_JAIRKI01_sp031271065	0	0	0	0	0	0	0	0	0	0	0	0	0.15101483	0.14978263	0.14987406	0.2313595	0.12760884	0.09355599	0	0	0	0	0	0
d_Bacteria;p_Actinomycetota;c_Actinomycetes;o_Mycobacteriales;f_Mycobacteriaceae;g_Corynebacterium;s_Corynebacterium_provencense	0	0	0	0	0	0	0	0	0	0	0	0	0	0	0	0	0	0	5.4136195	0.07820445	0.1444432	0.110166535	0.104640335	0.057178613
d_Bacteria;p_Bacillota_A;c_Clostridia;o_Lachnospirales;f_Lachnospiraceae;g_Eubacterium_F;s_Eubacterium_F_sp022510605	0	0	0	0	0	0	0	0	0	0	0	0	0.07962151	0.0	0.19451123	0.043371696	0.13954566	0.14030737	0	0	0	0	0	0
d_Bacteria;p_Pseudomonadota;c_Gammaproteobacteria;o_Enterobacterales;f_Enterobacteriaceae;g_unclassify_f_Enterobacteriaceae;s_unclassify_f_Enterobacteriaceae	0	0	0	0	0	0	0	0	0	0	0	0	0	0	0	0	0	0	0.30154897999999997	0.96151587	0.168836263	0.99415783	0.14070183	0.136030454
d_Bacteria;p_Synergistota;c_Synergistia;o_Synergistales;f_Synergistaceae;g_JAUNJZ01;s_JAUNJZ01_sp030533085	0	0	0	0	0	0	0	0	0	0	0	0	0	0	0	0	0	0	0.14373769	0.32520613	0.10500942	0.16885734	0.11476152	0.16003902
d_Bacteria;p_Bacillota_B;c_Dehalobacteriia;o_UBA4068;f_UBA4068;g_WRDJ01;s_WRDJ01_sp009783495	0	0	0	0	0	0	0	0	0	0	0	0	0.10157325	0.1360706	0.11520694	0.106706426	0.16893595	0.17259762	0	0	0	0	0	0
d_Bacteria;p_Bacteroidota;c_Bacteroidia;o_Bacteroidales;f_Marinilabiliaceae;g_WRMI01;s_WRMI01_sp031285765	0	0	0	0	0	0	0	0	0	0	0	0	0.31458318	0.13908066	0.117755584	0.12437468	0.51069003	0.26152888	0	0	0	0	0	0
d_Bacteria;p_Bacillota_A;c_Clostridia;o_Peptostreptococcales;f_Peptostreptococcaceae;g_Clostridioides;s_Clostridioides_difficile_F	0	0	0	0	0	0	0	0	0	0	0	0	0	0	0	0	0	0	0.51480948	0.158718171	0.206523676	0.188661884	0.242878246	0.286305949
d_Bacteria;p_Bacteroidota;c_Bacteroidia;o_Bacteroidales;f_Bacteroidaceae;g_HGM04593;s_HGM04593_sp017555585	0	0	0	0	0	0	0.061022896	0.09149708	0.23432657	0.0	0.22807495	0.05992839	0	0	0	0	0	0	0	0	0	0	0	0
d_Bacteria;p_Bacillota;c_Bacilli;o_Lactobacillales;f_Enterococcaceae;g_Enterococcus_A;s_Enterococcus_A_pseudoavium	0	0	0	0	0	0	0	0	0	0	0	0	2.92565489	2.686875044	0.79071086	0.33515182	0.846412623	0.521865463	30.695349999999998	0.15305902999999998	0.23630863	0.29186976	0.54883071	0.17921063
d_Bacteria;p_Bacillota_A;c_Clostridia;o_Lachnospirales;f_Lachnospiraceae;g_14-2;s_14-2_sp948665105	0	0	0	0	0	0	0	0	0	0	0	0	0.40251784	0.392191	0.34733916	0.29652782	0.29839051	0.24333930999999998	0	0	0	0	0	0
d_Bacteria;p_Bacillota_A;c_Clostridia;o_Oscillospirales;f_Oscillospiraceae;g_Dysosmobacter;s_Dysosmobacter_sp946494635	0	0	0	0	0	0	0	0	0	0	0	0	0.17944866	0.72038	0.16201109	0.15299952	0.16994913	0.123738416	0	0	0	0	0	0
d_Bacteria;p_Bacillota_A;c_Clostridia;o_Peptostreptococcales;f_Anaerovoracaceae;g_Lentihominibacter;s_Lentihominibacter_sp902495595	0	0	0	0	0	0	0	0	0	0	0	0	1.57133858	2.17902223	1.73994663	1.62909733	2.5466377000000002	2.32928365	0	0	0	0	0	0
d_Bacteria;p_Pseudomonadota;c_Gammaproteobacteria;o_Pseudomonadales;f_Moraxellaceae;g_Acinetobacter;s_Acinetobacter_baumannii	0	0	0	0	0	0	0	0	0	0	0	0	0	0	0	0	0	0	0.535835235	1.31644287	0.38186374	0.72160591	0.48633886000000004	0.4801356
d_Bacteria;p_Bacillota_A;c_Clostridia;o_Lachnospirales;f_Lachnospiraceae;g_Anaerostipes;s_Anaerostipes_sp018381315	0	0	0	0	0	0	0	0	0	0	0	0	2.9592023	0.2938525	0.20185347	0.20725012	0.13855878	0.09142555	0	0	0	0	0	0
d_Bacteria;p_Planctomycetota;c_Planctomycetia;o_Pirellulales;f_Thermoguttaceae;g_RGIG3701;s_RGIG3701_sp030527015	0	0	0	0	0	0	0	0	0	0	0	0	0.109229594	0.37144595	0.49556342	0.45262408	0.7208191	0.39183828	0.15782177	0.06292456	0.46224377	0.061556783	0.08018601	0.11980941
d_Bacteria;p_Bacillota_A;c_Clostridia;o_Oscillospirales;f_Acutalibacteraceae;g_WRMQ01;s_WRMQ01_sp031256825	0	0	0	0	0	0	0	0	0	0	0	0	0	0	0	0	0	0	0.167916446	0.52622984	0.32100006999999997	0.167584686	0.346659322	0.299300302
d_Bacteria;p_Bacillota_B;c_Dehalobacteriia;o_UBA4068;f_UBA4068;g_unclassify_f_UBA4068;s_unclassify_f_UBA4068	0	0	0	0	0	0	0	0	0	0	0	0	0.05914745	0.042665333	0.3251116	0.20942332	0.19251609	0.4950844	0	0	0	0	0	0
d_Bacteria;p_Bacteroidota;c_Bacteroidia;o_Bacteroidales;f_UBA932;g_JAIRLF01;s_JAIRLF01_sp031270335	0	0	0	0	0	0	0.35401192	1.3893172	1.4480544	0.48129505	1.9116799	0.35521993	0	0	0	0	0	0	0	0	0	0	0	0
d_Bacteria;p_Pseudomonadota;c_Gammaproteobacteria;o_Pseudomonadales;f_Pseudomonadaceae;g_Entomomonas;s_Entomomonas_asaccharolytica	0	0	0	0	0	0	0.72655433	0.3981907	0.45296696	1.9010389	0.6158547	0.97801864	0	0	0	0	0	0	0	0	0	0	0	0
d_Bacteria;p_Bacillota_A;c_Clostridia;o_Lachnospirales;f_Lachnospiraceae;g_Parasporobacterium;s_Parasporobacterium_paucivorans	0	0	0	0	0	0	0	0	0	0	0	0	0.5111822	0.15960205	0.1584286	0.14338228	0.091691695	0.18654495	0	0	0	0	0	0
d_Bacteria;p_Bacillota_A;c_Clostridia;o_Oscillospirales;f_Oscillospiraceae;g_Dysosmobacter;s_Dysosmobacter_sp947245315	0	0	0	0	0	0	0	0	0	0	0	0	0.22180307	0.5704172	0.11190439	0.07879632	0.043460965	0.06372655	0	0	0	0	0	0
d_Bacteria;p_Desulfobacterota;c_Desulfovibrionia;o_Desulfovibrionales;f_Desulfovibrionaceae;g_Desulfovibrio;s_Desulfovibrio_sp902477725	0	0	0	0	0	0	0	0	0	0	0	0	0.48184803	0.4213038	0.12484695	0.15112102	0.21934864	0.1350842	0	0	0	0	0	0
d_Bacteria;p_Pseudomonadota;c_Gammaproteobacteria;o_Pseudomonadales;f_Pseudomonadaceae;g_Pseudomonas;s_Pseudomonas_sp014852585	0	0	0	0	0	0	0	0	0	0	0	0	1.21105804	2.27328742	1.50139472	1.79157937	1.87092161	1.87721018	0	0	0	0	0	0
d_Bacteria;p_Bacillota_A;c_Clostridia;o_Lachnospirales;f_Lachnospiraceae;g_CANQSA01;s_CANQSA01_sp947625465	0	0	0	0	0	0	0	0	0	0	0	0	0	0	0	0	0	0	0.14921331	0.20450474	0.14307535	0.100029595	0.13030216	0.4205311
d_Bacteria;p_Bacillota_A;c_Clostridia;o_Oscillospirales;f_Acutalibacteraceae;g_DXWE01;s_DXWE01_sp019417045	0	0	0	0	0	0	0.089395285	0.17976949	0.16659003	0.06335932	0.17008275	0.1859125	0	0	0	0	0	0	0	0	0	0	0	0
d_Bacteria;p_Verrucomicrobiota;c_Verrucomicrobiae;o_Verrucomicrobiales;f_Akkermansiaceae;g_Akkermansia;s_Akkermansia_biwaensis	0	0	0	0	0	0	0.057212215	0.26102707	0.09415444	0.02813629	0.0740189	0.19263785	0	0	0	0	0	0	0	0	0	0	0	0
d_Bacteria;p_Bacillota_A;c_Clostridia;o_Peptostreptococcales;f_Anaerovoracaceae;g_Hominibacterium;s_Hominibacterium_sp020558355	0	0	0	0	0	0	0	0	0	0	0	0	0	0	0	0	0	0	0.918122433	0.21483737800000002	0.42691580799999995	0.436525463	0.350085009	0.434607752
d_Bacteria;p_Desulfobacterota;c_Desulfobulbia;o_Desulfobulbales;f_Desulfobulbaceae;g_Desulfobulbus;s_Desulfobulbus_sp903842475	0	0	0	0	0	0	0	0	0	0	0	0	0	0	0	0	0	0	0.040694542	0.07324053999999999	0.102174808	0.043649293	0.137847616	0.031412195
d_Bacteria;p_Planctomycetota;c_Planctomycetia;o_Pirellulales;f_Thermoguttaceae;g_WRKP01;s_unclassify_g_WRKP01	0	0	0	0	0	0	0	0	0	0	0	0	2.86781424	3.20806745	2.78696537	3.3632290400000002	3.1570675	3.64568356	0	0	0	0	0	0
d_Bacteria;p_Bacillota_A;c_Clostridia;o_Oscillospirales;f_Acutalibacteraceae;g_CAG-177;s_CAG-177_sp017502085	0	0	0	0	0	0	0	0	0	0	0	0	0	0	0	0	0	0	0.40187138	0.19583498	0.11560205	0.09578904	0.08968425	0.1491493
d_Bacteria;p_Bacillota_A;c_Clostridia;o_Oscillospirales;f_Oscillospiraceae;g_Lawsonibacter;s_Lawsonibacter_sp900764755	0	0	0	0	0	0	0	0	0	0	0	0	0	0	0	0	0	0	0.43444163	0.40197486	0.05483972	0.18875378	0.22282624	0.28471658
d_Bacteria;p_Bacillota_A;c_Clostridia;o_Lachnospirales;f_Anaerotignaceae;g_Anaerotignum;s_Anaerotignum_lactatifermentans_A	0	0	0	0	0	0	0.06024792	0.32520708	0.057837833	0.12962803	0.13640645	0.044375505	0	0	0	0	0	0	0	0	0	0	0	0
d_Bacteria;p_Pseudomonadota;c_Gammaproteobacteria;o_Pseudomonadales;f_Pseudomonadaceae;g_Pseudomonas_E;s_Pseudomonas_E_sp028898945	0	0	0	0	0	0	0	0	0	0	0	0	0.219541722	0.22397958	0.20167968	0.29449190000000003	0.31445143	0.22048721500000001	0	0	0	0	0	0
d_Bacteria;p_Synergistota;c_Synergistia;o_Synergistales;f_Synergistaceae;g_JAIRNC01;s_JAIRNC01_sp031258255	0	0	0	0	0	0	0.4496447	0.02789769	0.25304025	0.06672031	0.24071719	0.25124377	0	0	0	0	0	0	0	0	0	0	0	0
d_Bacteria;p_Bacillota_I;c_Bacilli_A;o_Erysipelotrichales;f_Erysipelotrichaceae;g_Breznakia;s_Breznakia_sp029504745	0	0	0	0	0	0	0	0	0	0	0	0	0	0	0	0	0	0	0.67006849	0.55728362	0.416393782	0.36640512599999997	0.96805595	1.25484423
d_Bacteria;p_Bacteroidota;c_Bacteroidia;o_Bacteroidales;f_Marinifilaceae;g_Odoribacter;s_Odoribacter_laneus	0	0	0	0	0	0	0	0	0	0	0	0	0	0	0	0	0	0	0.048306517	0.043156896	0.10293181	0.22452699	0.033747323	0.062749095
d_Bacteria;p_Bacteroidota;c_Bacteroidia;o_Flavobacteriales_B;f_Blattabacteriaceae;g_Blattabacterium;s_Blattabacterium_sp000022605	0	0	0	0	0	0	0.20986858	0.24724482	0.26383358	0.23652506	0.6012225	0.1913826	0	0	0	0	0	0	0	0	0	0	0	0
d_Bacteria;p_Bacillota_A;c_Clostridia;o_Oscillospirales;f_JAKOTC01;g_JAKOTC01;s_JAKOTC01_sp029776465	0	0	0	0	0	0	0	0	0	0	0	0	0.902357125	1.08439963	1.2666479099999999	0.805887396	1.41190571	1.53840209	0	0	0	0	0	0
d_Bacteria;p_Bacillota_A;c_Clostridia;o_Peptostreptococcales;f_Anaerovoracaceae;g_JAITLA01;s_JAITLA01_sp031266025	0	0	0	0	0	0	0	0	0	0	0	0	0	0	0	0	0	0	0.41576457	0.22286576	0.27640557	0.09662303	0.20816071	0.35297427
d_Bacteria;p_Bacillota_A;c_Clostridia;o_Oscillospirales;f_Oscillospiraceae;g_UBA2658;s_UBA2658_sp018385135	0	0	0	0	0	0	0	0	0	0	0	0	0	0	0	0	0	0	0.4370451	0.49371567	0.091432884	0.13495119	0.22667958	0.16036032
d_Bacteria;p_Bacillota_A;c_Clostridia;o_Oscillospirales;f_Ruminococcaceae;g_JAAYCI01;s_JAAYCI01_sp030265505	0	0	0	0	0	0	0	0	0	0	0	0	0	0	0	0	0	0	0.3111644	0.3830725	0.71607506	0.26934814	0.5491763	0.20513703
d_Bacteria;p_Actinomycetota;c_Actinomycetes;o_Actinomycetales;f_Cellulomonadaceae;g_Cellulomonas;s_Cellulomonas_sp009777345	0	0	0	0	0	0	0	0	0	0	0	0	0.24661323	0.090198554	0.16122226	0.15893252	0.14610153	0.22952972	0	0	0	0	0	0
d_Bacteria;p_Bacillota_A;c_Clostridia;o_Oscillospirales;f_Ruminococcaceae;g_WRAV01;s_WRAV01_sp030265885	0	0	0	0	0	0	0.63201133	0.5496621159999999	1.57164878	0.25700241	0.60404765	1.2021662499999999	3.39275538	3.6376271499999997	4.53865522	3.5782291	4.6388082399999995	5.0042951	2.58388754	4.0125889	3.15934549	3.1678211000000003	2.63000995	2.7901626
d_Bacteria;p_Pseudomonadota;c_Gammaproteobacteria;o_Pseudomonadales;f_Pseudomonadaceae;g_Pseudomonas_E;s_Pseudomonas_E_putida_V	0	0	0	0	0	0	0	0	0	0	0	0	0	0	0	0	0	0	0.169839114	0.64598751	2.7776274	0.83015401	0.290856724	0.26532964
d_Bacteria;p_Bacillota_I;c_Bacilli_A;o_Erysipelotrichales;f_Erysipelotrichaceae;g_Breznakia;s_Breznakia_pachnodae	0	0	0	0	0	0	1.28597427	0.61797545	2.3323145	1.19840405	0.93521068	0.56870137	0	0	0	0	0	0	0.55676604	0.1709294	0.35875623	0.21498920500000002	0.26838364000000003	0.44633499
d_Bacteria;p_Bacteroidota;c_Bacteroidia;o_Bacteroidales;f_UBA932;g_JAISBU01;s_JAISBU01_sp031266015	0	0	0	0	0	0	0	0	0	0	0	0	0.84722346	0.26922253	0.24617827	0.18297437	0.22426975	0.11345166	0	0	0	0	0	0
d_Bacteria;p_Bacillota_I;c_Bacilli_A;o_Erysipelotrichales;f_Erysipelotrichaceae;g_JAAZDN01;s_unclassify_g_JAAZDN01	0	0	0	0	0	0	0	0	0	0	0	0	0	0	0	0	0	0	0.18977249	0.06527836	0.11132045	0.083815396	0.27295202	0.18177566
d_Bacteria;p_Bacillota_A;c_Clostridia;o_Lachnospirales;f_Lachnospiraceae;g_Roseburia;s_Roseburia_sp934292805	0	0	0	0	0	0	0	0	0	0	0	0	0.8828629	0.8619345	0.20452288	0.043531153	0.10861693	0.09052914	0	0	0	0	0	0
d_Bacteria;p_Bacillota_A;c_Clostridia;o_Oscillospirales;f_Oscillospiraceae;g_Enterenecus;s_Enterenecus_sp949916125	0	0	0	0	0	0	0	0	0	0	0	0	0.32768896	0.12381538	0.14771605	0.2294995	0.26371434	0.13404985	0	0	0	0	0	0
d_Bacteria;p_Bacillota_A;c_Clostridia;o_Peptostreptococcales;f_Anaerovoracaceae;g_JAIRPC01;s_JAIRPC01_sp031256875	0	0	0	0	0	0	0.38844097	0.17472744	0.22196515	0.119394116	0.4666536	0.31335348	0	0	0	0	0	0	0	0	0	0	0	0
d_Bacteria;p_Bacillota_A;c_Clostridia;o_unclassify_c_Clostridia;f_unclassify_c_Clostridia;g_unclassify_c_Clostridia;s_unclassify_c_Clostridia	0	0	0	0	0	0	0.1778404	0.07999567	0.3780359	0.10932485	0.032869004	0.07485029	1.34392293	0.23505156	0.214251946	0.53250113	0.7635500000000001	0.44763559999999997	0	0	0	0	0	0
d_Bacteria;p_Bacillota_A;c_Clostridia;o_Christensenellales;f_Aristaeellaceae;g_Onthenecus;s_Onthenecus_sp023404715	0	0	0	0	0	0	0	0	0	0	0	0	1.1150997	0.34073773	1.0215471	0.3163646	0.8782878	0.35308638	0	0	0	0	0	0
d_Bacteria;p_Bacillota_A;c_Clostridia;o_Christensenellales;f_CAG-917;g_Limadaptatus;s_unclassify_g_Limadaptatus	0	0	0	0	0	0	0	0	0	0	0	0	0	0	0	0	0	0	0.33405966	0.13023184	0.1494818	0.08360687	0.062233943	0.055791892
d_Bacteria;p_Bacillota_A;c_Clostridia;o_Lachnospirales;f_Lachnospiraceae;g_Mobilitalea;s_Mobilitalea_sp023436765	0	0	0	0	0	0	0.1350386	4.709893	5.020919	0.40676367	1.814273	0.5355667	0	0	0	0	0	0	0	0	0	0	0	0
d_Bacteria;p_Synergistota;c_Synergistia;o_Synergistales;f_Synergistaceae;g_JAIRKI01;s_JAIRKI01_sp031269915	0	0	0	0	0	0	0	0	0	0	0	0	0.45442593	0.46437612	0.19658683	0.26300707	0.28443974	0.32531628	0	0	0	0	0	0
d_Bacteria;p_Actinomycetota;c_Coriobacteriia;o_Coriobacteriales;f_UBA8131;g_WQXH01;s_WQXH01_sp031264075	0	0	0	0	0	0	0	0	0	0	0	0	0	0	0	0	0	0	0.022381987	0.11452263	0.05150713	0.024007102	0.046908777	0.14952216
d_Bacteria;p_Desulfobacterota;c_Desulfovibrionia;o_Desulfovibrionales;f_Desulfovibrionaceae;g_FLUQ01;s_unclassify_g_FLUQ01	0	0	0	0	0	0	0	0	0	0	0	0	0	0	0	0	0	0	0.71303666	0.59842604	0.884840975	0.8493752999999999	1.05656865	1.06988584
d_Bacteria;p_Verrucomicrobiota;c_Lentisphaeria;o_Victivallales;f_Victivallaceae;g_UBA5239;s_UBA5239_sp002408885	0	0	0	0	0	0	0.0	0.088234566	0.031384826	0.056272604	0.042296585	0.0	0	0	0	0	0	0	0	0	0	0	0	0
d_Bacteria;p_Bacillota_A;c_Clostridia;o_Lachnospirales;f_Lachnospiraceae;g_Pseudolachnospira;s_Pseudolachnospira_avium	0	0	0	0	0	0	0	0	0	0	0	0	0.2618878	0.26987135	0.21325913	0.2139844	0.29974687	0.35436052	0	0	0	0	0	0
d_Bacteria;p_Bacillota_A;c_Clostridia;o_Oscillospirales;f_Acutalibacteraceae;g_CAG-177;s_CAG-177_sp024692685	0	0	0	0	0	0	0	0	0	0	0	0	0.06701965	0.22702654	0.11904856	0.14763901000000001	0.08998630499999999	0.089877937	0	0	0	0	0	0
d_Bacteria;p_Bacillota_I;c_Bacilli_A;o_Erysipelotrichales;f_Coprobacillaceae;g_CAKVJS01;s_CAKVJS01_sp934754755	0	0	0	0	0	0	0	0	0	0	0	0	0.19407764	0.27999148	0.07294171	0.21956924	0.13456191	0.078922816	0.104452243	0.10763403	0.39533958	0.2685005	0.088068713	0.078377424
d_Bacteria;p_Bacillota_A;c_Clostridia;o_Christensenellales;f_Aristaeellaceae;g_RUG14130;s_RUG14130_sp017395065	0	0	0	0	0	0	0	0	0	0	0	0	0	0	0	0	0	0	2.815347	2.3871741	0.28075165	5.96403	0.5310427	0.96390057
d_Bacteria;p_Actinomycetota;c_Coriobacteriia;o_Coriobacteriales;f_Eggerthellaceae;g_W1P20-047;s_W1P20-047_sp004555335	0	0	0	0	0	0	0	0	0	0	0	0	0.059540104	0.12554194	0.240557	1.3771467	0.5917016	0.79900706	0	0	0	0	0	0
d_Bacteria;p_Bacillota_A;c_Clostridia;o_Oscillospirales;f_Oscillospiraceae;g_Evtepia;s_Evtepia_sp030535235	0	0	0	0	0	0	0	0	0	0	0	0	0	0	0	0	0	0	0.4812129	0.29857683	0.52365595	0.4381297	0.51208776	0.4252038
d_Bacteria;p_Bacillota_A;c_Clostridia;o_Peptostreptococcales;f_Anaerovoracaceae;g_Lentihominibacter;s_Lentihominibacter_sp030535275	0	0	0	0	0	0	0	0	0	0	0	0	0	0	0	0	0	0	0.1441553	0.10537197	0.15132032	0.14648408	0.57774687	0.22808474
d_Bacteria;p_Bacillota_B;c_Dehalobacteriia;o_UBA4068;f_UBA4068;g_HGM13862;s_HGM13862_sp944390435	0	0	0	0	0	0	0	0	0	0	0	0	0	0	0	0	0	0	0.27700487	0.18628149	0.19123939	0.10102009	0.23609191	0.23131515
d_Bacteria;p_Bacillota_A;c_Clostridia;o_Oscillospirales;f_Oscillospiraceae;g_JAIRRO01;s_JAIRRO01_sp031261585	0	0	0	0	0	0	0.08622843	0.22567032	0.24081154	0.020239308	0.18255134	0.046190158	0.11899648	0.39239696	0.48450306	0.23150031	0.2894226	0.18722577	0	0	0	0	0	0
d_Bacteria;p_Bacteroidota;c_Bacteroidia;o_Bacteroidales;f_Dysgonomonadaceae;g_Dysgonomonas;s_Dysgonomonas_sp031285905	0	0	0	0	0	0	0	0	0	0	0	0	0.18898253	0.14433937	0.1493651	0.21194166	0.2950299	0.52401763	0	0	0	0	0	0
d_Bacteria;p_Pseudomonadota;c_Gammaproteobacteria;o_Burkholderiales;f_Burkholderiaceae;g_Saezia;s_Saezia_sanguinis	0	0	0	0	0	0	0.085818246	0.36029086	0.3334638	0.08089187	0.4864105	1.179907	5.07610842	0.30690542	0.9611052999999999	3.0277284499999997	0.8378131600000001	0.355917534	0.145567178	0.83148471	0.20636395000000002	0.23447816	0.208541371	0.65063048
d_Bacteria;p_Bacillota_A;c_Clostridia;o_Lachnospirales;f_Lachnospiraceae;g_JALFVM01;s_JALFVM01_sp030536755	0	0	0	0	0	0	0	0	0	0	0	0	0.4863196	0.23906472	0.2420108	0.15894571	0.15693687	0.13330825	0	0	0	0	0	0
d_Bacteria;p_Bacillota_A;c_Clostridia;o_Oscillospirales;f_Acutalibacteraceae;g_CAG-177;s_CAG-177_sp905235625	0	0	0	0	0	0	0	0	0	0	0	0	0	0	0	0	0	0	0.040327903	0.10317358	0.05155873	0.057674795	0.17373629	0.09541578
d_Bacteria;p_Verrucomicrobiota;c_Kiritimatiellia;o_UBA8416;f_YA12-FULL-48-11;g_YA12-FULL-48-11;s_YA12-FULL-48-11_sp028716365	0	0	0	0	0	0	0	0	0	0	0	0	0	0	0	0	0	0	0.17819362500000002	0.299585397	0.150738028	0.49443531	0.28866844399999997	0.23517284900000002
d_Bacteria;p_Actinomycetota;c_Coriobacteriia;o_Coriobacteriales;f_UBA8131;g_WQXH01;s_WQXH01_sp031267175	0	0	0	0	0	0	0	0	0	0	0	0	0.538830916	0.6593491499999999	0.793957035	0.8519537100000001	1.32434832	1.37748715	0	0	0	0	0	0
d_Bacteria;p_Planctomycetota;c_Planctomycetia;o_Pirellulales;f_Thermoguttaceae;g_UBA8133;s_UBA8133_sp003509805	0	0	0	0	0	0	0	0	0	0	0	0	1.296334	0.76097524	1.3468318	1.387936	1.3788499	1.9338379	0.16754282	0.19783188	0.29988152	0.19813928	0.74129707	0.48070973
d_Bacteria;p_Bacteroidota;c_Bacteroidia;o_Bacteroidales;f_Tannerellaceae;g_Parabacteroides;s_Parabacteroides_sp003473295	0	0	0	0	0	0	0	0	0	0	0	0	0.9160469	0.2687918	0.22757806	0.35521418	0.3265369	0.20519945	0	0	0	0	0	0
d_Bacteria;p_Pseudomonadota;c_Gammaproteobacteria;o_Enterobacterales;f_Enterobacteriaceae;g_Enterobacter;s_unclassify_g_Enterobacter	0	0	0	0	0	0	0	0	0	0	0	0	0.245155925	0.21749443000000002	0.25188624	0.16522346999999998	0.184216396	0.211946844	0	0	0	0	0	0
d_Bacteria;p_Bacillota_C;c_Negativicutes;o_JAGOZY01;f_JAGOZY01;g_JAGOHU01;s_JAGOHU01_sp017995975	0	0	0	0	0	0	1.27886803	0.36687782	1.3969960399999999	0.43883835400000004	0.55468691	0.20586901000000002	0	0	0	0	0	0	0	0	0	0	0	0
d_Bacteria;p_Bacillota_A;c_Clostridia;o_Oscillospirales;f_Butyricicoccaceae;g_RGIG1902;s_RGIG1902_sp017560175	0	0	0	0	0	0	0	0	0	0	0	0	0.30826864	0.11931842	0.34898978	0.27645516	0.5703944	0.48194546	0	0	0	0	0	0
d_Bacteria;p_Bacillota_A;c_Clostridia;o_Oscillospirales;f_Ruminococcaceae;g_Gemmiger_A;s_Gemmiger_A_sp944386225	0	0	0	0	0	0	0	0	0	0	0	0	0	0	0	0	0	0	2.078359746	1.3494844639999999	1.000853413	0.786948376	1.327320064	1.557202917
d_Bacteria;p_Bacillota_A;c_Clostridia;o_Christensenellales;f_Pumilibacteraceae;g_Neoclostridium;s_unclassify_g_Neoclostridium	0	0	0	0	0	0	0	0	0	0	0	0	0	0	0	0	0	0	0.034170993	0.024977677	0.03931842	0.07330419	0.035808228	0.11413905
d_Bacteria;p_Bacillota_A;c_Clostridia;o_Lachnospirales;f_Anaerotignaceae;g_JANFXS01;s_JANFXS01_sp024460105	0	0	0	0	0	0	0	0	0	0	0	0	0	0	0	0	0	0	0.072871625	0.07609487	0.07985603	0.10049487	0.23999834	0.17386293
d_Bacteria;p_Bacillota_A;c_Clostridia;o_Oscillospirales;f_Oscillospiraceae;g_Lawsonibacter;s_Lawsonibacter_sp944385075	0	0	0	0	0	0	0	0	0	0	0	0	0	0	0	0	0	0	0.064152166	0.2761466	0.12576051	0.38992447	0.18922852	0.13095096
d_Bacteria;p_Bacteroidota;c_Bacteroidia;o_Bacteroidales;f_Dysgonomonadaceae;g_Dysgonomonas;s_unclassify_g_Dysgonomonas	0	0	0	0	0	0	6.8247488	8.3000303	5.90529491	9.51848936	5.495338	6.57449833	0.15489341	0.17557666	0.25676855	0.5544571	0.4819937	0.2290825	0.697245656	1.116046976	0.578418431	0.6466281899999999	0.865435666	1.5752285120000002
d_Bacteria;p_Bacteroidota;c_Bacteroidia;o_Bacteroidales;f_Marinifilaceae;g_CALUMT01;s_CALUMT01_sp944321845	0	0	0	0	0	0	0	0	0	0	0	0	0	0	0	0	0	0	0.055954944	0.022309618	0.085845254	0.021824636	0.071073934	0.038230076
d_Bacteria;p_Bacillota_A;c_Clostridia;o_Lachnospirales;f_Lachnospiraceae;g_Enterocloster;s_unclassify_g_Enterocloster	0	0	0	0	0	0	1.7468953	0.19063412	0.4415803	9.843466	0.4346281	11.115635	0	0	0	0	0	0	0	0	0	0	0	0
d_Bacteria;p_Bacteroidota;c_Bacteroidia;o_Bacteroidales;f_Marinifilaceae;g_Odoribacter;s_Odoribacter_sp900548135	0	0	0	0	0	0	0.46803612	0.3214557	0.51211953	0.515418	0.3711294	0.41515994	0	0	0	0	0	0	0	0	0	0	0	0
d_Bacteria;p_Desulfobacterota;c_Desulfarculia;o_Adiutricales;f_Adiutricaceae;g_Adiutrix;s_Adiutrix_sp031261565	0	0	0	0	0	0	0	0	0	0	0	0	0	0	0	0	0	0	1.96647148	0.86925876	1.04070888	0.65324699	4.10771315	2.0524213
d_Bacteria;p_Bacillota_A;c_Clostridia;o_Oscillospirales;f_Oscillospiraceae;g_Lawsonibacter;s_Lawsonibacter_sp910588455	0	0	0	0	0	0	0.13920379	0.14378554	0.1385844	0.053245727	0.28015012	0.1215173	0	0	0	0	0	0	0	0	0	0	0	0
d_Bacteria;p_Pseudomonadota;c_Gammaproteobacteria;o_Burkholderiales;f_Burkholderiaceae;g_Oxalobacter;s_Oxalobacter_sp030269625	0	0	0	0	0	0	0	0	0	0	0	0	0.75444293	1.3486917	0.64774287	0.25908467	0.4024221	0.4046187	0	0	0	0	0	0
d_Bacteria;p_Bacillota_A;c_Clostridia;o_Peptostreptococcales;f_Anaerovoracaceae;g_Lentihominibacter;s_Lentihominibacter_sp949290475	0	0	0	0	0	0	0	0	0	0	0	0	0	0	0	0	0	0	0.363493874	0.145338874	0.12155948	0.081665393	0.019545315	0.23612510599999997
d_Bacteria;p_Bacillota_A;c_Clostridia;o_Christensenellales;f_Aristaeellaceae;g_JAGVSV01;s_JAGVSV01_sp019137115	0	0	0	0	0	0	0	0	0	0	0	0	0.15487494	0.21784867	0.17498726	0.25309166	0.1279625	0.32238317	0	0	0	0	0	0
d_Bacteria;p_Bacillota_A;c_Clostridia;o_Lachnospirales;f_Lachnospiraceae;g_RGIG3040;s_RGIG3040_sp017436305	0	0	0	0	0	0	0	0	0	0	0	0	0.55523217	1.47091013	0.49120785	0.98769475	0.299847825	0.25050584	0	0	0	0	0	0
d_Bacteria;p_Bacillota_A;c_Clostridia;o_Lachnospirales;f_Lachnospiraceae;g_Limivivens;s_Limivivens_sp900066135	0	0	0	0	0	0	0	0	0	0	0	0	0	0	0	0	0	0	0.36922657000000003	0.58203776	0.33422783	0.46275924	2.49250353	1.47435928
d_Bacteria;p_Bacillota_A;c_Clostridia;o_UBA1381;f_UBA1381;g_Ornithomonoglobus;s_Ornithomonoglobus_merdipullorum	0	0	0	0	0	0	0	0	0	0	0	0	0	0	0	0	0	0	0.044467602	0.1191816	1.6600538	0.06359505	0.16568218	0.1732872
d_Bacteria;p_Bacteroidota;c_Bacteroidia;o_Bacteroidales;f_Marinifilaceae;g_Butyricimonas;s_Butyricimonas_faecavium	0	0	0	0	0	0	2.0988488	0.45546678	0.40108952	0.6726146	0.24801162	1.7450238	0	0	0	0	0	0	0	0	0	0	0	0
d_Bacteria;p_Campylobacterota;c_Campylobacteria;o_Campylobacterales;f_Arcobacteraceae;g_Aliarcobacter;s_Aliarcobacter_trophiarum	0	0	0	0	0	0	0	0	0	0	0	0	0	0	0	0	0	0	1.5995214	0.041314106	0.1647535	0.13337284	0.071073934	0.10383493
d_Bacteria;p_Bacillota_A;c_Clostridia;o_Christensenellales;f_Aristaeellaceae;g_Avichristensenella;s_unclassify_g_Avichristensenella	0	0	0	0	0	0	0	0	0	0	0	0	0.7283046000000001	0.7886194	0.89851448	1.1272430500000001	1.40103375	1.46180505	0	0	0	0	0	0
d_Bacteria;p_Deferribacterota;c_Deferribacteres;o_Deferribacterales;f_JAISNW01;g_JAITWL01;s_JAITWL01_sp031285285	0	0	0	0	0	0	0.10860161	0.07327624	0.043440413	0.03894404	0.04683484	0.07999018	0	0	0	0	0	0	0.843287241	0.61612637	1.083604942	1.07216999	0.45431130999999997	0.410121063
d_Bacteria;p_Bacillota_A;c_Clostridia;o_Lachnospirales;f_Lachnospiraceae;g_Acetatifactor;s_Acetatifactor_muris	0	0	0	0	0	0	0	0	0	0	0	0	0	0	0	0	0	0	0.40753663	0.75503325	2.7360315	0.43276753	0.45621531	0.6089047
d_Bacteria;p_Verrucomicrobiota;c_Verrucomicrobiae;o_Opitutales;f_CAG-312;g_UMGS1490;s_UMGS1490_sp017633865	0	0	0	0	0	0	0	0	0	0	0	0	0	0	0	0	0	0	0.052253723	0.012731825	0.013361122	0.018682597	0.03650487	0.014544971
d_Bacteria;p_Bacteroidota;c_Bacteroidia;o_Bacteroidales;f_Dysgonomonadaceae;g_Dysgonomonas;s_Dysgonomonas_hofstadii	0	0	0	0	0	0	13.460212199999999	10.344241199999999	16.68085583	14.06404144	8.8952291	7.182536369999999	0.12170193	0.16493554	0.06757067	0.144641	0.1163433	0.11697834	0.51169276	0.86259856	0.566165205	0.6431444900000001	0.325826893	1.099006643
d_Bacteria;p_Bacteroidota;c_Bacteroidia;o_Bacteroidales;f_Rikenellaceae;g_UBA940;s_UBA940_sp944321925	0	0	0	0	0	0	0.11630602	0.2502094	0.33981416	0.06092823	0.58226264	0.06704215	0	0	0	0	0	0	5.5230788429999995	2.6189804740000002	2.678065955	2.886386866	4.208014919	2.559482767
d_Bacteria;p_Bacillota_A;c_Clostridia;o_Oscillospirales;f_Butyricicoccaceae;g_UBA4644;s_UBA4644_sp900763355	0	0	0	0	0	0	0	0	0	0	0	0	0	0	0	0	0	0	0.25879177	0.3629958	0.1502291	0.10503125	0.07818133	0.15185839
d_Bacteria;p_Bacillota_I;c_Bacilli_A;o_Erysipelotrichales;f_Erysipelotrichaceae;g_Breznakia;s_Breznakia_blatticola	0	0	0	0	0	0	0	0	0	0	0	0	2.0221946	1.3712755	0.9297399	0.6064629	1.3482442	1.2362018	0.257214234	0.30183715299999997	0.36074001499999997	0.086880762	0.363354511	0.281976058
d_Bacteria;p_Pseudomonadota;c_Gammaproteobacteria;o_Enterobacterales;f_Enterobacteriaceae;g_Citrobacter;s_Citrobacter_werkmanii	0	0	0	0	0	0	0	0	0	0	0	0	0.201224936	0.32180735	0.46340882	0.326593819	0.293287088	0.537006981	0	0	0	0	0	0
d_Bacteria;p_Bacillota_A;c_Clostridia;o_Christensenellales;f_Aristaeellaceae;g_UBA1038;s_UBA1038_sp002305755	0	0	0	0	0	0	0	0	0	0	0	0	0	0	0	0	0	0	0.6011995	0.58240813	0.5889706	1.243087	0.12650691	0.2721883
d_Bacteria;p_Bacillota_A;c_Clostridia;o_Peptostreptococcales;f_Anaerovoracaceae;g_Emergencia;s_Emergencia_sp937997955	0	0	0	0	0	0	0	0	0	0	0	0	0	0	0	0	0	0	0.10526189	0.54669565	0.13174273	0.17827068	0.07740723	0.09715248
d_Bacteria;p_Bacillota_A;c_Clostridia;o_Oscillospirales;f_Oscillospiraceae;g_JAIRRO01;s_JAIRRO01_sp031261745	0	0	0	0	0	0	0	0	0	0	0	0	0	0	0	0	0	0	0.0	0.038799316	0.006786189	0.047444887	0.32755804	0.11819933
d_Bacteria;p_Pseudomonadota;c_Gammaproteobacteria;o_Enterobacterales;f_Aeromonadaceae;g_Aeromonas;s_Aeromonas_simiae	0	0	0	0	0	0	0	0	0	0	0	0	0	0	0	0	0	0	0.54312503	0.80361134	0.33598912	2.2738638	0.06731854	0.09509728
d_Bacteria;p_Bacillota;c_Bacilli;o_Lactobacillales;f_Enterococcaceae;g_Enterococcus;s_Enterococcus_sp016745255	0	0	0	0	0	0	0.76999533	0.11771617	1.0967087	0.51108664	0.50135046	0.54119086	0.10413918	0.10926502	0.08094743	0.10829691	0.035554986	0.06256075	0	0	0	0	0	0
d_Bacteria;p_Actinomycetota;c_Coriobacteriia;o_Coriobacteriales;f_Eggerthellaceae;g_Raoultibacter;s_Raoultibacter_phocaeensis	0	0	0	0	0	0	0	0	0	0	0	0	0	0	0	0	0	0	0.090926796	0.34254536	0.04292261	0.15754674	0.10261289	0.10513267
d_Bacteria;p_Fusobacteriota;c_Fusobacteriia;o_Fusobacteriales;f_Fusobacteriaceae;g_JAISST01;s_JAISST01_sp031289425	0	0	0	0	0	0	0	0	0	0	0	0	1.1538182	0.1899195	0.24592814	0.107563846	0.13377884	0.12281272	0.327380614	0.35638782	0.41719598999999996	0.38291125	0.37603893	0.9512668900000001
d_Bacteria;p_Bacillota_A;c_Clostridia;o_Christensenellales;f_CAG-138;g_JAEYLA01;s_JAEYLA01_sp023461495	0	0	0	0	0	0	0	0	0	0	0	0	0	0	0	0	0	0	0.9079496	0.27781788	0.113380484	1.1324115	0.14751193	0.105794065
d_Bacteria;p_Bacillota_A;c_Clostridia;o_Oscillospirales;f_Oscillospiraceae;g_Lawsonibacter;s_Lawsonibacter_sp017416685	0	0	0	0	0	0	0	0	0	0	0	0	0	0	0	0	0	0	1.25040984	0.74081763	1.62180182	1.36939605	1.22015872	1.04135576
d_Bacteria;p_Bacillota_A;c_Clostridia;o_Oscillospirales;f_Ruminococcaceae;g_Massilioclostridium;s_Massilioclostridium_methylpentosum	0	0	0	0	0	0	0	0	0	0	0	0	0	0	0	0	0	0	0.5511143	1.1633137	2.25182	4.3550587	0.44787294	0.619878
d_Bacteria;p_Actinomycetota;c_Coriobacteriia;o_Coriobacteriales;f_UBA8131;g_WQXH01;s_unclassify_g_WQXH01	0	0	0	0	0	0	0	0	0	0	0	0	0.075737655	0.48258704	0.53964984	0.3300478	0.2939209	0.46712065	0	0	0	0	0	0
d_Bacteria;p_Bacillota_A;c_Clostridia;o_Christensenellales;f_UMGS416;g_Parachristensenella;s_Parachristensenella_avicola	0	0	0	0	0	0	0	0	0	0	0	0	0.31241772	0.3277949	0.26597032	0.21659394	0.21332993	0.22521904	0	0	0	0	0	0
d_Bacteria;p_Bacillota_A;c_Clostridia;o_Peptostreptococcales;f_Anaerovoracaceae;g_Hominibacterium;s_Hominibacterium_sp959021945	0	0	0	0	0	0	0	0	0	0	0	0	0.834581	1.4263973	1.1709526	0.6512052	1.1012573	1.6197348	0	0	0	0	0	0
d_Bacteria;p_Bacillota_A;c_Clostridia;o_Peptostreptococcales;f_Anaerovoracaceae;g_JAQUJQ01;s_JAQUJQ01_sp028680875	0	0	0	0	0	0	0	0	0	0	0	0	0.156959	0.4406422	0.12954128	0.17330901	0.1975536	0.10091783	0	0	0	0	0	0
d_Bacteria;p_Bacteroidota;c_Bacteroidia;o_Bacteroidales;f_Azobacteroidaceae;g_JAJBTS01;s_JAJBTS01_sp031256015	0	0	0	0	0	0	0	0	0	0	0	0	0.714875706	0.47806717	1.10969273	2.573751196	0.63763594	0.59050198	0	0	0	0	0	0
d_Bacteria;p_Bacillota_A;c_Clostridia;o_Oscillospirales;f_Ruminococcaceae;g_Massiliimalia;s_Massiliimalia_massiliensis	0	0	0	0	0	0	0	0	0	0	0	0	0	0	0	0	0	0	0.8098006	0.04521717	0.021569138	0.02412774	0.08643163	0.061048623
d_Bacteria;p_Bacillota_A;c_Clostridia;o_Lachnospirales;f_Anaerotignaceae;g_UBA8514;s_UBA8514_sp003543235	0	0	0	0	0	0	0.34968042	0.4861763	0.36112297	0.054717373	0.37014818	0.18731382	0	0	0	0	0	0	0	0	0	0	0	0
d_Bacteria;p_Bacillota_A;c_Clostridia;o_Oscillospirales;f_Acutalibacteraceae;g_Acutalibacter;s_Acutalibacter_sp910587835	0	0	0	0	0	0	0.2624536	1.2864054	0.8601198	0.23366426	0.936696	0.35995597	0	0	0	0	0	0	0	0	0	0	0	0
d_Bacteria;p_Verrucomicrobiota;c_Kiritimatiellia;o_RFP12;f_UBA1067;g_DUPH01;s_DUPH01_sp022704125	0	0	0	0	0	0	0	0	0	0	0	0	0	0	0	0	0	0	0.13374862	0.20164048	0.15389616	0.07172989399999999	0.25257454999999995	0.171022145
d_Bacteria;p_Bacillota_A;c_Clostridia;o_Lachnospirales;f_Lachnospiraceae;g_Acetatifactor;s_Acetatifactor_sp017620975	0	0	0	0	0	0	0	0	0	0	0	0	0	0	0	0	0	0	0.23903121	0.06353553	2.550352	0.32631028	0.060723346	0.07258365
d_Bacteria;p_Bacillota_A;c_Clostridia;o_Peptostreptococcales;f_Anaerovoracaceae;g_Lentihominibacter;s_Lentihominibacter_sp946555345	0	0	0	0	0	0	0.12289848	0.23858485	0.13040112	0.04453474	0.16736986	0.22868371	0	0	0	0	0	0	0	0	0	0	0	0
d_Bacteria;p_Bacteroidota;c_Bacteroidia;o_Bacteroidales;f_UBA932;g_JAISFN01;s_JAISFN01_sp031263585	0	0	0	0	0	0	1.0689764	1.42936219	1.62215324	0.851269023	1.04935093	2.4461875699999998	0.59767121	0.44624985	0.31144411	0.52110314	0.801077666	0.752092	0.832767831	0.236414383	0.42001261	0.23359262	0.6052193	0.43775395699999997
d_Bacteria;p_Desulfobacterota;c_Desulfarculia;o_Adiutricales;f_Adiutricaceae;g_Adiutrix;s_unclassify_g_Adiutrix	0	0	0	0	0	0	1.5755082900000001	0.82951397	0.8550312600000001	0.3689055	0.703530855	3.11842061	3.1850066	1.7989604	2.1483418	2.5864542999999998	3.6659775999999997	3.58986296	0	0	0	0	0	0
d_Bacteria;p_Bacillota_I;c_Bacilli_A;o_Erysipelotrichales;f_Coprobacillaceae;g_Beduini;s_Beduini_sp900550005	0	0	0	0	0	0	0	0	0	0	0	0	0.45300928	0.2569498	0.1371522	0.09490937	0.13377884	0.12792979	0	0	0	0	0	0
d_Bacteria;p_JAAYKD01;c_JAAYKD01;o_JAAYKD01;f_WRDA01;g_WRDA01;s_WRDA01_sp009783675	0	0	0	0	0	0	0	0	0	0	0	0	0.14918417	0.07971283	0.31045654	0.22573338	0.11620535	0.3140062	0	0	0	0	0	0
d_Bacteria;p_Bacillota_A;c_Clostridia;o_Oscillospirales;f_Ruminococcaceae;g_Ruthenibacterium;s_Ruthenibacterium_sp944388395	0	0	0	0	0	0	0	0	0	0	0	0	0	0	0	0	0	0	0.42048068000000005	0.69124975	0.45181707	0.22813768	0.56121346	1.65930744
d_Bacteria;p_Bacillota_A;c_Clostridia;o_Lachnospirales;f_Lachnospiraceae;g_Brotaphodocola;s_Brotaphodocola_sp009911065	0	0	0	0	0	0	0.57462794	0.20308964	0.5910429	1.633753	0.13275562	1.7307522	0	0	0	0	0	0	0.56498265	0.47651598	1.6377262	0.57104313	0.7628368	0.31301656
d_Bacteria;p_Bacillota_A;c_Clostridia;o_Eubacteriales;f_Eubacteriaceae;g_Eubacterium_O;s_Eubacterium_O_aggregans	0	0	0	0	0	0	0.15827864	0.11942635	0.093128525	0.017576672	0.09247891	0.1203404	0	0	0	0	0	0	0	0	0	0	0	0
d_Bacteria;p_Bacillota_I;c_Bacilli_A;o_Erysipelotrichales;f_Coprobacillaceae;g_MGBC113645;s_MGBC113645_sp910579135	0	0	0	0	0	0	0.5258549	0.27438486	0.38871038	0.17650086	0.095246315	0.13168795	0	0	0	0	0	0	0	0	0	0	0	0
d_Bacteria;p_Bacillota_I;c_Bacilli_A;o_Erysipelotrichales;f_Coprobacillaceae;g_Thomasclavelia;s_Thomasclavelia_spiroformis	0	0	0	0	0	0	0	0	0	0	0	0	1.93043334	1.101241296	0.744325888	0.477215933	0.626465949	0.355147486	0	0	0	0	0	0
d_Bacteria;p_Bacteroidota;c_Bacteroidia;o_Bacteroidales;f_Dysgonomonadaceae;g_Dysgonomonas;s_Dysgonomonas_sp010501105	0	0	0	0	0	0	0	0	0	0	0	0	0.05163116	0.03192306	0.063065976	0.02410681	0.055401552	0.058489148	0	0	0	0	0	0
d_Bacteria;p_Bacteroidota;c_Bacteroidia;o_Bacteroidales;f_Marinifilaceae;g_Butyricimonas;s_unclassify_g_Butyricimonas	0	0	0	0	0	0	0	0	0	0	0	0	1.012579	1.1066856	1.3717647	0.66189	0.89424235	1.1273804	0	0	0	0	0	0
d_Bacteria;p_Bacillota_A;c_Clostridia;o_Oscillospirales;f_Ruminococcaceae;g_Ruminococcus;s_Ruminococcus_sp017543595	0	0	0	0	0	0	0	0	0	0	0	0	0	0	0	0	0	0	0.13916264	0.25430647	0.11564638	0.3856067	0.056711793	0.28083813
d_Bacteria;p_Bacillota_A;c_Clostridia;o_Peptostreptococcales;f_Anaerovoracaceae;g_Aminipila;s_Aminipila_terrae	0	0	0	0	0	0	0	0	0	0	0	0	0	0	0	0	0	0	0.63253456	0.06097043	0.03732397	0.029822495	0.058271788	0.063848704
d_Bacteria;p_Desulfobacterota;c_Desulfovibrionia;o_Desulfovibrionales;f_Desulfovibrionaceae;g_WRHT01;s_WRHT01_sp031264465	0	0	0	0	0	0	3.1535055200000004	1.88300916	1.62237149	1.10143291	2.50028876	1.23014837	0	0	0	0	0	0	3.30802339	3.2320382	5.31379572	2.16379956	4.3308631900000005	1.67317822
d_Bacteria;p_Actinomycetota;c_Actinomycetes;o_Mycobacteriales;f_Mycobacteriaceae;g_Corynebacterium;s_Corynebacterium_variabile	0	0	0	0	0	0	0	0	0	0	0	0	0.167331725	0.32671219	0.183873164	0.29143912	0.28049839	0.237150934	0	0	0	0	0	0
d_Bacteria;p_Bacillota_A;c_Clostridia;o_Oscillospirales;f_Oscillospiraceae;g_Lawsonibacter;s_Lawsonibacter_asaccharolyticus	0	0	0	0	0	0	0	0	0	0	0	0	0	0	0	0	0	0	0.07698965	0.2854022	0.10967949	0.36571026	0.2574028	0.17909595
d_Bacteria;p_Pseudomonadota;c_Gammaproteobacteria;o_Enterobacterales;f_Enterobacteriaceae;g_Serratia;s_Serratia_ureilytica	0	0	0	0	0	0	0	0	0	0	0	0	0	0	0	0	0	0	0.66476142	0.37026115	0.21315124000000002	0.5081381300000001	0.410512325	0.381713584
d_Bacteria;p_Bacillota_A;c_Clostridia;o_Christensenellales;f_Aristaeellaceae;g_Avichristensenella;s_Avichristensenella_intestinipullorum	0	0	0	0	0	0	0	0	0	0	0	0	1.19607485	1.49124213	1.20187227	1.56992246	2.6320264	1.95332163	5.9068895	7.17429461	4.51980897	6.693774187	8.79527525	7.99258386
d_Bacteria;p_Bacillota_A;c_Clostridia;o_Oscillospirales;f_Ruminococcaceae;g_Anaerotruncus;s_Anaerotruncus_sp904398655	0	0	0	0	0	0	0	0	0	0	0	0	0.283652	0.15794389	0.036470838	0.13011503	0.17194015	0.06576902	0	0	0	0	0	0
d_Bacteria;p_Bacillota_A;c_Clostridia;o_Lachnospirales;f_Anaerotignaceae;g_Anaerotignum;s_Anaerotignum_sp030908465	0	0	0	0	0	0	0	0	0	0	0	0	0	0	0	0	0	0	0.338584654	1.60437795	0.53077848	0.932895301	0.28243217	1.37540766
d_Bacteria;p_Bacillota_A;c_Clostridia;o_Lachnospirales;f_Lachnospiraceae;g_Fimimorpha;s_Fimimorpha_excrementavium	0	0	0	0	0	0	0.2268833	0.6363494	0.43561366	0.034458052	0.41439927	0.15728043	0	0	0	0	0	0	0	0	0	0	0	0
d_Bacteria;p_Bacillota_A;c_Clostridia;o_Clostridiales;f_Clostridiaceae;g_Clostridium_H;s_Clostridium_H_sp026719745	0	0	0	0	0	0	0	0	0	0	0	0	0	0	0	0	0	0	0.05832438	0.047962055	0.10066542	0.054739293	0.09167841	0.073056445
d_Bacteria;p_Bacillota_A;c_Clostridia;o_UBA1381;f_UBA1381;g_Ornithomonoglobus_A;s_Ornithomonoglobus_A_sp934454215	0	0	0	0	0	0	0	0	0	0	0	0	0	0	0	0	0	0	0.03775277	0.5203782	0.23581581	0.17354536	0.060284358	0.1486214
d_Bacteria;p_Fibrobacterota;c_Fibrobacteria;o_Fibrobacterales;f_Fibrobacteraceae;g_CAIRAY01;s_CAIRAY01_sp903876665	0	0	0	0	0	0	0	0	0	0	0	0	0	0	0	0	0	0	2.133457	3.0020902	0.05074593	9.419539	0.21952379	3.2454793
d_Bacteria;p_Bacillota_A;c_Clostridia;o_Clostridiales;f_Clostridiaceae;g_Clostridium;s_Clostridium_sp900759995	0	0	0	0	0	0	0	0	0	0	0	0	0.07667268	0.23228917	0.15452838	0.075177655	0.1439756	0.101333104	0	0	0	0	0	0
d_Bacteria;p_Synergistota;c_Synergistia;o_Synergistales;f_Synergistaceae;g_JAIRKI01;s_JAIRKI01_sp031274465	0	0	0	0	0	0	0.62822056	0.10076665	0.084151946	0.8801526	0.21421798	1.5567304	0	0	0	0	0	0	0.8798382899999999	1.22649223	1.17256931	0.92927569	1.51800675	1.41577101
d_Bacteria;p_Fusobacteriota;c_Fusobacteriia;o_Fusobacteriales;f_Leptotrichiaceae;g_Sebaldella;s_Sebaldella_termitidis	0	0	0	0	0	0	0.11015498	0.53796697	0.5287409	0.049658507	0.6107748	0.7340728	0	0	0	0	0	0	0	0	0	0	0	0
d_Bacteria;p_Pseudomonadota;c_Gammaproteobacteria;o_Pseudomonadales;f_Pseudomonadaceae;g_Entomomonas;s_Entomomonas_sp945283395	0	0	0	0	0	0	0.075160876	0.10518242	0.5050783	0.021561857	0.45919013	0.030755313	0	0	0	0	0	0	0	0	0	0	0	0
d_Bacteria;p_Bacillota_A;c_Clostridia;o_Lachnospirales;f_Lachnospiraceae;g_Muricomes;s_Muricomes_contortus_C	0	0	0	0	0	0	0	0	0	0	0	0	0.33570182	0.18161607	0.20502536	0.21195641	0.10888389	0.10083509	0	0	0	0	0	0
d_Bacteria;p_Bacillota_A;c_Clostridia;o_Christensenellales;f_Aristaeellaceae;g_Faecaligallichristensenella;s_Faecaligallichristensenella_faecipullorum	0	0	0	0	0	0	0	0	0	0	0	0	0	0	0	0	0	0	0.0716665	0.09268198	0.16492437	0.09460934	0.28499585	0.21636517
d_Bacteria;p_Bacteroidota;c_Bacteroidia;o_Bacteroidales;f_UBA4181;g_JAIRLS01;s_JAIRLS01_sp031275285	0	0	0	0	0	0	0	0	0	0	0	0	0	0	0	0	0	0	0.20932803	0.180474247	0.48583867999999997	0.161198924	0.22123248	0.33167375
d_Bacteria;p_Bacillota_A;c_Clostridia;o_Oscillospirales;f_Oscillospiraceae;g_Sporobacter;s_Sporobacter_termitidis	0	0	0	0	0	0	0.1466907	0.23644274	0.29924756	0.08416415	0.26095137	0.28811944	0	0	0	0	0	0	0	0	0	0	0	0
d_Bacteria;p_Actinomycetota;c_Actinomycetes;o_Actinomycetales;f_Cellulomonadaceae;g_Flavimobilis;s_Flavimobilis_sp011300875	0	0	0	0	0	0	0	0	0	0	0	0	0.09520799	0.021131428	0.07156542	0.13164942	0.07701345	0.15970711	0	0	0	0	0	0
d_Bacteria;p_Bacillota_A;c_Clostridia;o_Christensenellales;f_CAG-138;g_JAISXK01;s_JAISXK01_sp031270585	0	0	0	0	0	0	0	0	0	0	0	0	0	0	0	0	0	0	3.10564089	3.8654994	1.49870381	1.06256349	0.6287051800000001	0.97385573
d_Bacteria;p_Bacillota_A;c_Clostridia;o_Christensenellales;f_Christensenellaceae;g_UBA5399;s_UBA5399_sp030266015	0	0	0	0	0	0	0	0	0	0	0	0	0	0	0	0	0	0	2.7643283	4.0745844	0.59841115	0.9862755200000001	0.46651772	0.81096397
d_Bacteria;p_Desulfobacterota;c_Desulfovibrionia;o_Desulfovibrionales;f_Desulfovibrionaceae;g_WRHT01;s_WRHT01_sp030267065	0	0	0	0	0	0	0	0	0	0	0	0	0	0	0	0	0	0	0.388971476	0.874742855	0.32780267	0.69671281	0.58093332	0.661876346
d_Bacteria;p_Planctomycetota;c_Planctomycetia;o_Pirellulales;f_Thermoguttaceae;g_WRMR01;s_WRMR01_sp009776995	0	0	0	0	0	0	0	0	0	0	0	0	0.09435813	0.1175655	0.4872183	0.6378155	0.48323318	0.515833	0.14621414	0.11509812	0.2286331	0.10857488	0.05500198	0.1314893
d_Bacteria;p_Bacillota_A;c_Clostridia;o_Lachnospirales;f_Lachnospiraceae;g_Lacrimispora;s_Lacrimispora_sp023398855	0	0	0	0	0	0	0	0	0	0	0	0	0	0	0	0	0	0	0.18515521	0.15922517	0.3341906	0.24532823	0.6505596	0.25920823
d_Bacteria;p_Bacillota_A;c_Clostridia;o_Lachnospirales;f_Lachnospiraceae;g_Ruminococcus_G;s_Ruminococcus_G_gauvreauii	0	0	0	0	0	0	0.28904	0.3723163	0.0882881	0.07349613	0.17847566	0.038707588	0	0	0	0	0	0	0	0	0	0	0	0
d_Bacteria;p_Desulfobacterota;c_Desulfovibrionia;o_Desulfovibrionales;f_Desulfovibrionaceae;g_Desulfovibrio;s_Desulfovibrio_sp011039135	0	0	0	0	0	0	0	0	0	0	0	0	0	0	0	0	0	0	0.06926733	0.060125202	0.019925375	1.1005192	1.297477	0.086763285
d_Bacteria;p_Pseudomonadota;c_Alphaproteobacteria;o_Rhizobiales;f_Devosiaceae;g_Devosia;s_unclassify_g_Devosia	0	0	0	0	0	0	0	0	0	0	0	0	0.1397737	0.10354914	0.14765804	0.04938675	0.07944932	0.12481718	0	0	0	0	0	0
d_Bacteria;p_Bacillota_A;c_Clostridia;o_Peptostreptococcales;f_Anaerovoracaceae;g_Hominibacterium;s_Hominibacterium_sp910583765	0	0	0	0	0	0	0.32349055000000004	0.27862798	0.44742115	0.25503318	0.32990704	0.218263643	0.6654089	2.001296	1.5107584	0.57748413	0.9996022	1.1874737	3.474547288	1.588235233	1.266630996	1.29044451	1.84167316	1.8090092539999998
d_Bacteria;p_Bacillota_I;c_Bacilli_A;o_Erysipelotrichales;f_Coprobacillaceae;g_Coprobacillus;s_Coprobacillus_cateniformis	0	0	0	0	0	0	0.2173065	0.21721843	0.24724528	0.22165376	0.41650787	0.14227271	0	0	0	0	0	0	0	0	0	0	0	0
d_Bacteria;p_Verrucomicrobiota;c_Verrucomicrobiae;o_Verrucomicrobiales;f_Akkermansiaceae;g_Akkermansia;s_unclassify_g_Akkermansia	0	0	0	0	0	0	1.6623764	0.9945653	1.4268517	0.35943457	2.0871503	0.464435	0	0	0	0	0	0	0.17183883	0.15386929	0.517378	0.19353148	0.44117662	0.40537456
d_Bacteria;p_Bacillota_A;c_Clostridia;o_Oscillospirales;f_Acutalibacteraceae;g_CAG-177;s_CAG-177_sp017407995	0	0	0	0	0	0	0	0	0	0	0	0	0.08110708	0.100295335	1.8540251	0.29348704	0.50477445	1.3782058	0	0	0	0	0	0
d_Bacteria;p_Bacillota_A;c_Clostridia;o_Oscillospirales;f_Oscillospiraceae;g_Enterenecus;s_Enterenecus_sp910587205	0	0	0	0	0	0	0	0	0	0	0	0	0.30744976	0.5100835	0.43187264	0.050242428	0.09237243	0.14221737	0	0	0	0	0	0
d_Bacteria;p_Bacillota_A;c_Clostridia;o_Lachnospirales;f_Lachnospiraceae;g_Aequitasia;s_Aequitasia_blattaphilus	0	0	0	0	0	0	0	0	0	0	0	0	1.374560085	0.662278004	0.747318605	0.41300322899999997	0.6250594030000001	0.490678668	0.42539076	0.55541599	1.2602107	0.59117118	0.9179232	0.53205731
d_Bacteria;p_Bacillota_A;c_Clostridia;o_Lachnospirales;f_Lachnospiraceae;g_CHH4-2;s_CHH4-2_sp018378255	0	0	0	0	0	0	0	0	0	0	0	0	1.33463377	1.1409069299999999	0.53601485	0.31106924999999996	0.287104065	0.166701316	0.43850422	0.32720774	0.3013341	0.088189475	0.07658571	0.045772083
d_Bacteria;p_Bacteroidota;c_Bacteroidia;o_Bacteroidales;f_UBA932;g_Cryptobacteroides;s_Cryptobacteroides_sp002439095	0	0	0	0	0	0	0	0	0	0	0	0	0.71430516	1.5600803	5.8651633	3.4370325	2.9061925	4.3531113	0	0	0	0	0	0
d_Bacteria;p_Bacillota;c_Bacilli;o_Lactobacillales;f_Enterococcaceae;g_Enterococcus_C;s_Enterococcus_C_dispar	0	0	0	0	0	0	0	0	0	0	0	0	0	0	0	0	0	0	0.0	0.014351217	0.0	0.042117786	0.0	0.06557987
d_Bacteria;p_Bacillota_A;c_Clostridia;o_Eubacteriales;f_Eubacteriaceae;g_Eubacterium;s_Eubacterium_limosum	0	0	0	0	0	0	0	0	0	0	0	0	0	0	0	0	0	0	0.20593598	0.14260866	0.05404298	0.110444464	0.1325106	0.15386663
d_Bacteria;p_Bacillota_A;c_Clostridia;o_Oscillospirales;f_Butyricicoccaceae;g_RGIG3513;s_RGIG3513_sp017408985	0	0	0	0	0	0	0	0	0	0	0	0	0	0	0	0	0	0	0.12854531	0.049744394	0.18561134	0.12976816	0.095085315	0.09471425
d_Bacteria;p_Bacillota_A;c_Clostridia;o_Lachnospirales;f_Lachnospiraceae;g_Acetatifactor;s_Acetatifactor_sp910589655	0	0	0	0	0	0	0	0	0	0	0	0	0.30518347	0.25866544	0.088533625	0.068574175	0.10315311	0.09075163	0	0	0	0	0	0
d_Bacteria;p_Bacillota_A;c_Clostridia;o_Oscillospirales;f_UBA929;g_UBA929;s_UBA929_sp002293625	0	0	0	0	0	0	0	0	0	0	0	0	0.16785099	0.0825528	0.18172695	0.35533887	0.21776767	0.44871643	0	0	0	0	0	0
d_Bacteria;p_Desulfobacterota;c_Desulfuromonadia;o_Geobacterales;f_DSM-12255;g_Geoanaerobacter;s_Geoanaerobacter_sp009684525	0	0	0	0	0	0	0	0	0	0	0	0	0.29045618	0.69331205	0.22577193	0.26753256	0.2776674	0.09771409	0	0	0	0	0	0
d_Bacteria;p_Verrucomicrobiota;c_Kiritimatiellia;o_RFP12;f_UBA1067;g_M55B167;s_M55B167_sp027858965	0	0	0	0	0	0	0	0	0	0	0	0	0	0	0	0	0	0	0.39496328	0.92413987	1.026765264	0.384553974	0.385941886	0.82566988
d_Bacteria;p_Bacillota_A;c_Clostridia;o_Oscillospirales;f_Acutalibacteraceae;g_Heritagella;s_Heritagella_sp944384915	0	0	0	0	0	0	0	0	0	0	0	0	0	0	0	0	0	0	0.07292377	0.29522496	0.12478755	0.20457184	0.9248513	1.0445942
d_Bacteria;p_Bacillota_A;c_Clostridia;o_Oscillospirales;f_Acutalibacteraceae;g_Acutalibacter;s_Acutalibacter_stercorigallinarum	0	0	0	0	0	0	0	0	0	0	0	0	0	0	0	0	0	0	0.24497706	0.07732519	0.05552183	0.10152269	0.11668854	0.09763584
d_Bacteria;p_Bacillota_A;c_Clostridia;o_Peptostreptococcales;f_Anaerovoracaceae;g_JAIRPC01;s_JAIRPC01_sp031277015	0	0	0	0	0	0	0	0	0	0	0	0	0.32178667	0.2708036	0.13429335	0.27169088	0.18530342	0.2197301	0	0	0	0	0	0
d_Bacteria;p_Bacillota_A;c_Clostridia;o_Peptostreptococcales;f_Anaerovoracaceae;g_JAITPU01;s_JAITPU01_sp031289235	0	0	0	0	0	0	0	0	0	0	0	0	0.3909749	0.34168464	0.17449482	0.110582106	0.1807192	0.11924425	0	0	0	0	0	0
d_Bacteria;p_Bacteroidota;c_Bacteroidia;o_Bacteroidales;f_UBA932;g_JAIRLF01;s_JAIRLF01_sp031279735	0	0	0	0	0	0	0	0	0	0	0	0	0.16204539	0.12504475	0.22555263	0.14164224	0.38496003	0.2091838	0	0	0	0	0	0
d_Bacteria;p_Bacillota_A;c_Clostridia;o_Oscillospirales;f_Acutalibacteraceae;g_Timburyella;s_Timburyella_stercoris	0	0	0	0	0	0	0	0	0	0	0	0	0.3024587	0.1236326	0.3509727	0.11532918	0.24990077	0.20653193	0	0	0	0	0	0
d_Bacteria;p_Bacillota_A;c_Clostridia;o_Christensenellales;f_Aristaeellaceae;g_JAJDGF01;s_JAJDGF01_sp030265545	0	0	0	0	0	0	0	0	0	0	0	0	0	0	0	0	0	0	0.23705076	0.37072793	0.09726299	0.348872	1.0437009	0.3636777
d_Bacteria;p_Bacillota_A;c_Clostridia;o_Lachnospirales;f_Lachnospiraceae;g_Lacrimispora;s_unclassify_g_Lacrimispora	0	0	0	0	0	0	0	0	0	0	0	0	0	0	0	0	0	0	0.26084174	0.234182385	0.920900728	0.265079184	0.38099236000000003	0.22440814
d_Bacteria;p_Pseudomonadota;c_Gammaproteobacteria;o_Enterobacterales;f_Enterobacteriaceae;g_Musicola;s_Musicola_paradisiaca	0	0	0	0	0	0	0.3774289	1.3212857	0.20085685	0.13769819	0.684686	0.018130084	0	0	0	0	0	0	0	0	0	0	0	0
d_Bacteria;p_Bacillota_A;c_Clostridia;o_Peptostreptococcales;f_Anaerovoracaceae;g_Fimisoma;s_Fimisoma_sp000435715	0	0	0	0	0	0	0	0	0	0	0	0	1.7113394	1.28579493	0.74656681	0.53726449	0.9895031999999999	0.91989946	0	0	0	0	0	0
d_Bacteria;p_Bacillota_A;c_Clostridia;o_Peptostreptococcales;f_Anaerovoracaceae;g_Hominibacterium;s_Hominibacterium_odorimutans_A	0	0	0	0	0	0	0	0	0	0	0	0	0.07371487	0.119640306	0.050647978	0.030115616	0.11073724	0.121780075	0	0	0	0	0	0
d_Bacteria;p_Actinomycetota;c_Coriobacteriia;o_Coriobacteriales;f_Eggerthellaceae;g_Raoultibacter;s_Raoultibacter_sp009782615	0	0	0	0	0	0	0	0	0	0	0	0	0.08702	0.23786873	0.26852867	0.3742247	0.20640747	0.23607029	0	0	0	0	0	0
d_Bacteria;p_Bacillota_A;c_Clostridia;o_Christensenellales;f_CAG-138;g_JAEYLA01;s_JAEYLA01_sp023453725	0	0	0	0	0	0	0	0	0	0	0	0	0.70787024	0.4626557	0.8407586	0.88196415	0.70500964	0.8270003	0	0	0	0	0	0
d_Bacteria;p_Bacillota_A;c_Clostridia;o_Lachnospirales;f_Anaerotignaceae;g_Anaerotignum;s_Anaerotignum_sp002380805	0	0	0	0	0	0	0	0	0	0	0	0	0	0	0	0	0	0	0.47680962	0.073806316	0.6153316	0.09025224	0.1645922	0.26700392
d_Bacteria;p_Pseudomonadota;c_Gammaproteobacteria;o_Enterobacterales;f_Enterobacteriaceae;g_CALYQQ01;s_CALYQQ01_sp945288535	0	0	0	0	0	0	0.4374041	1.0806669	0.36350054	0.14046374	0.7263742	0.038467944	0.0694752	0.087156884	0.088551864	0.4492007	0.13613264	0.27147022	0	0	0	0	0	0
d_Bacteria;p_Bacillota_A;c_Clostridia;o_Oscillospirales;f_Ruminococcaceae;g_Ruminococcus;s_Ruminococcus_sp017935095	0	0	0	0	0	0	0	0	0	0	0	0	0	0	0	0	0	0	0.04183548	0.030580182	0.1283667	0.0	0.029226659	0.069870144
d_Bacteria;p_Bacillota_A;c_Clostridia;o_Oscillospirales;f_Ruminococcaceae;g_UBA866;s_UBA866_sp022791945	0	0	0	0	0	0	0	0	0	0	0	0	0	0	0	0	0	0	0.109562196	0.13728987	0.15608221	0.16788189	0.9512971	0.07842074
d_Bacteria;p_Bacillota_A;c_Clostridia;o_Christensenellales;f_Aristaeellaceae;g_Limiplasma;s_Limiplasma_sp022769795	0	0	0	0	0	0	0	0	0	0	0	0	0	0	0	0	0	0	0.228843387	0.236633943	1.661244015	0.16164387000000002	0.253455576	0.540666008
d_Bacteria;p_Pseudomonadota;c_Gammaproteobacteria;o_Enterobacterales;f_Enterobacteriaceae;g_Enterobacter;s_Enterobacter_quasihormaechei	0	0	0	0	0	0	0	0	0	0	0	0	0	0	0	0	0	0	0.192200727	0.26311902	0.260350939	0.31211495	0.092019655	0.290557073
d_Bacteria;p_Spirochaetota;c_Spirochaetia;o_WRBN01;f_WRBN01;g_Entomospira;s_Entomospira_culicis	0	0	0	0	0	0	0	0	0	0	0	0	0.11228432	0.08378807	0.5296912	0.12654577	0.15704481	0.10234393	0	0	0	0	0	0
d_Bacteria;p_Bacillota_A;c_Clostridia;o_Eubacteriales;f_Anaerofustaceae;g_JAAYHF01;s_JAAYHF01_sp012727485	0	0	0	0	0	0	0	0	0	0	0	0	0	0	0	0	0	0	0.083307765	0.048715767	0.09372674	0.047656756	0.20563808	0.09275573
d_Bacteria;p_Bacillota_C;c_Negativicutes;o_Acidaminococcales;f_Acidaminococcaceae;g_Phascolarctobacterium;s_Phascolarctobacterium_sp900545535	0	0	0	0	0	0	0	0	0	0	0	0	0.7015549	0.63602966	1.2549568	0.93345535	0.8638536	0.89679766	0	0	0	0	0	0
d_Bacteria;p_Bacillota;c_Bacilli;o_Lactobacillales;f_Enterococcaceae;g_Enterococcus_A;s_Enterococcus_A_raffinosus_A	0	0	0	0	0	0	3.3763967	0.7226824	2.1387923	0.64813954	1.4858562	0.2773469	0	0	0	0	0	0	0.34036262	0.198810435	0.28133359	0.21320665500000002	0.62061243	0.44333364
d_Bacteria;p_Bacillota_A;c_Clostridia;o_Oscillospirales;f_Oscillospiraceae;g_UBA2658;s_UBA2658_sp012729875	0	0	0	0	0	0	0	0	0	0	0	0	0.5456794699999999	0.9029242500000001	1.1051589	0.84740087	0.7673841299999999	1.3847676999999998	0	0	0	0	0	0
d_Bacteria;p_Bacillota_A;c_Clostridia;o_Oscillospirales;f_Ruminococcaceae;g_WRAV01;s_WRAV01_sp018434245	0	0	0	0	0	0	0	0	0	0	0	0	0.46543621999999996	0.29889024999999997	0.37482319	1.05229968	1.4866512900000002	0.49763513	0	0	0	0	0	0
d_Bacteria;p_Bacillota_A;c_Clostridia;o_Oscillospirales;f_Ruminococcaceae;g_Pygmaiobacter;s_Pygmaiobacter_hominis	0	0	0	0	0	0	0	0	0	0	0	0	0.79621624	1.4828452	0.77804492	0.4258312	0.63067396	0.82271076	0	0	0	0	0	0
d_Bacteria;p_Bacillota;c_Bacilli;o_Lactobacillales;f_Enterococcaceae;g_unclassify_f_Enterococcaceae;s_unclassify_f_Enterococcaceae	0	0	0	0	0	0	0	0	0	0	0	0	0.041774563	0.12053451	0.12756625	0.022755535	0.14642905	0.05521062	0.23684167499999997	0.196454595	0.09060153	0.045946587	0.082296066	0.072060104
d_Bacteria;p_Bacteroidota;c_Bacteroidia;o_Bacteroidales;f_UBA932;g_JAIRKV01;s_JAIRKV01_sp031276235	0	0	0	0	0	0	0	0	0	0	0	0	0	0	0	0	0	0	0.08952804	0.094526681	0.049599435000000004	0.11203316199999999	0.07296926000000001	0.145368724
d_Bacteria;p_Bacteroidota;c_Bacteroidia;o_Bacteroidales;f_unclassify_o_Bacteroidales;g_unclassify_o_Bacteroidales;s_unclassify_o_Bacteroidales	0	0	0	0	0	0	0.23261215	1.3329332	1.5291644	0.13491258	0.9159185	0.1266351	0.22332235	0.23013006	0.11690652	0.29543254	0.09585228	0.2670403	0	0	0	0	0	0
d_Bacteria;p_Verrucomicrobiota;c_Kiritimatiellia;o_RFP12;f_UBA3636;g_JAAZAI01;s_JAAZAI01_sp012514445	0	0	0	0	0	0	0	0	0	0	0	0	0.096796796	0.10054549	0.18444602	0.32901916	0.31408978	0.30191433	0	0	0	0	0	0
d_Bacteria;p_Bacillota_A;c_Clostridia;o_Oscillospirales;f_Oscillospiraceae;g_Faecousia;s_Faecousia_sp017481325	0	0	0	0	0	0	0.15581375	0.03738011	0.0	0.07151888	0.026878117	0.62737817	0	0	0	0	0	0	0	0	0	0	0	0
d_Bacteria;p_Desulfobacterota;c_Desulfovibrionia;o_Desulfovibrionales;f_Desulfovibrionaceae;g_Frigididesulfovibrio;s_Frigididesulfovibrio_sp030266525	0	0	0	0	0	0	0	0	0	0	0	0	2.7303052	16.9208452	22.4759656	8.04377	11.29375	8.716212	6.78553297	5.24625683	10.732559176	3.934237134	22.06006224	12.229050670000001
d_Bacteria;p_Bacillota_A;c_Clostridia;o_Peptostreptococcales;f_Anaerovoracaceae;g_CALWZU01;s_CALWZU01_sp944386095	0	0	0	0	0	0	0	0	0	0	0	0	0	0	0	0	0	0	0.49858215	0.4238645	0.16212903	0.12788296	0.060576312	0.3439372
d_Bacteria;p_Pseudomonadota;c_Gammaproteobacteria;o_Xanthomonadales;f_Xanthomonadaceae;g_Stenotrophomonas;s_Stenotrophomonas_sp003086795	0	0	0	0	0	0	0	0	0	0	0	0	0	0	0	0	0	0	0.739094	0.60140944	0.37975156	0.23932318	0.5699197	0.069870144
d_Bacteria;p_Bacteroidota;c_Bacteroidia;o_Bacteroidales;f_Rikenellaceae;g_WRDF01;s_WRDF01_sp009783565	0	0	0	0	0	0	0	0	0	0	0	0	0	0	0	0	0	0	1.006841324	0.53112248	1.06109803	0.8669670549999999	0.8193502699999999	1.4155938780000001
d_Bacteria;p_Pseudomonadota;c_Gammaproteobacteria;o_Burkholderiales;f_Chitinibacteraceae;g_Chitiniphilus;s_Chitiniphilus_eburneus	0	0	0	0	0	0	0	0	0	0	0	0	0.11966839	0.0885348	0.06371585	0.2607444	0.16133238	0.15815762	0	0	0	0	0	0
d_Bacteria;p_Bacillota_A;c_Clostridia;o_Christensenellales;f_Pumilibacteraceae;g_Protoclostridium;s_Protoclostridium_gallicola	0	0	0	0	0	0	0	0	0	0	0	0	0	0	0	0	0	0	0.040942665	0.039903406	0.041875716	0.0	0.009534313	0.022793025
d_Bacteria;p_Bacillota_A;c_Clostridia;o_Eubacteriales;f_Eubacteriaceae;g_Eubacterium;s_Eubacterium_sp015547515	0	0	0	0	0	0	0	0	0	0	0	0	0.30006193999999997	0.47188167000000003	0.36406184500000005	0.277050995	0.26670667	0.35226985	0	0	0	0	0	0
d_Bacteria;p_Bacillota_I;c_Bacilli_A;o_Erysipelotrichales;f_Erysipelotrichaceae;g_RGIG1896;s_RGIG1896_sp017397025	0	0	0	0	0	0	0	0	0	0	0	0	0	0	0	0	0	0	0.556906294	0.422760034	0.315434973	0.6415295160000001	0.404368893	1.043580068
d_Bacteria;p_Pseudomonadota;c_Gammaproteobacteria;o_Enterobacterales;f_Enterobacteriaceae;g_Klebsiella;s_Klebsiella_aerogenes	0	0	0	0	0	0	9.63086493	0.410995716	1.40544489	0.209952997	1.076131754	0.5010503580000001	0	0	0	0	0	0	0	0	0	0	0	0
d_Bacteria;p_Bacillota_A;c_Clostridia;o_Clostridiales;f_Clostridiaceae;g_WQUF01;s_WQUF01_sp009785875	0	0	0	0	0	0	0	0	0	0	0	0	0.3682727	0.17457799599999999	0.151751548	0.133591136	0.077056811	0.136651673	0.78125846	1.0546783	0.21596277	1.0116206	1.0424178	2.2510598
d_Bacteria;p_Bacillota_A;c_Clostridia;o_Lachnospirales;f_Lachnospiraceae;g_Lacrimispora;s_Lacrimispora_sp002365025	0	0	0	0	0	0	0.31887352	0.50896204	0.5233614	0.16377379	1.2243307	0.31062862	0	0	0	0	0	0	0	0	0	0	0	0
d_Bacteria;p_Bacillota_A;c_Clostridia;o_Oscillospirales;f_Oscillospiraceae;g_Alloscillospira;s_Alloscillospira_sp017540565	0	0	0	0	0	0	1.8524983000000002	1.1761347	1.3982196500000001	0.626474456	1.36488518	1.9679176999999999	0	0	0	0	0	0	0	0	0	0	0	0
d_Bacteria;p_Bacillota_A;c_Clostridia;o_Christensenellales;f_Pumilibacteraceae;g_HGM11386;s_HGM11386_sp900761915	0	0	0	0	0	0	0	0	0	0	0	0	0.05033441	0.067030385	0.17025785	0.15185492	0.081430584	0.10234393	0	0	0	0	0	0
d_Bacteria;p_Bacillota_A;c_Clostridia;o_Oscillospirales;f_Acutalibacteraceae;g_CAG-177;s_CAG-177_sp017397105	0	0	0	0	0	0	0	0	0	0	0	0	0.17810617	0.30722263	0.61954945	0.34800103	0.24429187	1.0848448	0	0	0	0	0	0
d_Bacteria;p_Pseudomonadota;c_Gammaproteobacteria;o_Xanthomonadales;f_Xanthomonadaceae;g_Xanthomonas;s_Xanthomonas_fragariae	0	0	0	0	0	0	0	0	0	0	0	0	0.25273526	0.26146065	0.197388513	0.27027687	0.26517988600000003	0.32294812	0	0	0	0	0	0
d_Bacteria;p_Bacillota_A;c_Clostridia;o_Oscillospirales;f_Oscillospiraceae;g_Faecousia;s_Faecousia_sp902795195	0	0	0	0	0	0	0	0	0	0	0	0	0.5707263	0.54891604	0.48723876	0.58166045	0.5254829	0.7056265	0	0	0	0	0	0
d_Bacteria;p_Bacillota;c_Bacilli;o_Lactobacillales;f_Enterococcaceae;g_Enterococcus_A;s_unclassify_g_Enterococcus_A	0	0	0	0	0	0	2.9446	0.6695439	2.3504918	0.48734796	1.6047806	0.2145005	0	0	0	0	0	0	0	0	0	0	0	0
d_Bacteria;p_Bacillota_A;c_Clostridia;o_Christensenellales;f_Aristaeellaceae;g_JAITTS01;s_JAITTS01_sp031286995	0	0	0	0	0	0	0.28241226	0.08468942	0.036148597	0.03240698	0.341016	0.0	0	0	0	0	0	0	0	0	0	0	0	0
d_Bacteria;p_Bacillota;c_Bacilli;o_Lactobacillales;f_Lactobacillaceae;g_Pediococcus;s_Pediococcus_pentosaceus	0	0	0	0	0	0	0	0	0	0	0	0	4.0844507	13.706853	2.1604838	0.10812127	0.78188604	0.53631645	1.5896307	0.5949229	5.7847986	2.6530595	4.944081	5.46903
d_Bacteria;p_Bacillota_A;c_Clostridia;o_Peptostreptococcales;f_Anaerovoracaceae;g_Sinanaerobacter;s_Sinanaerobacter_chloroacetimidivorans	0	0	0	0	0	0	0	0	0	0	0	0	0.6253609	0.2644364	0.18438043	0.07047902	0.19436714	0.14249961	0	0	0	0	0	0
d_Bacteria;p_Bacillota_A;c_Clostridia;o_Oscillospirales;f_Oscillospiraceae;g_Evtepia;s_Evtepia_sp029256465	0	0	0	0	0	0	0	0	0	0	0	0	1.1722286	1.2767609	0.96720713	0.76751584	1.0379201	0.9336574	0	0	0	0	0	0
d_Bacteria;p_Verrucomicrobiota;c_Kiritimatiellia;o_RFP12;f_UBA1067;g_JAHFSX01;s_JAHFSX01_sp025360845	0	0	0	0	0	0	0	0	0	0	0	0	0.23764607	0.2057081	0.1290125	0.25027236	0.16660036	0.11167305	0	0	0	0	0	0
d_Bacteria;p_Bacillota_A;c_Clostridia;o_Lachnospirales;f_Lachnospiraceae;g_Faecalimonas;s_Faecalimonas_sp900556835	0	0	0	0	0	0	0.46711218	0.9245074	1.2171557	0.35032362	0.60433245	0.20643032	0	0	0	0	0	0	0	0	0	0	0	0
d_Bacteria;p_Bacillota_A;c_Clostridia;o_Lachnospirales;f_Lachnospiraceae;g_Lacrimispora;s_Lacrimispora_sp023437715	0	0	0	0	0	0	1.78738266	4.6024280300000004	2.76032455	0.207798448	2.7014615	0.68544103	0	0	0	0	0	0	0	0	0	0	0	0
d_Bacteria;p_Pseudomonadota;c_Gammaproteobacteria;o_Burkholderiales;f_Burkholderiaceae;g_Oxalobacter;s_Oxalobacter_vibrioformis	0	0	0	0	0	0	0.8854802	0.37792632	0.6879535	0.10279095	0.5754648	0.81297314	0.24040586	0.44798613	0.29364914	0.03273861	0.15047787	0.19858004	0.64152516	1.30658221	1.2136165	1.0506743299999999	1.2373575300000001	1.2001583
d_Bacteria;p_Bacillota_A;c_Clostridia;o_Christensenellales;f_Aristaeellaceae;g_Limiplasma;s_Limiplasma_sp012729115	0	0	0	0	0	0	0.255807	0.8645533	0.38495305	0.06545153	1.1091402	0.11202996	0	0	0	0	0	0	0	0	0	0	0	0
d_Bacteria;p_Patescibacteria;c_JAEDAM01;o_BD1-5;f_UBA6164;g_JABWCI01;s_JABWCI01_sp028691535	0	0	0	0	0	0	0	0	0	0	0	0	0	0	0	0	0	0	0.5902948	0.26248512	0.59997326	0.2057752	0.17870013	0.23003416
d_Bacteria;p_Bacillota_A;c_Clostridia;o_Lachnospirales;f_Lachnospiraceae;g_Suilimivivens;s_Suilimivivens_sp029226935	0	0	0	0	0	0	0	0	0	0	0	0	0	0	0	0	0	0	0.13247915	0.20896447	0.09627498	0.84511006	0.17535996	0.06404764
d_Bacteria;p_Bacillota_A;c_Clostridia;o_Lachnospirales;f_Lachnospiraceae;g_Suilimivivens;s_Suilimivivens_sp910585075	0	0	0	0	0	0	0	0	0	0	0	0	0	0	0	0	0	0	0.08864159	0.4616543	0.9009501	0.79627544	0.096758954	0.115657635
d_Bacteria;p_Bacteroidota;c_Bacteroidia;o_Flavobacteriales_B;f_Blattabacteriaceae;g_Blattabacterium;s_Blattabacterium_sp000334405	0	0	0	0	0	0	0	0	0	0	0	0	0	0	0	0	0	0	0.35088167	0.40415168	10.533882	0.58164495	2.7929847	6.002197
d_Bacteria;p_Bacillota_A;c_Clostridia;o_Lachnospirales;f_Lachnospiraceae;g_Choladousia;s_Choladousia_sp948436005	0	0	0	0	0	0	0.20762381	0.46696386	0.7349848	0.10609556	0.5036546	0.29629198	0	0	0	0	0	0	0	0	0	0	0	0
d_Bacteria;p_Bacteroidota;c_Bacteroidia;o_Bacteroidales;f_Tannerellaceae;g_Parabacteroides;s_Parabacteroides_sp900541965	0	0	0	0	0	0	0	0	0	0	0	0	0	0	0	0	0	0	0.33573	0.6380546	0.22748996	0.5581656	0.2736346	1.6120359
d_Bacteria;p_Bacillota_A;c_Clostridia;o_Christensenellales;f_Aristaeellaceae;g_Limiplasma;s_Limiplasma_sp029009515	0	0	0	0	0	0	0	0	0	0	0	0	0	0	0	0	0	0	0.106939661	0.04576327	0.21699399800000002	0.081559367	0.225326104	0.16665859700000002
d_Bacteria;p_Bacteroidota;c_Bacteroidia;o_Bacteroidales;f_Marinifilaceae;g_Odoribacter;s_unclassify_g_Odoribacter	0	0	0	0	0	0	0	0	0	0	0	0	0	0	0	0	0	0	0.5138009	0.42701623	0.4049302	0.44541478	0.27043843	0.19395551
d_Bacteria;p_Bacillota_A;c_Clostridia;o_Oscillospirales;f_Acutalibacteraceae;g_Avimonas;s_Avimonas_sp003519645	0	0	0	0	0	0	0	0	0	0	0	0	0	0	0	0	0	0	0.055401023	0.060743965	0.07649579	0.0772506	0.3792955	0.26832566
d_Bacteria;p_Bacteroidota;c_Bacteroidia;o_Bacteroidales;f_Rikenellaceae;g_Rikenella;s_Rikenella_sp910579375	0	0	0	0	0	0	0	0	0	0	0	0	0	0	0	0	0	0	0.92098206	2.187907	3.290049	0.6949432	1.0099972	0.22803907
d_Bacteria;p_Pseudomonadota;c_Gammaproteobacteria;o_Pseudomonadales;f_Moraxellaceae;g_Acinetobacter;s_Acinetobacter_nematophilus	0	0	0	0	0	0	0	0	0	0	0	0	0.012106207	0.034930725	0.029574784	0.029675363	0.036372818	0.015999956	0	0	0	0	0	0
d_Bacteria;p_Desulfobacterota;c_Desulfovibrionia;o_Desulfovibrionales;f_Desulfovibrionaceae;g_unclassify_f_Desulfovibrionaceae;s_unclassify_f_Desulfovibrionaceae	0	0	0	0	0	0	0	0	0	0	0	0	0.27256054	0.28086922	0.107011735	0.03976869	0.07311611	0.06432591	0.19156327	0.45134778	0.8998542900000001	0.58074582	1.0269563990000001	0.24308152
