Species Path	Esin_1	Esin_2	Esin_3	Esin_4	Esin_5	Esin_6	Bger_1	Bger_2	Bger_3	Bger_4	Bger_5	Bger_6	Pame_1	Pame_2	Pame_3	Pame_4	Pame_5	Pame_6	Pful_1	Pful_2	Pful_3	Pful_4	Pful_5	Pful_6
d_Archaea;p_Halobacteriota;c_Methanomicrobia;o_Methanomicrobiales;f_Methanocorpusculaceae;g_Methanocorpusculum;s_Methanocorpusculum_faecipullorum	1.8116138	2.6115766	2.0498497	0.94841737	3.654751	7.587647	0	0	0	0	0	0	0	0	0	0	0	0	0	0	0	0	0	0
d_Archaea;p_Halobacteriota;c_Methanosarcinia;o_Methanosarcinales;f_Methanosarcinaceae;g_Methanimicrococcus;s_Methanimicrococcus_sp030266245	6.00650494	3.57495593	3.95890575	6.232446135	6.9470498	10.18540718	0	0	0	0	0	0	1.8352040699999999	3.91569604	2.247922985	1.094845518	1.46867602	2.457964943	3.47304483	2.835161209	3.704794454	4.59386509	1.341639088	9.94205098
d_Archaea;p_Methanobacteriota;c_Methanobacteria;o_Methanobacteriales;f_Methanobacteriaceae;g_JAHKLT01;s_JAHKLT01_sp020854915	2.84216435	1.987529125	1.63770618	1.63701308	0.782669914	1.88688372	0	0	0	0	0	0	0	0	0	0	0	0	0	0	0	0	0	0
d_Archaea;p_Methanobacteriota;c_Methanobacteria;o_Methanobacteriales;f_Methanobacteriaceae;g_JAHKLT01;s_JAHKLT01_sp030266405	0.05980324	0.15892798	0.10520067	0.0	0.029399084	0.11511601	0	0	0	0	0	0	2.5010077600000002	5.4183657499999995	4.67366599	9.25607994	9.82942345	9.620964820000001	1.1396259400000002	1.08008133	2.75760559	0.83503857	1.41414028	3.875456
d_Archaea;p_Methanobacteriota;c_Methanobacteria;o_Methanobacteriales;f_Methanobacteriaceae;g_Methanobrevibacter_C;s_Methanobrevibacter_C_cuticularis	0.92687864	1.07764624	1.5007852	0.5252214	1.02521288	0.72052568	0	0	0	0	0	0	23.785880300000002	6.84048878	1.56194099	1.83634509	2.66630943	1.295319705	0	0	0	0	0	0
d_Archaea;p_Thermoplasmatota;c_Thermoplasmata;o_Methanomassiliicoccales;f_Methanomethylophilaceae;g_Methanoplasma;s_Methanoplasma_sp023402275	0.108756445	0.41198295	0.20138411	0.04921251	0.13600574	0.10594471	0	0	0	0	0	0	0.76891712	2.27726439	1.1694980799999999	1.17196441	0.8718757159999999	1.75885309	0.07561482	0.28741196	0.030935222	0.08651211	0.07395525	0.105238
d_Archaea;p_Thermoplasmatota;c_Thermoplasmata;o_Methanomassiliicoccales;f_Methanomethylophilaceae;g_WRKA01;s_WRKA01_sp009780575	0.703226264	1.0058484699999999	1.3413482650000002	0.540188121	0.470762552	1.770270045	0	0	0	0	0	0	0.677575765	0.73166277	0.81391054	0.87707765	0.9458316200000001	0.9883110900000001	0	0	0	0	0	0
d_Archaea;p_Thermoplasmatota;c_Thermoplasmata;o_Methanomassiliicoccales;f_Methanomethylophilaceae;g_unclassify_f_Methanomethylophilaceae;s_unclassify_f_Methanomethylophilaceae	0.26393375	0.2287197	0.17433779	0.15247455	0.42779517	1.1214451	0	0	0	0	0	0	0	0	0	0	0	0	0	0	0	0	0	0
d_Bacteria;p_Actinomycetota;c_Actinomycetes;o_Actinomycetales;f_Bifidobacteriaceae;g_JALCQC01;s_JALCQC01_sp022650895	0.218719725	0.09859418	1.8420691699999998	0.18540436500000002	0.23101865	0.34879021099999996	0	0	0	0	0	0	0	0	0	0	0	0	0	0	0	0	0	0
d_Bacteria;p_Actinomycetota;c_Actinomycetes;o_Actinomycetales;f_Bifidobacteriaceae;g_JALCQC01;s_unclassify_g_JALCQC01	0.553310025	0.23650801	1.18077743	0.178326706	0.30420105000000003	0.52055897	0	0	0	0	0	0	0	0	0	0	0	0	0	0	0	0	0	0
d_Bacteria;p_Actinomycetota;c_Actinomycetes;o_Actinomycetales;f_Microbacteriaceae;g_Microbacterium;s_Microbacterium_protaetiae	1.5913022	1.2740935	1.4250879	1.0524067	1.7450838	2.4613688	0	0	0	0	0	0	0	0	0	0	0	0	0	0	0	0	0	0
d_Bacteria;p_Actinomycetota;c_Actinomycetes;o_Actinomycetales;f_Micrococcaceae;g_Rothia;s_Rothia_koreensis	3.5240754	2.1583448	2.0310229	1.71378027	1.98010925	1.9455814	0	0	0	0	0	0	0	0	0	0	0	0	0	0	0	0	0	0
d_Bacteria;p_Actinomycetota;c_Actinomycetes;o_Mycobacteriales;f_Mycobacteriaceae;g_Gordonia;s_Gordonia_liuliyuniae	2.1824846	2.0894804	2.2552156	1.711068	3.5598347	4.0071926	0	0	0	0	0	0	0	0	0	0	0	0	0	0	0	0	0	0
d_Bacteria;p_Actinomycetota;c_Actinomycetes;o_Mycobacteriales;f_Mycobacteriaceae;g_Mycobacterium;s_Mycobacterium_sp025345615	0.6439531	0.54666966	0.5663929	0.5536413	0.70347774	1.03296	0	0	0	0	0	0	0	0	0	0	0	0	0	0	0	0	0	0
d_Bacteria;p_Actinomycetota;c_Actinomycetes;o_Mycobacteriales;f_Mycobacteriaceae;g_Rhodococcus;s_Rhodococcus_sp012726205	1.3598085	2.701292	3.2124038	3.8856614	1.5348605400000002	5.2743421	0	0	0	0	0	0	0	0	0	0	0	0	0	0	0	0	0	0
d_Bacteria;p_Actinomycetota;c_Actinomycetes;o_Propionibacteriales;f_Nocardioidaceae;g_Marmoricola;s_Marmoricola_sp030151765	1.39006533	1.5045779000000001	1.70418573	1.4049028300000002	2.23727773	2.9732068199999997	0	0	0	0	0	0	0	0	0	0	0	0	0	0	0	0	0	0
d_Bacteria;p_Actinomycetota;c_Actinomycetes;o_Propionibacteriales;f_Propionibacteriaceae;g_Arachnia;s_Arachnia_defluvii	1.2175226	1.2738955	1.9016773	1.346769	1.7499384	1.9632034	0	0	0	0	0	0	0	0	0	0	0	0	0	0	0	0	0	0
d_Bacteria;p_Actinomycetota;c_Coriobacteriia;o_Coriobacteriales;f_Eggerthellaceae;g_Raoultibacter;s_Raoultibacter_massiliensis	0.71388452	0.624702824	0.6275592400000001	2.38882884	0.72237224	0.72838757	0	0	0	0	0	0	0	0	0	0	0	0	0.35893373	0.32364915	0.29134129400000003	0.24894486999999998	0.52353093	0.47184417
d_Bacteria;p_Bacillota;c_Bacilli;o_Lactobacillales;f_Enterococcaceae;g_Enterococcus_A;s_Enterococcus_A_xiangfangensis	0.8799285	0.86414856	0.30153766	1.6702441	1.1243386	0.20164105	0	0	0	0	0	0	0	0	0	0	0	0	0	0	0	0	0	0
d_Bacteria;p_Bacillota;c_Bacilli;o_Lactobacillales;f_Enterococcaceae;g_Enterococcus_C;s_Enterococcus_C_asini	4.1406684	0.89504695	0.8381408	0.5543329	1.2860975	0.48261142	0	0	0	0	0	0	1.17021517	0.96296852	0.8476120199999999	0.3668172	0.6848336100000001	0.5730558299999999	0.750731	0.160355916	0.31247432599999997	0.21619661	0.283831086	0.203243082
d_Bacteria;p_Bacillota;c_Bacilli;o_Lactobacillales;f_Enterococcaceae;g_Enterococcus_C;s_Enterococcus_C_mediterraneensis	0.63484675	0.76634556	0.2704539	2.395553	0.32828984	0.550912	0	0	0	0	0	0	0	0	0	0	0	0	0	0	0	0	0	0
d_Bacteria;p_Bacillota;c_Bacilli;o_Lactobacillales;f_Enterococcaceae;g_Enterococcus_C;s_Enterococcus_C_songbeiensis	1.6116515	1.873509	1.6953934	0.66540056	2.5268805	4.0512857	0	0	0	0	0	0	0	0	0	0	0	0	0	0	0	0	0	0
d_Bacteria;p_Bacillota;c_Bacilli;o_Lactobacillales;f_Enterococcaceae;g_Enterococcus_C;s_Enterococcus_C_sp027692465	1.8617359	0.68139064	0.27104053	2.3559136	1.589464	0.6254641	0	0	0	0	0	0	0	0	0	0	0	0	0	0	0	0	0	0
d_Bacteria;p_Bacillota;c_Bacilli;o_Lactobacillales;f_Enterococcaceae;g_Enterococcus_C;s_Enterococcus_C_stercoravium	2.5918288	1.853613	1.12169	2.946929	1.1621882	0.7297083	0	0	0	0	0	0	0.8285136	0.67052156	0.7363789	0.1320907	0.4351125	0.3115828	0.42239368	0.09227118	0.022345817	0.03124572	0.09836258	0.04865142
d_Bacteria;p_Bacillota;c_Bacilli;o_Lactobacillales;f_Enterococcaceae;g_Enterococcus_J;s_Enterococcus_J_nangangensis	0.44757017	0.19823718	0.50102544	2.2188482	0.2724106	0.03786953	0	0	0	0	0	0	0	0	0	0	0	0	0	0	0	0	0	0
d_Bacteria;p_Bacillota;c_Bacilli;o_Lactobacillales;f_Lactobacillaceae;g_Lacticaseibacillus;s_Lacticaseibacillus_sp934339215	1.2912803	0.18599427	0.3273791	0.18872301	0.12902221	0.29534942	0	0	0	0	0	0	0	0	0	0	0	0	0	0	0	0	0	0
d_Bacteria;p_Bacillota;c_Bacilli;o_Lactobacillales;f_Lactobacillaceae;g_Loigolactobacillus;s_Loigolactobacillus_bifermentans	0.71596546	0.11411621999999999	0.52367458	0.10848706999999999	0.05789224899999999	0.205217645	0	0	0	0	0	0	0	0	0	0	0	0	0	0	0	0	0	0
d_Bacteria;p_Bacillota;c_Bacilli;o_Lactobacillales;f_Lactobacillaceae;g_Loigolactobacillus;s_Loigolactobacillus_coryniformis	3.8717935999999997	2.4228127600000002	4.0903631	12.1833818	3.6500063	2.3696124000000003	0	0	0	0	0	0	0	0	0	0	0	0	0	0	0	0	0	0
d_Bacteria;p_Bacillota;c_Bacilli;o_Lactobacillales;f_Lactobacillaceae;g_Paucilactobacillus;s_Paucilactobacillus_vaccinostercus	2.0419025	0.6974783	0.67994122	3.0523892000000004	1.1827025	0.8316425	0	0	0	0	0	0	0	0	0	0	0	0	0	0	0	0	0	0
d_Bacteria;p_Bacillota;c_Bacilli;o_Lactobacillales;f_Lactobacillaceae;g_Secundilactobacillus;s_Secundilactobacillus_kimchicus	0.5454214	1.0730264	2.8834555	0.2690234	0.14751348	0.22346382	0	0	0	0	0	0	0	0	0	0	0	0	0	0	0	0	0	0
d_Bacteria;p_Bacillota;c_Bacilli;o_Lactobacillales;f_Lactobacillaceae;g_Secundilactobacillus;s_Secundilactobacillus_yichangensis	2.0741177	0.16819006	0.18427302	0.33978015	0.17165473	0.19388561	0	0	0	0	0	0	0	0	0	0	0	0	0	0	0	0	0	0
d_Bacteria;p_Bacillota_A;c_Clostridia;o_Christensenellales;f_Aristaeellaceae;g_Alectryocaccomicrobium;s_Alectryocaccomicrobium_sp015056055	0.24389334	0.15432133	0.19501625	0.24962878	0.42820415	1.8787514	0	0	0	0	0	0	0	0	0	0	0	0	0	0	0	0	0	0
d_Bacteria;p_Bacillota_A;c_Clostridia;o_Christensenellales;f_Aristaeellaceae;g_Avichristensenella;s_Avichristensenella_sp009787135	7.91974963	7.87001242	7.86773016	5.62903235	9.62091134	10.647722869999999	1.26907556	2.82334	2.5688112199999997	0.5803560560000001	3.0376074600000003	1.51207117	17.26593182	11.61050521	17.12105083	23.02940432	22.05002684	19.13113957	0.60178006	0.6868272	0.30369782	0.93423903	0.63061315	1.357689
d_Bacteria;p_Bacillota_A;c_Clostridia;o_Christensenellales;f_Aristaeellaceae;g_Faecivicinus;s_Faecivicinus_sp004555155	4.5351305	2.4524772	2.52375049	2.69853504	1.92408804	5.56066809	0	0	0	0	0	0	0	0	0	0	0	0	0	0	0	0	0	0
d_Bacteria;p_Bacillota_A;c_Clostridia;o_Christensenellales;f_Aristaeellaceae;g_JAEZHK01;s_JAEZHK01_sp029974035	0.44276038	0.5705405800000001	1.07911372	0.58438883	0.233017166	0.48705451999999994	0	0	0	0	0	0	0	0	0	0	0	0	0	0	0	0	0	0
d_Bacteria;p_Bacillota_A;c_Clostridia;o_Christensenellales;f_Aristaeellaceae;g_JAJDGF01;s_JAJDGF01_sp030265545	0.38078982	0.20138393	0.3590115	0.19545418	0.27473888	0.43760395	0	0	0	0	0	0	0	0	0	0	0	0	0	0	0	0	0	0
d_Bacteria;p_Bacillota_A;c_Clostridia;o_Christensenellales;f_Aristaeellaceae;g_Limiplasma;s_Limiplasma_sp004556545	2.77952282	2.80639666	2.85977227	2.50886928	2.44307727	3.76972416	0	0	0	0	0	0	0	0	0	0	0	0	0	0	0	0	0	0
d_Bacteria;p_Bacillota_A;c_Clostridia;o_Christensenellales;f_Aristaeellaceae;g_Limiplasma;s_unclassify_g_Limiplasma	0.5763232	0.49229577	0.4081602	0.50193125	0.48568875	0.7375484	0	0	0	0	0	0	0	0	0	0	0	0	0	0	0	0	0	0
d_Bacteria;p_Bacillota_A;c_Clostridia;o_Christensenellales;f_Aristaeellaceae;g_Pullichristensenella;s_Pullichristensenella_sp012514855	0.24040906	0.45254725	0.26912245	0.15032196	0.66971123	1.0145258	0	0	0	0	0	0	0	0	0	0	0	0	0	0	0	0	0	0
d_Bacteria;p_Bacillota_A;c_Clostridia;o_Christensenellales;f_Aristaeellaceae;g_RGIG4709;s_RGIG4709_sp017481185	0.67867045	0.73978591	0.41819855	0.5733107	0.85091704	1.004853	0	0	0	0	0	0	0	0	0	0	0	0	0	0	0	0	0	0
d_Bacteria;p_Bacillota_A;c_Clostridia;o_Christensenellales;f_Aristaeellaceae;g_Ventricola;s_Ventricola_sp934631055	3.2416725399999997	3.81615584	5.64842739	3.3526325200000002	1.80188357	2.69935948	0	0	0	0	0	0	0	0	0	0	0	0	0	0	0	0	0	0
d_Bacteria;p_Bacillota_A;c_Clostridia;o_Christensenellales;f_Aristaeellaceae;g_unclassify_f_Aristaeellaceae;s_unclassify_f_Aristaeellaceae	1.20696772	1.41048744	1.9936852999999999	0.857096	1.94981333	1.69364628	0.23912857	0.33247113	0.8139025	0.13096431	0.33750045	0.1761296	0	0	0	0	0	0	1.82605715	1.49377857	0.66003844	3.40266124	1.1214907699999999	1.7987085
d_Bacteria;p_Bacillota_A;c_Clostridia;o_Christensenellales;f_Borkfalkiaceae;g_Borkfalkia;s_Borkfalkia_sp904374385	0.0629643	0.1394403	0.18765336	0.10289903	0.12193614	0.20341374	0	0	0	0	0	0	0	0	0	0	0	0	0	0	0	0	0	0
d_Bacteria;p_Bacillota_A;c_Clostridia;o_Christensenellales;f_Borkfalkiaceae;g_Borkfalkia;s_Borkfalkia_sp949291725	0.16065529	0.20965973	0.23856731	0.16592823	0.15983555	0.25487387	0	0	0	0	0	0	0	0	0	0	0	0	0	0	0	0	0	0
d_Bacteria;p_Bacillota_A;c_Clostridia;o_Christensenellales;f_Borkfalkiaceae;g_HGM11416;s_HGM11416_sp015055965	0.2966488	0.3216351	0.25202417	0.15940309	0.34938806	0.32028523	0	0	0	0	0	0	0	0	0	0	0	0	0	0	0	0	0	0
d_Bacteria;p_Bacillota_A;c_Clostridia;o_Christensenellales;f_CAG-1252;g_SACC01;s_SACC01_sp009928745	0.2003409	0.12042581	0.10526892	0.15211147	0.13131587	0.13137135	0	0	0	0	0	0	0	0	0	0	0	0	0	0	0	0	0	0
d_Bacteria;p_Bacillota_A;c_Clostridia;o_Christensenellales;f_CAG-138;g_JAJDHH01;s_JAJDHH01_sp030266105	1.3128725	1.906853	1.3678796	1.2304724	2.8917444	2.6045847	0	0	0	0	0	0	0	0	0	0	0	0	0.3553541	0.39544064	0.23597261	0.40391123	0.3001273	0.5403347
d_Bacteria;p_Bacillota_A;c_Clostridia;o_Christensenellales;f_CAG-917;g_Limadaptatus;s_Limadaptatus_sp949286725	0.342128424	0.2490717	0.185942365	0.32579607	0.2950006	0.45850165	0	0	0	0	0	0	0	0	0	0	0	0	0	0	0	0	0	0
d_Bacteria;p_Bacillota_A;c_Clostridia;o_Christensenellales;f_Christensenellaceae;g_Christensenella;s_Christensenella_timonensis	1.82821	2.9129899	3.65351374	1.90736905	1.5276411699999999	2.50345044	0	0	0	0	0	0	0	0	0	0	0	0	0	0	0	0	0	0
d_Bacteria;p_Bacillota_A;c_Clostridia;o_Christensenellales;f_DTU072;g_CAG-1782;s_CAG-1782_sp012520515	0.04514719	0.13122748	0.12634848	0.039697677	0.064733185	0.058493383	0	0	0	0	0	0	0	0	0	0	0	0	0	0	0	0	0	0
d_Bacteria;p_Bacillota_A;c_Clostridia;o_Christensenellales;f_DTU072;g_CAG-1782;s_CAG-1782_sp023394875	3.391116345	2.240934685	2.826673085	3.951447966	1.851657147	2.796974634	0.7056577500000001	0.49147768	0.536340336	1.140212738	0.49122697000000004	1.11416548	0	0	0	0	0	0	0.27010952	0.290639057	0.259470775	0.146582097	0.480058941	0.28320864999999995
d_Bacteria;p_Bacillota_A;c_Clostridia;o_Christensenellales;f_DTU072;g_WQYD01;s_WQYD01_sp009781445	0.78201836	0.70334177	1.0053616399999998	0.73922402	0.492036445	0.80670321	0	0	0	0	0	0	0	0	0	0	0	0	0	0	0	0	0	0
d_Bacteria;p_Bacillota_A;c_Clostridia;o_Christensenellales;f_DUVY01;g_BNZQ01;s_BNZQ01_sp026001225	0.41268837	0.43950004000000004	0.7319708199999999	0.37013090000000004	0.79601655	0.55711388	0	0	0	0	0	0	0	0	0	0	0	0	0	0	0	0	0	0
d_Bacteria;p_Bacillota_A;c_Clostridia;o_Christensenellales;f_DUVY01;g_DUVY01;s_DUVY01_sp012512255	0.24234802	0.4508298	0.12401959	0.19699447	0.079424925	0.28707582	0	0	0	0	0	0	0	0	0	0	0	0	0	0	0	0	0	0
d_Bacteria;p_Bacillota_A;c_Clostridia;o_Christensenellales;f_Pumilibacteraceae;g_JAIRRW01;s_JAIRRW01_sp031255775	1.5774966959999999	1.555104284	2.4083515699999998	1.50351949	1.54116465	1.64669642	0	0	0	0	0	0	1.9200827500000002	2.2281211	2.99532984	1.72853325	2.23749421	2.07762798	0.46124412900000006	0.432296126	0.385911524	0.235495463	0.695799143	0.796007898
d_Bacteria;p_Bacillota_A;c_Clostridia;o_Christensenellales;f_Pumilibacteraceae;g_Protoclostridium;s_Protoclostridium_sp900761765	2.40675463	2.72075727	2.569385465	2.0461967	2.56336715	2.7775952729999998	0	0	0	0	0	0	0	0	0	0	0	0	0.13065744	0.54230673	0.24386934000000002	0.45973005	0.40150641	0.49868699000000005
d_Bacteria;p_Bacillota_A;c_Clostridia;o_Christensenellales;f_Pumilibacteraceae;g_RACS-047;s_RACS-047_sp013316045	0.34495277999999996	0.40053636000000004	0.68177563	0.30067002	0.28906793	0.5593289699999999	0	0	0	0	0	0	0.22180307	0.15999508	0.28447258	0.12082108	0.16660036	0.16611393	0	0	0	0	0	0
d_Bacteria;p_Bacillota_A;c_Clostridia;o_Christensenellales;f_Pumilibacteraceae;g_UBA10677;s_UBA10677_sp934277845	0.36954517	0.63520301	0.64549159	0.8520735399999999	0.411816386	0.38057629	0	0	0	0	0	0	0	0	0	0	0	0	0	0	0	0	0	0
d_Bacteria;p_Bacillota_A;c_Clostridia;o_Christensenellales;f_SZUA-584;g_JAEWCC01;s_JAEWCC01_sp023460085	0.14672847	0.13747631	0.08122411	0.17643422	0.39764687	0.46794686	0	0	0	0	0	0	0	0	0	0	0	0	0	0	0	0	0	0
d_Bacteria;p_Bacillota_A;c_Clostridia;o_Christensenellales;f_UBA1750;g_UBA1428;s_UBA1428_sp002329335	0.24672051	0.2541331	0.35785097	0.21525832	0.17863965	0.27611342	0	0	0	0	0	0	1.18723704	0.9001313	1.1414254700000002	0.53009825	0.96618934	0.7272604699999999	0	0	0	0	0	0
d_Bacteria;p_Bacillota_A;c_Clostridia;o_Christensenellales;f_UBA3700;g_MGBC161649;s_MGBC161649_sp910587685	0.50463253	0.4457666	0.31736118	0.14624482	0.7525889	0.751407	0.330392	0.118018664	0.060636424	0.079449475	0.20115225	0.10020279	0	0	0	0	0	0	0	0	0	0	0	0
d_Bacteria;p_Bacillota_A;c_Clostridia;o_Christensenellales;f_unclassify_o_Christensenellales;g_unclassify_o_Christensenellales;s_unclassify_o_Christensenellales	0.95089797	1.386014416	1.72241037	1.39581153	0.70699126	1.148584585	0	0	0	0	0	0	0	0	0	0	0	0	0	0	0	0	0	0
d_Bacteria;p_Bacillota_A;c_Clostridia;o_Clostridiales;f_Clostridiaceae;g_Clostridium;s_Clostridium_sp023424785	0.2518572	0.5577612	0.256306856	0.41159612	0.50650416	0.42377884	0	0	0	0	0	0	0	0	0	0	0	0	0	0	0	0	0	0
d_Bacteria;p_Bacillota_A;c_Clostridia;o_Eubacteriales;f_Anaerofustaceae;g_Anaerofustis;s_Anaerofustis_sp019420015	0.15410836	0.2047725	0.12322451	0.1084052	0.16414484	0.14832248	0	0	0	0	0	0	0	0	0	0	0	0	0	0	0	0	0	0
d_Bacteria;p_Bacillota_A;c_Clostridia;o_Eubacteriales;f_Eubacteriaceae;g_Eubacterium;s_Eubacterium_sp015547515	0.058996137	0.11976474	0.05503525	0.11143496	0.3141913	0.10191479	0	0	0	0	0	0	0	0	0	0	0	0	0	0	0	0	0	0
d_Bacteria;p_Bacillota_A;c_Clostridia;o_Lachnospirales;f_Anaerotignaceae;g_Metalachnospira;s_Metalachnospira_sp900553995	0.82204676	0.370005201	0.37997423399999997	0.27042301	0.328905055	0.41423711	0	0	0	0	0	0	0	0	0	0	0	0	0	0	0	0	0	0
d_Bacteria;p_Bacillota_A;c_Clostridia;o_Lachnospirales;f_Anaerotignaceae;g_RGIG5631;s_RGIG5631_sp017534115	0.3459122	0.22981665	0.27198046	0.2703634	0.5951725	0.644509	0	0	0	0	0	0	0	0	0	0	0	0	0	0	0	0	0	0
d_Bacteria;p_Bacillota_A;c_Clostridia;o_Lachnospirales;f_CAG-274;g_CALWRD01;s_CALWRD01_sp947591605	0.17544148	0.23102729300000002	0.103438195	0.27894564	0.20869843	0.13137135	0	0	0	0	0	0	0	0	0	0	0	0	0	0	0	0	0	0
d_Bacteria;p_Bacillota_A;c_Clostridia;o_Lachnospirales;f_CAG-274;g_RGIG4310;s_RGIG4310_sp946534775	0.62993425	0.36923554000000003	0.51254469	0.769687684	0.27779354	0.30930175	0	0	0	0	0	0	0	0	0	0	0	0	0	0	0	0	0	0
d_Bacteria;p_Bacillota_A;c_Clostridia;o_Lachnospirales;f_Lachnospiraceae;g_AF33-28;s_AF33-28_sp003477885	0.43762398	0.87476104	0.49080086	0.82623804	0.49359846	0.6059131	0	0	0	0	0	0	0	0	0	0	0	0	0	0	0	0	0	0
d_Bacteria;p_Bacillota_A;c_Clostridia;o_Lachnospirales;f_Lachnospiraceae;g_Acetatifactor;s_Acetatifactor_sp017473665	0.12753803	0.21183375	0.2651452	0.13457206	0.07314679	0.16051868	0	0	0	0	0	0	0	0	0	0	0	0	0	0	0	0	0	0
d_Bacteria;p_Bacillota_A;c_Clostridia;o_Lachnospirales;f_Lachnospiraceae;g_Acetatifactor;s_Acetatifactor_sp017521605	2.93265	2.03901148	1.78142452	2.6119776	2.8684608	0.622744	0	0	0	0	0	0	0	0	0	0	0	0	0	0	0	0	0	0
d_Bacteria;p_Bacillota_A;c_Clostridia;o_Lachnospirales;f_Lachnospiraceae;g_Acetatifactor;s_Acetatifactor_sp947586055	0.263580305	0.8834879	0.88067955	0.57825432	0.21695599000000002	0.40548028	0	0	0	0	0	0	0	0	0	0	0	0	0	0	0	0	0	0
d_Bacteria;p_Bacillota_A;c_Clostridia;o_Lachnospirales;f_Lachnospiraceae;g_Aequitasia;s_Aequitasia_blattaphilus	0.21229446	0.5400323	0.11010793	0.12108269	0.07991774	0.08920588	0	0	0	0	0	0	1.51264134	2.7678336199999998	1.55111108	1.74587535	1.8195200799999998	0.8449317	0.85560214	1.139446006	1.131471746	0.334976791	1.008099439	0.82888213
d_Bacteria;p_Bacillota_A;c_Clostridia;o_Lachnospirales;f_Lachnospiraceae;g_Aequitasia;s_Aequitasia_blattaphilus_A	0.808906	0.38208157	0.52015245	0.28738016	0.44029438	0.32665834	0.12165459	0.1094446	0.13625252	0.3838983	0.07869599	0.0	0.63200814	1.7866751	1.2271373	0.5372984	1.5531076	1.1732588	1.40611637	1.87470752	0.45649452	0.50838597	1.07430273	1.35889326
d_Bacteria;p_Bacillota_A;c_Clostridia;o_Lachnospirales;f_Lachnospiraceae;g_Anaerocolumna;s_Anaerocolumna_jejuensis	0.36266529599999997	0.376721309	0.82216035	0.90709248	0.177243218	0.8239992899999999	0	0	0	0	0	0	0	0	0	0	0	0	0	0	0	0	0	0
d_Bacteria;p_Bacillota_A;c_Clostridia;o_Lachnospirales;f_Lachnospiraceae;g_Anaerosporobacter;s_Anaerosporobacter_sp018372435	0.84314096	0.6560486	0.69239296	0.5343198	0.69080872	0.539866	0	0	0	0	0	0	0	0	0	0	0	0	0	0	0	0	0	0
d_Bacteria;p_Bacillota_A;c_Clostridia;o_Lachnospirales;f_Lachnospiraceae;g_Bovifimicola;s_Bovifimicola_sp900315425	1.25246264	1.50437784	1.59555412	1.5264486	1.7740684	1.14728856	0	0	0	0	0	0	0	0	0	0	0	0	0	0	0	0	0	0
d_Bacteria;p_Bacillota_A;c_Clostridia;o_Lachnospirales;f_Lachnospiraceae;g_Brotaphodocola;s_Brotaphodocola_sp030825115	1.2552297399999999	1.8414388000000002	0.6748670999999999	1.85053259	0.73107268	0.71413024	0.024448449	0.27493334	0.1290872	0.120986074	0.071168624	0.3151306	0	0	0	0	0	0	0	0	0	0	0	0
d_Bacteria;p_Bacillota_A;c_Clostridia;o_Lachnospirales;f_Lachnospiraceae;g_CALWPY01;s_CALWPY01_sp944383545	2.25597264	1.085003	0.54662632	0.76585824	0.5974564	0.43864098	0	0	0	0	0	0	0	0	0	0	0	0	0	0	0	0	0	0
d_Bacteria;p_Bacillota_A;c_Clostridia;o_Lachnospirales;f_Lachnospiraceae;g_COE1;s_COE1_sp009774245	1.253317	1.11023544	0.91104352	0.6411838	0.9895368	0.269932896	0	0	0	0	0	0	0	0	0	0	0	0	0	0	0	0	0	0
d_Bacteria;p_Bacillota_A;c_Clostridia;o_Lachnospirales;f_Lachnospiraceae;g_Caccovicinus;s_Caccovicinus_sp951800145	0.12953077	0.14916623	0.09114367	0.38876376	0.03396099	0.153437	0	0	0	0	0	0	0	0	0	0	0	0	0	0	0	0	0	0
d_Bacteria;p_Bacillota_A;c_Clostridia;o_Lachnospirales;f_Lachnospiraceae;g_Enterocloster;s_Enterocloster_faecavium	0.046121668	0.36387616	0.15212467	0.07209687	0.14643142	0.12804818	0	0	0	0	0	0	0	0	0	0	0	0	0	0	0	0	0	0
d_Bacteria;p_Bacillota_A;c_Clostridia;o_Lachnospirales;f_Lachnospiraceae;g_Enterocloster;s_Enterocloster_sp900555045	0.105288595	0.18783277	0.11225134	0.33374408	0.081473306	0.082281	0.54302434	1.05646941	0.74061379	0.5780537	0.8615141399999999	0.9379374	0	0	0	0	0	0	0.095649555	0.27966458	0.36685982	0.061556783	0.06682155	0.063898414
d_Bacteria;p_Bacillota_A;c_Clostridia;o_Lachnospirales;f_Lachnospiraceae;g_Kineothrix;s_Kineothrix_sp023443905	1.66744624	4.1226888	4.0911716	2.6600926	0.9918866	0.98083116	0	0	0	0	0	0	0	0	0	0	0	0	0	0	0	0	0	0
d_Bacteria;p_Bacillota_A;c_Clostridia;o_Lachnospirales;f_Lachnospiraceae;g_Lachnoclostridium;s_Lachnoclostridium_sp905192625	0.98487148	0.59792535	1.82349444	1.59062965	0.6294944299999999	1.91803166	0	0	0	0	0	0	0	0	0	0	0	0	0	0	0	0	0	0
d_Bacteria;p_Bacillota_A;c_Clostridia;o_Lachnospirales;f_Lachnospiraceae;g_Limivivens;s_Limivivens_intestinipullorum	0.377109725	0.096541051	0.40239579000000003	0.39333662999999996	0.63723025	0.96367685	0	0	0	0	0	0	0	0	0	0	0	0	0	0	0	0	0	0
d_Bacteria;p_Bacillota_A;c_Clostridia;o_Lachnospirales;f_Lachnospiraceae;g_RGIG3002;s_RGIG3002_sp947650155	0.27992845	0.7232492	0.6495448	0.3131709	0.23385017	0.1340997	0	0	0	0	0	0	0	0	0	0	0	0	0	0	0	0	0	0
d_Bacteria;p_Bacillota_A;c_Clostridia;o_Lachnospirales;f_Lachnospiraceae;g_RGIG423;s_RGIG423_sp017461725	0.107500054	0.18396223	2.156731	0.122213	0.14412725	0.08682289	0	0	0	0	0	0	0	0	0	0	0	0	0	0	0	0	0	0
d_Bacteria;p_Bacillota_A;c_Clostridia;o_Lachnospirales;f_Lachnospiraceae;g_RGIG7193;s_RGIG7193_sp910586125	0.53246228	0.86584364	0.821729	1.366253	0.56991804	0.164215047	0	0	0	0	0	0	0	0	0	0	0	0	0	0	0	0	0	0
d_Bacteria;p_Bacillota_A;c_Clostridia;o_Lachnospirales;f_Lachnospiraceae;g_Roseburia_C;s_Roseburia_C_sp029071325	6.66276536	2.48457272	1.90399524	1.198996668	1.83842228	1.10182452	0	0	0	0	0	0	0	0	0	0	0	0	0	0	0	0	0	0
d_Bacteria;p_Bacillota_A;c_Clostridia;o_Lachnospirales;f_Lachnospiraceae;g_Sporofaciens;s_Sporofaciens_sp910579015	1.96438696	1.6693092	4.0363804	10.5868052	1.31003976	0.62570272	0	0	0	0	0	0	0	0	0	0	0	0	0	0	0	0	0	0
d_Bacteria;p_Bacillota_A;c_Clostridia;o_Lachnospirales;f_Lachnospiraceae;g_Suilimivivens;s_Suilimivivens_sp017561085	0.1927604	0.36235181000000005	1.4969877	0.269773086	0.241498578	0.218584335	0	0	0	0	0	0	0	0	0	0	0	0	0	0	0	0	0	0
d_Bacteria;p_Bacillota_A;c_Clostridia;o_Lachnospirales;f_Lachnospiraceae;g_Suilimivivens;s_Suilimivivens_sp017622575	4.7744192000000005	5.2380580000000005	4.1943064	5.2111085600000004	4.9670283600000005	4.46866296	0	0	0	0	0	0	0	0	0	0	0	0	0	0	0	0	0	0
d_Bacteria;p_Bacillota_A;c_Clostridia;o_Lachnospirales;f_Lachnospiraceae;g_UBA1201;s_unclassify_g_UBA1201	4.8081816	3.5830332	2.441597	9.42184	0.63479708	1.096602	0	0	0	0	0	0	0	0	0	0	0	0	0	0	0	0	0	0
d_Bacteria;p_Bacillota_A;c_Clostridia;o_Lachnospirales;f_Lachnospiraceae;g_UBA3212;s_UBA3212_sp002363615	2.6433616	3.3811722	1.07503188	1.56733824	1.66167428	0.40489894	0	0	0	0	0	0	0	0	0	0	0	0	0	0	0	0	0	0
d_Bacteria;p_Bacillota_A;c_Clostridia;o_Lachnospirales;f_Lachnospiraceae;g_UBA3212;s_UBA3212_sp934339365	2.85324522	0.845655802	0.65717186	1.051169268	1.60798622	0.5577055399999999	0	0	0	0	0	0	0	0	0	0	0	0	0	0	0	0	0	0
d_Bacteria;p_Bacillota_A;c_Clostridia;o_Lachnospirales;f_Lachnospiraceae;g_UBA3282;s_UBA3282_sp002491905	0.4808179	0.94580793	0.30756855	0.28738016	0.71837467	0.5193034	0	0	0	0	0	0	0	0	0	0	0	0	0	0	0	0	0	0
d_Bacteria;p_Bacillota_A;c_Clostridia;o_Lachnospirales;f_Lachnospiraceae;g_UBA6987;s_UBA6987_sp902796695	0.12415496	0.099982865	0.099273875	0.057341125	0.027742798	0.2799327	0	0	0	0	0	0	0	0	0	0	0	0	0	0	0	0	0	0
d_Bacteria;p_Bacillota_A;c_Clostridia;o_Lachnospirales;f_Lachnospiraceae;g_UBA933;s_UBA933_sp958425285	4.056192	2.3466348	1.14791572	4.203316	2.2591312	0.57360732	0	0	0	0	0	0	0	0	0	0	0	0	0	0	0	0	0	0
d_Bacteria;p_Bacillota_A;c_Clostridia;o_Lachnospirales;f_Lachnospiraceae;g_unclassify_f_Lachnospiraceae;s_unclassify_f_Lachnospiraceae	3.02973939	7.063702314	6.122244706	4.471079446	4.63832079	1.5120441329999998	11.11698559	9.95304399	14.036159086	3.1982193480000003	8.68670593	10.47883431	6.79669887	7.11042896	3.95254352	4.88380788	3.08165866	2.77885596	2.072444023	2.461779274	5.205539547	3.962942156	2.918401535	2.53492981
d_Bacteria;p_Bacillota_A;c_Clostridia;o_Lutisporales;f_Lutisporaceae;g_BRH-c25;s_BRH-c25_sp022706825	0.8301896	1.5767969	1.1478499	1.5906377	0.7274335	0.94328845	0	0	0	0	0	0	0	0	0	0	0	0	0	0	0	0	0	0
d_Bacteria;p_Bacillota_A;c_Clostridia;o_Monoglobales;f_Monoglobaceae;g_Monoglobus;s_Monoglobus_pectinilyticus	0.19461699	0.59579045	0.6728057	0.1431638	0.5393334	0.14832248	0	0	0	0	0	0	0	0	0	0	0	0	0	0	0	0	0	0
d_Bacteria;p_Bacillota_A;c_Clostridia;o_Oscillospirales;f_Acutalibacteraceae;g_CAG-177;s_CAG-177_sp016297555	1.03739666	1.3029682599999999	1.2395275000000001	1.06714863	0.66128275	0.84677512	0	0	0	0	0	0	0	0	0	0	0	0	0	0	0	0	0	0
d_Bacteria;p_Bacillota_A;c_Clostridia;o_Oscillospirales;f_Acutalibacteraceae;g_CAKTEE01;s_CAKTEE01_sp934546985	1.4915289	0.85795568	0.89650268	0.42076487	0.60304333	0.54602845	0	0	0	0	0	0	0	0	0	0	0	0	0.31876115	0.20706738	0.61479417	0.16471056	0.232290635	0.09028944
d_Bacteria;p_Bacillota_A;c_Clostridia;o_Oscillospirales;f_Acutalibacteraceae;g_Eubacterium_R;s_Eubacterium_R_sp944380545	0.21156	0.19166699	0.5228665	0.18038635	0.3309161	0.37021315	0	0	0	0	0	0	0	0	0	0	0	0	0	0	0	0	0	0
d_Bacteria;p_Bacillota_A;c_Clostridia;o_Oscillospirales;f_Acutalibacteraceae;g_JAAZFZ01;s_JAAZFZ01_sp024684435	0.203268035	0.48753699	0.64981749	0.50458114	0.20736605400000002	0.6819463099999999	0	0	0	0	0	0	0	0	0	0	0	0	0	0	0	0	0	0
d_Bacteria;p_Bacillota_A;c_Clostridia;o_Oscillospirales;f_Acutalibacteraceae;g_JAAZFZ01;s_unclassify_g_JAAZFZ01	0.4033708	0.14292848	0.18061909	0.29005092	0.092538014	0.07167265	0	0	0	0	0	0	0	0	0	0	0	0	0	0	0	0	0	0
d_Bacteria;p_Bacillota_A;c_Clostridia;o_Oscillospirales;f_Acutalibacteraceae;g_JAGZMM01;s_JAGZMM01_sp904420015	0.33083814	0.19537926	0.26453704	0.12067138	0.07228399	0.13063262	0	0	0	0	0	0	0	0	0	0	0	0	0	0	0	0	0	0
d_Bacteria;p_Bacillota_A;c_Clostridia;o_Oscillospirales;f_Acutalibacteraceae;g_JAISXG01;s_JAISXG01_sp031270605	0.33455	0.36183104	0.32349437	0.27972537	0.15298931	0.09792156	0	0	0	0	0	0	0	0	0	0	0	0	0.21262898	0.23722558	0.15452132	0.12003551	0.17199886	0.429876
d_Bacteria;p_Bacillota_A;c_Clostridia;o_Oscillospirales;f_Acutalibacteraceae;g_RGIG7067;s_RGIG7067_sp944384895	0.23468508	0.25352794	0.37530655	0.34001386	0.21573325	0.7797527	0	0	0	0	0	0	0	0	0	0	0	0	0	0	0	0	0	0
d_Bacteria;p_Bacillota_A;c_Clostridia;o_Oscillospirales;f_Acutalibacteraceae;g_RZYX01;s_RZYX01_sp031254555	0.21156	0.2555561	0.16916262	0.34574068	0.11030531	0.31325695	0	0	0	0	0	0	0	0	0	0	0	0	0	0	0	0	0	0
d_Bacteria;p_Bacillota_A;c_Clostridia;o_Oscillospirales;f_Acutalibacteraceae;g_Ruminococcus_E;s_Ruminococcus_E_sp017521925	0.27739507	0.051193126	0.18483676	0.25294566	0.59660345	0.17969835	0	0	0	0	0	0	0	0	0	0	0	0	0	0	0	0	0	0
d_Bacteria;p_Bacillota_A;c_Clostridia;o_Oscillospirales;f_Acutalibacteraceae;g_Ruminococcus_E;s_Ruminococcus_E_sp945949625	0.19776586	0.1847691	0.3261491	0.30431506	0.14178063	0.07778361	0	0	0	0	0	0	0	0	0	0	0	0	0	0	0	0	0	0
d_Bacteria;p_Bacillota_A;c_Clostridia;o_Oscillospirales;f_Acutalibacteraceae;g_SIG598;s_SIG598_sp015065695	0.62914466	0.89967816	0.95251538	0.7479512399999999	1.399675696	0.434374696	0	0	0	0	0	0	0	0	0	0	0	0	0	0	0	0	0	0
d_Bacteria;p_Bacillota_A;c_Clostridia;o_Oscillospirales;f_Acutalibacteraceae;g_UBA1081;s_UBA1081_sp900314355	0.114480585	0.17746952	0.35242197	0.1655331	0.11255643	0.09323125	0	0	0	0	0	0	0	0	0	0	0	0	0	0	0	0	0	0
d_Bacteria;p_Bacillota_A;c_Clostridia;o_Oscillospirales;f_Acutalibacteraceae;g_UBA1213;s_UBA1213_sp947585965	0.2791479	0.13247131	0.20498489	0.15584332	0.312731	0.23619123	0	0	0	0	0	0	0	0	0	0	0	0	0	0	0	0	0	0
d_Bacteria;p_Bacillota_A;c_Clostridia;o_Oscillospirales;f_Acutalibacteraceae;g_UBA1425;s_UBA1425_sp009779495	1.4424545	0.762639	0.7897029	0.88364965	0.5643031	0.69270605	0	0	0	0	0	0	0	0	0	0	0	0	0.44488806000000003	0.5046449399999999	0.29034804000000003	0.44948617	0.42598346	0.36243641000000004
d_Bacteria;p_Bacillota_A;c_Clostridia;o_Oscillospirales;f_Acutalibacteraceae;g_UBA3903;s_UBA3903_sp002391625	0.47628245	0.47715855	0.21761923	2.7299042	0.22298929	0.21828604	0	0	0	0	0	0	0.82544084	0.674983479	0.6541328	0.73792825	1.01718605	0.80578777	0	0	0	0	0	0
d_Bacteria;p_Bacillota_A;c_Clostridia;o_Oscillospirales;f_Acutalibacteraceae;g_unclassify_f_Acutalibacteraceae;s_unclassify_f_Acutalibacteraceae	0.5332967200000001	0.38387764	0.35621483	0.40373294	0.26532024600000004	0.7092355800000001	0.28005877	0.10374446	0.71167576	0.12760252	1.2148689	0.0	0.47696775	0.40157661	0.46057467	0.7471422999999999	0.47417377	0.42065239	0	0	0	0	0	0
d_Bacteria;p_Bacillota_A;c_Clostridia;o_Oscillospirales;f_Butyricicoccaceae;g_RGIG1902;s_RGIG1902_sp944375715	0.47967616	0.18337107	0.3926792	0.15621339	0.18714848	0.11414841	0	0	0	0	0	0	0	0	0	0	0	0	0	0	0	0	0	0
d_Bacteria;p_Bacillota_A;c_Clostridia;o_Oscillospirales;f_Butyricicoccaceae;g_UBA6114;s_UBA6114_sp002423435	0.12289286	0.14458376	0.1658216	0.09004918	0.20767215	0.19334054	0	0	0	0	0	0	0	0	0	0	0	0	0	0	0	0	0	0
d_Bacteria;p_Bacillota_A;c_Clostridia;o_Oscillospirales;f_Butyricicoccaceae;g_Ventrousia;s_Ventrousia_excrementavium	0.6624096	0.6386372	0.6392453	0.46417686	0.4351204	0.393178	0	0	0	0	0	0	0	0	0	0	0	0	0	0	0	0	0	0
d_Bacteria;p_Bacillota_A;c_Clostridia;o_Oscillospirales;f_CAG-272;g_HGM12713;s_HGM12713_sp017935225	0.0	0.050705582	0.16476874	0.1252683	0.056278184	0.067804605	0	0	0	0	0	0	0	0	0	0	0	0	0	0	0	0	0	0
d_Bacteria;p_Bacillota_A;c_Clostridia;o_Oscillospirales;f_CAG-272;g_UMGS1865;s_UMGS1865_sp017517745	0.21178891	0.21549863	0.28376836	0.3579097	0.32828984	0.28816944	0	0	0	0	0	0	0	0	0	0	0	0	0	0	0	0	0	0
d_Bacteria;p_Bacillota_A;c_Clostridia;o_Oscillospirales;f_CAG-272;g_WQSD01;s_WQSD01_sp009788105	0.058281012	0.080668	0.47766298	0.36441687	0.023875633	0.03236127	0	0	0	0	0	0	0	0	0	0	0	0	0	0	0	0	0	0
d_Bacteria;p_Bacillota_A;c_Clostridia;o_Oscillospirales;f_CAG-382;g_UBA1049;s_UBA1049_sp002841455	0.16581754999999998	0.17429788400000001	0.303311386	0.068087244	0.43524345	0.22898924	0	0	0	0	0	0	0	0	0	0	0	0	0	0	0	0	0	0
d_Bacteria;p_Bacillota_A;c_Clostridia;o_Oscillospirales;f_Feifaniaceae;g_Galloscillospira_B;s_Galloscillospira_B_sp017427525	0.4025718	0.60272664	0.34003004	0.26146805	0.71077836	0.84375876	0	0	0	0	0	0	0	0	0	0	0	0	0	0	0	0	0	0
d_Bacteria;p_Bacillota_A;c_Clostridia;o_Oscillospirales;f_Feifaniaceae;g_unclassify_f_Feifaniaceae;s_unclassify_f_Feifaniaceae	0.5547904	0.44367403	0.39431843	0.16060045	0.4545551	0.7834468	0	0	0	0	0	0	0	0	0	0	0	0	0	0	0	0	0	0
d_Bacteria;p_Bacillota_A;c_Clostridia;o_Oscillospirales;f_Oscillospiraceae;g_Evtepia;s_Evtepia_sp017861415	0.8190408	0.93954456	0.91403633	0.7322668	0.63726825	0.56711555	0.20169972	0.08248009	0.4400702	0.031561617	0.3083971	0.054022368	0	0	0	0	0	0	0	0	0	0	0	0
d_Bacteria;p_Bacillota_A;c_Clostridia;o_Oscillospirales;f_Oscillospiraceae;g_Faecousia;s_Faecousia_sp031262065	0.15599069	0.18288852	0.17608878	0.07171846	0.17291594	0.3192898	0	0	0	0	0	0	0	0	0	0	0	0	0	0	0	0	0	0
d_Bacteria;p_Bacillota_A;c_Clostridia;o_Oscillospirales;f_Oscillospiraceae;g_Lawsonibacter;s_Lawsonibacter_sp009911595	4.500809579999999	5.05635452	5.97988542	6.39548235	6.128414279999999	5.62227799	0	0	0	0	0	0	0	0	0	0	0	0	0	0	0	0	0	0
d_Bacteria;p_Bacillota_A;c_Clostridia;o_Oscillospirales;f_Oscillospiraceae;g_Lawsonibacter;s_Lawsonibacter_sp944387755	0.67804699	0.7817435699999999	0.39641510999999996	0.2756258	2.8599282	4.383715179999999	0	0	0	0	0	0	0.5545074	0.314657	0.6095842	0.21747795	0.47758782	0.20031376	0	0	0	0	0	0
d_Bacteria;p_Bacillota_A;c_Clostridia;o_Oscillospirales;f_Oscillospiraceae;g_Limivicinus;s_Limivicinus_sp002320035	0.16490158	0.46129256	0.16655333	0.10175222	0.55465543	0.36625475	0	0	0	0	0	0	0	0	0	0	0	0	0	0	0	0	0	0
d_Bacteria;p_Bacillota_A;c_Clostridia;o_Oscillospirales;f_Oscillospiraceae;g_Limivicinus;s_Limivicinus_sp024690695	0.13816608	0.24478558	0.34247935	0.17278388	0.18112536	0.21481186	0	0	0	0	0	0	0	0	0	0	0	0	0	0	0	0	0	0
d_Bacteria;p_Bacillota_A;c_Clostridia;o_Oscillospirales;f_Oscillospiraceae;g_Pseudoflavonifractor;s_Pseudoflavonifractor_sp902362925	0.08668587	0.09598711	0.3049807	0.13550664	0.056819417	0.15402727	0	0	0	0	0	0	0	0	0	0	0	0	0	0	0	0	0	0
d_Bacteria;p_Bacillota_A;c_Clostridia;o_Oscillospirales;f_Oscillospiraceae;g_UBA2658;s_UBA2658_sp012516225	7.2122726	1.9901943	2.7507222	1.3958473	4.7695813	1.3645675	0	0	0	0	0	0	0	0	0	0	0	0	0	0	0	0	0	0
d_Bacteria;p_Bacillota_A;c_Clostridia;o_Oscillospirales;f_Oscillospiraceae;g_UBA2658;s_UBA2658_sp023386265	5.95943162	4.50999774	5.855334409999999	7.35617105	4.51641139	7.7941707	0	0	0	0	0	0	0	0	0	0	0	0	0	0	0	0	0	0
d_Bacteria;p_Bacillota_A;c_Clostridia;o_Oscillospirales;f_Oscillospiraceae;g_WRMH01;s_WRMH01_sp009776905	0.06918243	0.108524576	0.10141644	0.07660295	0.17949659	0.27743766	0	0	0	0	0	0	0	0	0	0	0	0	0	0	0	0	0	0
d_Bacteria;p_Bacillota_A;c_Clostridia;o_Oscillospirales;f_Oscillospiraceae;g_WRMH01;s_WRMH01_sp009781855	0.20483285	0.14324889	0.0689615	0.05055667	0.31798464	0.26338884	0	0	0	0	0	0	0	0	0	0	0	0	0	0	0	0	0	0
d_Bacteria;p_Bacillota_A;c_Clostridia;o_Oscillospirales;f_Oscillospiraceae;g_unclassify_f_Oscillospiraceae;s_unclassify_f_Oscillospiraceae	0.17785778000000002	0.24097778	0.35210309	0.196812086	0.30473566	0.30042543	0	0	0	0	0	0	0	0	0	0	0	0	0.2504653	0.085697204	1.4348413	0.091455735	0.35367715	0.28480402
d_Bacteria;p_Bacillota_A;c_Clostridia;o_Oscillospirales;f_QAKW01;g_HGM12957;s_HGM12957_sp900760695	0.75547116	1.09350452	0.8776716	1.2535344	0.88566526	0.91409595	0	0	0	0	0	0	0	0	0	0	0	0	0	0	0	0	0	0
d_Bacteria;p_Bacillota_A;c_Clostridia;o_Oscillospirales;f_QAKW01;g_QAKW01;s_unclassify_g_QAKW01	0.19089553	0.33027825	0.29573894	0.21447922	0.17106903	0.23849384	0	0	0	0	0	0	0	0	0	0	0	0	0	0	0	0	0	0
d_Bacteria;p_Bacillota_A;c_Clostridia;o_Oscillospirales;f_Ruminococcaceae;g_FB2012;s_FB2012_sp900543145	0.21553911	0.18358926	0.13257253	0.38876376	0.17659716	0.1104748	0	0	0	0	0	0	0	0	0	0	0	0	0	0	0	0	0	0
d_Bacteria;p_Bacillota_A;c_Clostridia;o_Oscillospirales;f_Ruminococcaceae;g_FB2012;s_FB2012_sp947177715	1.1764109600000001	1.48718642	0.8168388799999999	0.71522882	2.6235502900000003	1.31417617	0	0	0	0	0	0	0	0	0	0	0	0	0	0	0	0	0	0
d_Bacteria;p_Bacillota_A;c_Clostridia;o_Oscillospirales;f_Ruminococcaceae;g_Fimivivens;s_Fimivivens_sp023395695	0.386837464	0.19140796300000001	0.6326207500000001	0.46231985	0.32674099	0.58183628	0	0	0	0	0	0	0	0	0	0	0	0	0	0	0	0	0	0
d_Bacteria;p_Bacillota_A;c_Clostridia;o_Oscillospirales;f_Ruminococcaceae;g_Fimivivens;s_Fimivivens_sp030913685	0.4275174	0.8238194	0.61709046	0.33848482	0.5549841	0.47682416	0	0	0	0	0	0	0	0	0	0	0	0	0	0	0	0	0	0
d_Bacteria;p_Bacillota_A;c_Clostridia;o_Oscillospirales;f_Ruminococcaceae;g_HUN007;s_HUN007_sp000712055	0.022680098	0.20090896	0.1994843	0.12408655	0.07432973	0.08395604	0	0	0	0	0	0	0	0	0	0	0	0	0	0	0	0	0	0
d_Bacteria;p_Bacillota_A;c_Clostridia;o_Oscillospirales;f_Ruminococcaceae;g_JAAYCI01;s_unclassify_g_JAAYCI01	1.156685	1.9839747	2.1489887	1.3915422	1.5330515	1.695914	15.51283327	13.462567365	19.20236181	7.89611193	17.4043241	18.730338539999998	7.1517457	8.00584586	8.62784004	6.800268819999999	9.181848519999999	9.05401364	2.6808099299999997	1.743948264	1.773200936	1.339067016	2.454989346	2.39393911
d_Bacteria;p_Bacillota_A;c_Clostridia;o_Oscillospirales;f_Ruminococcaceae;g_JAAZZIT01;s_JAAZZIT01_sp012800685	0.28568737	0.34597151	0.37720261	6.4451535	0.35006028	0.33934812000000003	0	0	0	0	0	0	0	0	0	0	0	0	0	0	0	0	0	0
d_Bacteria;p_Bacillota_A;c_Clostridia;o_Oscillospirales;f_Ruminococcaceae;g_Massiliimalia;s_Massiliimalia_sp900752435	0.59388436	0.37938848	0.63924592	0.642707	0.52401616	0.27057408	0	0	0	0	0	0	0	0	0	0	0	0	0	0	0	0	0	0
d_Bacteria;p_Bacillota_A;c_Clostridia;o_Oscillospirales;f_Ruminococcaceae;g_Massilioclostridium;s_Massilioclostridium_facile	0.50251792	0.65760708	0.42007532	0.5712948	0.6550196	0.60879176	0	0	0	0	0	0	0	0	0	0	0	0	0	0	0	0	0	0
d_Bacteria;p_Bacillota_A;c_Clostridia;o_Oscillospirales;f_Ruminococcaceae;g_RUG12519;s_RUG12519_sp910577565	0.028450796	0.094510324	0.0	0.15565886	0.04662103	0.042127106	0	0	0	0	0	0	0	0	0	0	0	0	0	0	0	0	0	0
d_Bacteria;p_Bacillota_A;c_Clostridia;o_Oscillospirales;f_Ruminococcaceae;g_Ruminiclostridium_E;s_Ruminiclostridium_E_sp009777445	0.3299693	0.40730382	0.5223218199999999	0.30895028	0.21134542	0.27744587	0	0	0	0	0	0	0	0	0	0	0	0	0	0	0	0	0	0
d_Bacteria;p_Bacillota_A;c_Clostridia;o_Oscillospirales;f_Ruminococcaceae;g_Ruminiclostridium_E;s_Ruminiclostridium_E_sp009782265	2.8780568	4.8561724	4.2007556	6.0878628	2.69493936	5.276194	0	0	0	0	0	0	0	0	0	0	0	0	0	0	0	0	0	0
d_Bacteria;p_Bacillota_A;c_Clostridia;o_Oscillospirales;f_Ruminococcaceae;g_Ruminiclostridium_E;s_Ruminiclostridium_E_sp031281115	0.488038024	1.03214232	0.90982703	0.673189984	0.9450795099999999	0.6859400840000001	0	0	0	0	0	0	0	0	0	0	0	0	0	0	0	0	0	0
d_Bacteria;p_Bacillota_A;c_Clostridia;o_Oscillospirales;f_Ruminococcaceae;g_Ruminiclostridium_E;s_Ruminiclostridium_E_sp947594425	0.53014849	0.64615335	0.8431023200000001	0.95301731	0.629362066	0.5098211500000001	0	0	0	0	0	0	0	0	0	0	0	0	0	0	0	0	0	0
d_Bacteria;p_Bacillota_A;c_Clostridia;o_Oscillospirales;f_Ruminococcaceae;g_Ruminococcus;s_Ruminococcus_sp016295545	4.282754	4.6095254	3.6253822099999997	2.33215375	6.65217682	1.80386704	0	0	0	0	0	0	0	0	0	0	0	0	0	0	0	0	0	0
d_Bacteria;p_Bacillota_A;c_Clostridia;o_Oscillospirales;f_Ruminococcaceae;g_Ruminococcus;s_Ruminococcus_sp017463375	0.48423606	0.27755886	0.19131927	0.8281953	0.19604035	0.16870797	0	0	0	0	0	0	0	0	0	0	0	0	0	0	0	0	0	0
d_Bacteria;p_Bacillota_A;c_Clostridia;o_Oscillospirales;f_Ruminococcaceae;g_Ruminococcus_C;s_Ruminococcus_C_sp000433635	1.6731556	1.22036657	2.08211468	1.954899	1.7124097	2.8072062	0	0	0	0	0	0	0	0	0	0	0	0	0	0	0	0	0	0
d_Bacteria;p_Bacillota_A;c_Clostridia;o_Oscillospirales;f_Ruminococcaceae;g_Ruminococcus_C;s_Ruminococcus_C_sp949291345	0.49794247	0.235732516	0.24678795999999997	1.08236632	0.175900627	0.36149907000000003	0	0	0	0	0	0	0	0	0	0	0	0	0	0	0	0	0	0
d_Bacteria;p_Bacillota_A;c_Clostridia;o_Oscillospirales;f_Ruminococcaceae;g_UBA1404;s_UBA1404_sp002305075	0.22512146	0.60588026	0.188145086	0.58526476	1.00225651	0.33648988	0.24686971	0.111046255	0.17774543	0.05754217	0.24619684	0.17425501	0	0	0	0	0	0	0	0	0	0	0	0
d_Bacteria;p_Bacillota_A;c_Clostridia;o_Oscillospirales;f_Ruminococcaceae;g_WRAV01;s_WRAV01_sp030265885	0.02557542	0.15575789	0.14315015	0.16991186	0.39813867	0.18934785	3.0188393	3.40888878	4.50898112	1.95212365	3.6910797200000003	6.6936557500000005	3.7603504450000003	2.99634855	2.92573093	1.807703571	2.691288981	1.971937492	0.531267785	0.446262867	0.1571978	0.6157063150000001	0.47297663999999995	0.50722242
d_Bacteria;p_Bacillota_A;c_Clostridia;o_Peptostreptococcales;f_Anaerovoracaceae;g_Hominibacterium;s_Hominibacterium_hominis	0.20138988	0.1254365	0.17109497	0.01967563	0.07218933	0.1025055	0	0	0	0	0	0	0	0	0	0	0	0	0	0	0	0	0	0
d_Bacteria;p_Bacillota_A;c_Clostridia;o_Peptostreptococcales;f_Anaerovoracaceae;g_JAILLO01;s_JAILLO01_sp024693105	3.04743864	2.54956172	3.2850608	1.35854388	6.2698732	4.5791956	0	0	0	0	0	0	0	0	0	0	0	0	0	0	0	0	0	0
d_Bacteria;p_Bacillota_A;c_Clostridia;o_Peptostreptococcales;f_Anaerovoracaceae;g_JAISGB01;s_JAISGB01_sp031263335	1.6123297499999998	1.4653078499999999	1.6144118	1.69165064	1.6996967299999999	3.1962813	0	0	0	0	0	0	0	0	0	0	0	0	0	0	0	0	0	0
d_Bacteria;p_Bacillota_A;c_Clostridia;o_Peptostreptococcales;f_Anaerovoracaceae;g_Lentihominibacter;s_Lentihominibacter_sp030536355	9.329851	10.77039183	21.9474615	14.686057219999999	5.8378247	6.48299535	0	0	0	0	0	0	0	0	0	0	0	0	0	0	0	0	0	0
d_Bacteria;p_Bacillota_A;c_Clostridia;o_Peptostreptococcales;f_Anaerovoracaceae;g_MT110;s_MT110_sp927441425	1.47961656	2.0152923	2.8030421	1.9015888699999999	1.49098343	2.8450732	0	0	0	0	0	0	0	0	0	0	0	0	0	0	0	0	0	0
d_Bacteria;p_Bacillota_A;c_Clostridia;o_Peptostreptococcales;f_Anaerovoracaceae;g_unclassify_f_Anaerovoracaceae;s_unclassify_f_Anaerovoracaceae	1.2241604000000001	1.09664756	0.93938653	1.0398392699999999	0.81269248	1.7076964	2.31106247	1.26251336	1.30068497	2.1589749499999997	1.27783023	3.4526201299999997	0	0	0	0	0	0	0	0	0	0	0	0
d_Bacteria;p_Bacillota_A;c_Clostridia;o_RUG12999;f_RUG12999;g_JAAWTG01;s_JAAWTG01_sp946555455	0.1386976	0.35835198	0.17251436	0.19272053	0.32828984	0.12550363	0	0	0	0	0	0	0	0	0	0	0	0	0	0	0	0	0	0
d_Bacteria;p_Bacillota_A;c_Clostridia;o_UBA1212;f_SIG427;g_SIG427;s_SIG427_sp902465325	0.1766039	0.12616317	0.18220887	0.24044394	0.1213583	0.054830097	0	0	0	0	0	0	0	0	0	0	0	0	0	0	0	0	0	0
d_Bacteria;p_Bacillota_A;c_Clostridia;o_UBA1381;f_UBA1381;g_Hominilimicola;s_Hominilimicola_sp001941225	3.175	1.28992128	0.43833988	0.26779444	0.72987884	3.70348216	0	0	0	0	0	0	0	0	0	0	0	0	0	0	0	0	0	0
d_Bacteria;p_Bacillota_A;c_Clostridia;o_UBA1381;f_UBA1381;g_Hominilimicola;s_Hominilimicola_sp910585795	0.86798508	0.83465504	0.74883024	0.74982428	0.87959792	0.69334584	0	0	0	0	0	0	0	0	0	0	0	0	0	0	0	0	0	0
d_Bacteria;p_Bacillota_A;c_Clostridia;o_UBA1381;f_UBA1381;g_UBA1381;s_UBA1381_sp002305435	2.23848816	1.4669696	3.0501144	4.98097672	1.3474691600000002	0.81172236	0	0	0	0	0	0	0	0	0	0	0	0	0	0	0	0	0	0
d_Bacteria;p_Bacillota_A;c_Clostridia;o_UBA1381;f_UMGS1253;g_JAKJBW01;s_JAKJBW01_sp022706785	0.16851099	0.24256928	0.26499027	0.26341474	0.27152926	0.3035759	0	0	0	0	0	0	0	0	0	0	0	0	0	0	0	0	0	0
d_Bacteria;p_Bacillota_A;c_Clostridia;o_UMGS1883;f_UMGS1540;g_CALCLY01;s_CALCLY01_sp900552775	0.14570245	0.16133592	0.26213214	0.15658538	0.19398938	0.4854188	0	0	0	0	0	0	0	0	0	0	0	0	0	0	0	0	0	0
d_Bacteria;p_Bacillota_A;c_Clostridia;o_unclassify_c_Clostridia;f_unclassify_c_Clostridia;g_unclassify_c_Clostridia;s_unclassify_c_Clostridia	0.99432346	0.6647055159999999	0.9218197	0.586848646	1.04808858	1.272332335	0.79364268	0.431489373	0.31833611	0.69114105	0.5762020400000001	1.5848504	0.34670183	0.13048148	0.25777447	0.09853383	0.18115783	0.1593783	0	0	0	0	0	0
d_Bacteria;p_Bacillota_B;c_Dehalobacteriia;o_UBA4068;f_UBA4068;g_CALXSV01;s_CALXSV01_sp944390945	5.04878947	5.35120863	3.11613254	1.6543808	17.222022937	29.93246061	0	0	0	0	0	0	0	0	0	0	0	0	0	0	0	0	0	0
d_Bacteria;p_Bacillota_B;c_Desulfitobacteriia;o_Desulfitobacteriales;f_Syntrophobotulaceae;g_JAIRRL01;s_JAIRRL01_sp031266805	0.10425902	0.09507298	0.2549993	0.19173719	0.16581985	0.18161936	0	0	0	0	0	0	0	0	0	0	0	0	0	0	0	0	0	0
d_Bacteria;p_Bacillota_B;c_Syntrophomonadia;o_Syntrophomonadales;f_Syntrophomonadaceae;g_JAUNBV01;s_JAUNBV01_sp030526885	0.022468133	0.1492734	0.053896397	0.122926846	0.9020299	1.364012	0	0	0	0	0	0	0.099195324	0.34843376	0.15804031	0.62021506	0.28507197	0.35909915	0	0	0	0	0	0
d_Bacteria;p_Bacillota_C;c_Negativicutes;o_Acidaminococcales;f_Acidaminococcaceae;g_Phascolarctobacterium;s_Phascolarctobacterium_faecium	0.2010694	0.25168407	0.14679398	0.0	0.05730144	0.10355605	0.61290027	0.30964716000000003	1.7071051000000002	0.39506372	0.45125026	0.2499114	0	0	0	0	0	0	0.18482557	0.37951272999999996	0.25236709	0.056890164	0.16643586700000002	0.132663654
d_Bacteria;p_Bacillota_C;c_Negativicutes;o_Acidaminococcales;f_JAISLQ01;g_JAISLQ01;s_JAISLQ01_sp031275255	0.08515852	0.27563378	0.1885638	0.22015822	0.16638109	0.25703853	0.68532103	0.9959464	0.94130963	1.2703543	1.2685794	1.3201723	0	0	0	0	0	0	0	0	0	0	0	0
d_Bacteria;p_Bacillota_C;c_Negativicutes;o_Sporomusales_B;f_JARLHX01;g_JARLHX01;s_JARLHX01_sp031292015	0.10849808	0.1074935	0.05935845	0.102654584	0.121646576	0.27902946	0	0	0	0	0	0	0	0	0	0	0	0	0	0	0	0	0	0
d_Bacteria;p_Bacillota_C;c_Negativicutes;o_Veillonellales;f_Veillonellaceae;g_Veillonella;s_Veillonella_sp009929605	0.082177503	0.052888233	0.31375735	0.093137622	0.090058105	0.101914096	0.0	0.11050726	0.05896081	0.035238683	0.1589201	0.0	0.108878375	0.127270947	0.07373892	0.178297175	0.090221437	0.12579429199999997	0	0	0	0	0	0
d_Bacteria;p_Bacillota_I;c_Bacilli_A;o_Acholeplasmatales;f_JAEDCM01;g_JAEDCM01;s_JAEDCM01_sp016294165	0.72576348	0.40181772	0.72539748	0.51407288	0.4459788	0.62127532	0	0	0	0	0	0	0	0	0	0	0	0	0	0	0	0	0	0
d_Bacteria;p_Bacillota_I;c_Bacilli_A;o_Erysipelotrichales;f_Coprobacillaceae;g_Fimiplasma;s_Fimiplasma_sp910588165	0.15177341	0.16805825	0.13592042	0.056940164	0.21388564	0.12584941	0	0	0	0	0	0	0	0	0	0	0	0	0	0	0	0	0	0
d_Bacteria;p_Bacillota_I;c_Bacilli_A;o_Erysipelotrichales;f_Coprobacillaceae;g_unclassify_f_Coprobacillaceae;s_unclassify_f_Coprobacillaceae	0.66129346	0.72926584	0.41676807	0.32632924	1.409163	0.5962811100000001	0.38890287	0.60764125	0.6867885	0.06711030700000001	0.95260805	0.36050619	0	0	0	0	0	0	0	0	0	0	0	0
d_Bacteria;p_Bacillota_I;c_Bacilli_A;o_Erysipelotrichales;f_Erysipelotrichaceae;g_Breznakia;s_Breznakia_sp001695645	0.36993379000000004	1.18197453	1.7712206899999998	0.118990967	0.26486723	0.103338966	0	0	0	0	0	0	0.70405287	1.7267263	1.3759692	0.460216	1.4306165	1.4153376	0	0	0	0	0	0
d_Bacteria;p_Bacillota_I;c_Bacilli_A;o_ML615J-28;f_CAG-698;g_CAKOMG01;s_unclassify_g_CAKOMG01	1.17658984	1.0272348	0.7960598	1.11415148	0.57469976	0.43554468	0	0	0	0	0	0	0	0	0	0	0	0	0.37245651	0.24089656999999998	0.167918424	0.129656186	0.20313478000000001	0.37137263
d_Bacteria;p_Bacteroidota;c_Bacteroidia;o_Bacteroidales;f_Azobacteroidaceae;g_BNXB01;s_BNXB01_sp031287395	4.66028243	3.5434783999999997	7.48882512	5.9834462	1.44819423	5.774612050000001	0	0	0	0	0	0	0	0	0	0	0	0	0	0	0	0	0	0
d_Bacteria;p_Bacteroidota;c_Bacteroidia;o_Bacteroidales;f_Azobacteroidaceae;g_JAJBTS01;s_JAJBTS01_sp020860885	2.1710958	1.6300614	0.19053668	1.0595386	0.98920757	1.1094786	0.29211125	1.6260355	0.9070011	0.15319662	0.7676549	0.19498335	0.51915879	0.262387638	0.16730086	0.12030036	0.19827266500000001	0.18328033	1.45687769	3.097679947	4.189366298	2.638126315	1.308481995	2.475428225
d_Bacteria;p_Bacteroidota;c_Bacteroidia;o_Bacteroidales;f_Azobacteroidaceae;g_JAJBTS01;s_JAJBTS01_sp029916745	20.41634381	23.91726782	24.953419500000003	39.011618006	11.057412027	19.859795175	0	0	0	0	0	0	0.47644827	0.23552924	0.44766796	0.43557832	0.49050605	0.3830977	0.401805099	2.429548939	0.22242091	1.440088553	0.38518803	0.541600859
d_Bacteria;p_Bacteroidota;c_Bacteroidia;o_Bacteroidales;f_Azobacteroidaceae;g_JAJBTS01;s_JAJBTS01_sp031256015	0.61656636	0.5679788	0.24028783	0.14173669	0.90845716	0.7902009	0	0	0	0	0	0	1.09727891	0.65585325	1.25419803	4.0405306	0.91992553	0.8578065199999999	0	0	0	0	0	0
d_Bacteria;p_Bacteroidota;c_Bacteroidia;o_Bacteroidales;f_Azobacteroidaceae;g_JAJBTS01;s_unclassify_g_JAJBTS01	0.675676583	0.66712879	1.8777361739999998	0.46174924399999995	0.473461362	0.400081108	0	0	0	0	0	0	1.1843781899999999	0.84087829	2.10198877	1.8442258699999998	1.18995246	1.22737801	0	0	0	0	0	0
d_Bacteria;p_Bacteroidota;c_Bacteroidia;o_Bacteroidales;f_Azobacteroidaceae;g_JAJDGO01;s_JAJDGO01_sp030265685	0.5883693	0.53941363	0.33387363	0.25218478	0.5235356	0.86651534	0	0	0	0	0	0	1.078728782	1.64827627	1.99666663	0.572879715	0.91611508	1.4860974200000001	4.967876840000001	3.8352157699999996	3.74965274	3.22758474	3.0907302999999997	3.62472115
d_Bacteria;p_Bacteroidota;c_Bacteroidia;o_Bacteroidales;f_Azobacteroidaceae;g_WRFZ01;s_WRFZ01_sp025999935	0.93474206	1.4556626499999998	1.89098622	2.19062513	0.78448456	1.40401136	0	0	0	0	0	0	0	0	0	0	0	0	0	0	0	0	0	0
d_Bacteria;p_Bacteroidota;c_Bacteroidia;o_Bacteroidales;f_Azobacteroidaceae;g_WRFZ01;s_WRFZ01_sp031289145	0.2884909	1.5144064	0.14524062	0.100214645	1.991624	0.30455545	0	0	0	0	0	0	0	0	0	0	0	0	0	0	0	0	0	0
d_Bacteria;p_Bacteroidota;c_Bacteroidia;o_Bacteroidales;f_Azobacteroidaceae;g_WRFZ01;s_WRFZ01_sp031290435	0.70616907	1.3108984	2.5741425	1.5665299	0.5275326	0.25756216	0	0	0	0	0	0	0.8030796	0.6951513	0.88284606	0.7218022	0.6585026	2.3527186	0	0	0	0	0	0
d_Bacteria;p_Bacteroidota;c_Bacteroidia;o_Bacteroidales;f_Azobacteroidaceae;g_unclassify_f_Azobacteroidaceae;s_unclassify_f_Azobacteroidaceae	2.16874079	2.86182412	4.012077106	2.697822258	2.80978197	2.781066854	0	0	0	0	0	0	0	0	0	0	0	0	0	0	0	0	0	0
d_Bacteria;p_Bacteroidota;c_Bacteroidia;o_Bacteroidales;f_Bacteroidaceae;g_Bacteroides;s_Bacteroides_sp028690125	0.103577584	0.3561463	0.40538344	0.2556497	0.09379702	0.2502311	0	0	0	0	0	0	0.19612056	0.22163537	0.19962989	0.24037033	0.1423995	0.16415957	0	0	0	0	0	0
d_Bacteria;p_Bacteroidota;c_Bacteroidia;o_Bacteroidales;f_Bacteroidaceae;g_Bacteroides;s_Bacteroides_sp900555635	0.4143218	1.1554402	0.20041028	0.26386303	3.1012912	0.43550026	0	0	0	0	0	0	0	0	0	0	0	0	0	0	0	0	0	0
d_Bacteria;p_Bacteroidota;c_Bacteroidia;o_Bacteroidales;f_Bacteroidaceae;g_Bacteroides;s_unclassify_g_Bacteroides	3.9466286	6.443742	0.4001359	1.7499936	6.7376857	2.9677234	0	0	0	0	0	0	0	0	0	0	0	0	0.15369622	2.5628917	0.11789896	0.30910468	0.053686682	0.2366365
d_Bacteria;p_Bacteroidota;c_Bacteroidia;o_Bacteroidales;f_Bacteroidaceae;g_Bacteroides_H;s_Bacteroides_H_sp010500955	0.10122493	0.7378995	0.29003158	0.2505365	0.20042938	0.33723852	3.79213516	7.6553152	3.02597351	1.85078913	6.6644841800000005	1.67933677	8.20969978	8.898282550000001	8.33908152	5.964138022	7.511391130000001	4.712680485	1.37114917	2.01161201	2.71330175	2.31717621	2.4366416699999998	1.25713599
d_Bacteria;p_Bacteroidota;c_Bacteroidia;o_Bacteroidales;f_Bacteroidaceae;g_Bacteroides_H;s_Bacteroides_H_sp010500965	4.251823003	5.060826334	5.137365881	10.07997465	2.482153886	2.852493224	43.117024799999996	22.41794393	26.57399769	57.9970783	26.65636144	30.57601753	7.2917148570000005	5.3173544	4.60401518	5.6078681249999995	7.32751425	5.944155868999999	9.383230393	10.924507362	27.706157612	16.101356843	24.380853976999997	15.513532547
d_Bacteria;p_Bacteroidota;c_Bacteroidia;o_Bacteroidales;f_Bacteroidaceae;g_Bacteroides_H;s_Bacteroides_H_sp021201335	0.216721	0.3850753	1.0276463	1.2132907	0.14040066	0.2126888	0	0	0	0	0	0	0.37316233	0.19226876	0.46801648	0.20689978	0.55056804	0.29502937	0.8298413	0.8977415	0.6292891	1.6276009	0.54991937	1.7343938
d_Bacteria;p_Bacteroidota;c_Bacteroidia;o_Bacteroidales;f_Bacteroidaceae;g_Bacteroides_H;s_Bacteroides_H_sp031287715	8.776396186	8.38322634	16.3323641	17.314154433	10.757049275	7.179127373	0	0	0	0	0	0	0	0	0	0	0	0	0	0	0	0	0	0
d_Bacteria;p_Bacteroidota;c_Bacteroidia;o_Bacteroidales;f_Bacteroidaceae;g_Bacteroides_H;s_unclassify_g_Bacteroides_H	0.69085839	1.3947431300000002	1.36461185	1.60141336	2.954825	0.580894684	4.0721861	4.3125637999999995	4.3191942	6.67211963	5.3161632	1.8555073499999999	0	0	0	0	0	0	0	0	0	0	0	0
d_Bacteria;p_Bacteroidota;c_Bacteroidia;o_Bacteroidales;f_JAQUTK01;g_JAQUTK01;s_JAQUTK01_sp028709785	0.32587424	0.32679796	0.314648	0.1826163	0.23173401	1.1016071	0	0	0	0	0	0	0	0	0	0	0	0	0	0	0	0	0	0
d_Bacteria;p_Bacteroidota;c_Bacteroidia;o_Bacteroidales;f_Marinifilaceae;g_Odoribacter;s_Odoribacter_massiliensis	0.1548398	0.18950139	0.16942321	0.4299465	0.3572236	0.46759307	0	0	0	0	0	0	0	0	0	0	0	0	0	0	0	0	0	0
d_Bacteria;p_Bacteroidota;c_Bacteroidia;o_Bacteroidales;f_Marinifilaceae;g_Odoribacter;s_Odoribacter_sp031271755	0.07789805899999999	0.22389468399999998	0.045498338	0.14876445	0.14678505	0.106559442	0	0	0	0	0	0	0	0	0	0	0	0	0	0	0	0	0	0
d_Bacteria;p_Bacteroidota;c_Bacteroidia;o_Bacteroidales;f_Marinifilaceae;g_Odoribacter;s_Odoribacter_sp944321165	0.186130766	0.32632196	0.22598388000000003	0.153981294	0.6284131	1.21187413	0	0	0	0	0	0	3.86185912	2.01068195	1.5721632349999999	0.707434244	3.1672254300000002	1.05284084	0	0	0	0	0	0
d_Bacteria;p_Bacteroidota;c_Bacteroidia;o_Bacteroidales;f_Paludibacteraceae;g_QVMH01;s_QVMH01_sp010501035	3.176770799	4.607224684	4.146255086	3.4860684699999998	5.44712376	6.215627214	0.52302496	1.7482526	1.42274157	0.30931717	1.70731692	0.39131435000000003	7.410748061	4.865682079	6.159285278	6.942239287	5.610128255	4.472379082	2.69193109	3.87154902	1.34928523	2.3834413860000003	2.009721296	3.595393865
d_Bacteria;p_Bacteroidota;c_Bacteroidia;o_Bacteroidales;f_Paludibacteraceae;g_RGIG10190;s_RGIG10190_sp020636675	2.2843876	1.4811878	0.78783461	0.7554194599999999	11.176651	1.08511568	0	0	0	0	0	0	0	0	0	0	0	0	0	0	0	0	0	0
d_Bacteria;p_Bacteroidota;c_Bacteroidia;o_Bacteroidales;f_Paludibacteraceae;g_UBA1754;s_UBA1754_sp002315615	0.33605576	0.3492142	0.3720586	0.42025486	0.21179982	0.321525	0	0	0	0	0	0	0	0	0	0	0	0	0	0	0	0	0	0
d_Bacteria;p_Bacteroidota;c_Bacteroidia;o_Bacteroidales;f_Prolixibacteraceae;g_UBA1413;s_UBA1413_sp009782655	0.195204	0.73945636	0.25055656	0.12446533	0.5345232	0.26621976	0	0	0	0	0	0	0.36161476	0.52169347	0.15804031	1.8595605	2.0832167	0.74976707	0	0	0	0	0	0
d_Bacteria;p_Bacteroidota;c_Bacteroidia;o_Bacteroidales;f_Rikenellaceae;g_Alistipes_A;s_Alistipes_A_sp944326855	0.7090171000000001	0.61366966	0.80167766	0.4360871	0.34884139000000003	0.42077254	0.35144663	0.47426003	0.1859955	0.06592186	0.7869603	0.18584621	0	0	0	0	0	0	0	0	0	0	0	0
d_Bacteria;p_Bacteroidota;c_Bacteroidia;o_Bacteroidales;f_Rikenellaceae;g_JAJQAW01;s_JAJQAW01_sp031262465	3.9863695	3.0045094	4.0585086	3.5824645000000004	4.88349865	5.8941824	0	0	0	0	0	0	0.31052405	0.19477667	0.26385874	0.2702716	0.40563598	0.3301035	0.8677469	1.27038809	1.9734663000000001	2.81898592	1.39217695	0.9373623030000001
d_Bacteria;p_Bacteroidota;c_Bacteroidia;o_Bacteroidales;f_Rikenellaceae;g_Tidjanibacter;s_Tidjanibacter_sp934663885	4.21361755	5.95268108	5.37176571	4.21950318	4.58150227	3.66596862	0.14449197	2.270763	1.7425642	0.42746687	1.0573683	0.21950202	0.28199324	0.22973666	0.20261587	0.2656514	0.34388044	0.22361475	0.47916602799999997	0.712574313	0.474549661	0.824774738	0.644008095	0.459862994
d_Bacteria;p_Bacteroidota;c_Bacteroidia;o_Bacteroidales;f_Rikenellaceae;g_Tidjanibacter;s_Tidjanibacter_sp947852905	0.06029068	0.27538365	0.7170974	0.03534214	0.06792201	0.039056737	0	0	0	0	0	0	0	0	0	0	0	0	0	0	0	0	0	0
d_Bacteria;p_Bacteroidota;c_Bacteroidia;o_Bacteroidales;f_Rikenellaceae;g_UBA940;s_UBA940_sp031285345	5.11471459	6.4063631999999995	4.88617984	3.53754253	3.80530183	3.0266205999999998	0.031193495	0.33114022	0.31742322	0.06443053	0.605354	0.0	0	0	0	0	0	0	0	0	0	0	0	0
d_Bacteria;p_Bacteroidota;c_Bacteroidia;o_Bacteroidales;f_Rikenellaceae;g_WRDF01;s_WRDF01_sp944325305	1.99236025	2.8942342500000002	3.21187879	2.2182905600000002	2.8486552400000003	2.33429434	0	0	0	0	0	0	0	0	0	0	0	0	0.5823681199999999	0.89762664	0.669125506	0.6136746900000001	1.33494273	0.73678598
d_Bacteria;p_Bacteroidota;c_Bacteroidia;o_Bacteroidales;f_Rikenellaceae;g_unclassify_f_Rikenellaceae;s_unclassify_f_Rikenellaceae	0.1414171	0.02609846	0.20730706	0.1657963	0.11586695	0.12214797	0.72542167	0.44993943	0.39361808	0.32573193	0.64122665	0.29868132	0.16221423	0.11701137	0.11322295	0.5112358	0.38293222	0.21438761	0	0	0	0	0	0
d_Bacteria;p_Bacteroidota;c_Bacteroidia;o_Bacteroidales;f_Tannerellaceae;g_QVMG01;s_QVMG01_sp029504695	6.85720186	7.34222516	8.661265799999999	6.16184694	6.0270838	4.49742131	1.42998446	6.8867357	6.795136299999999	1.37340103	7.6164746	0.8136095999999999	4.08953477	7.1142565499999995	7.34396991	5.18431487	7.334875090000001	8.75464597	7.868152866	10.224598076	7.31995088	8.80883344	5.8754410870000005	6.40569526
d_Bacteria;p_Bacteroidota;c_Bacteroidia;o_Bacteroidales;f_Tannerellaceae;g_QVMG01;s_QVMG01_sp029892605	1.0089978	0.9120493	1.0743493	0.44662023	0.695946	3.1671765	0	0	0	0	0	0	3.640513	4.4366956	2.6193414	2.6567714	2.761928	3.1812494	0.202091221	0.341735293	0.177435862	0.410895764	0.239118163	0.278105482
d_Bacteria;p_Bacteroidota;c_Bacteroidia;o_Bacteroidales;f_Tannerellaceae;g_QVMG01;s_QVMG01_sp029893085	1.8172464700000002	1.49496276	1.7463380599999998	1.04302424	1.98882792	1.16133742	0	0	0	0	0	0	3.4189962699999996	3.7872327	3.84755518	5.9015963	4.9044914	5.7503772699999995	7.820764130000001	5.63652337	2.7088476200000002	2.256727237	3.05674502	3.0411593400000005
d_Bacteria;p_Bacteroidota;c_Bacteroidia;o_Bacteroidales;f_Tannerellaceae;g_QVMG01;s_unclassify_g_QVMG01	0.32054558	0.5667576	0.23563708	0.42429605	0.23721585	0.3483188	0.8480068	2.3213248	1.610751	0.21465275	2.9628055	0.40081117	1.2927403	0.9709576	1.2900974	1.0998352	1.8318903	0.92471904	0.20862634000000002	0.246078984	0.337166631	0.5082587	0.182362157	0.44356771
d_Bacteria;p_Bacteroidota;c_Bacteroidia;o_Bacteroidales;f_Tannerellaceae;g_Tannerella;s_Tannerella_sp031276675	0.7207339	0.59581655	0.3552511	0.24307713	0.4408654	0.540905	0	0	0	0	0	0	0	0	0	0	0	0	0	0	0	0	0	0
d_Bacteria;p_Bacteroidota;c_Bacteroidia;o_Bacteroidales;f_Tannerellaceae;g_Tannerella;s_Tannerella_sp031285565	0.082191125	0.3355994	0.34092104	0.22484048	0.7575915	0.35749522	1.23630654	1.7573705499999999	1.9458552	3.50561235	2.50994285	5.12518758	0.9048608	0.26493816	1.05632132	1.1185696	1.5148098	1.13852596	1.250280046	0.952212134	4.596221845	2.099005294	1.4132010785	3.1585505730000003
d_Bacteria;p_Bacteroidota;c_Bacteroidia;o_Bacteroidales;f_Tannerellaceae;g_Tannerella;s_Tannerella_sp031285685	0.6046218	0.73325765	0.42589942	0.21378124	0.7666643	0.34105307	0.6938234	7.310746	3.3303363	0.22245829	2.9217381	0.8483838	3.26846982	0.85392273	2.2267900099999998	5.1941175	2.95500316	3.24881295	0.23104	0.15128958	0.047999486	0.11874481	0.29927468	0.3135143
d_Bacteria;p_Bacteroidota;c_Bacteroidia;o_Bacteroidales;f_UBA1402;g_UBA8389;s_UBA8389_sp030706285	0.441257	0.5447643	0.6407675	1.0663668	1.0846027	0.8636501	0	0	0	0	0	0	0	0	0	0	0	0	0	0	0	0	0	0
d_Bacteria;p_Bacteroidota;c_Bacteroidia;o_Bacteroidales;f_UBA1715;g_WQTX01;s_WQTX01_sp009786075	0.17503014	0.63843435	0.6462558	0.21727479	4.3992233	0.3125253	0	0	0	0	0	0	0	0	0	0	0	0	0	0	0	0	0	0
d_Bacteria;p_Bacteroidota;c_Bacteroidia;o_Bacteroidales;f_WCHB1-69;g_JAGVVH01;s_JAGVVH01_sp937949745	0.68990105	0.70384081	1.18762616	0.21343861800000002	0.362405648	0.38886715	0	0	0	0	0	0	1.216412244	0.98208865	0.614033716	5.047690579999999	2.0235099	1.89398512	0	0	0	0	0	0
d_Bacteria;p_Bacteroidota;c_Bacteroidia;o_Bacteroidales;f_WCHB1-69;g_JAIROC01;s_JAIROC01_sp031254735	0.17201729	0.113451125	0.122446202	0.141091685	0.47645877999999997	0.86653963	0	0	0	0	0	0	0	0	0	0	0	0	0	0	0	0	0	0
d_Bacteria;p_Bacteroidota;c_Bacteroidia;o_Bacteroidales;f_WCHB1-69;g_JAIROC01;s_JAIROC01_sp031257735	1.05428612	0.90208752	0.7280484	0.948876	1.07321264	2.010484	0	0	0	0	0	0	0	0	0	0	0	0	0	0	0	0	0	0
d_Bacteria;p_Bacteroidota;c_Bacteroidia;o_Bacteroidales;f_unclassify_o_Bacteroidales;g_unclassify_o_Bacteroidales;s_unclassify_o_Bacteroidales	0.39895472	0.53355604	0.18643025	0.27942383	0.26319775	0.1419293	5.507001	0.24425435	14.652446	7.792698	5.415277	1.4131607	0.57603365	0.26416892	0.24696226	0.18078643	0.3094592	0.10083509	0.20689241000000003	0.312390184	0.51058273	0.6971256	0.41536099	0.179747784
d_Bacteria;p_Bacteroidota;c_Bacteroidia;o_Flavobacteriales;f_Weeksellaceae;g_Apibacter;s_Apibacter_adventoris	0.3153753	0.30914062	0.06614377	0.33135474	1.2284393	0.1263133	0	0	0	0	0	0	0	0	0	0	0	0	0	0	0	0	0	0
d_Bacteria;p_Bacteroidota;c_Bacteroidia;o_Flavobacteriales_B;f_Blattabacteriaceae;g_Blattabacterium;s_Blattabacterium_cuenoti_L	0.046934552	0.10394094	0.15011467	0.061139632	0.0811823	0.019304454	0	0	0	0	0	0	0	0	0	0	0	0	0	0	0	0	0	0
d_Bacteria;p_Campylobacterota;c_Campylobacteria;o_Campylobacterales;f_Arcobacteraceae;g_Aliarcobacter;s_Aliarcobacter_defluvii	0.24202786399999998	0.19718844	0.45612562	0.227575015	0.318198475	0.138258736	0	0	0	0	0	0	0	0	0	0	0	0	0	0	0	0	0	0
d_Bacteria;p_Campylobacterota;c_Campylobacteria;o_Campylobacterales;f_Campylobacteraceae;g_JAIRQK01;s_JAIRQK01_sp031256525	0.174898734	0.30748359999999997	0.35667773999999997	0.12816978	0.154066205	0.153808724	0	0	0	0	0	0	0.15452632	0.04777106	0.06741053	0.19841005	0.25424317	0.16532657	0	0	0	0	0	0
d_Bacteria;p_Cyanobacteriota;c_Vampirovibrionia;o_Gastranaerophilales;f_Gastranaerophilaceae;g_Stercorousia;s_Stercorousia_sp900752845	0.24389334	0.32150263	0.2785947	0.12254503	0.16176592	0.20636182	0	0	0	0	0	0	0	0	0	0	0	0	0	0	0	0	0	0
d_Bacteria;p_Cyanobacteriota;c_Vampirovibrionia;o_Gastranaerophilales;f_Gastranaerophilaceae;g_UBA947;s_UBA947_sp031265495	1.377903656	0.774420473	2.00240136	1.0918258220000001	0.67698014	1.012801892	0	0	0	0	0	0	0	0	0	0	0	0	0	0	0	0	0	0
d_Bacteria;p_Cyanobacteriota;c_Vampirovibrionia;o_Gastranaerophilales;f_JAILCC01;g_JAQVHS01;s_JAQVHS01_sp028696075	0.114208624	0.14543231	0.16894352	0.2945739	0.06082326	0.10569302	0	0	0	0	0	0	0	0	0	0	0	0	0	0	0	0	0	0
d_Bacteria;p_Deferribacterota;c_Deferribacteres;o_Deferribacterales;f_JAISNW01;g_JAITWF01;s_JAITWF01_sp031285415	0.43253246	0.87461762	1.07743971	0.516978586	0.7093364249999999	0.8619631400000001	1.74087269	0.80365471	0.70949076	1.04445385	1.08495274	4.5640909	0.37384158	0.3401199	0.189237	0.26968536	0.14672399	0.3471922	0	0	0	0	0	0
d_Bacteria;p_Desulfobacterota;c_Desulfarculia;o_Adiutricales;f_Adiutricaceae;g_Adiutrix;s_Adiutrix_sp023525915	1.94849118	2.2333192200000003	4.74413167	2.87906058	1.24905167	1.6786394	1.457418833	1.6830373	1.15387032	0.632757421	1.324153965	2.985820794	0	0	0	0	0	0	0	0	0	0	0	0
d_Bacteria;p_Desulfobacterota;c_Desulfarculia;o_Adiutricales;f_Adiutricaceae;g_Adiutrix;s_unclassify_g_Adiutrix	2.73254813	2.11102804	3.9455236	2.44374865	1.54429589	2.363384316	2.12234098	0.6810172999999999	0.51538056	0.3195941	0.86921271	3.4347143300000003	5.316215	2.41609617	1.9876426999999999	3.49747947	5.637312400000001	5.08098354	1.0551825400000001	0.6941258	0.7357409	0.8896231	1.4662202	0.8588751
d_Bacteria;p_Desulfobacterota;c_Desulfovibrionia;o_Desulfovibrionales;f_Desulfovibrionaceae;g_Desulfovibrio;s_Desulfovibrio_sp011039085	0.106474854	0.062052358	0.13890767	0.083220266	0.29844528	0.18255082	0	0	0	0	0	0	0	0	0	0	0	0	0	0	0	0	0	0
d_Bacteria;p_Desulfobacterota;c_Desulfovibrionia;o_Desulfovibrionales;f_Desulfovibrionaceae;g_FLUQ01;s_FLUQ01_sp900079685	0.7957206	0.74362236	0.98371357	0.8160087	0.67969865	0.47212505	11.471440174	10.989961599999999	8.228059323	9.769901582500001	10.623446868	24.581445914	10.36138884	12.144971164	10.278854245	8.173734131	9.192498532	10.1468034626	6.7280374300000005	3.505997382	6.5685446800000005	5.157124786	14.4844113	5.9679915900000005
d_Bacteria;p_Elusimicrobiota;c_Elusimicrobia;o_Elusimicrobiales;f_Elusimicrobiaceae;g_Elusimicrobium;s_Elusimicrobium_minutum	0.21907769	0.17236258	0.5301314	0.112651356	0.12753706	0.18353571	0	0	0	0	0	0	0	0	0	0	0	0	0.14742643	0.13715285	0.102808595	0.2228205	0.07022273	0.15108901
d_Bacteria;p_Elusimicrobiota;c_Elusimicrobia;o_Elusimicrobiales;f_Elusimicrobiaceae;g_Elusimicrobium;s_Elusimicrobium_sp031254225	0.24906303999999999	0.32309559	0.85943097	0.17643832399999998	0.163719143	0.155416275	0	0	0	0	0	0	0	0	0	0	0	0	0	0	0	0	0	0
d_Bacteria;p_Elusimicrobiota;c_Endomicrobiia;o_Endomicrobiales;f_Endomicrobiaceae;g_Endomicrobium;s_Endomicrobium_proavitum	2.0241477000000003	0.58656791	1.32604798	0.62519646	1.1312132	0.81186557	0	0	0	0	0	0	0.5803296499999999	0.86325178	0.72551866	0.681443	0.50841599	0.70761876	0.13129108	0.84543896	0.20622036	0.8449433	0.19654523	0.3028033
d_Bacteria;p_Fibrobacterota;c_Chitinivibrionia;o_Chitinivibrionales;f_WRFX01;g_JAIFMU01;s_unclassify_g_JAIFMU01	0.37159264	0.10598291	0.11254698	0.21562567	0.22603542	0.20007913	0	0	0	0	0	0	0	0	0	0	0	0	0	0	0	0	0	0
d_Bacteria;p_Fibrobacterota;c_Chitinivibrionia;o_Chitinivibrionales;f_WRFX01;g_WRFX01;s_WRFX01_sp031254455	0.42789432	0.3304175	0.27911648	0.55006576	0.43361917	1.8549005	0	0	0	0	0	0	0.1236279	0.11016065	0.07994549	0.13072447	0.12017078	0.22586346	0	0	0	0	0	0
d_Bacteria;p_Fibrobacterota;c_Fibrobacteria;o_Fibrobacterales;f_Fibrobacteraceae;g_JAISUZ01;s_JAISUZ01_sp031271785	0.398086669	0.7176113900000001	0.51407337	0.36696052	2.20801689	0.26069728000000003	0	0	0	0	0	0	0.052335512	0.36493263	0.22374251	0.042762525	0.288275	0.18444902	0.054009296	0.157204946	0.37287075999999997	0.040343172999999996	0.07950728	0.117586856
d_Bacteria;p_Planctomycetota;c_Planctomycetia;o_Pirellulales;f_Thermoguttaceae;g_WRMR01;s_WRMR01_sp009776995	1.0131364999999999	1.46490544	0.8130978900000001	0.358839336	0.65685014	1.38397307	0	0	0	0	0	0	0	0	0	0	0	0	0.11681625	0.29031992	0.2795795	0.15536965	0.19912563	0.22631237
d_Bacteria;p_Planctomycetota;c_Planctomycetia;o_Pirellulales;f_Thermoguttaceae;g_unclassify_f_Thermoguttaceae;s_unclassify_f_Thermoguttaceae	0.08525148	0.07551897	0.17723358	0.106611416	0.08381859	0.15147828	0	0	0	0	0	0	0	0	0	0	0	0	0	0	0	0	0	0
d_Bacteria;p_Planctomycetota;c_SZUA-567;o_SZUA-567;f_SZUA-567;g_JAJBSZ01;s_JAJBSZ01_sp020861125	4.9601345	6.18284465	4.64499004	6.16393166	3.34024416	4.10167958	0	0	0	0	0	0	14.824620316	8.38218484	6.501181364	4.17811605	5.0735152	4.693752103	0	0	0	0	0	0
d_Bacteria;p_Pseudomonadota;c_Alphaproteobacteria;o_Rhizobiales;f_Rhizobiaceae;g_Ochrobactrum;s_Ochrobactrum_intermedium	0.6291559	0.6909985	0.38037062	0.41178614	0.47776642	1.1891044	0	0	0	0	0	0	0	0	0	0	0	0	0	0	0	0	0	0
d_Bacteria;p_Pseudomonadota;c_Alphaproteobacteria;o_Rhodobacterales;f_Rhodobacteraceae;g_Paracoccus;s_Paracoccus_sp030538705	1.35862035	1.8468809	1.01451008	0.58374261	1.08348976	1.29957784	0	0	0	0	0	0	0	0	0	0	0	0	0	0	0	0	0	0
d_Bacteria;p_Pseudomonadota;c_Gammaproteobacteria;o_Burkholderiales;f_Burkholderiaceae;g_Advenella;s_Advenella_sp023387815	1.4903783800000001	0.739546816	0.55620156	0.40058161600000003	0.6597777659999999	3.46322132	0	0	0	0	0	0	0	0	0	0	0	0	0	0	0	0	0	0
d_Bacteria;p_Pseudomonadota;c_Gammaproteobacteria;o_Burkholderiales;f_Casimicrobiaceae;g_UBA931;s_UBA931_sp002293615	0.48593342	0.3511632	0.8057308	0.80358297	0.23469223	0.363548	0	0	0	0	0	0	0	0	0	0	0	0	0	0	0	0	0	0
d_Bacteria;p_Pseudomonadota;c_Gammaproteobacteria;o_Burkholderiales;f_Rhodocyclaceae;g_JAEWVQ01;s_JAEWVQ01_sp023459095	0.39386177	0.3908105	1.7218916	0.12793358	0.13830082	0.08710005	0	0	0	0	0	0	0	0	0	0	0	0	0	0	0	0	0	0
d_Bacteria;p_Pseudomonadota;c_Gammaproteobacteria;o_Burkholderiales;f_Rhodocyclaceae;g_Sulfuritalea;s_unclassify_g_Sulfuritalea	0.3347469	0.25272554	0.17033061	0.09117636	0.1703782	0.19526005	0	0	0	0	0	0	0	0	0	0	0	0	0	0	0	0	0	0
d_Bacteria;p_Pseudomonadota;c_Gammaproteobacteria;o_Enterobacterales;f_Enterobacteriaceae;g_Proteus;s_Proteus_mirabilis	0.05626595	0.6740067	0.04090005	0.13193157	0.058673058	0.03786953	0	0	0	0	0	0	0	0	0	0	0	0	0	0	0	0	0	0
d_Bacteria;p_Pseudomonadota;c_Gammaproteobacteria;o_Enterobacterales;f_Enterobacteriaceae;g_Pseudocitrobacter;s_Pseudocitrobacter_faecalis	1.9023683	1.3657445	0.6184797	0.35946542	1.1304585	4.4574137	0	0	0	0	0	0	0	0	0	0	0	0	3.765769306	1.60424418	0.763089176	1.5999101	0.95928683	0.62706308
d_Bacteria;p_Pseudomonadota;c_Gammaproteobacteria;o_Pseudomonadales;f_Moraxellaceae;g_Acinetobacter;s_Acinetobacter_sp016624945	0.92542386	0.022276536	0.04423708	0.023586089	0.049449433	0.05957725	0	0	0	0	0	0	0	0	0	0	0	0	0	0	0	0	0	0
d_Bacteria;p_Pseudomonadota;c_Gammaproteobacteria;o_Pseudomonadales;f_Pseudomonadaceae;g_Entomomonas;s_Entomomonas_sp025985425	0.78997299	0.120324124	0.64743388	0.21131679799999997	0.7221112700000001	0.8773595200000001	0	0	0	0	0	0	0	0	0	0	0	0	0	0	0	0	0	0
d_Bacteria;p_Pseudomonadota;c_Gammaproteobacteria;o_Xanthomonadales;f_Rhodanobacteraceae;g_Dyella;s_Dyella_telluris	0.2833103	0.42126605	0.47895753	0.39225444	0.43771955	0.4314836	0	0	0	0	0	0	0	0	0	0	0	0	0	0	0	0	0	0
d_Bacteria;p_Spirochaetota;c_Spirochaetia;o_CADAEX01;f_CADAEX01;g_WQTU01;s_WQTU01_sp009778835	1.0738471600000001	0.58663556	0.62191668	0.32368882	0.6154603	0.48931448	0	0	0	0	0	0	0	0	0	0	0	0	0.35159753	0.33702577	0.5056458699999999	0.6305289460000001	1.08746908	0.82633476
d_Bacteria;p_Spirochaetota;c_Spirochaetia;o_CADAEX01;f_CADAEX01;g_WQTU01;s_WQTU01_sp009783755	0.84846721	0.6729814199999999	0.87281893	0.54744744	1.05512186	1.63941563	0	0	0	0	0	0	0	0	0	0	0	0	0	0	0	0	0	0
d_Bacteria;p_Spirochaetota;c_Spirochaetia;o_Sphaerochaetales;f_Sphaerochaetaceae;g_Ornithospirochaeta;s_Ornithospirochaeta_sp949285905	1.14084865	3.523824039	1.09054956	0.806014524	4.502902344000001	5.274914122	0	0	0	0	0	0	0	0	0	0	0	0	0	0	0	0	0	0
d_Bacteria;p_Spirochaetota;c_Spirochaetia;o_Sphaerochaetales;f_Sphaerochaetaceae;g_Sphaerochaeta;s_Sphaerochaeta_sp001603115	0.044111792	0.10745864	0.077597484	0.037925262	1.6480749	0.06205047	0	0	0	0	0	0	0	0	0	0	0	0	0	0	0	0	0	0
d_Bacteria;p_Spirochaetota;c_Spirochaetia;o_Sphaerochaetales;f_Sphaerochaetaceae;g_Sphaerochaeta;s_unclassify_g_Sphaerochaeta	0.227337048	0.528633	0.85435712	0.5330566	11.7346068	0.37027988	0	0	0	0	0	0	0	0	0	0	0	0	0	0	0	0	0	0
d_Bacteria;p_Spirochaetota;c_Spirochaetia;o_Sphaerochaetales;f_Sphaerochaetaceae;g_Spiro-02;s_Spiro-02_sp023401595	1.24447	3.2821424	4.595434	1.5032204	3.299891	1.6081648	0	0	0	0	0	0	0	0	0	0	0	0	0	0	0	0	0	0
d_Bacteria;p_Spirochaetota;c_Spirochaetia;o_Treponematales;f_Breznakiellaceae;g_JAISTO01;s_JAISTO01_sp031272575	0.07446297	0.16490534	0.23390861	0.2078566	0.10458785	0.11813295	0	0	0	0	0	0	0	0	0	0	0	0	0	0	0	0	0	0
d_Bacteria;p_Spirochaetota;c_Spirochaetia;o_Treponematales;f_Treponemataceae;g_JAISVD01;s_JAISVD01_sp031271875	0.69454874	1.1690271700000001	0.62651367	0.50368891	0.47395405999999995	0.38693438	0	0	0	0	0	0	0	0	0	0	0	0	0	0	0	0	0	0
d_Bacteria;p_Spirochaetota;c_Spirochaetia;o_Treponematales;f_Treponemataceae;g_Teretinema;s_Teretinema_sp002070025	0.17444655	0.47083774	0.20051235	0.12782478	0.7950417	0.18565543	0	0	0	0	0	0	0	0	0	0	0	0	0	0	0	0	0	0
d_Bacteria;p_Synergistota;c_Synergistia;o_Synergistales;f_Aminobacteriaceae;g_JAISSA01;s_JAISSA01_sp031273365	0.40662673	0.6082411	0.25668725	0.62448305	0.23379688	0.22710498	0	0	0	0	0	0	0	0	0	0	0	0	0	0	0	0	0	0
d_Bacteria;p_Synergistota;c_Synergistia;o_Synergistales;f_Synergistaceae;g_JAJDHV01;s_JAJDHV01_sp030266365	4.475115104	5.06114652	8.33728843	5.1475117699999995	3.040144714	4.244373504	0.7663368	0.16672339	0.20195128	0.21984412	0.1620029	0.87064546	15.3578534	7.72624014	8.29047387	15.1681534	10.18149447	12.116553	1.18619165	1.75254684	1.34811113	1.14472993	2.08388512	1.44110106
d_Bacteria;p_Synergistota;c_Synergistia;o_Synergistales;f_Synergistaceae;g_JAJDJB01;s_JAJDJB01_sp030266985	2.9823204	1.9944386600000001	3.7684377	1.5595927	7.819701	4.6667397	0	0	0	0	0	0	0.35070715	0.74371842	4.3700555	1.57117555	0.83029668	1.20711361	4.9010658	1.65410704	0.32535328	0.71559889	0.2812401	0.12356196
d_Bacteria;p_Verrucomicrobiota;c_Kiritimatiellia;o_LD1-PB3_B;f_Lenti-01;g_Lenti-01;s_Lenti-01_sp002347655	0.11714848	0.20303716	0.3869041	0.17118229	1.7986372	0.15837829	0	0	0	0	0	0	0	0	0	0	0	0	0	0	0	0	0	0
d_Bacteria;p_Verrucomicrobiota;c_Kiritimatiellia;o_RFP12;f_UBA1067;g_DUPH01;s_DUPH01_sp017999015	0.6126667	0.49590948	0.5070755	0.28563416	0.6428805	0.2652565	0	0	0	0	0	0	0	0	0	0	0	0	0	0	0	0	0	0
d_Bacteria;p_Verrucomicrobiota;c_Kiritimatiellia;o_RFP12;f_UBA1067;g_UBA1200;s_UBA1200_sp002309765	0.3088589	0.21259369	0.43385288	0.24140249	0.58818585	0.5005884	0	0	0	0	0	0	0	0	0	0	0	0	0	0	0	0	0	0
d_Bacteria;p_Verrucomicrobiota;c_Kiritimatiellia;o_RFP12;f_UBA3636;g_JAAZAI01;s_JAAZAI01_sp012514445	0.74406664	0.6090601999999999	0.59023615	0.4030945	0.90294889	0.56124676	0	0	0	0	0	0	0.06469258	0.05894552	0.18299407	0.36166856	0.3631596	0.19799949	0	0	0	0	0	0
d_Bacteria;p_Verrucomicrobiota;c_Lentisphaeria;o_Victivallales;f_UBA1829;g_CAJMAW01;s_CAJMAW01_sp934644965	0.1386976	0.18770814	0.12322451	0.08431518	0.07575918	0.04563775	0	0	0	0	0	0	0	0	0	0	0	0	0	0	0	0	0	0
d_Bacteria;p_Verrucomicrobiota;c_Lentisphaeria;o_Victivallales;f_Victivallaceae;g_CALXOD01;s_CALXOD01_sp944389925	0.40442657	0.63441217	0.5838769	0.41268292	1.0723103	0.39922303	0	0	0	0	0	0	0	0	0	0	0	0	0	0	0	0	0	0
d_Bacteria;p_Verrucomicrobiota;c_Lentisphaeria;o_Victivallales;f_Victivallaceae;g_CALXOD01;s_CALXOD01_sp949282965	0.318682	0.45811892	0.54539746	0.26218942	0.38478604	0.7616185	0	0	0	0	0	0	0	0	0	0	0	0	0	0	0	0	0	0
d_Bacteria;p_Verrucomicrobiota;c_Lentisphaeria;o_Victivallales;f_Victivallaceae;g_CALXXL01;s_CALXXL01_sp944392655	0.6663377899999999	0.83121194	1.11716279	0.85197506	1.62556061	1.38473435	0	0	0	0	0	0	0	0	0	0	0	0	0.057389706	0.12792172300000001	0.319994705	0.165935588	0.180101478	0.11516859
d_Bacteria;p_Verrucomicrobiota;c_Lentisphaeria;o_Victivallales;f_Victivallaceae;g_UBA1784;s_unclassify_g_UBA1784	0.12740576	0.25761718	0.16831216	0.24678428	0.51739675	0.09022385	0	0	0	0	0	0	0	0	0	0	0	0	0	0	0	0	0	0
d_Bacteria;p_Verrucomicrobiota;c_Lentisphaeria;o_Victivallales;f_Victivallaceae;g_UBA5239;s_UBA5239_sp002408885	0.24657351	0.31646654	0.62284386	0.25842062	0.22498162	0.37339938	0.40367595	0.077682487	0.13755267100000002	0.022927193	0.171731295	0.077124865	0	0	0	0	0	0	0	0	0	0	0	0
d_Bacteria;p_Verrucomicrobiota;c_Lentisphaeria;o_Victivallales;f_Victivallaceae;g_UBA5239;s_UBA5239_sp937888615	1.10074228	1.05171063	2.4450897400000002	1.20658597	1.55767612	1.98340906	0.09037196	0.08130177	0.028918903	0.051851235	0.058459923	0.17750219	1.03400275	1.22010892	1.2646512699999999	1.39885996	1.49471406	1.94266906	0.109562196	0.21356198	0.096050665	0.11751729	0.07654118	0.22654861
d_Bacteria;p_Verrucomicrobiota;c_Lentisphaeria;o_Victivallales;f_Victivallaceae;g_UBA5239;s_unclassify_g_UBA5239	0.16811821	0.30405602	0.19715929	0.1620604	0.13774389	0.16180634	0	0	0	0	0	0	0	0	0	0	0	0	0	0	0	0	0	0
d_Bacteria;p_Verrucomicrobiota;c_Lentisphaeria;o_Victivallales;f_Victivallaceae;g_Victivallis;s_Victivallis_lenta	0.33133325	0.34981984	0.22796535	0.20476547	0.21465091	0.19396015	0	0	0	0	0	0	0.5763699	1.22097158	0.9605984000000001	0.970402953	0.88158474	0.6375190000000001	0	0	0	0	0	0
d_Bacteria;p_Verrucomicrobiota;c_Verrucomicrobiae;o_Opitutales;f_CAG-312;g_Merdousia;s_Merdousia_sp944391135	0.017358053	0.23322827599999998	0.25973902000000004	0.140968106	0.167373091	0.15280612999999998	0	0	0	0	0	0	0	0	0	0	0	0	0	0	0	0	0	0
d_Bacteria;p_Verrucomicrobiota;c_Verrucomicrobiae;o_Verrucomicrobiales;f_Akkermansiaceae;g_Akkermansia;s_Akkermansia_glycaniphila	0.08904031	0.049297065	0.0	0.12178866	0.29181305	0.32960555	2.0282633	1.9774238	1.8313261	0.30374676	2.3582134	0.519908	0	0	0	0	0	0	0.676543365	1.2353515700000002	1.38919149	0.40867066	0.566710433	0.953439827
d_Bacteria;p_Verrucomicrobiota;c_Verrucomicrobiae;o_Verrucomicrobiales;f_Akkermansiaceae;g_Akkermansia;s_Akkermansia_sp002471255	0.32845399	1.1225926	0.7185277400000001	0.55185412	0.08179491	0.24815497	0	0	0	0	0	0	0.08552575	0.07592988	0.10044926	0.04837964	0.06918151	0.05216937	0	0	0	0	0	0
d_Bacteria;p_Verrucomicrobiota;c_Verrucomicrobiae;o_Verrucomicrobiales;f_Akkermansiaceae;g_Akkermansia;s_Akkermansia_sp900545155	2.274654586	8.13694164	2.948883533	3.120939204	3.2260176400000002	2.7437268400000003	0.0	3.0840132000000002	0.08901457	0.0	0.16619230499999998	0.0	0	0	0	0	0	0	0.04258728	0.07955365	0.05081751	0.05075503	0.95205945	0.17781444
d_Bacteria;p_unclassify_d_Bacteria;c_unclassify_d_Bacteria;o_unclassify_d_Bacteria;f_unclassify_d_Bacteria;g_unclassify_d_Bacteria;s_unclassify_d_Bacteria	0.87070691	0.29891254	0.5764636000000001	0.9709723600000001	0.599798	0.22947567300000002	0.20305803	0.34427772	0.35773723	0.127707553	0.43447970999999996	0.272827382	2.54369053	0.5127770700000001	2.01077514	1.0195253100000001	0.72337836	0.59194378	0.14921331	0.06622065	0.13489959	0.045727845	0.40952098	0.062300928
d_Bacteria;p_Bacillota_A;c_Clostridia;o_Oscillospirales;f_unclassify_o_Oscillospirales;g_unclassify_o_Oscillospirales;s_unclassify_o_Oscillospirales	0	0	0	0	0	0	0.93219826	1.20761936	1.37168885	1.1524515100000001	1.28193	3.147824932	0.22147383999999998	0.25329463	0.37410257999999996	0.30945697	0.24335213	0.29596184999999997	0	0	0	0	0	0
d_Bacteria;p_Bacillota_A;c_Clostridia;o_Oscillospirales;f_Oscillospiraceae;g_WRMH01;s_WRMH01_sp009785655	0	0	0	0	0	0	0	0	0	0	0	0	0.3821836	0.46521655	0.23341347	0.23420705	0.30500686	0.3156916	0	0	0	0	0	0
d_Bacteria;p_Bacillota_A;c_Clostridia;o_Oscillospirales;f_Oscillospiraceae;g_Lawsonibacter;s_Lawsonibacter_asaccharolyticus	0	0	0	0	0	0	0.20584723	0.3206902	0.29400867	0.06913495	0.3117861	0.26625302	0	0	0	0	0	0	0	0	0	0	0	0
d_Bacteria;p_Bacillota_A;c_Clostridia;o_Peptostreptococcales;f_Anaerovoracaceae;g_CALWZU01;s_CALWZU01_sp944386095	0	0	0	0	0	0	0	0	0	0	0	0	0.7057796199999999	0.4014764	0.5916087999999999	0.15133211000000002	0.29012631	0.4840253	0.19462608	0.34232327	0.05598601	0.17613916	0.110473536	0.20315512
d_Bacteria;p_Bacillota_A;c_Clostridia;o_Lachnospirales;f_Lachnospiraceae;g_Anaerocolumna;s_Anaerocolumna_sp029239975	0	0	0	0	0	0	0	0	0	0	0	0	0	0	0	0	0	0	0.150726673	0.094387425	0.198224555	0.196240886	1.08273333	0.12129694900000002
d_Bacteria;p_Bacteroidota;c_Bacteroidia;o_Bacteroidales;f_UBA4181;g_JAIRLS01;s_JAIRLS01_sp031265445	0	0	0	0	0	0	0	0	0	0	0	0	0	0	0	0	0	0	0.17216921	0.2202359	0.11556083	0.046167523	0.09020922	0.035942823
d_Bacteria;p_Bacillota_A;c_Clostridia;o_Lachnospirales;f_Lachnospiraceae;g_Brotaphodocola;s_Brotaphodocola_merdavium	0	0	0	0	0	0	0.7179548	0.14905317	0.4578826	0.09938149	0.26631728	0.3476083	0	0	0	0	0	0	0	0	0	0	0	0
d_Bacteria;p_Bacillota_A;c_Clostridia;o_Christensenellales;f_Aristaeellaceae;g_JAGVSV01;s_JAGVSV01_sp019137115	0	0	0	0	0	0	0	0	0	0	0	0	0.19835253	0.25655606	0.2005093	0.4023822	0.31852245	0.2802284	0	0	0	0	0	0
d_Bacteria;p_Bacillota_A;c_Clostridia;o_Oscillospirales;f_Acutalibacteraceae;g_Acutalibacter;s_Acutalibacter_sp910580045	0	0	0	0	0	0	0	0	0	0	0	0	0.50742084	0.52557063	0.15892327	0.25514188	0.18893784	0.15475933	0	0	0	0	0	0
d_Bacteria;p_Bacillota_A;c_Clostridia;o_Oscillospirales;f_Ruminococcaceae;g_Angelakisella;s_Angelakisella_sp023451415	0	0	0	0	0	0	0	0	0	0	0	0	0.45922604	0.14196749	0.20033288	0.08040563	0.18889207	0.122830644	0	0	0	0	0	0
d_Bacteria;p_Planctomycetota;c_Planctomycetia;o_Pirellulales;f_Thermoguttaceae;g_RGIG3701;s_RGIG3701_sp030527015	0	0	0	0	0	0	0	0	0	0	0	0	0.32721898	0.5298762	0.49349347	0.55110013	0.63200694	0.68399817	0	0	0	0	0	0
d_Archaea;p_Thermoplasmatota;c_Thermoplasmata;o_Methanomassiliicoccales;f_Methanomethylophilaceae;g_WRKA01;s_WRKA01_sp009784745	0	0	0	0	0	0	0	0	0	0	0	0	0	0	0	0	0	0	1.69442767	1.26911343	0.63172503	0.46931126	0.47183519	1.4389096
d_Bacteria;p_Bacillota_A;c_Clostridia;o_Lachnospirales;f_Lachnospiraceae;g_Alitiscatomonas;s_Alitiscatomonas_sp910586315	0	0	0	0	0	0	0	0	0	0	0	0	0	0	0	0	0	0	0.159416	0.10254362	0.073372036	0.225708	0.3251987	0.1810454
d_Bacteria;p_Bacillota_A;c_Clostridia;o_Oscillospirales;f_Acutalibacteraceae;g_Acutalibacter;s_Acutalibacter_sp904419785	0	0	0	0	0	0	0.09037196	0.027100602	0.18797271	0.11666517	0.25332615	0.0	0	0	0	0	0	0	0	0	0	0	0	0
d_Bacteria;p_Bacillota_A;c_Clostridia;o_Oscillospirales;f_Ruminococcaceae;g_Ruminococcus;s_Ruminococcus_sp002362175	0	0	0	0	0	0	0.12779872	0.19545269	0.44167045	0.0	0.41335252	0.037651952	0	0	0	0	0	0	0	0	0	0	0	0
d_Bacteria;p_Synergistota;c_Synergistia;o_Synergistales;f_Synergistaceae;g_unclassify_f_Synergistaceae;s_unclassify_f_Synergistaceae	0	0	0	0	0	0	1.26110626	0.46723340999999996	0.49350802	0.47412873	0.6798978200000001	2.0968194	4.537328199999999	2.58115845	4.1860087	5.03356634	5.25600427	5.30400052	0	0	0	0	0	0
d_Bacteria;p_Bdellovibrionota;c_UBA2361;o_SZUA-149;f_JADZAE01;g_JAITKM01;s_JAITKM01_sp031278395	0	0	0	0	0	0	0	0	0	0	0	0	0	0	0	0	0	0	0.297054034	0.134294309	0.15800634	0.100471115	0.051703	0.15860806
d_Bacteria;p_Synergistota;c_Synergistia;o_Synergistales;f_Aminobacteriaceae;g_CAJPSE01;s_CAJPSE01_sp003860125	0	0	0	0	0	0	0	0	0	0	0	0	0	0	0	0	0	0	1.022706503	0.82438599	0.513180596	0.38478481	0.695977686	0.560024003
d_Bacteria;p_Bacillota_C;c_Negativicutes;o_Acidaminococcales;f_Acidaminococcaceae;g_RZYP01;s_RZYP01_sp012517145	0	0	0	0	0	0	0.5559699	0.05857846	0.10578398	0.06897071	0.09072169	0.08854021	0	0	0	0	0	0	0	0	0	0	0	0
d_Bacteria;p_Desulfobacterota;c_Desulfovibrionia;o_Desulfovibrionales;f_Desulfovibrionaceae;g_Mailhella;s_Mailhella_merdigallinarum	0	0	0	0	0	0	0.99589339	2.36071513	0.74378303	0.22375801	1.45518158	0.8848993	0	0	0	0	0	0	2.0478690100000003	0.81842165	1.42252275	1.1208646	3.62157937	1.83698138
d_Bacteria;p_Pseudomonadota;c_Gammaproteobacteria;o_Xanthomonadales;f_Xanthomonadaceae;g_Stenotrophomonas;s_Stenotrophomonas_sp003525885	0	0	0	0	0	0	0	0	0	0	0	0	0.21394806	0.33137039999999995	0.186078891	0.20037737	0.32110088000000003	0.197686122	0	0	0	0	0	0
d_Bacteria;p_Bacteroidota;c_Bacteroidia;o_Bacteroidales;f_Azobacteroidaceae;g_JAIRVZ01;s_JAIRVZ01_sp031253625	0	0	0	0	0	0	0	0	0	0	0	0	0.3310736	0.12627067	0.16268863	0.09949965	0.08575017	0.16094083	0	0	0	0	0	0
d_Bacteria;p_Bacillota_A;c_Clostridia;o_Lachnospirales;f_Lachnospiraceae;g_UMGS1251;s_UMGS1251_sp900549995	0	0	0	0	0	0	0	0	0	0	0	0	0	0	0	0	0	0	0.41257155	0.44859105	0.48658818	0.47571683	0.8790889	0.7665598
d_Bacteria;p_Bacillota_A;c_Clostridia;o_Oscillospirales;f_Acutalibacteraceae;g_Acutalibacter;s_Acutalibacter_sp900548545	0	0	0	0	0	0	0	0	0	0	0	0	0	0	0	0	0	0	1.6453791	3.1330277	1.50173098	1.87394401	1.8979007700000001	4.445656100000001
d_Bacteria;p_Pseudomonadota;c_Gammaproteobacteria;o_Burkholderiales;f_Burkholderiaceae;g_Oxalobacter;s_Oxalobacter_vibrioformis	0	0	0	0	0	0	1.0734581699999999	0.6977170699999999	0.73981277	0.23091628000000003	0.64610982	1.27715763	1.5768959	2.1495486	1.25766832	0.6954508500000001	0.9204459	0.8530917499999999	0	0	0	0	0	0
d_Bacteria;p_Bacillota_A;c_Clostridia;o_Lachnospirales;f_Lachnospiraceae;g_Mobilitalea;s_Mobilitalea_sp023436765	0	0	0	0	0	0	6.68624942	37.1093537	36.7044264	28.849970919	11.63645813	34.125813306	0	0	0	0	0	0	0	0	0	0	0	0
d_Bacteria;p_Pseudomonadota;c_Gammaproteobacteria;o_Burkholderiales;f_Casimicrobiaceae;g_UBA931;s_UBA931_sp031270015	0	0	0	0	0	0	0.10473558	0.235023576	0.37283672	0.036055498	0.31518237	0.43626487	0	0	0	0	0	0	0	0	0	0	0	0
d_Bacteria;p_Desulfobacterota;c_Desulfovibrionia;o_Desulfovibrionales;f_Desulfovibrionaceae;g_Maridesulfovibrio;s_Maridesulfovibrio_gilichinskyi	0	0	0	0	0	0	0	0	0	0	0	0	0	0	0	0	0	0	0.20070907799999999	0.314690822	0.47358205	0.153552685	0.189378346	0.226474953
d_Bacteria;p_Bacillota_A;c_Clostridia;o_Lachnospirales;f_Lachnospiraceae;g_Lacrimispora;s_Lacrimispora_sp900155545	0	0	0	0	0	0	0.8611408	2.4611049300000003	2.5947231	0.38259286	1.3542008	0.8342326	0	0	0	0	0	0	0	0	0	0	0	0
d_Bacteria;p_Bacteroidota;c_Bacteroidia;o_Bacteroidales;f_Rikenellaceae;g_Rikenella;s_Rikenella_sp947628055	0	0	0	0	0	0	0.12835433	0.8784126	0.5368855	0.30378038	0.6108634	1.3640653	0	0	0	0	0	0	0	0	0	0	0	0
d_Bacteria;p_Actinomycetota;c_Coriobacteriia;o_Coriobacteriales;f_Eggerthellaceae;g_UBA9715;s_UBA9715_sp017459925	0	0	0	0	0	0	0	0	0	0	0	0	0.35792452	0.7249472	0.47419845000000005	0.38626318400000004	0.39313509	0.171025868	0	0	0	0	0	0
d_Bacteria;p_Bacteroidota;c_Bacteroidia;o_Bacteroidales;f_Marinifilaceae;g_Butyricimonas;s_Butyricimonas_hominis	0	0	0	0	0	0	0	0	0	0	0	0	0	0	0	0	0	0	0.187935864	0.13715285	0.149188438	0.125866974	0.15730581700000001	0.112170245
d_Bacteria;p_Bacillota_A;c_Clostridia;o_Christensenellales;f_Aristaeellaceae;g_JAEWAH01;s_JAEWAH01_sp023409955	0	0	0	0	0	0	0	0	0	0	0	0	0.21761797	0.23546457	0.4907344	0.1094229	0.1571702	0.19358446	0	0	0	0	0	0
d_Bacteria;p_Bacillota_A;c_Clostridia;o_Tissierellales;f_Peptoniphilaceae;g_Neofamilia;s_Neofamilia_sp023418835	0	0	0	0	0	0	0	0	0	0	0	0	0.49166328	0.18666099	0.6140999	0.6826394	0.6941682	0.71819794	0	0	0	0	0	0
d_Bacteria;p_Bacillota;c_Bacilli;o_Lactobacillales;f_Enterococcaceae;g_Enterococcus_A;s_Enterococcus_A_pseudoavium	0	0	0	0	0	0	0	0	0	0	0	0	1.63059032	1.7876500800000001	0.421028775	0.105064035	0.4316522	0.30811075	14.676725	0.07662941	0.14877157	0.14055686	0.34421742	0.030639794
d_Bacteria;p_Pseudomonadota;c_Gammaproteobacteria;o_Pseudomonadales;f_Moraxellaceae;g_Acinetobacter;s_Acinetobacter_nematophilus	0	0	0	0	0	0	0	0	0	0	0	0	0.06970948	0.13256735	0.07740753	0.13462918	0.03808009	0.041877475	0	0	0	0	0	0
d_Bacteria;p_Bacillota_A;c_Clostridia;o_Oscillospirales;f_Acutalibacteraceae;g_UBA1081;s_UBA1081_sp017549665	0	0	0	0	0	0	0	0	0	0	0	0	0	0	0	0	0	0	0.38311523	0.43480307	0.13147463	0.24872245	0.12678047	0.44620895
d_Bacteria;p_Bacillota_A;c_Clostridia;o_Peptostreptococcales;f_Anaerovoracaceae;g_CAG-238;s_CAG-238_sp000435615	0	0	0	0	0	0	0	0	0	0	0	0	0	0	0	0	0	0	0.5099016	0.08631367	0.06999366	0.051813863	0.21373314	0.1837653
d_Bacteria;p_Bacillota_A;c_Clostridia;o_Lachnospirales;f_Lachnospiraceae;g_Brotaphodocola;s_Brotaphodocola_sp009911065	0	0	0	0	0	0	0.86384283	0.92489694	1.4598142	1.0237503399999999	0.69193881	0.7858297	0	0	0	0	0	0	2.892432434	1.683707569	8.6675446	2.155534124	4.707390403	2.7081333020000002
d_Bacteria;p_Bacillota_A;c_Clostridia;o_Christensenellales;f_CAG-917;g_JAITEJ01;s_JAITEJ01_sp031289315	0	0	0	0	0	0	0	0	0	0	0	0	0.2849081	0.39546597	0.31289372000000004	0.27543045	0.40040224	0.50569025	0	0	0	0	0	0
d_Bacteria;p_Pseudomonadota;c_Gammaproteobacteria;o_Enterobacterales;f_Enterobacteriaceae;g_Enterobacter;s_unclassify_g_Enterobacter	0	0	0	0	0	0	0	0	0	0	0	0	0.35573965	0.36932486	0.3573674	0.37488192	0.3146501	0.3734895	0	0	0	0	0	0
d_Bacteria;p_Bacillota_A;c_Clostridia;o_Lachnospirales;f_Lachnospiraceae;g_Hominisplanchenecus_A;s_Hominisplanchenecus_A_sp900762665	0	0	0	0	0	0	0	0	0	0	0	0	0.78132523	0.46920844	0.47174943999999996	0.44548599	0.24403187	0.19609527	0	0	0	0	0	0
d_Bacteria;p_Bacillota_A;c_Clostridia;o_Peptostreptococcales;f_Anaerovoracaceae;g_Fimisoma;s_Fimisoma_sp000435715	0	0	0	0	0	0	0	0	0	0	0	0	2.9730298	2.8632444599999998	2.0643761	0.93048846	2.48379472	2.12615341	0	0	0	0	0	0
d_Bacteria;p_Desulfobacterota;c_Desulfovibrionia;o_Desulfovibrionales;f_Desulfovibrionaceae;g_Frigididesulfovibrio;s_Frigididesulfovibrio_sp030267245	0	0	0	0	0	0	0	0	0	0	0	0	0.8239145999999999	0.9878946	3.65878354	11.2799649	3.9991953	2.37624936	4.4224268900000006	2.818890256	2.3561046130000003	7.6060927	5.04578465	5.205801871
d_Bacteria;p_Bacteroidota;c_Bacteroidia;o_Bacteroidales;f_Dysgonomonadaceae;g_Dysgonomonas;s_Dysgonomonas_sp002409595	0	0	0	0	0	0	0	0	0	0	0	0	0.06870011	0.15857929	0.10908989	0.056133676	0.103203885	0.09987574	0	0	0	0	0	0
d_Bacteria;p_Bacillota_A;c_Clostridia;o_Lachnospirales;f_Lachnospiraceae;g_Muricomes;s_Muricomes_contortus_C	0	0	0	0	0	0	0.5598262	0.570791	0.78823113	0.30514184	0.43456924	0.1374463	2.2075184	1.33759	0.77297432	0.88983904	0.928541	0.54460536	0	0	0	0	0	0
d_Bacteria;p_Bacillota_A;c_Clostridia;o_Christensenellales;f_CAG-138;g_JAEWWD01;s_JAEWWD01_sp023396535	0	0	0	0	0	0	0	0	0	0	0	0	0	0	0	0	0	0	1.214972685	1.7310465350000002	0.5036898	0.42529565	0.4126225	0.44943803
d_Bacteria;p_Bacillota_A;c_Clostridia;o_Lachnospirales;f_UBA5962;g_unclassify_f_UBA5962;s_unclassify_f_UBA5962	0	0	0	0	0	0	0.46312097	0.2570758	0.34999967	0.3900956	0.3187066	0.9725284	0	0	0	0	0	0	0	0	0	0	0	0
d_Bacteria;p_Pseudomonadota;c_Gammaproteobacteria;o_Enterobacterales;f_Enterobacteriaceae;g_Providencia;s_Providencia_rettgeri_E	0	0	0	0	0	0	0	0	0	0	0	0	0.76088744	0.08405922	0.13396792	0.43687633	0.09267844	0.07247657	0	0	0	0	0	0
d_Bacteria;p_Bacteroidota;c_Bacteroidia;o_Bacteroidales;f_UBA932;g_JAISFN01;s_JAISFN01_sp031263585	0	0	0	0	0	0	0.09482288	0.4184053	0.40746522	0.12824006	0.56081426	1.2637999	0	0	0	0	0	0	0.048237097	0.255635607	0.34703074	0.28989185	0.465915534	0.263844382
d_Bacteria;p_Spirochaetota;c_UBA4802;o_UBA4802;f_UBA5550;g_JAITPE01;s_JAITPE01_sp031289575	0	0	0	0	0	0	0	0	0	0	0	0	0.47654685	0.26613066	0.5257576	0.50242454	0.66970104	0.7314041	0	0	0	0	0	0
d_Bacteria;p_Pseudomonadota;c_Alphaproteobacteria;o_Acetobacterales;f_Acetobacteraceae;g_Entomobacter;s_Entomobacter_blattae	0	0	0	0	0	0	0.197104036	0.03545875	0.038378353	0.144820761	3.6885652	0.159423135	0	0	0	0	0	0	0	0	0	0	0	0
d_Bacteria;p_Bacteroidota;c_Bacteroidia;o_Bacteroidales;f_Tannerellaceae;g_unclassify_f_Tannerellaceae;s_unclassify_f_Tannerellaceae	0	0	0	0	0	0	0.43080515	1.4972342	0.45275143	0.10537498	2.4582486	0.20040567	0	0	0	0	0	0	0	0	0	0	0	0
d_Bacteria;p_Desulfobacterota;c_Desulfovibrionia;o_Desulfovibrionales;f_Desulfovibrionaceae;g_Frigididesulfovibrio;s_Frigididesulfovibrio_sp031275955	0	0	0	0	0	0	2.56719324	1.18674236	1.13862261	0.4878347	1.6026026	1.4530783	0	0	0	0	0	0	0	0	0	0	0	0
d_Bacteria;p_Bacillota_A;c_Clostridia;o_Lachnospirales;f_Lachnospiraceae;g_Roseburia;s_Roseburia_sp934292805	0	0	0	0	0	0	0	0	0	0	0	0	3.80592694	3.8171209900000003	0.73185386	0.854117286	0.75525564	0.25405678	0	0	0	0	0	0
d_Bacteria;p_Bacillota_A;c_Clostridia;o_Oscillospirales;f_Ruminococcaceae;g_Ruminiclostridium_E;s_Ruminiclostridium_E_sp031271685	0	0	0	0	0	0	0	0	0	0	0	0	2.8291556	0.69724933	0.59979578	0.81671826	0.48366292	0.377543457	0.0841428	4.1823516	0.3098174	2.70757	0.24688834	0.22484541
d_Bacteria;p_Bacillota_A;c_Clostridia;o_Peptostreptococcales;f_Anaerovoracaceae;g_UBA1422;s_UBA1422_sp002304835	0	0	0	0	0	0	0	0	0	0	0	0	0.4101264	0.73960024	0.6977629	0.3111715	0.15402682	0.15486756	0	0	0	0	0	0
d_Bacteria;p_Bacillota_A;c_Clostridia;o_Oscillospirales;f_Acutalibacteraceae;g_CAG-177;s_unclassify_g_CAG-177	0	0	0	0	0	0	0	0	0	0	0	0	0.57573265	0.503717	0.5489825	0.6252059	0.7588692	1.9930851	0	0	0	0	0	0
d_Bacteria;p_Bacteroidota;c_Bacteroidia;o_Bacteroidales;f_Rikenellaceae;g_UBA940;s_UBA940_sp031285485	0	0	0	0	0	0	0	0	0	0	0	0	2.7941916	3.08798696	6.3881596	4.169866	4.2292188	7.817784	0	0	0	0	0	0
d_Bacteria;p_Bacteroidota;c_Bacteroidia;o_Bacteroidales;f_WCHB1-69;g_UBA5266;s_UBA5266_sp002411545	0	0	0	0	0	0	0	0	0	0	0	0	0.52767347	0.94069346	0.75701123	0.49078641	0.620773853	0.4789846	0	0	0	0	0	0
d_Bacteria;p_Bacteroidota;c_Bacteroidia;o_Bacteroidales;f_Bacteroidaceae;g_Bacteroides;s_Bacteroides_sp014750685	0	0	0	0	0	0	0	0	0	0	0	0	0	0	0	0	0	0	1.0102024	0.88745767	0.07464798	5.7358627	0.5730059	0.1044798
d_Bacteria;p_Spirochaetota;c_Spirochaetia;o_Treponematales;f_Breznakiellaceae;g_Breznakiella;s_Breznakiella_homolactica	0	0	0	0	0	0	0	0	0	0	0	0	0	0	0	0	0	0	0.224441314	0.53255169	0.05744799	0.322302404	0.36305775	0.50487234
d_Bacteria;p_Bacteroidota;c_Bacteroidia;o_Bacteroidales;f_Rikenellaceae;g_WRDF01;s_unclassify_g_WRDF01	0	0	0	0	0	0	8.214678	2.8043227	7.9388666	3.487554	11.244635	5.402237	0	0	0	0	0	0	0	0	0	0	0	0
d_Bacteria;p_Bacillota_I;c_Bacilli_A;o_Erysipelotrichales;f_Erysipelotrichaceae;g_Breznakia;s_Breznakia_pachnodae	0	0	0	0	0	0	1.3102472	0.52490944	1.7786524	0.12333526	0.66216713	0.09047441	0	0	0	0	0	0	1.37125828	1.213834163	1.173780218	0.474900724	2.978903948	2.505470256
d_Bacteria;p_Bacillota_A;c_Clostridia;o_Christensenellales;f_Christensenellaceae;g_UBA5399;s_UBA5399_sp030266015	0	0	0	0	0	0	0	0	0	0	0	0	0.15028279500000002	0.129911984	0.41360658	0.35501059	0.22153783	0.47180212	0	0	0	0	0	0
d_Bacteria;p_Bacillota_A;c_Clostridia;o_Oscillospirales;f_Acutalibacteraceae;g_WRMQ01;s_WRMQ01_sp009786275	0	0	0	0	0	0	0	0	0	0	0	0	2.93436972	2.31179667	3.61749016	5.77199447	6.2800016	4.71505289	0	0	0	0	0	0
d_Bacteria;p_Bacteroidota;c_Bacteroidia;o_Bacteroidales;f_Dysgonomonadaceae;g_Dysgonomonas;s_Dysgonomonas_sp010501075	0	0	0	0	0	0	0	0	0	0	0	0	0.6715833	0.16307853	0.28833053	0.4509446	0.36459452	0.35151938	0	0	0	0	0	0
d_Bacteria;p_Desulfobacterota;c_Desulfobacteria;o_Desulfobacterales;f_Desulfosarcinaceae;g_Desulfosarcina;s_Desulfosarcina_sp030267325	0	0	0	0	0	0	0	0	0	0	0	0	0.3712014635	0.8444799599999999	0.80655068	1.5281789	1.4852330599999999	1.61329165	0.72442047	0.433636274	0.31460010699999996	1.54098034	0.234213342	0.7710439309999999
d_Bacteria;p_Bacillota_A;c_Clostridia;o_Peptostreptococcales;f_Anaerovoracaceae;g_Emergencia;s_Emergencia_sp937997955	0	0	0	0	0	0	0	0	0	0	0	0	0	0	0	0	0	0	0.170529544	1.6516198	0.7358166	0.45727822	0.163808464	0.42720604
d_Bacteria;p_Bacillota;c_Bacilli;o_Lactobacillales;f_Enterococcaceae;g_Enterococcus_A;s_unclassify_g_Enterococcus_A	0	0	0	0	0	0	7.59284965	2.5076655000000003	7.9511172	2.19044074	4.6283137	0.9190923199999999	0	0	0	0	0	0	0	0	0	0	0	0
d_Bacteria;p_Bacillota_A;c_Clostridia;o_Clostridiales;f_Clostridiaceae;g_WQUF01;s_WQUF01_sp009785875	0	0	0	0	0	0	0	0	0	0	0	0	0.14841235	0.1317607	0.097613126	0.14924961	0.31727582	0.09052914	6.45557987	6.71985836	1.9833327330000001	5.55702622	6.69495005	13.04896829
d_Bacteria;p_Bacillota_A;c_Clostridia;o_Oscillospirales;f_Acutalibacteraceae;g_Acutalibacter;s_Acutalibacter_sp009917525	0	0	0	0	0	0	0	0	0	0	0	0	0.6384612	0.52334845	0.46082777	0.47425097	0.41416535	0.632858	0	0	0	0	0	0
d_Bacteria;p_Bacteroidota;c_Bacteroidia;o_Bacteroidales;f_Marinifilaceae;g_Butyricimonas;s_Butyricimonas_sp900759925	0	0	0	0	0	0	0	0	0	0	0	0	0.18188596	0.31184113	0.16099179	0.12923144	0.15443778	0.2856767	0	0	0	0	0	0
d_Bacteria;p_Bacillota_A;c_Clostridia;o_Lachnospirales;f_Anaerotignaceae;g_Anaerotignum;s_Anaerotignum_sp002380805	0	0	0	0	0	0	0	0	0	0	0	0	0	0	0	0	0	0	0.24111742	0.16475318	0.51064813	0.18553507	0.22703698	0.17070739
d_Bacteria;p_Desulfobacterota;c_Desulfobacteria;o_Desulfobacterales;f_ASO4-4;g_Desulfobotulus;s_Desulfobotulus_alkaliphilus	0	0	0	0	0	0	0	0	0	0	0	0	0.72271106	0.5204645	1.6503344000000002	7.0923758	7.2704721999999995	1.9536829999999998	0	0	0	0	0	0
d_Bacteria;p_Planctomycetota;c_SZUA-567;o_SZUA-567;f_SZUA-567;g_unclassify_f_SZUA-567;s_unclassify_f_SZUA-567	0	0	0	0	0	0	0	0	0	0	0	0	1.3867137999999999	0.5797942899999999	0.6069306	0.52150799	0.21397517500000002	0.25714194	0	0	0	0	0	0
d_Bacteria;p_Bacillota;c_Bacilli;o_Lactobacillales;f_Enterococcaceae;g_Enterococcus_C;s_Enterococcus_C_dispar	0	0	0	0	0	0	0	0	0	0	0	0	0	0	0	0	0	0	0.077780299	0.03444287	0.35369639900000005	0.0	0.18443336	0.184387372
d_Bacteria;p_Actinomycetota;c_Coriobacteriia;o_Coriobacteriales;f_Eggerthellaceae;g_unclassify_f_Eggerthellaceae;s_unclassify_f_Eggerthellaceae	0	0	0	0	0	0	0.14500935	0.27178237	0.09280563	0.015599923	0.14070573	0.026701625	0	0	0	0	0	0	0	0	0	0	0	0
d_Bacteria;p_Bacillota_A;c_Clostridia;o_Oscillospirales;f_Oscillospiraceae;g_Evtepia;s_Evtepia_viridis	0	0	0	0	0	0	0	0	0	0	0	0	0	0	0	0	0	0	0.24113214	0.55137193	0.3319981	0.35811725	0.2548452	0.49049062
d_Bacteria;p_Bacillota_A;c_Clostridia;o_Oscillospirales;f_Oscillospiraceae;g_Lawsonibacter;s_Lawsonibacter_sp905215425	0	0	0	0	0	0	0	0	0	0	0	0	0.4109878	0.18117096	0.19522634	0.29849938	0.29155073	0.18105835	0	0	0	0	0	0
d_Bacteria;p_Bacillota_A;c_Clostridia;o_Lachnospirales;f_unclassify_o_Lachnospirales;g_unclassify_o_Lachnospirales;s_unclassify_o_Lachnospirales	0	0	0	0	0	0	0.28981838	0.13935602	0.46050927	0.30103168	0.25212562	0.6330349	0	0	0	0	0	0	0	0	0	0	0	0
d_Bacteria;p_Pseudomonadota;c_Gammaproteobacteria;o_Diplorickettsiales;f_Diplorickettsiaceae;g_Aquirickettsiella;s_Aquirickettsiella_sp005877695	0	0	0	0	0	0	0	0	0	0	0	0	0.090007104	0.29216504	0.05497052	0.0	0.067605995	0.0	0	0	0	0	0	0
d_Bacteria;p_Verrucomicrobiota;c_Verrucomicrobiae;o_Verrucomicrobiales;f_Akkermansiaceae;g_Akkermansia;s_Akkermansia_sp021202525	0	0	0	0	0	0	0	0	0	0	0	0	0.503655	0.44252294	0.43017784	0.31560847	0.19341911	0.4204088	0	0	0	0	0	0
d_Bacteria;p_Bacillota_A;c_Clostridia;o_Lachnospirales;f_Lachnospiraceae;g_Enterocloster;s_Enterocloster_asparagiformis	0	0	0	0	0	0	0	0	0	0	0	0	0	0	0	0	0	0	0.057024177	0.118100405	0.08019519	0.29053208	0.5112494	0.119046316
d_Bacteria;p_Bacteroidota;c_Bacteroidia;o_Bacteroidales;f_Bacteroidaceae;g_Bacteroides;s_Bacteroides_sp009929715	0	0	0	0	0	0	0	0	0	0	0	0	0	0	0	0	0	0	0.062439043	0.08777029	0.055265192	0.015455217	0.08388561	0.096259005
d_Bacteria;p_Bacillota_A;c_Clostridia;o_Lachnospirales;f_Anaerotignaceae;g_Anaerotignum;s_Anaerotignum_sp947036475	0	0	0	0	0	0	0	0	0	0	0	0	0	0	0	0	0	0	0.169768204	0.371169234	0.39827512	0.38378738	0.5206769	0.53718658
d_Bacteria;p_Bacillota_A;c_Clostridia;o_Peptostreptococcales;f_Anaerovoracaceae;g_Hominibacterium;s_Hominibacterium_sp020558355	0	0	0	0	0	0	0	0	0	0	0	0	0	0	0	0	0	0	3.4005302200000003	0.7212104260000001	1.2058102720000001	0.368417193	1.6113825039999998	1.15503324
d_Bacteria;p_Bacteroidota;c_Bacteroidia;o_Bacteroidales;f_Dysgonomonadaceae;g_Dysgonomonas;s_Dysgonomonas_sp010501055	0	0	0	0	0	0	0.8820296999999999	1.10700693	1.5855161	1.78983056	1.32225713	0.63222691	0.28314337	0.28279686	0.5054754	0.3152487	0.48611274	0.30841595	0	0	0	0	0	0
d_Bacteria;p_Fusobacteriota;c_Fusobacteriia;o_Fusobacteriales;f_Fusobacteriaceae;g_JAISST01;s_JAISST01_sp031289425	0	0	0	0	0	0	0	0	0	0	0	0	0.75808734	0.25238663	0.19142915	0.14294334	0.251856	0.1445067	0.169860312	0.23218460400000002	0.29365388000000003	0.27421983	0.5023096499999999	0.7311536000000001
d_Bacteria;p_Pseudomonadota;c_Gammaproteobacteria;o_Burkholderiales;f_Chitinibacteraceae;g_Chitiniphilus;s_Chitiniphilus_eburneus	0	0	0	0	0	0	0	0	0	0	0	0	0.11231731	0.10961361	0.37929696	0.31850517	0.21835287	0.2706887	0	0	0	0	0	0
d_Bacteria;p_Bacillota_A;c_Clostridia;o_Lachnospirales;f_Lachnospiraceae;g_Acetatifactor;s_Acetatifactor_muris	0	0	0	0	0	0	0	0	0	0	0	0	0	0	0	0	0	0	0.23508962	0.109585758	0.2134323	0.07751022	0.123552508	0.71681404
d_Bacteria;p_Bacillota_A;c_Clostridia;o_Oscillospirales;f_Acutalibacteraceae;g_UBA1081;s_UBA1081_sp947631945	0	0	0	0	0	0	0	0	0	0	0	0	0	0	0	0	0	0	0.21583701	0.24048959999999997	0.37520236	0.654559354	0.107750177	0.143148859
d_Bacteria;p_Bacillota_A;c_Clostridia;o_Oscillospirales;f_Oscillospiraceae;g_JAHHSE01;s_JAHHSE01_sp020025375	0	0	0	0	0	0	0	0	0	0	0	0	0	0	0	0	0	0	0.25523338	0.0	0.28615057	0.042117786	0.068580054	0.0983699
d_Bacteria;p_Actinomycetota;c_Coriobacteriia;o_Coriobacteriales;f_Eggerthellaceae;g_Anaerotardibacter;s_Anaerotardibacter_sp000436075	0	0	0	0	0	0	0.04510545	0.13187987	0.05412623	0.019409532	0.10212241	0.0	0	0	0	0	0	0	0	0	0	0	0	0
d_Bacteria;p_Bacillota_A;c_Clostridia;o_Oscillospirales;f_Oscillospiraceae;g_Lawsonibacter;s_Lawsonibacter_sp904420465	0	0	0	0	0	0	0.15385212	0.122127116	0.095568955	0.015577595	0.16392177	0.07999018	0	0	0	0	0	0	0	0	0	0	0	0
d_Bacteria;p_Bacillota_I;c_Bacilli_A;o_Erysipelotrichales;f_Coprobacillaceae;g_MGBC113645;s_MGBC113645_sp910579135	0	0	0	0	0	0	0.39927824	0.7729124599999999	0.79744525	0.238900808	0.47805565000000005	0.24773351999999998	0	0	0	0	0	0	0	0	0	0	0	0
d_Bacteria;p_Elusimicrobiota;c_Endomicrobiia;o_Endomicrobiales;f_Endomicrobiaceae;g_Endomicrobium;s_Endomicrobium_sp009776745	0	0	0	0	0	0	0	0	0	0	0	0	0.15134198	0.143588307	0.29534428	0.208329946	0.40341635	0.64050506	0	0	0	0	0	0
d_Bacteria;p_Bacillota_A;c_Clostridia;o_Lachnospirales;f_Lachnospiraceae;g_COE1;s_COE1_sp017440575	0	0	0	0	0	0	2.6717475	1.38193356	1.24581387	0.28779948	1.9474378	1.81322534	0	0	0	0	0	0	0	0	0	0	0	0
d_Bacteria;p_Desulfobacterota;c_Desulfovibrionia;o_Desulfovibrionales;f_Desulfovibrionaceae;g_Frigididesulfovibrio;s_Frigididesulfovibrio_sp030266525	0	0	0	0	0	0	2.1335448699999997	3.6553832	2.35375174	0.509339925	3.4809365	0.710636217	7.8713748	5.82136435	4.33927564	3.9177455979999998	4.233431637	4.19419383	5.9937716	7.3307419000000005	28.36118539	6.73291928	12.17952518	10.17586767
d_Bacteria;p_Bacillota_A;c_Clostridia;o_Christensenellales;f_CALWSW01;g_JAEYFO01;s_JAEYFO01_sp023402915	0	0	0	0	0	0	0	0	0	0	0	0	3.9678085000000003	0.67197949	2.8161272	1.82842625	0.99034709	0.83545503	0	0	0	0	0	0
d_Bacteria;p_Pseudomonadota;c_Gammaproteobacteria;o_Burkholderiales;f_Rhodocyclaceae;g_Propionivibrio;s_Propionivibrio_sp031280565	0	0	0	0	0	0	0	0	0	0	0	0	0.13699599	0.26352125	0.19522634	0.14924961	0.10290021	0.3168522	0	0	0	0	0	0
d_Bacteria;p_Bacteroidota;c_Bacteroidia;o_Bacteroidales;f_Paludibacteraceae;g_JAFGVL01;s_JAFGVL01_sp031292565	0	0	0	0	0	0	0	0	0	0	0	0	0	0	0	0	0	0	0.06270818	0.14808956	0.10730647	0.24834938	0.07413745	0.16917907
d_Bacteria;p_Verrucomicrobiota;c_Verrucomicrobiae;o_Opitutales;f_CAG-312;g_UMGS1490;s_UMGS1490_sp017633865	0	0	0	0	0	0	0	0	0	0	0	0	0	0	0	0	0	0	0.141126558	0.10487431	0.055028953	0.030778376	0.10861559800000001	0.13985033
d_Bacteria;p_Bacteroidota;c_Bacteroidia;o_Bacteroidales;f_Marinifilaceae;g_Odoribacter;s_Odoribacter_sp944321145	0	0	0	0	0	0	0.8427543	0.4323189	0.6162478	0.21604662	0.2969392	0.14791848	0	0	0	0	0	0	0	0	0	0	0	0
d_Bacteria;p_Desulfobacterota;c_Desulfarculia;o_Adiutricales;f_Adiutricaceae;g_Adiutrix;s_Adiutrix_sp031285975	0	0	0	0	0	0	1.35713058	0.52463222	0.49005778	1.908224216	0.60230875	5.6505737	0	0	0	0	0	0	0	0	0	0	0	0
d_Bacteria;p_Fusobacteriota;c_Fusobacteriia;o_Fusobacteriales;f_Leptotrichiaceae;g_Sebaldella;s_Sebaldella_termitidis	0	0	0	0	0	0	0.356596935	0.7591355399999999	0.97652611	0.21300124	0.73290109	0.93143818	0	0	0	0	0	0	0	0	0	0	0	0
d_Bacteria;p_Pseudomonadota;c_Gammaproteobacteria;o_Enterobacterales;f_Enterobacteriaceae;g_Gilliamella;s_Gilliamella_apicola_K	0	0	0	0	0	0	0.29548356	0.24166118	0.09025638	0.0	0.10425962	0.3363495	0	0	0	0	0	0	0	0	0	0	0	0
d_Bacteria;p_Bacillota_A;c_Clostridia;o_Lachnospirales;f_Lachnospiraceae;g_Mobilitalea;s_Mobilitalea_sp023386815	0	0	0	0	0	0	0	0	0	0	0	0	0.12237405	0.26481947	0.18684568	0.112488605	0.1608555	0.20216691	0	0	0	0	0	0
d_Bacteria;p_Bacillota_A;c_Clostridia;o_Peptostreptococcales;f_Anaerovoracaceae;g_Lentihominibacter;s_Lentihominibacter_sp902495595	0	0	0	0	0	0	0	0	0	0	0	0	1.64242694	2.5768653	1.98844346	2.02111911	2.96264398	2.26281509	0	0	0	0	0	0
d_Bacteria;p_Bacillota_A;c_Clostridia;o_Christensenellales;f_Aristaeellaceae;g_Avichristensenella;s_unclassify_g_Avichristensenella	0	0	0	0	0	0	0	0	0	0	0	0	0.46306267	0.47156483	0.665433	0.40061742	0.66835034	0.6719984	0	0	0	0	0	0
d_Bacteria;p_Bacillota_A;c_Clostridia;o_UBA1212;f_CASDQQ01;g_CASDQQ01;s_CASDQQ01_sp949282945	0	0	0	0	0	0	0	0	0	0	0	0	0	0	0	0	0	0	0.255463794	0.40266123	0.2007223	0.2847108	0.61414384	0.319954008
d_Bacteria;p_Bacillota_A;c_Clostridia;o_Oscillospirales;f_Acutalibacteraceae;g_CALYOC01;s_CALYOC01_sp945227095	0	0	0	0	0	0	0	0	0	0	0	0	0.70473605	0.2382906	0.5918105	0.26991948	0.4631731	0.37838218	0	0	0	0	0	0
d_Bacteria;p_Bacillota_A;c_Clostridia;o_Lachnospirales;f_Lachnospiraceae;g_Muricomes;s_Muricomes_oroticus	0	0	0	0	0	0	0	0	0	0	0	0	0	0	0	0	0	0	0.28964958	0.11548503	0.19390929	0.13556957	0.23178463	0.14952216
d_Bacteria;p_Bacteroidota;c_Bacteroidia;o_Bacteroidales;f_Dysgonomonadaceae;g_Dysgonomonas;s_unclassify_g_Dysgonomonas	0	0	0	0	0	0	10.706644200000001	15.490459699999999	10.687548	15.0335004	12.2971076	9.83323272	0.29382936	0.22158455999999999	0.49757229000000003	0.81846537	0.47149701	0.32655403	0.063808285	0.08969503	0.26355997	0.23691244	0.08572516	0.08607364
d_Bacteria;p_Actinomycetota;c_Coriobacteriia;o_Coriobacteriales;f_Eggerthellaceae;g_Raoultibacter;s_Raoultibacter_sp009782605	0	0	0	0	0	0	0	0	0	0	0	0	0.28063816	0.3154833	0.28491786	0.18463504	0.26280627	0.2504782	1.03045603	0.88396126	1.13198856	0.9369895	1.33831748	1.6682353399999998
d_Bacteria;p_Bacillota;c_Bacilli;o_Lactobacillales;f_Lactobacillaceae;g_Lacticaseibacillus;s_Lacticaseibacillus_manihotivorans	0	0	0	0	0	0	0	0	0	0	0	0	0	0	0	0	0	0	0.015072052	0.043281447	0.080105727	0.032332823	0.031588413	0.112375477
d_Bacteria;p_Bacteroidota;c_Bacteroidia;o_Bacteroidales;f_Tannerellaceae;g_QVMG01;s_QVMG01_sp010500925	0	0	0	0	0	0	0	0	0	0	0	0	2.389005396	1.6954373	3.26533656	5.14343548	3.3564841100000002	3.8210886000000004	0	0	0	0	0	0
d_Bacteria;p_Bacillota_A;c_Clostridia;o_Oscillospirales;f_Ruminococcaceae;g_Falkowella;s_Falkowella_caecavicola	0	0	0	0	0	0	0	0	0	0	0	0	0	0	0	0	0	0	0.9356844	1.44562052	1.451824	0.456191896	4.6351668	0.8346248
d_Bacteria;p_Bacteroidota;c_Bacteroidia;o_Bacteroidales;f_UBA932;g_JAITMY01;s_JAITMY01_sp031266935	0	0	0	0	0	0	0.113982625	0.12817843	0.3966576	0.07357257	0.14746636	0.08395363	0	0	0	0	0	0	0	0	0	0	0	0
d_Bacteria;p_Pseudomonadota;c_Gammaproteobacteria;o_Enterobacterales;f_Enterobacteriaceae;g_Citrobacter;s_Citrobacter_werkmanii	0	0	0	0	0	0	0	0	0	0	0	0	0.1795322	0.1582821	0.26802567	0.16299206	0.21476108	0.17136571	0	0	0	0	0	0
d_Bacteria;p_Bacillota_A;c_Clostridia;o_Lachnospirales;f_Lachnospiraceae;g_Anaerostipes;s_Anaerostipes_sp018381315	0	0	0	0	0	0	0	0	0	0	0	0	12.8624792	1.38005232	0.683094	0.81768976	0.6632434	0.15560156	0	0	0	0	0	0
d_Bacteria;p_Bacteroidota;c_Bacteroidia;o_Bacteroidales;f_Dysgonomonadaceae;g_Dysgonomonas;s_Dysgonomonas_hofstadii	0	0	0	0	0	0	13.191157969999999	10.5855505	15.09874435	14.33464627	8.89623663	6.35712867	1.709666826	1.610032155	2.94300222	2.6592588900000003	2.6326780899999997	2.8053136999999997	2.759729895	4.27728247	9.477511494	6.9879594	4.65270512	7.1463109199999995
d_Bacteria;p_Synergistota;c_Synergistia;o_Synergistales;f_Synergistaceae;g_JAIRKI01;s_JAIRKI01_sp031288335	0	0	0	0	0	0	0.77254915	0.1082395	0.22492455	0.22344272	0.22119954	1.1100544	0	0	0	0	0	0	0	0	0	0	0	0
d_Bacteria;p_Bacillota_A;c_Clostridia;o_Oscillospirales;f_Butyricicoccaceae;g_Ventrousia;s_Ventrousia_sp934675045	0	0	0	0	0	0	0	0	0	0	0	0	0.121354364	0.087537564	0.08719463	0.10498939	0.27881637	0.24057858	0	0	0	0	0	0
d_Bacteria;p_Bacillota_A;c_Clostridia;o_Christensenellales;f_Pumilibacteraceae;g_HGM11386;s_HGM11386_sp022791055	0	0	0	0	0	0	0	0	0	0	0	0	0	0	0	0	0	0	0.42947143	0.46944385	0.1731859285	0.238924795	0.309503717	0.413833646
d_Bacteria;p_Bacteroidota;c_Ignavibacteria;o_SJA-28;f_OLB5;g_OLB5;s_OLB5_sp027492415	0	0	0	0	0	0	0.3923124	0.68381685	0.5884658	0.13716449	0.39653015	0.43343517	0	0	0	0	0	0	0	0	0	0	0	0
d_Bacteria;p_Bacillota_A;c_Clostridia;o_Christensenellales;f_Pumilibacteraceae;g_Pumilibacter;s_Pumilibacter_sp947090725	0	0	0	0	0	0	0	0	0	0	0	0	0.321232	0.45485213	0.5013696	0.51522577	0.6166128	0.65254986	0	0	0	0	0	0
d_Bacteria;p_Pseudomonadota;c_Gammaproteobacteria;o_Burkholderiales;f_Burkholderiaceae;g_Saezia;s_Saezia_sanguinis	0	0	0	0	0	0	0	0	0	0	0	0	1.0146197	0.11981032	0.19405876	0.44254234	0.1301808	0.07635336	0.118048556	0.33825262	0.13039778200000002	0.096231092	0.122055144	0.28390278999999996
d_Bacteria;p_Verrucomicrobiota;c_Verrucomicrobiae;o_Opitutales;f_Opitutaceae;g_Ereboglobus;s_Ereboglobus_sp029504735	0	0	0	0	0	0	0	0	0	0	0	0	0.1932587	0.17957261	0.19204903	0.21946622	0.16238263	0.33334073	0	0	0	0	0	0
d_Bacteria;p_Bacillota_A;c_Clostridia;o_Oscillospirales;f_Acutalibacteraceae;g_UMGS263;s_UMGS263_sp958451705	0	0	0	0	0	0	0.4685953	0.15055883	0.38558537	0.04320928	1.2774565	0.098612234	0	0	0	0	0	0	0	0	0	0	0	0
d_Bacteria;p_Bacillota_A;c_Clostridia;o_Peptostreptococcales;f_Anaerovoracaceae;g_UMGS973;s_UMGS973_sp900547295	0	0	0	0	0	0	0.28942645	0.19063412	0.16869348	0.09340836	0.20728412	0.11420166	0	0	0	0	0	0	0	0	0	0	0	0
d_Bacteria;p_Bacteroidota;c_Bacteroidia;o_Bacteroidales;f_Paludibacteraceae;g_QVMH01;s_QVMH01_sp023391625	0	0	0	0	0	0	0.59859306	1.7093768	1.3756688	0.17172219	2.5931888	0.44757232	0	0	0	0	0	0	1.04739738	1.31409726	2.59105873	2.81932897	1.74880836	1.8830691
d_Bacteria;p_Bacteroidota;c_Bacteroidia;o_Bacteroidales;f_Azobacteroidaceae;g_WRFZ01;s_WRFZ01_sp031257875	0	0	0	0	0	0	0	0	0	0	0	0	3.87231247	2.14540531	5.01828757	3.575014972	3.62802857	5.71118798	0	0	0	0	0	0
d_Bacteria;p_Bacillota_A;c_Clostridia;o_Oscillospirales;f_Acutalibacteraceae;g_Heritagella;s_Heritagella_sp944384915	0	0	0	0	0	0	0	0	0	0	0	0	0	0	0	0	0	0	0.21797192	0.44689888	0.41189378	0.29082263	0.13370678	0.39511493
d_Bacteria;p_Bacillota_A;c_Clostridia;o_Oscillospirales;f_Acutalibacteraceae;g_CAG-217;s_CAG-217_sp900547275	0	0	0	0	0	0	0	0	0	0	0	0	0.54195267	0.5071543	0.6619802	0.23936266	0.19803442	0.34845203	0	0	0	0	0	0
d_Bacteria;p_Bacteroidota;c_Bacteroidia;o_Bacteroidales;f_Tannerellaceae;g_JAJDIA01;s_JAJDIA01_sp030266465	0	0	0	0	0	0	0	0	0	0	0	0	0.8360265600000001	1.53636305	2.1923025000000003	1.2089858	1.32568358	2.06514875	1.19146994	1.6243288740000001	0.98436411	2.34070674	1.078504211	1.722406984
d_Bacteria;p_Bacillota_A;c_Clostridia;o_Lachnospirales;f_Lachnospiraceae;g_Novisyntrophococcus;s_Novisyntrophococcus_sp900539175	0	0	0	0	0	0	0.08973096	0.18163148	0.23688872	0.0	0.116090596	0.044060834	0	0	0	0	0	0	0	0	0	0	0	0
d_Bacteria;p_Bacillota_A;c_Clostridia;o_Oscillospirales;f_Ruminococcaceae;g_Fimivivens;s_Fimivivens_sp023457175	0	0	0	0	0	0	0.15815099	0.027100602	0.057837833	0.03888837	0.2435828	0.044375505	0	0	0	0	0	0	0	0	0	0	0	0
d_Bacteria;p_Bacillota_A;c_Clostridia;o_Lachnospirales;f_Lachnospiraceae;g_Roseburia;s_Roseburia_sp019421345	0	0	0	0	0	0	0	0	0	0	0	0	0.38558465	0.55627435	0.21351147	0.20163529	0.1699104	0.18345644	0	0	0	0	0	0
d_Bacteria;p_Bacillota_A;c_Clostridia;o_Oscillospirales;f_Acutalibacteraceae;g_WRMQ01;s_WRMQ01_sp031256825	0	0	0	0	0	0	0	0	0	0	0	0	0	0	0	0	0	0	0.134787498	0.300412307	0.63827557	0.27152507	0.47068390600000004	0.38321982
d_Bacteria;p_Bacillota_A;c_Clostridia;o_Oscillospirales;f_Acutalibacteraceae;g_UBA1081;s_UBA1081_sp937876205	0	0	0	0	0	0	0	0	0	0	0	0	1.1016219	0.46398565	0.8443866	3.8481522	0.69972205	0.31268507	0	0	0	0	0	0
d_Bacteria;p_Bacillota_A;c_Clostridia;o_Lachnospirales;f_Lachnospiraceae;g_Roseburia;s_Roseburia_sp021770345	0	0	0	0	0	0	0	0	0	0	0	0	0	0	0	0	0	0	0.7754397	1.4170406	0.47316268	0.6049038	0.16005611	0.07358366
d_Bacteria;p_Desulfobacterota;c_Desulfovibrionia;o_Desulfovibrionales;f_Desulfovibrionaceae;g_JAJDHY01;s_JAJDHY01_sp030266385	0	0	0	0	0	0	0.22090925	0.18970409	0.17351326	0.008641873	0.24683064	0.11833467	0	0	0	0	0	0	0.50919074	0.96526194	0.5837477	0.4081209	0.81699455	0.551363
d_Bacteria;p_Bacillota_A;c_Clostridia;o_Lachnospirales;f_Anaerotignaceae;g_Anaerotignum;s_Anaerotignum_sp020024395	0	0	0	0	0	0	0	0	0	0	0	0	0.44034433	0.47998548	0.4541998	0.2825082	0.29890075	0.27158755	0	0	0	0	0	0
d_Bacteria;p_Bacillota_A;c_Clostridia;o_Christensenellales;f_Aristaeellaceae;g_Limiplasma;s_Limiplasma_sp934621505	0	0	0	0	0	0	0	0	0	0	0	0	0	0	0	0	0	0	1.159163	1.2963353	0.4384457	3.0939946	0.514989	0.55758566
d_Bacteria;p_Bacillota_A;c_Clostridia;o_Oscillospirales;f_Oscillospiraceae;g_HGM12998;s_HGM12998_sp900756495	0	0	0	0	0	0	0	0	0	0	0	0	0	0	0	0	0	0	0.32053244	0.15350477	0.15685292	0.20746884	0.31272504	0.29073745
d_Bacteria;p_Bacillota_A;c_Clostridia;o_Oscillospirales;f_Ruminococcaceae;g_JAAYCI01;s_JAAYCI01_sp012729855	0	0	0	0	0	0	0	0	0	0	0	0	0.56080549	0.64324672	3.66080965	4.73066105	3.3299985000000003	3.9184588	6.55551526	7.221629244	5.04821338	4.529768	8.34770147	6.45883324
d_Bacteria;p_Deferribacterota;c_Deferribacteres;o_Deferribacterales;f_JAISNW01;g_JAIRQX01;s_JAIRQX01_sp031256375	0	0	0	0	0	0	0	0	0	0	0	0	0.12511498	0.26412826	0.24005964	0.32605271	0.57636586	0.23985085	0	0	0	0	0	0
d_Bacteria;p_Actinomycetota;c_Actinomycetes;o_Mycobacteriales;f_Mycobacteriaceae;g_Corynebacterium;s_Corynebacterium_provencense	0	0	0	0	0	0	0	0	0	0	0	0	0	0	0	0	0	0	5.5218153	0.07069295	0.17310353	0.103734374	0.05469473	0.057686016
d_Bacteria;p_Bacteroidota;c_Bacteroidia;o_Bacteroidales;f_UBA932;g_JAIRLF01;s_JAIRLF01_sp031267155	0	0	0	0	0	0	0	0	0	0	0	0	0	0	0	0	0	0	0.33320436	0.41048958999999996	0.355816127	0.28198122200000003	0.89169375	0.774185464
d_Bacteria;p_Bacillota_A;c_Clostridia;o_Lachnospirales;f_Lachnospiraceae;g_Mobilisporobacter;s_Mobilisporobacter_senegalensis	0	0	0	0	0	0	7.413244	0.32299745	1.1310958	39.542442	1.0009682	48.28522	0	0	0	0	0	0	0	0	0	0	0	0
d_Bacteria;p_Synergistota;c_Synergistia;o_Synergistales;f_Aminobacteriaceae;g_unclassify_f_Aminobacteriaceae;s_unclassify_f_Aminobacteriaceae	0	0	0	0	0	0	0.15677904	0.11988736	0.15803264	0.05397149	0.04056698	0.91225463	0.15867551800000002	0.168028097	0.366084544	0.29604938000000003	0.41177425	0.42795596999999996	0	0	0	0	0	0
d_Bacteria;p_Bacillota_A;c_Clostridia;o_Lachnospirales;f_Lachnospiraceae;g_Mobilitalea;s_Mobilitalea_sp023421075	0	0	0	0	0	0	0.696019	0.1669767	0.16828102	3.9268694	0.26013935	4.2455125	0	0	0	0	0	0	0	0	0	0	0	0
d_Bacteria;p_Actinomycetota;c_Coriobacteriia;o_Coriobacteriales;f_Eggerthellaceae;g_Raoultibacter;s_Raoultibacter_sp009782615	0	0	0	0	0	0	0	0	0	0	0	0	0.095433064	0.05295344	0.18382001	0.21593559	0.09373728	0.20859532	0	0	0	0	0	0
d_Bacteria;p_Bacillota_A;c_Clostridia;o_Oscillospirales;f_Ruminococcaceae;g_Angelakisella;s_Angelakisella_sp020024515	0	0	0	0	0	0	0	0	0	0	0	0	0.34584457	0.20700794	0.30110058	0.22245976	0.32056758	0.27716526	0	0	0	0	0	0
d_Bacteria;p_Bacteroidota;c_Bacteroidia;o_Bacteroidales;f_Dysgonomonadaceae;g_Dysgonomonas;s_Dysgonomonas_sp031285625	0	0	0	0	0	0	0	0	0	0	0	0	0	0	0	0	0	0	0.5920403	2.775987	0.26584324	1.5849864	0.31945062	0.9927951
d_Bacteria;p_Verrucomicrobiota;c_Kiritimatiellia;o_LD1-PB3_B;f_Lenti-01;g_unclassify_f_Lenti-01;s_unclassify_f_Lenti-01	0	0	0	0	0	0	0	0	0	0	0	0	0.2072355	0.16609667	0.18080884	0.20964514	0.1877785	0.28693157	0	0	0	0	0	0
d_Bacteria;p_Bacillota_A;c_Clostridia;o_Peptostreptococcales;f_Anaerovoracaceae;g_RUG13615;s_RUG13615_sp902790905	0	0	0	0	0	0	0	0	0	0	0	0	0	0	0	0	0	0	0.65831412	0.176580445	0.25762185000000004	0.16125262	0.265078515	0.225934516
d_Bacteria;p_Bacillota_A;c_Clostridia;o_Oscillospirales;f_Ruminococcaceae;g_WRAV01;s_WRAV01_sp009776345	0	0	0	0	0	0	0	0	0	0	0	0	0	0	0	0	0	0	0.37511724	0.43414426	0.33091167	0.3822361	0.7425041	0.59516513
d_Bacteria;p_Desulfobacterota;c_Desulfovibrionia;o_Desulfovibrionales;f_Desulfovibrionaceae;g_unclassify_f_Desulfovibrionaceae;s_unclassify_f_Desulfovibrionaceae	0	0	0	0	0	0	0.927235134	1.12288974	0.91222201	0.255918906	0.8273324	1.582958307	0.82448065	0.60971512	0.7177629999999999	0.6094456500000001	0.65530343	0.92334961	0	0	0	0	0	0
d_Bacteria;p_Bacillota_C;c_Negativicutes;o_Sporomusales_A;f_Acetonemaceae;g_Anaerosporomusa;s_Anaerosporomusa_sp900542835	0	0	0	0	0	0	0.25715595	0.5860777	0.36207405	0.07377197	0.5323174	0.35356116	0	0	0	0	0	0	0	0	0	0	0	0
d_Bacteria;p_Bacillota_A;c_Clostridia;o_Oscillospirales;f_Butyricicoccaceae;g_UBA4644;s_UBA4644_sp017394205	0	0	0	0	0	0	0	0	0	0	0	0	1.9866879	2.0592923	1.8557003	0.9958001	1.6552559	2.3829615	0	0	0	0	0	0
d_Bacteria;p_Planctomycetota;c_Planctomycetia;o_Pirellulales;f_Thermoguttaceae;g_WRKP01;s_WRKP01_sp031283515	0	0	0	0	0	0	0	0	0	0	0	0	0.50054646	0.78230447	0.48685881	0.60590905	0.50129306	0.5329061	0	0	0	0	0	0
d_Bacteria;p_Spirochaetota;c_Spirochaetia;o_Treponematales;f_Breznakiellaceae;g_UBA937;s_UBA937_sp002293455	0	0	0	0	0	0	0	0	0	0	0	0	1.9728401	0.79125511	0.77287302	0.7223126	1.6347752	0.96978358	0.22644007	0.7040415200000001	0.13381269	0.33234887	0.34302363999999996	0.5320823800000001
d_Bacteria;p_Bacillota_A;c_Clostridia;o_Christensenellales;f_Aristaeellaceae;g_Limiplasma;s_Limiplasma_sp029009515	0	0	0	0	0	0	0	0	0	0	0	0	0	0	0	0	0	0	0.22484879	0.22228946500000002	0.272243204	0.262723666	0.152493669	0.35972371999999997
d_Bacteria;p_Bacillota_A;c_Clostridia;o_Oscillospirales;f_Butyricicoccaceae;g_Agathobaculum;s_Agathobaculum_hominis	0	0	0	0	0	0	0	0	0	0	0	0	0	0	0	0	0	0	0.73366195	0.3264304	0.7055215	0.14256011	0.7428151	0.94117314
d_Bacteria;p_Bacillota_A;c_Clostridia;o_Christensenellales;f_Pumilibacteraceae;g_WRGC01;s_WRGC01_sp031264755	0	0	0	0	0	0	0.153099611	0.166684096	0.11608210299999999	0.078385853	0.25156712000000003	0.148821256	0	0	0	0	0	0	0	0	0	0	0	0
d_Bacteria;p_Bacillota_A;c_Clostridia;o_Oscillospirales;f_Ruminococcaceae;g_JAUNBN01;s_JAUNBN01_sp030527085	0	0	0	0	0	0	0	0	0	0	0	0	0	0	0	0	0	0	0.139771491	0.12956489	0.152517216	0.144079695	0.146382655	0.179423294
d_Bacteria;p_Desulfobacterota;c_Desulfobulbia;o_Desulfobulbales;f_Desulfobulbaceae;g_Desulfobulbus;s_Desulfobulbus_sp903842475	0	0	0	0	0	0	0	0	0	0	0	0	0	0	0	0	0	0	4.705927509	1.4421941029999998	1.482775362	1.281836514	3.340792521	3.194429588
d_Bacteria;p_Bacteroidota;c_Bacteroidia;o_Bacteroidales;f_Dysgonomonadaceae;g_Dysgonomonas;s_Dysgonomonas_sp010501095	0	0	0	0	0	0	1.5372944	1.1912597	0.9751576	4.1642623	1.789417	1.235834	0	0	0	0	0	0	0.16910844	0.4726332	0.38153428	0.24540617	0.354422	0.24920349
d_Bacteria;p_Pseudomonadota;c_Gammaproteobacteria;o_Pseudomonadales;f_Pseudomonadaceae;g_Entomomonas;s_Entomomonas_asaccharolytica	0	0	0	0	0	0	0.26524258	0.167035	0.089121185	1.9327335	0.07435142	0.04558494	0	0	0	0	0	0	0	0	0	0	0	0
d_Bacteria;p_Bacillota_A;c_Clostridia;o_Oscillospirales;f_Oscillospiraceae;g_Lawsonibacter;s_Lawsonibacter_sp910588455	0	0	0	0	0	0	0	0	0	0	0	0	0.15480687	0.4072601	0.13903847	0.1711338	0.095758535	0.13238682	0	0	0	0	0	0
d_Bacteria;p_Bacillota_C;c_Negativicutes;o_Acidaminococcales;f_Acidaminococcaceae;g_Phascolarctobacterium;s_Phascolarctobacterium_sp900545535	0	0	0	0	0	0	0	0	0	0	0	0	1.3051571000000002	1.64587196	1.99322935	1.7974725999999999	1.9122902	1.54533976	0	0	0	0	0	0
d_Bacteria;p_Verrucomicrobiota;c_Lentisphaeria;o_Victivallales;f_Victivallaceae;g_CALXOD01;s_unclassify_g_CALXOD01	0	0	0	0	0	0	0	0	0	0	0	0	0	0	0	0	0	0	0.30753893	0.46208686	0.1310614	0.10995619	0.22678553	0.28534776
d_Bacteria;p_Verrucomicrobiota;c_Lentisphaeria;o_Victivallales;f_Victivallaceae;g_Victivallis;s_Victivallis_sp944391105	0	0	0	0	0	0	0	0	0	0	0	0	0	0	0	0	0	0	0.34552858	0.5516288300000001	0.29300788	0.76852286	0.3477927	0.40366397
d_Bacteria;p_Bacillota_A;c_Clostridia;o_Peptostreptococcales;f_Anaerovoracaceae;g_Lentihominibacter;s_Lentihominibacter_butyrica	0	0	0	0	0	0	0	0	0	0	0	0	0	0	0	0	0	0	6.38025112	4.81195657	2.46065086	3.01188484	3.32686308	5.1663738
d_Bacteria;p_Spirochaetota;c_Spirochaetia;o_Sphaerochaetales;f_Sphaerochaetaceae;g_SABI01;s_SABI01_sp009929055	0	0	0	0	0	0	0	0	0	0	0	0	0	0	0	0	0	0	0.150325172	0.37817252	0.15896344	0.34715134	0.1972429	0.30476827
d_Bacteria;p_Planctomycetota;c_SZUA-567;o_SZUA-567;f_SZUA-567;g_JAJBSZ01;s_unclassify_g_JAJBSZ01	0	0	0	0	0	0	3.945002031	3.8762369800000003	2.785045613	2.146915675	3.7316024619999997	12.650286528	22.562884236000002	12.135168107	8.996233671	6.2065325300000005	7.4213796510000005	6.552699604	2.772087354	4.76589214	4.789558036	4.80009017	3.6115000600000005	4.60321508
d_Bacteria;p_Bacillota_A;c_Clostridia;o_Oscillospirales;f_Ruminococcaceae;g_JAFBIO01;s_JAFBIO01_sp949295465	0	0	0	0	0	0	0	0	0	0	0	0	0.2472559	0.45637944	0.35975453	0.267391	0.22941701	0.2354749	0	0	0	0	0	0
d_Bacteria;p_Actinomycetota;c_Coriobacteriia;o_Coriobacteriales;f_Eggerthellaceae;g_Ellagibacter;s_Ellagibacter_sp934654815	0	0	0	0	0	0	0.21767008	0.25701842	0.28732315	0.05854171	0.42241985	0.1603244	0	0	0	0	0	0	0	0	0	0	0	0
d_Bacteria;p_Bacillota_A;c_Clostridia;o_Christensenellales;f_Aristaeellaceae;g_Egerieenecus;s_Egerieenecus_sp934631985	0	0	0	0	0	0	0.3834314	0.54431856	0.39400386	0.09847534699999999	0.57459772	0.11871152	0	0	0	0	0	0	0	0	0	0	0	0
d_Bacteria;p_Bacillota_A;c_Clostridia;o_Acetivibrionales;f_DTU013;g_UBA1305;s_UBA1305_sp002307275	0	0	0	0	0	0	0	0	0	0	0	0	0.71221143	0.2876977	0.22618614	0.20949723	0.08559298	0.075302504	0	0	0	0	0	0
d_Bacteria;p_Bacillota_A;c_Clostridia;o_Christensenellales;f_Pumilibacteraceae;g_Neoclostridium;s_Neoclostridium_sp934229275	0	0	0	0	0	0	0	0	0	0	0	0	2.95046572	2.4261168300000002	3.43366038	2.13290602	1.9414410100000001	1.58530422	0	0	0	0	0	0
d_Bacteria;p_Bacillota_A;c_Clostridia;o_UBA1212;f_SIG427;g_SIG427;s_SIG427_sp015069135	0	0	0	0	0	0	0	0	0	0	0	0	0.19086586	0.25417674	0.7532136	0.28191578	0.14336301	0.26680765	0	0	0	0	0	0
d_Bacteria;p_Desulfobacterota;c_Desulfobulbia;o_Desulfobulbales;f_Desulfobulbaceae;g_Desulfobulbus;s_Desulfobulbus_sp030824455	0	0	0	0	0	0	0	0	0	0	0	0	0.15782133	0.44306344	0.9742921	1.1083016	1.2430953	0.3946145	0	0	0	0	0	0
d_Bacteria;p_Bacillota_A;c_Clostridia;o_Lachnospirales;f_Lachnospiraceae;g_MGBC143606;s_MGBC143606_sp910587935	0	0	0	0	0	0	0	0	0	0	0	0	0	0	0	0	0	0	2.8996064	2.4598596	3.1009808	2.02045584	3.59301424	3.60549856
d_Bacteria;p_Bacteroidota;c_Bacteroidia;o_Bacteroidales;f_Marinifilaceae;g_Odoribacter;s_Odoribacter_laneus	0	0	0	0	0	0	0	0	0	0	0	0	0	0	0	0	0	0	0.91934031	1.5214539	2.2831997040000003	1.16641896	0.6704724364	1.451854705
d_Bacteria;p_Bacteroidota;c_Bacteroidia;o_Bacteroidales;f_Paludibacteraceae;g_JAISJU01;s_JAISJU01_sp031261165	0	0	0	0	0	0	0	0	0	0	0	0	0	0	0	0	0	0	0.83893522	0.75187467	2.2798346	1.58125271	3.8086458199999997	2.56668438
d_Bacteria;p_Bacillota_A;c_Clostridia;o_Lachnospirales;f_Lachnospiraceae;g_Lacrimispora;s_Lacrimispora_sp023437715	0	0	0	0	0	0	14.7561666	12.24142059	16.57000245	2.591837943	16.701661950000002	7.21646132	0	0	0	0	0	0	0	0	0	0	0	0
d_Bacteria;p_Bacillota_B;c_Peptococcia;o_DRI-13;f_DRI-13;g_SM3-B62;s_SM3-B62_sp018433675	0	0	0	0	0	0	0.46452048	0.15946147	0.32271785	0.3050953	0.26095137	1.0894512	0	0	0	0	0	0	0	0	0	0	0	0
d_Bacteria;p_Bacteroidota;c_Bacteroidia;o_Bacteroidales;f_Marinifilaceae;g_Odoribacter;s_Odoribacter_sp900548135	0	0	0	0	0	0	0.6979803	0.45286439	0.82586804	0.9925126799999999	0.85415131	0.73382576	0	0	0	0	0	0	0	0	0	0	0	0
d_Bacteria;p_Actinomycetota;c_Actinomycetes;o_Mycobacteriales;f_Mycobacteriaceae;g_Corynebacterium;s_Corynebacterium_variabile	0	0	0	0	0	0	0	0	0	0	0	0	0.217929186	0.42817053000000005	0.30580600999999996	0.37946512600000004	0.29961479999999996	0.36774418	0	0	0	0	0	0
d_Bacteria;p_Bacteroidota;c_Bacteroidia;o_Bacteroidales;f_Azobacteroidaceae;g_WRFZ01;s_WRFZ01_sp025996865	0	0	0	0	0	0	0	0	0	0	0	0	1.0473503	1.1006557	1.9332699	0.9241248	0.68363625	3.6219475	0	0	0	0	0	0
d_Bacteria;p_Bacteroidota;c_Bacteroidia;o_Bacteroidales;f_WRGA01;g_WRGA01;s_WRGA01_sp021201815	0	0	0	0	0	0	0	0	0	0	0	0	0.4952327	1.0282444	1.3774029	0.45932853	0.4322991	0.47761926	0	0	0	0	0	0
d_Bacteria;p_Spirochaetota;c_Spirochaetia;o_Sphaerochaetales;f_Sphaerochaetaceae;g_Spiro-02;s_Spiro-02_sp001604275	0	0	0	0	0	0	0	0	0	0	0	0	0.81327792	2.28259588	1.19207584	1.1357188	2.088058	1.7197664	0	0	0	0	0	0
d_Bacteria;p_Elusimicrobiota;c_Elusimicrobia;o_Elusimicrobiales;f_Elusimicrobiaceae;g_Avelusimicrobium;s_Avelusimicrobium_sp947305555	0	0	0	0	0	0	0	0	0	0	0	0	0	0	0	0	0	0	0.12315449	0.20744015	0.19715647	0.2699365	0.09725909	0.0983699
d_Bacteria;p_Bacteroidota;c_Bacteroidia;o_Bacteroidales;f_Rikenellaceae;g_Rikenella;s_Rikenella_sp910577125	0	0	0	0	0	0	0.19615611	0.2647033	0.3295408	0.09847709	0.40181735	0.21671769	0	0	0	0	0	0	0	0	0	0	0	0
d_Bacteria;p_Bacteroidota;c_Bacteroidia;o_Flavobacteriales_B;f_Blattabacteriaceae;g_Blattabacterium;s_Blattabacterium_sp000022605	0	0	0	0	0	0	0.4364483	0.44125592999999996	0.8713125799999999	0.09552265	1.29663886	0.209316706	0	0	0	0	0	0	0	0	0	0	0	0
d_Bacteria;p_Bacillota_A;c_Clostridia;o_Christensenellales;f_Pumilibacteraceae;g_WRAP01;s_WRAP01_sp009781235	0	0	0	0	0	0	0	0	0	0	0	0	0.36043003	0.3199903	0.16932887	0.1510265	0.4165011	0.2442851	0	0	0	0	0	0
d_Bacteria;p_Bacteroidota;c_Bacteroidia;o_Bacteroidales;f_Tannerellaceae;g_DFXE01;s_DFXE01_sp002381645	0	0	0	0	0	0	0.9087140899999999	1.37163773	2.26439235	0.856787906	1.89367678	0.6932298	0	0	0	0	0	0	0	0	0	0	0	0
d_Bacteria;p_Bacillota_A;c_Clostridia;o_Oscillospirales;f_Acutalibacteraceae;g_CAG-177;s_CAG-177_sp017397105	0	0	0	0	0	0	0	0	0	0	0	0	0.45206257000000005	0.5227072700000001	0.9945492599999999	0.88716968	0.57283236	2.5240231	0	0	0	0	0	0
d_Bacteria;p_Pseudomonadota;c_Alphaproteobacteria;o_Rhizobiales;f_Devosiaceae;g_Devosia;s_unclassify_g_Devosia	0	0	0	0	0	0	0	0	0	0	0	0	0.20838123	0.14753085	0.21821158	0.19029334	0.182776595	0.116326697	0	0	0	0	0	0
d_Bacteria;p_Bacillota_A;c_Clostridia;o_Christensenellales;f_Aristaeellaceae;g_Limiplasma;s_Limiplasma_sp028692205	0	0	0	0	0	0	0	0	0	0	0	0	0	0	0	0	0	0	1.31808506	0.8817018	0.69910183	0.79094983	1.86240833	1.20189929
d_Bacteria;p_Pseudomonadota;c_Gammaproteobacteria;o_Enterobacterales;f_Enterobacteriaceae;g_Enterobacter;s_Enterobacter_cloacae_Q	0	0	0	0	0	0	0	0	0	0	0	0	0	0	0	0	0	0	0.86748234	0.7672213299999999	0.15808751	0.49864881	0.37165404	0.17609658
d_Bacteria;p_Synergistota;c_Synergistia;o_Synergistales;f_Synergistaceae;g_JAIRKI01;s_JAIRKI01_sp031274465	0	0	0	0	0	0	0	0	0	0	0	0	0	0	0	0	0	0	2.00682358	3.07321021	2.33933481	2.9293614	2.9118646999999998	2.94144046
d_Bacteria;p_Bacillota_A;c_Clostridia;o_Oscillospirales;f_Oscillospiraceae;g_Dysosmobacter;s_Dysosmobacter_sp944385405	0	0	0	0	0	0	0.14972864	0.08980081	0.07785856	0.08590733	0.14528495	0.43193936	0	0	0	0	0	0	0	0	0	0	0	0
d_Bacteria;p_Bacillota_A;c_Clostridia;o_Lachnospirales;f_Lachnospiraceae;g_Robinsoniella;s_Robinsoniella_sp900539655	0	0	0	0	0	0	0.7028929	0.8882968	1.4620098	0.53291476	0.909376	0.29583684	0	0	0	0	0	0	3.2456808	0.83276925	0.9070676200000001	0.46705862	0.45811257	2.2437123000000003
d_Bacteria;p_Desulfobacterota;c_Desulfarculia;o_Desulfarculales;f_Desulfarculaceae;g_JAIRYI01;s_JAIRYI01_sp031267815	0	0	0	0	0	0	0.28534883	0.1609875	0.19964644	0.054110747	0.19397235	0.2707313	0	0	0	0	0	0	0	0	0	0	0	0
d_Bacteria;p_Spirochaetota;c_Spirochaetia;o_CADAEX01;f_CADAEX01;g_WQTU01;s_WQTU01_sp009780675	0	0	0	0	0	0	0	0	0	0	0	0	0.2881895	0.38458207	0.49282187	0.38264677	0.5411614	0.6617801	0	0	0	0	0	0
d_Bacteria;p_Bacillota_A;c_Clostridia;o_Lachnospirales;f_Anaerotignaceae;g_Anaerotignum;s_Anaerotignum_sp030908465	0	0	0	0	0	0	0	0	0	0	0	0	0	0	0	0	0	0	0.18345904	0.36782116	0.3337307	0.16304602	0.5199883	0.48148236
d_Bacteria;p_Bacillota_A;c_Clostridia;o_Lachnospirales;f_Lachnospiraceae;g_JAISSU01;s_JAISSU01_sp031272985	0	0	0	0	0	0	0	0	0	0	0	0	0	0	0	0	0	0	0.11640756	0.26687127	0.028412133	0.10215787	0.118288524	0.22092526
d_Bacteria;p_Desulfobacterota;c_Desulfovibrionia;o_Desulfovibrionales;f_Desulfovibrionaceae;g_Mailhella;s_Mailhella_sp022510785	0	0	0	0	0	0	0.08043999	0.21193095	0.22063449	0.009889867	0.12637113	0.13542396	1.2260026	1.1404531	0.9077678	0.47186536	0.6684332	0.63186413	0	0	0	0	0	0
d_Bacteria;p_Desulfobacterota;c_unclassify_p_Desulfobacterota;o_unclassify_p_Desulfobacterota;f_unclassify_p_Desulfobacterota;g_unclassify_p_Desulfobacterota;s_unclassify_p_Desulfobacterota	0	0	0	0	0	0	0.2321481	0.10442421	0.14857405	0.0	0.10011491	0.11399219	0	0	0	0	0	0	0	0	0	0	0	0
d_Bacteria;p_Pseudomonadota;c_Gammaproteobacteria;o_Enterobacterales;f_Enterobacteriaceae;g_Leminorella;s_Leminorella_richardii	0	0	0	0	0	0	0.35530173	0.55676503	0.45288909	0.6312884400000001	0.49435099	0.5549242560000001	0	0	0	0	0	0	0	0	0	0	0	0
d_Bacteria;p_Bacillota_A;c_Clostridia;o_Christensenellales;f_Aristaeellaceae;g_STF2-37;s_STF2-37_sp028705775	0	0	0	0	0	0	0	0	0	0	0	0	0	0	0	0	0	0	0.31672654	0.31640348	0.15387355	0.16986163	0.96620315	0.2512608
d_Bacteria;p_Bacillota_A;c_Clostridia;o_Lachnospirales;f_Lachnospiraceae;g_Suilimivivens;s_Suilimivivens_sp910586025	0	0	0	0	0	0	0	0	0	0	0	0	0.9048386	0.44501945	0.3516659	0.47048226	0.30892783	0.21742983	0	0	0	0	0	0
d_Bacteria;p_Bacillota_B;c_Dehalobacteriia;o_UBA4068;f_UBA4068;g_WRKD01;s_WRKD01_sp009778255	0	0	0	0	0	0	0	0	0	0	0	0	0.32638113999999996	0.43109305000000003	0.655629896	0.29419039	0.25973333	0.57102335	0	0	0	0	0	0
d_Bacteria;p_Bacteroidota;c_Bacteroidia;o_Bacteroidales;f_Rikenellaceae;g_Alistipes_A;s_Alistipes_A_sp028691095	0	0	0	0	0	0	0	0	0	0	0	0	0.19464335	0.28080758	0.3980958	1.4720453	0.7616018	1.190516	0.2926561	0.04519441	0.12015164	0.097266324	0.6248744	0.034420412
d_Bacteria;p_Campylobacterota;c_Campylobacteria;o_Campylobacterales;f_Arcobacteraceae;g_Aliarcobacter;s_Aliarcobacter_sp017995775	0	0	0	0	0	0	0	0	0	0	0	0	0.13090013	0.17835519	0.119918115	0.13072447	0.27857772	0.09611224	0	0	0	0	0	0
d_Bacteria;p_Bacillota_A;c_Clostridia;o_Peptostreptococcales;f_Anaerovoracaceae;g_Hominibacterium;s_Hominibacterium_sp959021945	0	0	0	0	0	0	0	0	0	0	0	0	4.42167987	11.4452	8.9325101	4.15199124	7.174358000000001	7.7873097	0	0	0	0	0	0
d_Bacteria;p_Pseudomonadota;c_Gammaproteobacteria;o_Burkholderiales;f_Neisseriaceae;g_QFNR01;s_unclassify_g_QFNR01	0	0	0	0	0	0	0	0	0	0	0	0	0.11440365	0.12260675	0.07985192	0.1281975	0.08838583	0.09503979	0	0	0	0	0	0
d_Bacteria;p_Bacillota_A;c_Clostridia;o_Oscillospirales;f_Ruminococcaceae;g_Ruminococcus;s_Ruminococcus_sp017935095	0	0	0	0	0	0	0	0	0	0	0	0	0	0	0	0	0	0	0.281126412	0.30485187	0.4632915	0.256804945	0.12301818	0.203800016
d_Bacteria;p_Bacillota_A;c_Clostridia;o_Christensenellales;f_CALWSW01;g_JAHZEH01;s_JAHZEH01_sp019421925	0	0	0	0	0	0	0.265463	0.77053225	0.4375614	0.20691203	0.790574	0.17708051	0	0	0	0	0	0	0	0	0	0	0	0
d_Bacteria;p_Desulfobacterota;c_Desulfovibrionia;o_Desulfovibrionales;f_Desulfovibrionaceae;g_WRHT01;s_WRHT01_sp031275645	0	0	0	0	0	0	0	0	0	0	0	0	1.49403221	2.20823502	9.26772264	8.56918305	3.32257855	9.722775500000001	6.021620534	1.591236786	1.59698709	1.705606356	2.24097609	2.49177435
d_Bacteria;p_Bacillota_A;c_Clostridia;o_Oscillospirales;f_Oscillospiraceae;g_Evtepia;s_Evtepia_sp029256465	0	0	0	0	0	0	0.72297536	1.84284008	0.90612532	0.241972252	1.53294776	0.97626112	0	0	0	0	0	0	0	0	0	0	0	0
d_Bacteria;p_Verrucomicrobiota;c_Verrucomicrobiae;o_Verrucomicrobiales;f_Akkermansiaceae;g_Akkermansia;s_Akkermansia_biwaensis	0	0	0	0	0	0	0.021965414	0.52959067	0.050607998	0.0075616227	0.03978523	0.032357134	0	0	0	0	0	0	0	0	0	0	0	0
d_Bacteria;p_Bacillota_A;c_Clostridia;o_Christensenellales;f_DTU072;g_Firm-09;s_Firm-09_sp002385605	0	0	0	0	0	0	0	0	0	0	0	0	0.37881833	0.28480238	0.37799335	0.23541428	0.23243918	0.30321568	0	0	0	0	0	0
d_Bacteria;p_Bacillota_A;c_Clostridia;o_Lachnospirales;f_Lachnospiraceae;g_Marvinbryantia;s_Marvinbryantia_sp030539395	0	0	0	0	0	0	0	0	0	0	0	0	0	0	0	0	0	0	0.15269482	0.131143162	0.43101717500000003	0.10936901200000002	0.22080787400000002	0.153685283
d_Bacteria;p_Bacteroidota;c_Bacteroidia;o_Bacteroidales;f_UBA4417;g_UBA4417;s_UBA4417_sp013376995	0	0	0	0	0	0	0	0	0	0	0	0	0	0	0	0	0	0	0.12749243	0.16567475	0.33686116	0.4862199	0.059378155	0.011829287
d_Bacteria;p_Desulfobacterota;c_Desulfobacteria;o_Desulfobacterales;f_ASO4-4;g_Desulfobotulus;s_Desulfobotulus_mexicanus	0	0	0	0	0	0	0	0	0	0	0	0	0	0	0	0	0	0	0.376228687	0.298161582	0.54136919	0.222919289	0.216434395	0.45159271
d_Bacteria;p_Bacillota_A;c_Clostridia;o_Lachnospirales;f_Lachnospiraceae;g_Lacrimispora;s_Lacrimispora_sp015057715	0	0	0	0	0	0	0.2026522	0.571576	0.2208351	0.2639695	0.19840929	0.5889841	0	0	0	0	0	0	0	0	0	0	0	0
d_Bacteria;p_Bacteroidota;c_Bacteroidia;o_Bacteroidales;f_Rikenellaceae;g_Tidjanibacter;s_Tidjanibacter_faecipullorum	0	0	0	0	0	0	0.23429753	0.38102958	0.33738714	0.07367748	0.5479573	0.106197804	0	0	0	0	0	0	0	0	0	0	0	0
d_Bacteria;p_Deferribacterota;c_Deferribacteres;o_Deferribacterales;f_JAISNW01;g_JAITWL01;s_JAITWL01_sp031285285	0	0	0	0	0	0	0.5003646	0.0	0.051465783	0.09227752	0.13871837	1.3951964	0.14039664	0.26211968	0.31271818	0.17544761	0.17368974	0.043659456	0.27188554	0.13130897	0.23463115	0.18747431	0.13906434	0.097302884
d_Bacteria;p_Pseudomonadota;c_Gammaproteobacteria;o_Enterobacterales;f_Enterobacteriaceae;g_Enterobacillus;s_Enterobacillus_tribolii	0	0	0	0	0	0	3.4755247	0.031529788	0.8635612	0.44238663	2.1008856	3.175124	0.0396836	0.12881394	0.06059053	0.12969926	0.0819696	0.09178251	2.26042584	1.08501859	0.695074954	0.8995958900000001	0.61924263	0.5552235
d_Bacteria;p_Bacillota_A;c_Clostridia;o_Lachnospirales;f_Lachnospiraceae;g_V9D3004;s_V9D3004_sp949292725	0	0	0	0	0	0	0	0	0	0	0	0	0	0	0	0	0	0	0.99058674	0.70048482	1.630303	0.38461535	2.2715667699999997	0.44784075999999995
d_Bacteria;p_Spirochaetota;c_Spirochaetia;o_UBA9216;f_UBA9216;g_JAISRN01;s_JAISRN01_sp031273605	0	0	0	0	0	0	0	0	0	0	0	0	0	0	0	0	0	0	0.11753097	0.09711636	0.0901571	0.0657729	0.14279686	0.16215299
d_Bacteria;p_Bacillota_I;c_Bacilli_A;o_Erysipelotrichales;f_Erysipelotrichaceae;g_Breznakia;s_Breznakia_sp029504745	0	0	0	0	0	0	0	0	0	0	0	0	3.8050144	0.031548314	0.24930307	0.42882982	0.24090573	0.23121062	0.08499495	0.26507947	0.19125013	0.21272126	0.6096162	0.44004923
d_Bacteria;p_Bacteroidota;c_Bacteroidia;o_Bacteroidales;f_Rikenellaceae;g_JAJQAW01;s_JAJQAW01_sp021203585	0	0	0	0	0	0	13.77125414	5.52080512	13.45743153	6.095982	19.38267174	9.19078239	3.44534954	1.41187997	2.51211847	3.5561090600000003	4.0885244	4.08702096	1.58616758	5.8769925999999995	3.80030803	4.01153329	1.39315598	4.16752624
d_Bacteria;p_Bacteroidota;c_Bacteroidia;o_Bacteroidales;f_Tannerellaceae;g_Tannerella;s_Tannerella_forsythia_A	0	0	0	0	0	0	0	0	0	0	0	0	0	0	0	0	0	0	0.02223379	0.10834691	0.13075764	0.11924061	0.03624297	0.055699494
d_Bacteria;p_Synergistota;c_Synergistia;o_Synergistales;f_Synergistaceae;g_JAIRNC01;s_JAIRNC01_sp031263445	0	0	0	0	0	0	0.2601617	0.19709519	0.13144955	0.08838279	0.1505785	0.9480222	0	0	0	0	0	0	0	0	0	0	0	0
d_Bacteria;p_Pseudomonadota;c_Alphaproteobacteria;o_Rs-D84;f_Rs-D84;g_JAISHM01;s_JAISHM01_sp031262525	0	0	0	0	0	0	0	0	0	0	0	0	0.5367084	0.4424554	0.47997445	0.25059193	0.24475873	0.25333264	0	0	0	0	0	0
d_Bacteria;p_Planctomycetota;c_Planctomycetia;o_Pirellulales;f_Thermoguttaceae;g_WRKP01;s_WRKP01_sp009783865	0	0	0	0	0	0	0	0	0	0	0	0	3.44803077	4.2691466	2.3784486	3.1090084	3.8703108999999998	3.8905338	0.7334479	0.9062195	0.101634875	0.61921096	0.20495732	0.7349659
d_Bacteria;p_Verrucomicrobiota;c_Verrucomicrobiae;o_Opitutales;f_Opitutaceae;g_Ereboglobus;s_Ereboglobus_luteus	0	0	0	0	0	0	0	0	0	0	0	0	0	0	0	0	0	0	0.17323184	0.26051531	0.1934342	0.173487986	0.180054918	0.28354974
d_Bacteria;p_Bacillota_A;c_Clostridia;o_Tissierellales;f_Tissierellaceae;g_JAAYFT01;s_unclassify_g_JAAYFT01	0	0	0	0	0	0	0.15854725	0.18542504	0.18264554	0.12280546	0.2871714	0.14013325	0	0	0	0	0	0	0	0	0	0	0	0
d_Bacteria;p_Bacteroidota;c_Bacteroidia;o_Bacteroidales;f_Paludibacteraceae;g_Paludibacter;s_Paludibacter_sp009929375	0	0	0	0	0	0	0.41554692	1.8970419	1.2179884	0.29295376	0.49758318	0.12373052	0	0	0	0	0	0	0	0	0	0	0	0
d_Bacteria;p_Desulfobacterota;c_Desulfovibrionia;o_Desulfovibrionales;f_Desulfovibrionaceae;g_Frigididesulfovibrio;s_Frigididesulfovibrio_sp031255035	0	0	0	0	0	0	0	0	0	0	0	0	3.876894	3.8031962999999998	7.6783035	6.1464351	3.9596447	5.4827580000000005	7.91727986	8.09366992	11.83552998	8.16314464	13.21691475	10.02570604
d_Bacteria;p_Pseudomonadota;c_Gammaproteobacteria;o_Pseudomonadales;f_Pseudomonadaceae;g_Pseudomonas_E;s_Pseudomonas_E_sp028898945	0	0	0	0	0	0	0	0	0	0	0	0	0.15982871	0.1788181	0.11155787	0.11193727	0.21070063	0.15950376	0	0	0	0	0	0
d_Bacteria;p_Bacillota_A;c_Clostridia;o_Lachnospirales;f_Lachnospiraceae;g_Eisenbergiella;s_Eisenbergiella_stercoravium	0	0	0	0	0	0	0	0	0	0	0	0	2.24634624	1.16497576	1.11188628	0.88773524	1.30129492	0.7761684	0	0	0	0	0	0
d_Bacteria;p_Pseudomonadota;c_Gammaproteobacteria;o_Pseudomonadales;f_Moraxellaceae;g_Acinetobacter;s_Acinetobacter_gerneri	0	0	0	0	0	0	0	0	0	0	0	0	0.05645892	0.14027861	0.06896307	0.066634715	0.042407334	0.053890742	0	0	0	0	0	0
d_Bacteria;p_Bacteroidota;c_Bacteroidia;o_Bacteroidales;f_Dysgonomonadaceae;g_Dysgonomonas;s_Dysgonomonas_sp945292135	0	0	0	0	0	0	0	0	0	0	0	0	0	0	0	0	0	0	0.66579354	0.9388236	0.8838073	0.6128397	0.59708107	1.017319
d_Bacteria;p_Bacteroidota;c_Bacteroidia;o_Bacteroidales;f_Marinifilaceae;g_CALUMT01;s_CALUMT01_sp944321845	0	0	0	0	0	0	0	0	0	0	0	0	0	0	0	0	0	0	0.08725186	0.055458963	0.06984017	0.032552	0.06625527	0.050685473
d_Bacteria;p_Bacillota_A;c_Clostridia;o_Oscillospirales;f_Ruminococcaceae;g_RGIG3102;s_RGIG3102_sp017547525	0	0	0	0	0	0	0	0	0	0	0	0	0.18525589	0.26726454	0.21550953	0.34598774	0.15240158	0.20986317	0	0	0	0	0	0
d_Bacteria;p_Bacillota_B;c_Dehalobacteriia;o_Dehalobacteriales;f_Dehalobacteriaceae;g_Formimonas;s_Formimonas_warabiya	0	0	0	0	0	0	0	0	0	0	0	0	0.50210538	0.31920679	0.46363469	0.41557310000000003	0.43795111	0.67255953	0	0	0	0	0	0
d_Bacteria;p_Bacillota_A;c_Clostridia;o_Oscillospirales;f_Ruminococcaceae;g_JAAYCI01;s_JAAYCI01_sp030265505	0	0	0	0	0	0	0	0	0	0	0	0	0	0	0	0	0	0	3.07078916	3.56262991	4.19609083	2.16558156	4.3276644300000005	3.23949703
d_Bacteria;p_Bacteroidota;c_Bacteroidia;o_Bacteroidales;f_Bacteroidaceae;g_Bacteroides;s_Bacteroides_sp019412865	0	0	0	0	0	0	0	0	0	0	0	0	0	0	0	0	0	0	1.3976736	1.5798645	0.11053044	7.366989	0.7482592	0.12834528
d_Bacteria;p_Bacillota_A;c_Clostridia;o_Lachnospirales;f_Lachnospiraceae;g_Kineothrix;s_Kineothrix_sp910578405	0	0	0	0	0	0	0.30014841000000003	0.5999439560000001	0.40444527999999996	0.2977685	1.27369167	0.83445288	0	0	0	0	0	0	0	0	0	0	0	0
d_Bacteria;p_Actinomycetota;c_Coriobacteriia;o_Coriobacteriales;f_Eggerthellaceae;g_Raoultibacter;s_unclassify_g_Raoultibacter	0	0	0	0	0	0	0	0	0	0	0	0	0.13213795	0.2488814	0.29142174	1.3376014	0.71681505	1.0429757	0.13268548	0.340763827	0.345507956	0.170371618	0.429925274	0.296335108
d_Bacteria;p_Bacillota;c_Bacilli;o_Lactobacillales;f_Enterococcaceae;g_Enterococcus_H;s_Enterococcus_H_canis	0	0	0	0	0	0	0	0	0	0	0	0	0.065236166	0.10823207	0.08366845	0.03731244	0.13720034	0.1077729	0	0	0	0	0	0
d_Bacteria;p_Bacillota_A;c_Clostridia;o_Lachnospirales;f_Lachnospiraceae;g_CHH4-2;s_CHH4-2_sp018378255	0	0	0	0	0	0	0	0	0	0	0	0	0.77775137	1.01474218	0.4495007	0.2678229	0.44131476999999997	0.24588158	0	0	0	0	0	0
d_Bacteria;p_Bacillota_A;c_Clostridia;o_Oscillospirales;f_Oscillospiraceae;g_UBA2658;s_UBA2658_sp012729875	0	0	0	0	0	0	0	0	0	0	0	0	0.68595594	0.94172895	0.87841845	0.8316857	1.0470897	1.0820488	0	0	0	0	0	0
d_Bacteria;p_Bacillota_A;c_Clostridia;o_Oscillospirales;f_Ruminococcaceae;g_WRAV01;s_unclassify_g_WRAV01	0	0	0	0	0	0	0.20584723	0.17163706	0.17351326	0.1685163	0.18837075	0.08875105	0.17944866	0.2701425	0.2191916	0.15299952	0.35161895	0.19591905	0	0	0	0	0	0
d_Bacteria;p_Bacillota_A;c_Clostridia;o_Clostridiales;f_Clostridiaceae;g_Clostridium;s_Clostridium_sartagoforme_A	0	0	0	0	0	0	0	0	0	0	0	0	0.84143965	1.19894009	0.54007046	0.3183363	0.6006812	0.251882358	0	0	0	0	0	0
d_Bacteria;p_Bacillota_A;c_Clostridia;o_Oscillospirales;f_Ruminococcaceae;g_JAIHAL01;s_JAIHAL01_sp020054675	0	0	0	0	0	0	0	0	0	0	0	0	1.27314908	0.64808674	0.5386014459999999	0.86604558	0.63441466	0.79617403	0	0	0	0	0	0
d_Bacteria;p_Pseudomonadota;c_Gammaproteobacteria;o_Enterobacterales;f_Enterobacteriaceae;g_Serratia;s_Serratia_nevei_A	0	0	0	0	0	0	0	0	0	0	0	0	0	0	0	0	0	0	0.36100006	0.23029274	0.14097746	0.17600533	0.31639352	0.07125324
d_Bacteria;p_Verrucomicrobiota;c_Verrucomicrobiae;o_Opitutales;f_CAG-312;g_Merdousia;s_Merdousia_sp900760055	0	0	0	0	0	0	0	0	0	0	0	0	0	0	0	0	0	0	0.025290381	0.0	0.019400056	0.013563354	0.07067232	0.0633569
d_Bacteria;p_Bacteroidota;c_Bacteroidia;o_Bacteroidales;f_Tannerellaceae;g_DFXE01;s_DFXE01_sp029892785	0	0	0	0	0	0	0	0	0	0	0	0	4.5635262	5.21915702	14.99871499	26.71806822	9.80243051	21.69431997	4.6445585000000005	10.73853916	1.1362923	6.22618474	3.27849636	4.66282165
d_Bacteria;p_Bacillota_A;c_Clostridia;o_Christensenellales;f_Pumilibacteraceae;g_Protoclostridium;s_Protoclostridium_gallicola	0	0	0	0	0	0	0	0	0	0	0	0	0	0	0	0	0	0	0.86050177	0.73986779	1.748412286	1.35067114	0.45351511	4.09672225
d_Bacteria;p_Bacillota_A;c_Clostridia;o_Lachnospirales;f_Lachnospiraceae;g_Fimimorpha;s_Fimimorpha_sp022778745	0	0	0	0	0	0	3.45783376	3.4164736	2.244982	12.970174	3.594406	18.04884	0	0	0	0	0	0	0	0	0	0	0	0
d_Bacteria;p_Bacteroidota;c_Bacteroidia;o_Bacteroidales;f_Dysgonomonadaceae;g_Dysgonomonas;s_Dysgonomonas_sp003523545	0	0	0	0	0	0	1.8814506	3.9371784	2.6220194	9.9422364	3.1044222	4.3983416	0.113281384	0.12016802	0.14243971	0.17967607	0.16517039	0.13210267	1.19145567	1.745342	1.35428175	1.69188114	0.9637869800000001	2.8599333
d_Bacteria;p_Pseudomonadota;c_Gammaproteobacteria;o_Enterobacterales;f_Aeromonadaceae;g_Aeromonas;s_Aeromonas_simiae	0	0	0	0	0	0	0	0	0	0	0	0	0	0	0	0	0	0	1.56922034	1.56003184	0.94760732	4.1608095	0.25195086	0.44928713
d_Bacteria;p_Bacillota_A;c_Clostridia;o_Christensenellales;f_Aristaeellaceae;g_JAEWAH01;s_JAEWAH01_sp023413135	0	0	0	0	0	0	0	0	0	0	0	0	0.16265558	0.2719916	0.24834913	0.44703823	0.5331211	0.5618555	0	0	0	0	0	0
d_Bacteria;p_Bacillota_A;c_Clostridia;o_Lachnospirales;f_Lachnospiraceae;g_Brotaphodocola;s_Brotaphodocola_sp910575255	0	0	0	0	0	0	0	0	0	0	0	0	0	0	0	0	0	0	0.71979696	0.06912836	0.5803622	0.1746996	0.2789568	1.1626571
d_Bacteria;p_Bacillota_A;c_Clostridia;o_Oscillospirales;f_Oscillospiraceae;g_Sporobacter;s_Sporobacter_termitidis	0	0	0	0	0	0	0	0	0	0	0	0	0.24794707	0.22143826	0.0685041	0.07717858	0.11972432	0.124836236	0.079128265	0.12807372	0.08671233	0.13943525	0.26455292	0.14159295
d_Bacteria;p_Verrucomicrobiota;c_Verrucomicrobiae;o_Opitutales;f_CAG-312;g_Merdousia;s_Merdousia_sp002405555	0	0	0	0	0	0	0	0	0	0	0	0	0.080308	0.096548796	0.12670468	0.092959404	0.09048132	0.10613766	0	0	0	0	0	0
d_Bacteria;p_Bacillota_A;c_Clostridia;o_Lachnospirales;f_Lachnospiraceae;g_Brotaphodocola;s_unclassify_g_Brotaphodocola	0	0	0	0	0	0	0	0	0	0	0	0	0	0	0	0	0	0	0.479877544	0.299797678	1.23663281	0.306490853	1.130766918	0.726248674
d_Bacteria;p_Bacillota_A;c_Clostridia;o_Oscillospirales;f_Butyricicoccaceae;g_Ventrousia;s_Ventrousia_sp947427035	0	0	0	0	0	0	0.87811863	0.21496208	0.33834282	0.45241264	0.3091362	0.65117604	0	0	0	0	0	0	0	0	0	0	0	0
d_Bacteria;p_Bacillota_A;c_Clostridia;o_Oscillospirales;f_Ruminococcaceae;g_Acetanaerobacterium;s_Acetanaerobacterium_sp023415575	0	0	0	0	0	0	0	0	0	0	0	0	0.53574943	0.44690954	0.70910946	0.6758959600000001	0.49033540999999997	0.59461213	0	0	0	0	0	0
d_Bacteria;p_Synergistota;c_Synergistia;o_Synergistales;f_Synergistaceae;g_JAIRKI01;s_JAIRKI01_sp031273805	0	0	0	0	0	0	0	0	0	0	0	0	0.153283986	0.62579645	0.3524348	0.19104269599999998	0.120712685	0.251117083	0.31974292	0.17528972	0.040878683	0.22863923	0.22337519	0.12237673
d_Bacteria;p_Bacillota_A;c_Clostridia;o_Lachnospirales;f_Lachnospiraceae;g_Lacrimispora;s_Lacrimispora_sp905215155	0	0	0	0	0	0	0	0	0	0	0	0	0	0	0	0	0	0	0.13692519	0.10008704	0.14543189	0.05083864	0.8829892	0.105544955
d_Bacteria;p_Bacteroidota;c_Bacteroidia;o_Bacteroidales;f_UBA932;g_JAIRKV01;s_JAIRKV01_sp031276235	0	0	0	0	0	0	0	0	0	0	0	0	0	0	0	0	0	0	0.036691807	0.16986196	0.1313478	0.18366107	0.119621605	0.061279614
d_Bacteria;p_Synergistota;c_Synergistia;o_Synergistales;f_Synergistaceae;g_Synergistes;s_Synergistes_sp016288355	0	0	0	0	0	0	0	0	0	0	0	0	0	0	0	0	0	0	0.30395308	0.16966315	0.17381003	0.883225	0.18531862	0.20305479
d_Bacteria;p_Bacillota_A;c_Clostridia;o_Lachnospirales;f_Lachnospiraceae;g_Petralouisia;s_Petralouisia_sp949292785	0	0	0	0	0	0	0.16066128	0.11291918	0.3229275	0.056172125	0.5001565	0.26625302	0	0	0	0	0	0	0	0	0	0	0	0
d_Bacteria;p_Bacillota_A;c_Clostridia;o_Lachnospirales;f_Anaerotignaceae;g_UBA8514;s_UBA8514_sp003543235	0	0	0	0	0	0	0.48395908	0.45315748	0.37926403	0.046751037	0.46001238	0.14549349	0	0	0	0	0	0	0	0	0	0	0	0
d_Bacteria;p_Elusimicrobiota;c_Elusimicrobia;o_Elusimicrobiales;f_Elusimicrobiaceae;g_UBA1174;s_UBA1174_sp031262415	0	0	0	0	0	0	0.43085977	0.42409822	0.5012142	0.0741622	1.2394623	0.28374726	0	0	0	0	0	0	0	0	0	0	0	0
d_Bacteria;p_Bacillota_A;c_Clostridia;o_Christensenellales;f_Aristaeellaceae;g_Limiplasma;s_Limiplasma_sp009783365	0	0	0	0	0	0	0	0	0	0	0	0	1.6256075	1.0529598	1.3291593	2.146899	1.4751974	1.4381497	0	0	0	0	0	0
d_Bacteria;p_Bacillota_I;c_Bacilli_A;o_Erysipelotrichales;f_Coprobacillaceae;g_Beduini;s_Beduini_sp900550005	0	0	0	0	0	0	0	0	0	0	0	0	0.3172023	0.3131088	0.17333446	0.040923305	0.12539823	0.18754798	0	0	0	0	0	0
d_Bacteria;p_Bacillota;c_Bacilli;o_Lactobacillales;f_Enterococcaceae;g_Enterococcus_A;s_Enterococcus_A_raffinosus_A	0	0	0	0	0	0	0	0	0	0	0	0	0	0	0	0	0	0	2.05121792	0.14262405	0.25389221	0.15853777	0.6160644100000001	0.48691408999999997
d_Bacteria;p_Bacillota;c_Bacilli;o_Lactobacillales;f_Enterococcaceae;g_HY326;s_HY326_sp029893325	0	0	0	0	0	0	0.13351895	0.0911242	0.19005649	0.07924849	0.1072189	0.1085165	0	0	0	0	0	0	0	0	0	0	0	0
d_Bacteria;p_Bacteroidota;c_Bacteroidia;o_Bacteroidales;f_UBA932;g_JAISBU01;s_JAISBU01_sp031266015	0	0	0	0	0	0	0.12715644	0.17159173	0.4374162	0.018239098	0.6580406	0.0	0.59844065	0.2638034	0.23553756	0.29338574	0.15482783	0.21530554	0	0	0	0	0	0
d_Bacteria;p_Bacillota_A;c_Clostridia;o_Oscillospirales;f_Acutalibacteraceae;g_WRMQ01;s_WRMQ01_sp031290595	0	0	0	0	0	0	0	0	0	0	0	0	0.44877633	0.62655425	0.74709976	1.1532925	1.3429008	1.3823457	0.14568162	0.08712629	0.13206954	0.042616207	0.21280122	0.066355936
d_Bacteria;p_Bacillota_A;c_Clostridia;o_Lachnospirales;f_Lachnospiraceae;g_CAG-791;s_CAG-791_sp017449745	0	0	0	0	0	0	0	0	0	0	0	0	0	0	0	0	0	0	0.29227343	0.0899539	0.041300084	0.04949926	0.19343829	0.102764286
d_Bacteria;p_Bacillota_A;c_Clostridia;o_Lachnospirales;f_Lachnospiraceae;g_Lacrimispora;s_Lacrimispora_sp002367105	0	0	0	0	0	0	0	0	0	0	0	0	0.36597508	0.18666099	0.18513297	0.314135	0.4109478	0.09282829	0.09479431	0.13473257	0.052517105	0.0960285	0.6990331	0.14952216
d_Bacteria;p_Bacillota_A;c_Clostridia;o_Oscillospirales;f_Ruminococcaceae;g_JAAYCI01;s_JAAYCI01_sp030267215	0	0	0	0	0	0	0	0	0	0	0	0	0.6351635	0.74664396	0.6752632	0.3075445	0.7067896	0.43527147	0.29193914	0.45050317	0.03732397	0.05218938	0.16995935	0.16252409
d_Bacteria;p_Bacillota_A;c_Clostridia;o_Oscillospirales;f_Acutalibacteraceae;g_Timburyella;s_Timburyella_sp900554165	0	0	0	0	0	0	0.102862336	0.13880795	0.43201968	0.04426316	0.49904788	0.11364463	0	0	0	0	0	0	0	0	0	0	0	0
d_Bacteria;p_Desulfobacterota;c_Desulfovibrionia;o_Desulfovibrionales;f_Desulfovibrionaceae;g_WRHT01;s_unclassify_g_WRHT01	0	0	0	0	0	0	0.19169806	0.1499637	0.15202415	0.086077094	0.20487915	0.6875573	0.2599908	0.2852743	0.24153328	0.2632987	0.31355464	0.43072546	0	0	0	0	0	0
d_Bacteria;p_Bacillota_A;c_Clostridia;o_Oscillospirales;f_Oscillospiraceae;g_Lawsonibacter;s_Lawsonibacter_sp017416685	0	0	0	0	0	0	0	0	0	0	0	0	0	0	0	0	0	0	1.22384653	0.55645722	0.90770763	0.60045896	0.7005192	0.76650559
d_Bacteria;p_Desulfobacterota;c_Desulfovibrionia;o_Desulfovibrionales;f_Desulfovibrionaceae;g_Frigididesulfovibrio;s_Frigididesulfovibrio_sp009783025	0	0	0	0	0	0	0	0	0	0	0	0	0	0	0	0	0	0	0.5859436	0.24694908	0.17007074	0.97953546	1.1985346	0.24244463
d_Bacteria;p_Bacillota_A;c_Clostridia;o_Oscillospirales;f_Oscillospiraceae;g_Dysosmobacter;s_Dysosmobacter_sp947577075	0	0	0	0	0	0	0.064061195	0.25934225	0.3126168	0.119454585	0.2831728	0.13368829	0	0	0	0	0	0	0	0	0	0	0	0
d_Bacteria;p_Bacillota_A;c_Clostridia;o_Lachnospirales;f_Lachnospiraceae;g_Brotaphodocola;s_Brotaphodocola_sp030524245	0	0	0	0	0	0	0	0	0	0	0	0	0	0	0	0	0	0	0.178507564	0.323600422	0.57803087	0.263427865	1.026604206	0.28175815400000004
d_Bacteria;p_Bacillota_I;c_Bacilli_A;o_JAJDGJ01;f_JAJDGJ01;g_JAJDGJ01;s_JAJDGJ01_sp029893765	0	0	0	0	0	0	0	0	0	0	0	0	0	0	0	0	0	0	0.31558110899999997	0.18679738	0.42277233000000003	0.280349244	0.31275056	0.38015868799999997
d_Bacteria;p_Elusimicrobiota;c_Elusimicrobia;o_Elusimicrobiales;f_Elusimicrobiaceae;g_UBA1174;s_UBA1174_sp031259485	0	0	0	0	0	0	0	0	0	0	0	0	0	0	0	0	0	0	0.16744633	0.06527836	0.95050544	0.077828564	0.37823352	0.34956872
d_Bacteria;p_Bacteroidota;c_Bacteroidia;o_Bacteroidales;f_Bacteroidaceae;g_Bacteroides;s_Bacteroides_bouchesdurhonensis	0	0	0	0	0	0	0.13179249	1.9828986	0.7503951	0.7587708	1.1465195	0.18075368	0	0	0	0	0	0	0	0	0	0	0	0
d_Bacteria;p_Bacteroidota;c_Bacteroidia;o_Bacteroidales;f_Bacteroidaceae;g_Bacteroides_H;s_Bacteroides_H_sp010501015	0	0	0	0	0	0	0	0	0	0	0	0	0.44979352	0.75946146	0.31336752	0.33757317	0.39540783	0.59005845	1.23761611	1.549289329	1.740899974	3.785423968	0.856713034	2.07863631
d_Bacteria;p_Pseudomonadota;c_Alphaproteobacteria;o_RF32;f_UBA3637;g_CALXUD01;s_CALXUD01_sp944391585	0	0	0	0	0	0	0	0	0	0	0	0	0	0	0	0	0	0	0.08218015	0.3250874	0.059331514	0.33703277	0.13846368	0.06055159
d_Bacteria;p_Cyanobacteriota;c_Vampirovibrionia;o_Gastranaerophilales;f_Gastranaerophilaceae;g_Zag111;s_Zag111_sp902489575	0	0	0	0	0	0	0.124626921	0.22335970500000002	0.295047026	0.140007295	0.28353711400000003	0.19251624	0	0	0	0	0	0	0	0	0	0	0	0
d_Bacteria;p_Bacillota_A;c_Clostridia;o_Lachnospirales;f_UBA5962;g_WRBA01;s_WRBA01_sp009779915	0	0	0	0	0	0	0	0	0	0	0	0	1.16189051	2.3633759	0.3492978	0.43780353	0.89194515	0.49350824000000004	0.40079397	0.44515446	0.5470138	0.26240328	0.3854519	0.5172423
d_Bacteria;p_Bacillota_A;c_Clostridia;o_Oscillospirales;f_Acutalibacteraceae;g_CAG-177;s_CAG-177_sp905235625	0	0	0	0	0	0	0	0	0	0	0	0	0	0	0	0	0	0	0.160147788	0.20796152	0.270925285	0.09995281	0.84653852	0.46842343000000003
d_Bacteria;p_Bacillota_A;c_Clostridia;o_Peptostreptococcales;f_Anaerovoracaceae;g_Lentihominibacter;s_unclassify_g_Lentihominibacter	0	0	0	0	0	0	0	0	0	0	0	0	0	0	0	0	0	0	0.021730099	0.07941933	0.0	0.06992361	0.12144674	0.10887537
d_Bacteria;p_Bacillota_A;c_Clostridia;o_Oscillospirales;f_Acutalibacteraceae;g_UBA1447;s_UBA1447_sp012524025	0	0	0	0	0	0	0.19946966	0.1858588	0.2188457	0.09809691	0.49769896	0.17840163	0	0	0	0	0	0	0	0	0	0	0	0
d_Archaea;p_Methanobacteriota;c_Methanobacteria;o_Methanobacteriales;f_Methanobacteriaceae;g_Methanobrevibacter_C;s_Methanobrevibacter_C_sp003315655	0	0	0	0	0	0	0	0	0	0	0	0	0	0	0	0	0	0	0.36671084	0.24956498	0.7954019	0.25770345	0.6360515	1.0876262
d_Bacteria;p_Desulfobacterota;c_Desulfovibrionia;o_Desulfovibrionales;f_Desulfovibrionaceae;g_Frigididesulfovibrio;s_Frigididesulfovibrio_sp031276785	0	0	0	0	0	0	0	0	0	0	0	0	2.17039118	1.62022281	1.45063397	1.10122215	1.44201237	1.10934235	0	0	0	0	0	0
d_Bacteria;p_Fibrobacterota;c_Fibrobacteria;o_Fibrobacterales;f_Fibrobacteraceae;g_CAIRAY01;s_CAIRAY01_sp903876665	0	0	0	0	0	0	0	0	0	0	0	0	0	0	0	0	0	0	2.1054647	2.8371384	0.06319892	8.321487	0.23342483	2.9315822
d_Bacteria;p_Pseudomonadota;c_Alphaproteobacteria;o_Rhizobiales;f_Beijerinckiaceae;g_JAISTL01;s_JAISTL01_sp031272615	0	0	0	0	0	0	0.04881203	0.45669508	0.028115582	0.09242001	0.26523474	0.12942865	0.3198869	0.40521377	0.16201109	0.26774925	0.24613322	0.10311535	0.103757724	0.13001628	0.06822141	0.19078507	0.17603739	0.07426596
d_Bacteria;p_Bacillota_A;c_Clostridia;o_Christensenellales;f_Aristaeellaceae;g_JAEZHK01;s_JAEZHK01_sp023421395	0	0	0	0	0	0	0	0	0	0	0	0	1.4147235	1.1420704	1.4722699	1.0516211	1.3426677	1.6469954	0	0	0	0	0	0
d_Bacteria;p_Planctomycetota;c_SZUA-567;o_SZUA-567;f_SZUA-567;g_JAJBSZ01;s_JAJBSZ01_sp021205245	0	0	0	0	0	0	8.42674926	9.45265838	5.98774371	8.540900186	7.8095377599999996	10.939933904	0.4921967	0.057730265	0.12708396	0.07193217	0.030056797	0.058175057	3.515420374	5.199701016	4.23432015	4.700001581	7.89068524	5.34892199
d_Bacteria;p_Verrucomicrobiota;c_Kiritimatiellia;o_RFP12;f_UBA3636;g_JAAZFF01;s_JAAZFF01_sp022837245	0	0	0	0	0	0	0	0	0	0	0	0	0.04566535	0.0	0.0	0.09328106	0.05145008	0.06035281	0	0	0	0	0	0
d_Bacteria;p_Bacillota_A;c_Clostridia;o_Oscillospirales;f_Acutalibacteraceae;g_Avimonas;s_Avimonas_sp003519645	0	0	0	0	0	0	0	0	0	0	0	0	0	0	0	0	0	0	0.1219872	0.11630602	0.2807262	0.1706667	0.3038325	0.51818985
d_Bacteria;p_Bacillota_A;c_Clostridia;o_Oscillospirales;f_Oscillospiraceae;g_Scatomorpha;s_Scatomorpha_sp944385765	0	0	0	0	0	0	0	0	0	0	0	0	0	0	0	0	0	0	0.117285535	0.15717396	0.16494277	0.2725699	0.05462446	0.28565925
d_Bacteria;p_Bacteroidota;c_Bacteroidia;o_Bacteroidales;f_Tannerellaceae;g_Parabacteroides;s_Parabacteroides_faecalis	0	0	0	0	0	0	1.791924	1.3515399	1.9591616	15.320583	3.5067577	0.5066046	0	0	0	0	0	0	0	0	0	0	0	0
d_Bacteria;p_Bacillota_A;c_Clostridia;o_Oscillospirales;f_Ruminococcaceae;g_Fournierella;s_Fournierella_merdipullorum	0	0	0	0	0	0	0	0	0	0	0	0	1.3086375	1.4079573	0.90308774	0.61618775	0.6552951	0.63025546	0	0	0	0	0	0
d_Bacteria;p_Bacillota_A;c_Clostridia;o_Christensenellales;f_Pumilibacteraceae;g_Neoclostridium;s_unclassify_g_Neoclostridium	0	0	0	0	0	0	0	0	0	0	0	0	0	0	0	0	0	0	0.5115884	0.60767108	0.85027664	0.98314888	0.40207532	0.71201044
d_Bacteria;p_Desulfobacterota;c_Desulfovibrionia;o_Desulfovibrionales;f_Desulfovibrionaceae;g_WRHT01;s_WRHT01_sp031285295	0	0	0	0	0	0	0	0	0	0	0	0	0	0	0	0	0	0	0.46696252	0.5571164	0.7699307	0.6160098	0.9036788	0.96812916
d_Bacteria;p_Pseudomonadota;c_Gammaproteobacteria;o_Burkholderiales;f_Rhodocyclaceae;g_Azoarcus;s_unclassify_g_Azoarcus	0	0	0	0	0	0	0	0	0	0	0	0	0	0	0	0	0	0	35.615496	0.077770786	0.44069214	0.31607175	0.174211906	0.055819644
d_Bacteria;p_Bacillota_A;c_Clostridia;o_Oscillospirales;f_Ruminococcaceae;g_JAAYCI01;s_JAAYCI01_sp030266915	0	0	0	0	0	0	1.1681174	0.40943313	0.49515808	0.53529805	0.37290972	0.9609378	26.25282693	28.19381581	29.900731309999998	23.21438473	30.89289545	35.05362728	16.048782	15.31660863	13.225181435	9.54055223	22.2770385	16.54768918
d_Bacteria;p_Bacillota_A;c_Clostridia;o_Christensenellales;f_UBA3700;g_MGBC100798;s_unclassify_g_MGBC100798	0	0	0	0	0	0	0.35646707	0.6052466	0.057837833	1.412945	0.12991095	1.8046044	0	0	0	0	0	0	0	0	0	0	0	0
d_Bacteria;p_Bacillota_A;c_Clostridia;o_Oscillospirales;f_Ruminococcaceae;g_unclassify_f_Ruminococcaceae;s_unclassify_f_Ruminococcaceae	0	0	0	0	0	0	0.14588349	0.083517455	0.114584245	0.034241322	0.03431605	0.33211875	0.110901475	0.18758054	0.056053646	0.0687431	0.26426268	0.15667935	0.34927344	0.4220353	0.27886024	0.107038066	0.6324224	0.624993
d_Bacteria;p_Bacillota_B;c_Dehalobacteriia;o_UBA4068;f_UBA4068;g_HGM13862;s_HGM13862_sp012515255	0	0	0	0	0	0	0.12796739	0.075080775	0.15489534	0.019153459	0.10077511	0.11474401	0	0	0	0	0	0	0	0	0	0	0	0
d_Bacteria;p_Bacteroidota;c_Bacteroidia;o_Bacteroidales;f_Dysgonomonadaceae;g_Dysgonomonas;s_Dysgonomonas_sp010501065	0	0	0	0	0	0	0.5033621	0.86896735	0.8227892	0.37856913	1.5195379	1.4295596	0.22704996	0.168597	0.43639493	0.261909	0.3109876	0.34861857	0.46101335	1.44113298	0.83224567	0.79095005	0.7843274499999999	0.976014546
d_Bacteria;p_Pseudomonadota;c_Gammaproteobacteria;o_Enterobacterales;f_Enterobacteriaceae;g_Leminorella;s_Leminorella_grimontii	0	0	0	0	0	0	0.084347196	0.32882062	0.4498493	0.072591685	0.41225022	1.2425145	0	0	0	0	0	0	0	0	0	0	0	0
d_Archaea;p_Halobacteriota;c_Methanomicrobia;o_Methanomicrobiales;f_Methanocorpusculaceae;g_Methanocorpusculum;s_Methanocorpusculum_sp023396065	0	0	0	0	0	0	0	0	0	0	0	0	1.04640631	0.794114807	1.483104498	0.8088382239999999	0.85292155	1.8425475599999999	0	0	0	0	0	0
d_Bacteria;p_Bacteroidota;c_Bacteroidia;o_Bacteroidales;f_Dysgonomonadaceae;g_Dysgonomonas;s_Dysgonomonas_sp900556485	0	0	0	0	0	0	0	0	0	0	0	0	0.49416742	0.36127934	0.41600293	0.5238178	1.0082015	1.2400227	0.33191738	0.57809928	0.44854077	0.69723717	0.42266114	0.67467124
d_Bacteria;p_Bacteroidota;c_Bacteroidia;o_Bacteroidales;f_Marinifilaceae;g_Odoribacter;s_Odoribacter_sp900762515	0	0	0	0	0	0	0	0	0	0	0	0	0.23276083	0.07631799	0.1098474	0.11238224	0.055628043	0.07690614	0.124560647	1.3828078099999999	0.7196072020000001	2.98105667	2.9069858	1.42371074
d_Bacteria;p_Bacillota_A;c_Clostridia;o_Christensenellales;f_CAG-138;g_unclassify_f_CAG-138;s_unclassify_f_CAG-138	0	0	0	0	0	0	0	0	0	0	0	0	0.23858257	0.23299536	0.22865404	0.43786946	0.28672588	0.37838218	1.81219651	2.29721968	0.6739777	0.65941289	0.47222321	0.87559497
d_Bacteria;p_Bacillota_A;c_Clostridia;o_Christensenellales;f_DTU072;g_CAG-1782;s_CAG-1782_sp016297005	0	0	0	0	0	0	0	0	0	0	0	0	0.41496997	0.82874752	0.31711131000000004	0.44179609	0.40669215999999997	0.36225886	0	0	0	0	0	0
d_Bacteria;p_Bacillota_A;c_Clostridia;o_Lachnospirales;f_Lachnospiraceae;g_Enterocloster;s_Enterocloster_sp900551225	0	0	0	0	0	0	0	0	0	0	0	0	0	0	0	0	0	0	0.17627831	0.046855483	0.55727684	0.06302582	0.108222365	0.08921371
d_Bacteria;p_Bacillota_A;c_Clostridia;o_Oscillospirales;f_Acutalibacteraceae;g_Acutalibacter;s_Acutalibacter_stercorigallinarum	0	0	0	0	0	0	0	0	0	0	0	0	0	0	0	0	0	0	0.37269493	0.076220489	0.11011024	0.11534514500000001	0.0661360085	0.12703055800000002
d_Bacteria;p_Spirochaetota;c_Spirochaetia;o_Treponematales;f_Breznakiellaceae;g_BNVD01;s_BNVD01_sp025997835	0	0	0	0	0	0	0	0	0	0	0	0	0	0	0	0	0	0	0.1559721	0.2166183	0.1256271	0.06691874	0.13075615	0.23444237
d_Bacteria;p_Bacillota_G;c_UBA4882;o_UBA10575;f_UBA10575;g_Capillibacterium;s_Capillibacterium_sp003511465	0	0	0	0	0	0	1.18889366	1.14722138	0.7964556	1.1591478	1.11638777	2.9398722299999998	0	0	0	0	0	0	0	0	0	0	0	0
d_Bacteria;p_Bacillota_A;c_Clostridia;o_Oscillospirales;f_Oscillospiraceae;g_UBA2658;s_UBA2658_sp012719035	0	0	0	0	0	0	0.11554408	0.27026337	0.17192866	0.034804232	0.9043926	0.2382906	0	0	0	0	0	0	0	0	0	0	0	0
d_Bacteria;p_Bacteroidota;c_Bacteroidia;o_Bacteroidales;f_Tannerellaceae;g_Parabacteroides;s_Parabacteroides_sp020026285	0	0	0	0	0	0	0.24941365	0.43244383	0.31344342	0.1444027	0.5045569	0.10020279	0	0	0	0	0	0	0	0	0	0	0	0
d_Bacteria;p_Bacteroidota;c_Bacteroidia;o_Bacteroidales;f_UBA932;g_JAIRLF01;s_JAIRLF01_sp031270335	0	0	0	0	0	0	0.39116213	1.3752543	1.316457	0.3869491	1.8555923	0.33778378	0	0	0	0	0	0	0	0	0	0	0	0
d_Bacteria;p_Bacteroidota;c_Bacteroidia;o_Bacteroidales;f_Bacteroidaceae;g_Bacteroides;s_Bacteroides_oleiciplenus	0	0	0	0	0	0	0	0	0	0	0	0	1.02921976	1.53093929	0.8601761299999999	0.8016709399999999	0.238918286	1.503769386	0	0	0	0	0	0
d_Bacteria;p_Pseudomonadota;c_Gammaproteobacteria;o_Pseudomonadales;f_Pseudomonadaceae;g_Pseudomonas_E;s_Pseudomonas_E_putida_V	0	0	0	0	0	0	0	0	0	0	0	0	0	0	0	0	0	0	0.15355632	0.3945539	0.9887369	0.4491977	0.14628515	0.101028375
d_Bacteria;p_Bacillota_A;c_Clostridia;o_Lachnospirales;f_Lachnospiraceae;g_Pseudolachnospira;s_Pseudolachnospira_avium	0	0	0	0	0	0	0	0	0	0	0	0	0	0	0	0	0	0	0.24612501	0.15741938	0.12390031	0.14849757	0.16657177	0.26975662
d_Bacteria;p_Bacillota_I;c_Bacilli_A;o_Erysipelotrichales;f_Coprobacillaceae;g_Thomasclavelia;s_Thomasclavelia_sp021770925	0	0	0	0	0	0	0	0	0	0	0	0	0	0	0	0	0	0	1.6371232230000001	0.814253969	1.030348399	0.836118298	2.022373064	1.651338598
d_Bacteria;p_Bacillota_I;c_Bacilli_A;o_Acholeplasmatales;f_Acholeplasmataceae;g_JAJDIT01;s_JAJDIT01_sp030266845	0	0	0	0	0	0	0	0	0	0	0	0	0.9423425	0.7380121	0.38368163	0.601312	0.48535588	0.3439759	0	0	0	0	0	0
d_Bacteria;p_Bacillota_A;c_Clostridia;o_Christensenellales;f_Pumilibacteraceae;g_unclassify_f_Pumilibacteraceae;s_unclassify_f_Pumilibacteraceae	0	0	0	0	0	0	0	0	0	0	0	0	0.17862022	0.079289615	0.33566085	0.13472088	0.26833	0.0	0	0	0	0	0	0
d_Bacteria;p_Bacillota_A;c_Clostridia;o_Lachnospirales;f_Lachnospiraceae;g_14-2;s_14-2_sp948665105	0	0	0	0	0	0	0	0	0	0	0	0	0.2247215	0.21809876	0.14473166	0.10015426	0.0982066	0.10799967	0	0	0	0	0	0
d_Bacteria;p_Bacillota_A;c_Clostridia;o_Christensenellales;f_DTU072;g_DTU072;s_unclassify_g_DTU072	0	0	0	0	0	0	0	0	0	0	0	0	0	0	0	0	0	0	0.266224676	0.22116819	0.196636845	0.017783046	0.152798774	0.11155587
d_Bacteria;p_Bacillota_A;c_Clostridia;o_Christensenellales;f_Aristaeellaceae;g_Onthenecus;s_Onthenecus_sp023404715	0	0	0	0	0	0	0	0	0	0	0	0	2.6800065699999998	2.02344115	4.0993137200000005	0.93806338	1.96513717	0.9931878199999999	0.11007538	0.049809143	0.068354525	0.05060047	0.52731174	0.11380493
d_Bacteria;p_Bacteroidota;c_Bacteroidia;o_Bacteroidales;f_Tannerellaceae;g_Parabacteroides;s_Parabacteroides_chinchillae	0	0	0	0	0	0	0	0	0	0	0	0	1.7225436	0.8219493	1.8883455	1.1216141	0.6206399	0.3830977	0	0	0	0	0	0
d_Bacteria;p_Actinomycetota;c_Coriobacteriia;o_Coriobacteriales;f_Eggerthellaceae;g_Raoultibacter;s_Raoultibacter_sp031256895	0	0	0	0	0	0	0.65187047	0.6970809	0.67512241	0.109494903	1.0888662500000001	0.19194876	0.054161236	0.05209142	0.16539107	0.16226561	0.17628655	0.15509266	0	0	0	0	0	0
d_Bacteria;p_Bacteroidota;c_Bacteroidia;o_Bacteroidales;f_UBA932;g_JAIRNF01;s_JAIRNF01_sp031258195	0	0	0	0	0	0	0.55324495	2.8965578	2.7295685	1.2098602	2.557986	4.876537	0.46411666	0.17823124	0.6036125	0.9166814	0.9580416	0.6222175	1.94922255	1.055437165	1.144467701	0.850951084	1.51477346	1.27429895
d_Bacteria;p_Bacillota_A;c_Clostridia;o_Lachnospirales;f_Lachnospiraceae;g_Lacrimispora;s_unclassify_g_Lacrimispora	0	0	0	0	0	0	0	0	0	0	0	0	0.3018985	0.13066265	0.1369683	0.16914956	0.14901482	0.0626998	1.02112504	1.24325865	1.85566188	1.4130178500000001	6.44975323	2.219207047
d_Bacteria;p_Bacillota_A;c_Clostridia;o_Oscillospirales;f_Acutalibacteraceae;g_Fimivicinus;s_Fimivicinus_sp949283655	0	0	0	0	0	0	0	0	0	0	0	0	0.13773248	0.072255865	2.110603	0.55246407	0.47024316	1.472802	0	0	0	0	0	0
d_Bacteria;p_Bacteroidota;c_Bacteroidia;o_Bacteroidales;f_Paludibacteraceae;g_JAIRTG01;s_JAIRTG01_sp031255055	0	0	0	0	0	0	0	0	0	0	0	0	0.21671997	1.2366285	0.8929274	0.26958224	0.58310175	0.6198733	0	0	0	0	0	0
d_Bacteria;p_Bacillota_A;c_Clostridia;o_Eubacteriales;f_Eubacteriaceae;g_Eubacterium;s_Eubacterium_limosum	0	0	0	0	0	0	0	0	0	0	0	0	0	0	0	0	0	0	1.6413474	0.966042	0.94838572	0.75450916	1.7721084	0.8722128
d_Bacteria;p_Bacillota_A;c_Clostridia;o_Oscillospirales;f_Oscillospiraceae;g_Evtepia;s_Evtepia_sp030535235	0	0	0	0	0	0	0	0	0	0	0	0	0	0	0	0	0	0	0.43698215	0.39342818	0.63770723	0.31437895	0.58077526	0.44500628
d_Bacteria;p_Desulfobacterota;c_Desulfovibrionia;o_Desulfovibrionales;f_Desulfovibrionaceae;g_Mailhella;s_Mailhella_excrementigallinarum	0	0	0	0	0	0	0	0	0	0	0	0	0	0	0	0	0	0	0.19184566	0.30383572	0.7807825	0.47442648	0.07073543	0.022250336
d_Bacteria;p_Planctomycetota;c_SZUA-567;o_SZUA-567;f_SZUA-567;g_JAJBSZ01;s_JAJBSZ01_sp031269935	0	0	0	0	0	0	0.21668132	0.6275924	0.2638215	0.17738558	0.20512237	0.12456294	0	0	0	0	0	0	0.25568846	0.140851	0.11654485	0.13911408	0.5876543	0.4920118
d_Bacteria;p_Actinomycetota;c_Actinomycetes;o_Actinomycetales;f_Cellulomonadaceae;g_Cellulomonas;s_Cellulomonas_sp009777345	0	0	0	0	0	0	0	0	0	0	0	0	0.25339523	0.15952034	0.28700492	0.2710408	0.32529116	0.4079633	0	0	0	0	0	0
d_Bacteria;p_Elusimicrobiota;c_Endomicrobiia;o_Endomicrobiales;f_Endomicrobiaceae;g_Endomicrobium;s_Endomicrobium_sp031279415	0	0	0	0	0	0	0	0	0	0	0	0	0.23886485	0.63177556	0.30060825	0.37851644	0.55455816	0.38743946	0	0	0	0	0	0
d_Bacteria;p_Pseudomonadota;c_Gammaproteobacteria;o_Pseudomonadales;f_Pseudomonadaceae;g_Pseudomonas;s_Pseudomonas_sp014852585	0	0	0	0	0	0	0	0	0	0	0	0	0.19366737	0.12786075	0.10825602	0.14483216	0.08875968	0.14316244	0	0	0	0	0	0
d_Bacteria;p_Elusimicrobiota;c_Endomicrobiia;o_Endomicrobiales;f_Endomicrobiaceae;g_Endomicrobium;s_Endomicrobium_sp009782015	0	0	0	0	0	0	0	0	0	0	0	0	0	0	0	0	0	0	0.504486254	4.9321868	0.93258456	2.23890137	1.36568895	0.41504251999999997
d_Bacteria;p_Bacteroidota;c_Bacteroidia;o_Bacteroidales;f_Tannerellaceae;g_JARXWG01;s_JARXWG01_sp029893105	0	0	0	0	0	0	6.285223	2.194856	3.2563274	5.01897	3.1329474	4.0749145	0	0	0	0	0	0	0	0	0	0	0	0
d_Bacteria;p_Bacteroidota;c_Bacteroidia;o_Bacteroidales;f_Tannerellaceae;g_Tannerella;s_Tannerella_sp031267935	0	0	0	0	0	0	0	0	0	0	0	0	0	0	0	0	0	0	0.7231919	0.08103023	0.14172561	0.14721343	0.2433947	0.17632337
d_Bacteria;p_Bacillota_A;c_Clostridia;o_Lachnospirales;f_UBA5962;g_Anaeropeptidivorans;s_Anaeropeptidivorans_aminofermentans	0	0	0	0	0	0	0.15951836	0.28613639	0.7224413000000001	0.07552304	0.297166565	0.39733559	0	0	0	0	0	0	0	0	0	0	0	0
d_Bacteria;p_Bacteroidota;c_Bacteroidia;o_Bacteroidales;f_WCHB1-69;g_JAGVVH01;s_JAGVVH01_sp030267125	0	0	0	0	0	0	0	0	0	0	0	0	0.62007287	0.83270735	0.967514274	0.89132634	1.027648465	0.5465749246	0	0	0	0	0	0
d_Bacteria;p_Verrucomicrobiota;c_Kiritimatiellia;o_RFP12;f_UBA1067;g_JAHFSX01;s_JAHFSX01_sp025360845	0	0	0	0	0	0	0	0	0	0	0	0	0.78026444	1.003976	0.6568468	0.96492784	0.79198812	1.04515828	0	0	0	0	0	0
d_Bacteria;p_Bacillota_A;c_Clostridia;o_Christensenellales;f_Pumilibacteraceae;g_Anaerocaecibacter;s_Anaerocaecibacter_sp910578545	0	0	0	0	0	0	0	0	0	0	0	0	0	0	0	0	0	0	0.051334806	0.090057075	0.01575142	0.088099524	0.035862975	0.025720563
d_Bacteria;p_Bacteroidota;c_Bacteroidia;o_Bacteroidales;f_Tannerellaceae;g_Tannerella;s_Tannerella_sp031257565	0	0	0	0	0	0	0	0	0	0	0	0	0.05676244	0.10115815	0.085647695	0.038195092	0.060191177	0.039716005	0	0	0	0	0	0
d_Bacteria;p_Bacillota_A;c_Clostridia;o_Lachnospirales;f_Lachnospiraceae;g_NC2004;s_NC2004_sp017621205	0	0	0	0	0	0	0	0	0	0	0	0	1.7781216	1.1732979	0.91211885	1.232375	1.7326448	0.94294035	0	0	0	0	0	0
d_Bacteria;p_Bacillota_A;c_Clostridia;o_Lachnospirales;f_Lachnospiraceae;g_CAG-791;s_CAG-791_sp905235465	0	0	0	0	0	0	0.08404159	0.28180665	0.22736958	0.08547927	0.118614204	0.18007456	0	0	0	0	0	0	0	0	0	0	0	0
d_Bacteria;p_Bacillota_A;c_Clostridia;o_Oscillospirales;f_Oscillospiraceae;g_Vermiculatibacterium;s_Vermiculatibacterium_sp910577415	0	0	0	0	0	0	0	0	0	0	0	0	0	0	0	0	0	0	0.6123379	0.03086862	0.21056363	0.5888538	0.16226314	0.17632337
d_Bacteria;p_Bacillota_A;c_Clostridia;o_Lachnospirales;f_Lachnospiraceae;g_Roseburia;s_unclassify_g_Roseburia	0	0	0	0	0	0	0	0	0	0	0	0	0	0	0	0	0	0	0.45669373	1.13622224	2.7398188	0.62455503	0.9484161	0.314864804
d_Bacteria;p_Desulfobacterota;c_Desulfobacteria;o_Desulfobacterales;f_G020353555;g_G020353555;s_G020353555_sp020353555	0	0	0	0	0	0	0	0	0	0	0	0	0	0	0	0	0	0	1.675961794	1.237218707	1.787459304	0.9158961	1.106072605	1.3407871
d_Bacteria;p_Bacteroidota;c_Bacteroidia;o_Bacteroidales;f_Rikenellaceae;g_UBA940;s_UBA940_sp944321925	0	0	0	0	0	0	0.14542621	0.07413731	0.13960849	0.09178251	0.3512074	0.08569066	0	0	0	0	0	0	4.20161343	2.17916841	2.012035576	2.26755756	3.186347565	1.97655881
d_Bacteria;p_Bacillota_A;c_Clostridia;o_Lachnospirales;f_Lachnospiraceae;g_JAISGP01;s_JAISGP01_sp031263035	0	0	0	0	0	0	0	0	0	0	0	0	0.25207275	0.26352125	0.25881422	0.2268595	0.15366441	0.18347253	0	0	0	0	0	0
d_Bacteria;p_Bacillota_I;c_Bacilli_A;o_Erysipelotrichales;f_Coprobacillaceae;g_CAKVJS01;s_CAKVJS01_sp934754755	0	0	0	0	0	0	0	0	0	0	0	0	0	0	0	0	0	0	0.24055968	0.26461172	0.21733830999999998	0.21066217999999998	0.707336575	0.532750895
d_Bacteria;p_Bacillota_A;c_Clostridia;o_Oscillospirales;f_Acutalibacteraceae;g_Scatolibacter;s_Scatolibacter_sp002293315	0	0	0	0	0	0	0.19299772	0.09002908	0.28820845	0.061518285	0.92478955	0.1895361	0	0	0	0	0	0	0	0	0	0	0	0
d_Bacteria;p_Bacillota_A;c_Clostridia;o_Oscillospirales;f_Ruminococcaceae;g_Ruminiclostridium_E;s_Ruminiclostridium_E_sp945910715	0	0	0	0	0	0	0	0	0	0	0	0	0	0	0	0	0	0	0.17139366	0.110543095	0.18561134	0.108140245	0.2042574	0.24415211
d_Bacteria;p_Bacillota_A;c_Clostridia;o_Lachnospirales;f_Lachnospiraceae;g_Mobilitalea;s_Mobilitalea_sp023414355	0	0	0	0	0	0	0	0	0	0	0	0	0.42025846	0.37051514	0.14259274	0.19077013	0.14029506	0.07714267	0	0	0	0	0	0
d_Bacteria;p_Bacillota_A;c_Clostridia;o_Lachnospirales;f_Lachnospiraceae;g_Limivivens;s_Limivivens_sp900066135	0	0	0	0	0	0	0	0	0	0	0	0	0	0	0	0	0	0	1.25169468	2.3726429199999997	3.07578084	2.43484452	11.33814	6.76747372
d_Archaea;p_Halobacteriota;c_Methanosarcinia;o_Methanosarcinales;f_Methanosarcinaceae;g_Methanimicrococcus;s_Methanimicrococcus_blatticola	0	0	0	0	0	0	0.9986563	7.169498	0.7395400160000001	0.416699862	1.2519369	0.483587497	4.141035244	7.3980630199999995	8.41459824	6.11171152	6.657331401	13.63125712	11.5599319	1.54641234	0.48778177999999994	0.258777845	0.537076914	1.08770438
d_Bacteria;p_Bacillota_C;c_Negativicutes;o_Sporomusales_B;f_JARLHX01;g_JARLHX01;s_JARLHX01_sp031292035	0	0	0	0	0	0	0.4602002	0.123585805	0.15825313	0.059113726	0.071091294	0.10118188	0	0	0	0	0	0	0	0	0	0	0	0
d_Bacteria;p_Bacteroidota;c_Bacteroidia;o_Bacteroidales;f_Rikenellaceae;g_Alistipes_A;s_Alistipes_A_sp910583985	0	0	0	0	0	0	5.8484297	1.8686662	1.7604672	21.839537	1.8304112	3.4514291	0	0	0	0	0	0	1.3796644599999999	1.24943034	0.56342063	0.74415164	0.85059894	0.51155445
d_Bacteria;p_Actinomycetota;c_Coriobacteriia;o_Coriobacteriales;f_Eggerthellaceae;g_Adlercreutzia;s_Adlercreutzia_sp958431955	0	0	0	0	0	0	0	0	0	0	0	0	0.24225281	0.52953464	0.27797157	0.1559535	0.18747467	0.14553152	0	0	0	0	0	0
d_Bacteria;p_Bacillota_A;c_Clostridia;o_Oscillospirales;f_Acutalibacteraceae;g_DXWE01;s_DXWE01_sp019417045	0	0	0	0	0	0	0.2591672	0.08478398	0.22052658	1.0087805	0.17527084	1.180042	0	0	0	0	0	0	0	0	0	0	0	0
d_Bacteria;p_Bacillota_A;c_Clostridia;o_Christensenellales;f_Borkfalkiaceae;g_Borkfalkia;s_Borkfalkia_sp944346885	0	0	0	0	0	0	0	0	0	0	0	0	0.24028668	0.20799363	0.1941639	0.23560114	0.29432735	0.33222774	0	0	0	0	0	0
d_Bacteria;p_Bacillota_A;c_Clostridia;o_Lachnospirales;f_Lachnospiraceae;g_Anaerocolumna;s_Anaerocolumna_sp029689925	0	0	0	0	0	0	6.7613153	0.38288915	1.2721655	35.62153	1.1262918	42.219837	0	0	0	0	0	0	0	0	0	0	0	0
d_Bacteria;p_Bacillota_A;c_Clostridia;o_Oscillospirales;f_Acutalibacteraceae;g_Acutalibacter;s_Acutalibacter_sp937958185	0	0	0	0	0	0	0.43615416	1.3976487	0.91007971	0.72048757	1.9994614	0.35310772999999995	0	0	0	0	0	0	0	0	0	0	0	0
d_Bacteria;p_Desulfobacterota;c_Desulfobacteria;o_Desulfobacterales;f_JAUVGT01;g_JAUVGT01;s_JAUVGT01_sp030593645	0	0	0	0	0	0	6.9960833	0.26594037	0.8324316	39.484413	0.98161614	48.147457	0	0	0	0	0	0	0	0	0	0	0	0
d_Bacteria;p_Bacillota_A;c_Clostridia;o_Oscillospirales;f_Ruminococcaceae;g_Ruminiclostridium_E;s_Ruminiclostridium_E_sp009778065	0	0	0	0	0	0	0	0	0	0	0	0	0.5404693	0.14176778	0.12003071	0.032117024	0.059048258	0.06493661	0	0	0	0	0	0
d_Bacteria;p_Bacillota_A;c_Clostridia;o_Lachnospirales;f_Lachnospiraceae;g_Lacrimispora;s_Lacrimispora_sp902363735	0	0	0	0	0	0	0	0	0	0	0	0	0	0	0	0	0	0	0.32845686599999996	0.144934315	0.147616749	0.330218493	0.7354973010000001	0.080889558
d_Bacteria;p_Bacillota_A;c_Clostridia;o_Lachnospirales;f_Lachnospiraceae;g_Enterocloster;s_Enterocloster_citroniae	0	0	0	0	0	0	1.34503804	2.33512397	1.68481053	0.86629567	3.8670966399999998	0.9448555839999999	0	0	0	0	0	0	0	0	0	0	0	0
d_Bacteria;p_Bacillota_A;c_Clostridia;o_Lachnospirales;f_Lachnospiraceae;g_Lacrimispora;s_Lacrimispora_indolis	0	0	0	0	0	0	0.47954392	0.5200612	0.2522519	0.2939848	0.18697454	0.46449128	0	0	0	0	0	0	0	0	0	0	0	0
d_Bacteria;p_Bacillota_A;c_Clostridia;o_Oscillospirales;f_Acutalibacteraceae;g_Timburyella;s_Timburyella_sp944412495	0	0	0	0	0	0	0.13541983	0.29586872	0.20428935	0.0	0.42548776	0.056996122	0	0	0	0	0	0	0	0	0	0	0	0
d_Bacteria;p_Elusimicrobiota;c_Endomicrobiia;o_Endomicrobiales;f_Endomicrobiaceae;g_Endomicrobium;s_Endomicrobium_sp938040055	0	0	0	0	0	0	0	0	0	0	0	0	0.9081466579999999	0.906177154	1.6677443699999999	1.70059429	1.37030589	2.16467442	0	0	0	0	0	0
d_Bacteria;p_Bacillota_A;c_Clostridia;o_Lachnospirales;f_Lachnospiraceae;g_Mobilitalea;s_Mobilitalea_sp023423335	0	0	0	0	0	0	0	0	0	0	0	0	0	0	0	0	0	0	0.2573331	0.5424299	1.0420779	0.3466268	0.26757234	0.42977637
d_Bacteria;p_Bacillota_A;c_Clostridia;o_Lachnospirales;f_Lachnospiraceae;g_Wujia;s_Wujia_sp014799405	0	0	0	0	0	0	0	0	0	0	0	0	0	0	0	0	0	0	0.31086126	1.4542559	0.41332886	1.3781861	0.10134605	1.4882996
d_Bacteria;p_Bacillota_A;c_Clostridia;o_Christensenellales;f_Aristaeellaceae;g_RUG11247;s_RUG11247_sp023421735	0	0	0	0	0	0	0.11182396	0.15808675	0.30671558	0.054993697	0.062002905	0.09412984	0	0	0	0	0	0	0	0	0	0	0	0
d_Bacteria;p_Bacillota_B;c_Dehalobacteriia;o_UBA4068;f_UBA4068;g_HGM13862;s_HGM13862_sp934271085	0	0	0	0	0	0	0.6564754	0.6263816	0.45833698	0.32529268	0.5404785	0.93774706	0	0	0	0	0	0	0	0	0	0	0	0
d_Bacteria;p_Bacillota_C;c_Negativicutes;o_Acidaminococcales;f_JAISLQ01;g_JAISLQ01;s_JAISLQ01_sp031290885	0	0	0	0	0	0	3.97167826	5.17316835	3.2346958	6.9061313900000005	4.72018339	8.28360352	2.246751011	2.12261946	1.371573784	1.422916366	1.67095994	1.349714994	7.673629930000001	7.366682669999999	4.539282108	4.316834764999999	4.40497838	6.56869665
d_Bacteria;p_Desulfobacterota;c_Desulfobacteria;o_Desulfobacterales;f_Desulfosalsimonadaceae;g_B1SED10-16;s_unclassify_g_B1SED10-16	0	0	0	0	0	0	0.5737567	0.22940956	0.49901882	0.09707024	0.59638166	1.1774992	0	0	0	0	0	0	0	0	0	0	0	0
d_Bacteria;p_Desulfobacterota;c_Desulfovibrionia;o_Desulfovibrionales;f_Desulfovibrionaceae;g_Frigididesulfovibrio;s_unclassify_g_Frigididesulfovibrio	0	0	0	0	0	0	4.421262	3.1900723	3.2942972	1.4167353	4.7742233	16.630352	3.09427704	5.28856242	7.29327634	3.314547836	3.96951613	4.11388435	3.9792609399999996	3.8829778299999997	0.81513491	1.98099917	1.89597958	1.90734622
d_Bacteria;p_Cyanobacteriota;c_Vampirovibrionia;o_Gastranaerophilales;f_Gastranaerophilaceae;g_Zag111;s_Zag111_sp910584405	0	0	0	0	0	0	0	0	0	0	0	0	0	0	0	0	0	0	0.092357483	0.12950241299999998	0.055487018	0.868775446	0.122467794	0.102675413
d_Bacteria;p_Bacillota_A;c_Clostridia;o_Peptostreptococcales;f_Anaerovoracaceae;g_JAISGB01;s_JAISGB01_sp031254995	0	0	0	0	0	0	0	0	0	0	0	0	0.95980204	2.21957	1.8792424	1.52234612	1.335832	2.0519956	0	0	0	0	0	0
d_Bacteria;p_Planctomycetota;c_SZUA-567;o_SZUA-567;f_SZUA-567;g_JAJBSZ01;s_JAJBSZ01_sp031270145	0	0	0	0	0	0	0	0	0	0	0	0	0.08250636	0.15149301	0.22446299	0.14708656	0.09014128	0.17843431	1.4762911600000002	3.6619387000000003	2.7141457300000003	2.85054075	4.0325637400000005	2.94569936
d_Bacteria;p_Pseudomonadota;c_Alphaproteobacteria;o_Sphingomonadales;f_Sphingomonadaceae;g_Sphingomonas;s_Sphingomonas_echinoides	0	0	0	0	0	0	0.06183803	0.14464237	0.029682156	0.010643926	0.048002232	0.07287469	0	0	0	0	0	0	0	0	0	0	0	0
d_Bacteria;p_Bacteroidota;c_Bacteroidia;o_Bacteroidales;f_Paludibacteraceae;g_Paludibacter;s_Paludibacter_sp903927945	0	0	0	0	0	0	0.19768855	0.26084313	0.2952137	0.037808184	0.38648477	2.3556015	0	0	0	0	0	0	0	0	0	0	0	0
d_Bacteria;p_Bacillota_A;c_Clostridia;o_Lachnospirales;f_Lachnospiraceae;g_Agathobacter;s_Agathobacter_sp017523185	0	0	0	0	0	0	0	0	0	0	0	0	0	0	0	0	0	0	0.26730729	0.1734462	0.76457335	0.09040116	0.28213557	0.42044764999999995
d_Bacteria;p_Bacillota_A;c_Clostridia;o_Oscillospirales;f_Oscillospiraceae;g_JAJQCF01;s_JAJQCF01_sp021202845	0	0	0	0	0	0	0	0	0	0	0	0	0	0	0	0	0	0	0.15165375	0.110853046	0.16045839	0.25802043	0.38359967	0.21834433
d_Bacteria;p_Pseudomonadota;c_Gammaproteobacteria;o_Enterobacterales;f_Enterobacteriaceae;g_Enterobacter;s_Enterobacter_cloacae	0	0	0	0	0	0	0	0	0	0	0	0	0	0	0	0	0	0	0.14360137	0.072391056	0.06077537	0.100914754	0.13491464	0.03308014
d_Bacteria;p_Bacillota_A;c_Clostridia;o_Oscillospirales;f_Oscillospiraceae;g_Alloscillospira;s_Alloscillospira_sp017540565	0	0	0	0	0	0	0.19872364	0.96341896	0.55112433	0.104516864	0.42850155	0.16263278	0	0	0	0	0	0	0	0	0	0	0	0
d_Bacteria;p_Bacillota_A;c_Clostridia;o_Oscillospirales;f_Oscillospiraceae;g_Lawsonibacter;s_Lawsonibacter_sp949525845	0	0	0	0	0	0	0	0	0	0	0	0	0.15943791	0.41074562	0.33849227	0.124070585	0.091243334	0.21071832	0	0	0	0	0	0
d_Bacteria;p_Bacillota;c_Bacilli;o_Lactobacillales;f_Enterococcaceae;g_Enterococcus;s_Enterococcus_larvae	0	0	0	0	0	0	0.53750646	0.053728886	1.0540589	0.02372275	0.35661805	0.054140065	0	0	0	0	0	0	0	0	0	0	0	0
d_Bacteria;p_Bacillota_I;c_Bacilli_A;o_Erysipelotrichales;f_Coprobacillaceae;g_Thomasclavelia;s_Thomasclavelia_spiroformis	0	0	0	0	0	0	0	0	0	0	0	0	2.72994985	1.32221142	0.77675066	0.84394402	0.90143109	0.67467475	0	0	0	0	0	0
d_Bacteria;p_Planctomycetota;c_Planctomycetia;o_Pirellulales;f_Thermoguttaceae;g_UBA8133;s_UBA8133_sp003509805	0	0	0	0	0	0	0	0	0	0	0	0	1.3100235	0.54248315	1.4519957	1.8434658	1.5306411	2.677213	0.23980707	0.24832709	0.2912606	0.15004455	0.71200836	0.5173203
d_Bacteria;p_Bacillota_A;c_Clostridia;o_Christensenellales;f_Aristaeellaceae;g_Limiplasma;s_Limiplasma_sp022769795	0	0	0	0	0	0	0	0	0	0	0	0	0	0	0	0	0	0	0.41220951	0.94978886	2.1168687999999998	0.92131196	0.49224703999999997	0.7366066280000001
d_Bacteria;p_Bacillota_A;c_Clostridia;o_Lachnospirales;f_Lachnospiraceae;g_Brotaphodocola;s_Brotaphodocola_sp003506385	0	0	0	0	0	0	0	0	0	0	0	0	0.121991634	0.09599718	0.10385513	0.096656956	0.066640176	0.0732856	2.977353689	2.231754631	5.515756201	2.911082081	3.8059758400000003	3.642712941
d_Bacteria;p_Bacillota_A;c_Clostridia;o_Oscillospirales;f_Ruminococcaceae;g_WRAV01;s_WRAV01_sp031285645	0	0	0	0	0	0	0	0	0	0	0	0	0.16785099	0.18161607	0.15376896	0.10286116	0.03151902	0.16637792	1.18410721	1.04943777	0.7728092400000001	0.836270868	1.57184178	1.1296571800000001
d_Bacteria;p_Bacteroidota;c_Bacteroidia;o_Bacteroidales;f_UBA4181;g_JAIRLS01;s_JAIRLS01_sp031275285	0	0	0	0	0	0	0	0	0	0	0	0	0.21277888	0.1055214	0.4223433	0.85842514	0.42452797	0.74697864	1.002341431	1.111240707	1.003548804	0.7495755	0.90839198	1.023705363
d_Bacteria;p_Bacillota_A;c_Clostridia;o_Oscillospirales;f_WRJC01;g_WRJC01;s_WRJC01_sp009780985	0	0	0	0	0	0	0	0	0	0	0	0	1.0303106	0.53675807	0.3408427	0.14030842	0.118232585	0.13238682	0	0	0	0	0	0
d_Bacteria;p_Desulfobacterota;c_Desulfovibrionia;o_Desulfovibrionales;f_Desulfovibrionaceae;g_Mailhella;s_Mailhella_sp023450535	0	0	0	0	0	0	0	0	0	0	0	0	0.22919635	0.2879914	0.18513297	0.21143696	0.072193466	0.063514195	0	0	0	0	0	0
d_Bacteria;p_Verrucomicrobiota;c_Kiritimatiellia;o_RFP12;f_UBA1067;g_M55B167;s_M55B167_sp027858965	0	0	0	0	0	0	0	0	0	0	0	0	0	0	0	0	0	0	0.19254569500000002	0.2562198	0.29167476	0.22766890499999998	0.24837205299999998	0.31119639
d_Bacteria;p_Bacillota_A;c_Clostridia;o_Christensenellales;f_Aristaeellaceae;g_Avichristensenella;s_Avichristensenella_intestinipullorum	0	0	0	0	0	0	0	0	0	0	0	0	3.8986713699999997	2.2987974	2.8193233199999996	3.329009	3.9702316600000005	3.6173552399999997	7.903365642	9.702264537	6.197122083	9.47176428	12.615161273	9.92836034
d_Bacteria;p_Pseudomonadota;c_Gammaproteobacteria;o_Pseudomonadales;f_Pseudomonadaceae;g_Entomomonas;s_Entomomonas_sp945283395	0	0	0	0	0	0	0.066310644	0.1153338	0.54745793	0.02282757	0.57765377	0.03907276	0	0	0	0	0	0	0	0	0	0	0	0
d_Bacteria;p_Campylobacterota;c_Campylobacteria;o_Campylobacterales;f_Arcobacteraceae;g_Aliarcobacter;s_Aliarcobacter_trophiarum	0	0	0	0	0	0	0	0	0	0	0	0	0	0	0	0	0	0	3.0349357	0.10344965	0.09650055	0.09557861	0.084223405	0.100673676
d_Bacteria;p_Desulfobacterota;c_Desulfarculia;o_Adiutricales;f_Adiutricaceae;g_Adiutrix;s_Adiutrix_sp031261565	0	0	0	0	0	0	0	0	0	0	0	0	0	0	0	0	0	0	1.17231381	0.33819231	0.70305052	0.53080534	2.76970894	0.9555480999999999
d_Bacteria;p_Bacillota_A;c_Clostridia;o_Oscillospirales;f_Acutalibacteraceae;g_CAG-177;s_CAG-177_sp017502085	0	0	0	0	0	0	0	0	0	0	0	0	0	0	0	0	0	0	0.59947213	0.39852195	0.235865043	0.24232629	0.12339879499999999	0.363853275
d_Bacteria;p_Synergistota;c_Synergistia;o_Synergistales;f_Aminobacteriaceae;g_JAISSA01;s_JAISSA01_sp031289165	0	0	0	0	0	0	0.05631491	0.061921243	0.04805509	0.04308107	0.064762704	1.0784432	0.11690318	0.07905646	0.13386945	0.20894952	0.21403256	0.17381601	0	0	0	0	0	0
d_Bacteria;p_Bacillota_A;c_Clostridia;o_Lachnospirales;f_Lachnospiraceae;g_JALFVM01;s_JALFVM01_sp030536755	0	0	0	0	0	0	0	0	0	0	0	0	1.46619015	1.09848592	0.9600917099999999	0.60062758	0.64284975	0.61299655	0	0	0	0	0	0
d_Bacteria;p_Bacteroidota;c_Bacteroidia;o_Bacteroidales;f_UBA1715;g_WQTX01;s_WQTX01_sp031262005	0	0	0	0	0	0	0	0	0	0	0	0	0.20612952	0.1055214	0.22741556	0.081496	0.15482783	0.15818372	0	0	0	0	0	0
d_Bacteria;p_Bacillota_A;c_Clostridia;o_Lachnospirales;f_Lachnospiraceae;g_Lacrimispora;s_Lacrimispora_sp023398855	0	0	0	0	0	0	0	0	0	0	0	0	0	0	0	0	0	0	3.98635745	2.464464396	5.52231548	3.22491292	4.76136007	6.1726902500000005
d_Bacteria;p_Bacillota_A;c_Clostridia;o_Lachnospirales;f_Lachnospiraceae;g_Roseburia;s_Roseburia_sp021770785	0	0	0	0	0	0	0	0	0	0	0	0	0	0	0	0	0	0	1.5934724	2.4061632	2.4285946	8.433416	2.2557232	1.24309992
d_Bacteria;p_Bacillota_A;c_Clostridia;o_Oscillospirales;f_Ruminococcaceae;g_Massiliimalia;s_Massiliimalia_massiliensis	0	0	0	0	0	0	0	0	0	0	0	0	0	0	0	0	0	0	0.6053315	0.16732197	0.15608221	0.13640413	0.33404723	0.24212392
d_Bacteria;p_Bacteroidota;c_Bacteroidia;o_Bacteroidales;f_Tannerellaceae;g_DFXE01;s_DFXE01_sp031276545	0	0	0	0	0	0	0.23880339	0.25537094	0.28115597	0.19388801	0.7228375	0.28540653	0	0	0	0	0	0	1.94208408	1.3749818139999999	2.91961426	1.5265780759999998	2.134787055	3.1076803899999996
d_Bacteria;p_Bacillota;c_Bacilli;o_Staphylococcales;f_Staphylococcaceae;g_Mammaliicoccus;s_Mammaliicoccus_sciuri	0	0	0	0	0	0	0	0	0	0	0	0	0.16656478	0.12873165	0.07266219	0.03888496	0.1608555	0.047172293	0	0	0	0	0	0
d_Bacteria;p_Bacteroidota;c_Bacteroidia;o_Bacteroidales;f_UBA932;g_JAIRLF01;s_JAIRLF01_sp031279695	0	0	0	0	0	0	0	0	0	0	0	0	0.47114018	0.150064506	0.25037326000000004	0.40495899999999996	0.39064927	0.20014536	0	0	0	0	0	0
d_Bacteria;p_Bacillota_A;c_Clostridia;o_Oscillospirales;f_Ruminococcaceae;g_Massilioclostridium;s_Massilioclostridium_methylpentosum	0	0	0	0	0	0	0	0	0	0	0	0	0	0	0	0	0	0	2.1690864	4.3524056	8.188944	17.5177784	1.6193378	1.49167024
d_Bacteria;p_Desulfobacterota;c_Desulfarculia;o_Adiutricales;f_Adiutricaceae;g_Adiutrix;s_Adiutrix_sp031263565	0	0	0	0	0	0	0	0	0	0	0	0	0	0	0	0	0	0	1.47337779	0.89294158	1.81014208	1.4704561219999999	2.528715716	1.614588815
d_Bacteria;p_Pseudomonadota;c_Gammaproteobacteria;o_Pseudomonadales;f_Moraxellaceae;g_Acinetobacter;s_Acinetobacter_baumannii	0	0	0	0	0	0	0	0	0	0	0	0	0	0	0	0	0	0	0.21052387	0.35636476	0.05099714	0.24957879	0.112240426	0.074020885
d_Bacteria;p_Desulfobacterota;c_Desulfovibrionia;o_Desulfovibrionales;f_Desulfovibrionaceae;g_WRHT01;s_WRHT01_sp030267065	0	0	0	0	0	0	1.7683775499999999	0.691684626	0.89580996	0.506209818	1.09376507	3.01703033	3.13527834	3.19904242	2.527881676	2.82432778	4.11533688	3.06112584	8.99876499	0.620017051	0.8651315940000001	0.522996452	1.03363302	1.10963323
d_Bacteria;p_Pseudomonadota;c_Gammaproteobacteria;o_Enterobacterales;f_Enterobacteriaceae;g_CALYQQ01;s_CALYQQ01_sp945288535	0	0	0	0	0	0	0.36477152	1.195765	0.23505174	0.09460989	0.5559694	0.044165164	0	0	0	0	0	0	0	0	0	0	0	0
d_Bacteria;p_Synergistota;c_Synergistia;o_Synergistales;f_Aminiphilaceae;g_Aminiphilus;s_Aminiphilus_sp002425685	0	0	0	0	0	0	0.04332903	1.0654612	0.110921785	0.024860136	0.4297735	0.7659335	0	0	0	0	0	0	0	0	0	0	0	0
d_Bacteria;p_Bacillota_A;c_Clostridia;o_Peptostreptococcales;f_Anaerovoracaceae;g_Lentihominibacter;s_Lentihominibacter_sp030535275	0	0	0	0	0	0	0	0	0	0	0	0	0	0	0	0	0	0	3.13359776	1.32757909	4.35514189	2.228928626	2.75263807	2.3038512300000002
d_Bacteria;p_Desulfobacterota;c_Desulfovibrionia;o_Desulfovibrionales;f_Desulfovibrionaceae;g_FLUQ01;s_unclassify_g_FLUQ01	0	0	0	0	0	0	0	0	0	0	0	0	0	0	0	0	0	0	0.36770433	0.10906909	0.68676174	0.12003551	0.16008544	0.29370433
d_Bacteria;p_Bacteroidota;c_Bacteroidia;o_Bacteroidales;f_Bacteroidaceae;g_Bacteroides_H;s_Bacteroides_H_sp010500995	0	0	0	0	0	0	1.949961	3.887914	3.6786063	3.6803186	2.9745407	0.5410954	3.92688481	3.000821	4.56549756	3.3721612899999998	2.916655756	2.84722696	0.13477331	0.35183632	0.657224	0.3355834	0.6691648	0.24920349
d_Bacteria;p_Desulfobacterota;c_Desulfovibrionia;o_Desulfovibrionales;f_Desulfovibrionaceae;g_RGIG1962;s_RGIG1962_sp944325195	0	0	0	0	0	0	0.41707486	0.180427437	0.327524041	0.017714232400000002	0.67679891	0.548771838	0.38076186	0.46398565	0.33414248	0.37454566	0.494248	0.4690272	0	0	0	0	0	0
d_Bacteria;p_Bacillota_A;c_Clostridia;o_Lachnospirales;f_Lachnospiraceae;g_Brotaphodocola;s_Brotaphodocola_sp947383005	0	0	0	0	0	0	0	0	0	0	0	0	0.6515798	1.0420787	0.31835455	0.18862008	0.20695208	0.06397109	0	0	0	0	0	0
d_Bacteria;p_Bacillota_B;c_Ch66;o_Ch66;f_Ch109;g_JAAZDI01;s_JAAZDI01_sp012512295	0	0	0	0	0	0	0	0	0	0	0	0	0.17251354	0.17230242	0.52409965	0.11565786	0.1594808	0.3039992	0	0	0	0	0	0
d_Bacteria;p_Bacillota_A;c_Clostridia;o_Christensenellales;f_CAG-917;g_Limadaptatus;s_unclassify_g_Limadaptatus	0	0	0	0	0	0	0	0	0	0	0	0	0	0	0	0	0	0	0.2626995	0.088330716	0.116878435	0.11834494	0.044045795	0.096522465
d_Bacteria;p_Bacillota_A;c_Clostridia;o_Lachnospirales;f_Lachnospiraceae;g_Aequitasia;s_unclassify_g_Aequitasia	0	0	0	0	0	0	0	0	0	0	0	0	0	0	0	0	0	0	0.12988203	0.11459287600000001	0.17018285	0.13341566900000001	0.46107326	0.149014064
d_Bacteria;p_Pseudomonadota;c_Gammaproteobacteria;o_Burkholderiales;f_Burkholderiaceae;g_Oxalobacter;s_Oxalobacter_sp030269625	0	0	0	0	0	0	0	0	0	0	0	0	0	0	0	0	0	0	0.39216316	0.4719342	0.55028975	0.5540105	0.86868155	0.60703456
d_Bacteria;p_Bacillota_A;c_Clostridia;o_Oscillospirales;f_UBA644;g_QAKR01;s_QAKR01_sp944382895	0	0	0	0	0	0	0.08310067	0.14017549	0.03988811	0.0	0.053756155	0.061207656	0	0	0	0	0	0	0	0	0	0	0	0
d_Bacteria;p_Bacillota_A;c_Clostridia;o_Lachnospirales;f_Lachnospiraceae;g_Suilimivivens;s_Suilimivivens_sp002492465	0	0	0	0	0	0	0	0	0	0	0	0	0.058479104	0.14342304	0.32858112	0.19112943	0.09663446	0.15457584	0	0	0	0	0	0
d_Bacteria;p_Elusimicrobiota;c_Elusimicrobia;o_Elusimicrobiales;f_Elusimicrobiaceae;g_UBA1174;s_UBA1174_sp031271365	0	0	0	0	0	0	0	0	0	0	0	0	0.10350807	0.16969179	0.10919148	0.1460837	0.21203688	0.10570874	0	0	0	0	0	0
d_Bacteria;p_Bacillota_A;c_Clostridia;o_Lachnospirales;f_Lachnospiraceae;g_Robinsoniella;s_Robinsoniella_peoriensis	0	0	0	0	0	0	0	0	0	0	0	0	0	0	0	0	0	0	0.18118756	0.112964526	0.16351473	0.12575151	0.18242308	0.16465235
d_Bacteria;p_Bacillota_A;c_Clostridia;o_Lachnospirales;f_Lachnospiraceae;g_Brotaphodocola;s_Brotaphodocola_catenula	0	0	0	0	0	0	10.4924149	3.84377633	4.17462345	0.91751428	6.0968677	5.95231274	0	0	0	0	0	0	0	0	0	0	0	0
d_Bacteria;p_Bacillota_B;c_Dehalobacteriia;o_UBA4068;f_CALXSR01;g_CALXSR01;s_CALXSR01_sp944391215	0	0	0	0	0	0	0	0	0	0	0	0	0.16150203	0.33890218	0.358673	0.41387632	0.51279837	0.51421165	0	0	0	0	0	0
d_Bacteria;p_Planctomycetota;c_Planctomycetia;o_Pirellulales;f_Thermoguttaceae;g_WRKP01;s_unclassify_g_WRKP01	0	0	0	0	0	0	0	0	0	0	0	0	0.4199712	0.41310227	0.49743846	0.34315187	0.3441255	0.597097	0.0993703	0.21444896	0.108894475	0.14718957	0.5586742	0.2252315
d_Bacteria;p_Bacteroidota;c_Bacteroidia;o_Bacteroidales;f_Paludibacteraceae;g_Paludibacter;s_Paludibacter_sp028705705	0	0	0	0	0	0	0	0	0	0	0	0	0	0	0	0	0	0	0.10589339	0.10555079	0.084922194	0.33042067	0.36316475	0.028135912
d_Bacteria;p_Bacillota;c_Bacilli;o_Lactobacillales;f_Enterococcaceae;g_Enterococcus;s_Enterococcus_clewellii	0	0	0	0	0	0	0.11025777	0.18185143	0.5468756	0.07116835	0.11292908	0.060907546	0	0	0	0	0	0	0	0	0	0	0	0
d_Bacteria;p_Bacillota_A;c_Clostridia;o_Oscillospirales;f_Ruminococcaceae;g_Ruminiclostridium_E;s_Ruminiclostridium_E_sp015067025	0	0	0	0	0	0	0.14125119	0.9439823	4.227832	0.06946566	0.3002246	0.096607	0	0	0	0	0	0	0	0	0	0	0	0
d_Bacteria;p_Bacillota_A;c_Clostridia;o_Peptostreptococcales;f_Anaerovoracaceae;g_Emergencia;s_Emergencia_sp017522185	0	0	0	0	0	0	0	0	0	0	0	0	0.6543465	0.8434659	0.55333835	0.8478572	1.2272755	0.60894567	0	0	0	0	0	0
d_Bacteria;p_Bacillota_I;c_Bacilli_A;o_Erysipelotrichales;f_Erysipelotrichaceae;g_Breznakia;s_Breznakia_blatticola	0	0	0	0	0	0	0	0	0	0	0	0	1.2112653	0.57719284	0.26452136	0.21593559	0.6065358	0.2813609	0.271033086	0.53144382	0.633855529	0.28710304	0.63698539	0.33370865
d_Bacteria;p_Verrucomicrobiota;c_Kiritimatiellia;o_LD1-PB3_B;f_Lenti-01;g_Lenti-01;s_Lenti-01_sp012514035	0	0	0	0	0	0	0	0	0	0	0	0	0.27594757	0.46045703	0.3776723	0.52700764	0.6692554	0.6107649	0	0	0	0	0	0
d_Bacteria;p_Bacillota_A;c_Clostridia;o_Oscillospirales;f_Ruminococcaceae;g_JAAYCI01;s_JAAYCI01_sp030266325	0	0	0	0	0	0	0	0	0	0	0	0	0	0	0	0	0	0	0.55717908	0.67590544	1.8543505	0.72515426	1.31019897	0.99079925
d_Bacteria;p_Planctomycetota;c_Planctomycetia;o_Pirellulales;f_Thermoguttaceae;g_WRKP01;s_WRKP01_sp031274385	0	0	0	0	0	0	0	0	0	0	0	0	0	0	0	0	0	0	3.13218344	2.088219076	1.287419003	1.4471068619999998	2.092791386	2.17401851
d_Bacteria;p_Bacillota_A;c_Clostridia;o_Peptostreptococcales;f_Anaerovoracaceae;g_Hominibacterium;s_Hominibacterium_sp910583765	0	0	0	0	0	0	0	0	0	0	0	0	0	0	0	0	0	0	2.35542821	4.235339859	3.0176892840000002	3.7149358749999997	4.95998206	2.19080558
d_Bacteria;p_Fibrobacterota;c_Chitinivibrionia;o_Chitinivibrionales;f_WRFX01;g_WRFX01;s_WRFX01_sp009779925	0	0	0	0	0	0	0	0	0	0	0	0	0	0	0	0	0	0	0.07338365	0.19540498	0.10052132	0.15742373	0.03661889	0.10505069
d_Bacteria;p_Bacillota_A;c_Clostridia;o_Oscillospirales;f_Butyricicoccaceae;g_Ventrousia;s_Ventrousia_sp947856675	0	0	0	0	0	0	0	0	0	0	0	0	0.41843683	0.25417674	0.34970608	0.32390338	0.7113012	0.5675727	0	0	0	0	0	0
d_Bacteria;p_Pseudomonadota;c_Gammaproteobacteria;o_Enterobacterales;f_Enterobacteriaceae;g_Enterobacter;s_Enterobacter_hoffmannii	0	0	0	0	0	0	0	0	0	0	0	0	0	0	0	0	0	0	0.27797768	0.47644782	0.11397012	0.26731703	0.21763542	0.10805942
