module	wild01	wild02	wild03	wild04	wild05	wild06	wild07	wild08	wild09	wild10	lab01	lab02	lab03	lab04	lab05	lab06	lab07	lab08	lab09	lab10	fam01	fam02	fam03	fam04	fam05	fam06	fam07	fam08	fam09	fam10	res01	res02	res03	res04	res05	res06	res07	res08	res09	res10	hos01	hos02	hos03	hos04	hos05	hos06	hos07	hos08	hos09	hos10
MEaliceblue	-0.238743611721771	-0.265069192512065	-0.182588333772905	-0.25780590168663	-0.23717788863014	-0.241755958972179	-0.230548808971826	-0.229808054424201	-0.271535741220731	-0.23495815545526	-0.0263485397651701	0.0283372187105725	0.0286918258162253	-0.0794538137609	-0.0462988041831699	0.0611599981880973	-0.0964985850935912	-0.0431266738898493	-0.0662503031863477	0.0239663617080151	0.122992664910354	-0.0689506725908139	0.00976737263316965	-0.00171065245195697	0.0160980574807159	0.12739693172145	0.0944757761604774	-0.0113802657600338	0.041581916218142	0.0445448849936111	0.121809315585844	0.0751882807901181	0.0622385804714633	0.0497220709568992	0.134151951246027	0.0348155558220916	0.143074218217266	0.0183578992337799	0.107064370876228	0.0347110836381614	0.20098223159692	0.156366070413169	0.124228020641184	0.299669927131715	0.187352575509317	0.178631564404664	0.0379624987236334	0.115154718195637	0.0528764814611869	0.0966395345934057
MEantiquewhite	-0.20213396050077	-0.231787284572725	-0.262035070777798	-0.0884308330959051	-0.0768500758992785	-0.230955191142813	-0.108794088296016	-0.24098188684277	-0.132486402049561	-0.0979494007982851	0.0447005512746577	0.121653159833894	0.180754761337598	-0.106439276735112	-0.185299334426599	0.0977389475278994	-0.0208738106302276	0.013713724136773	-0.28867705459607	0.0221587344505913	0.182740198515859	-0.0882109034064226	0.170577335270348	-0.111420058125991	-0.14440763180769	0.382175068255881	0.111677901406792	-0.0411530846715832	0.139026438156985	-0.0298903387794179	-0.0433405949030867	0.0277724758465571	-0.0741582190759171	0.0612103745394365	0.0459891681398601	0.0786067999294319	0.0728501445528029	0.0759378692543572	0.0366847121393929	-0.00259122491722883	0.0914935912913015	0.0515375733570443	-0.055756101592922	0.259824848753199	0.101515190295429	0.132480170458734	0.0748092782010621	0.0777111649022598	-0.00458027387422808	0.21386191969027
MEantiquewhite1	-0.247794762295009	-0.266983760042644	-0.164789466232491	-0.272069628431139	-0.255700854359169	-0.259960817292024	-0.223992748178181	-0.204984220961098	-0.276394874965765	-0.291785309435798	-0.0192486627296166	0.0273082933078042	0.0720066886992103	-0.0617486339369353	0.00864348926533213	-0.0205215159074544	0.0451407835770808	-0.0135533314075303	-0.0856896129730701	0.0573334282188164	0.0626138262778624	-0.0284619665278441	0.152570231243314	0.00996951124753669	0.108177952185277	0.24961414844434	-0.0260443555363813	0.0340037109730318	0.187443222864471	0.0387817098497151	0.0823259063529097	0.113452354592062	0.054931020591654	0.188778101503531	-0.0369348979815154	0.011995584399848	0.0022190387213206	0.0263400607641331	0.0937159014107567	0.0715307377229978	0.130400898723936	0.132223674383401	0.0936417713859572	0.200637783238452	0.153596738608524	0.111014607384017	-0.0138222040794983	0.0968137837781342	0.0653181673624824	0.0879384961952521
MEantiquewhite2	-0.260454228407147	-0.264154756249737	-0.198162028292648	-0.249408679287445	-0.223434891252742	-0.25423709926775	-0.238780980613958	-0.237288558811562	-0.283205815957364	-0.233621775633806	-0.0847499433329612	0.041911553983231	0.0408501422629981	-0.0848829304452088	-0.0516379194784542	0.0589629606790026	-0.0575741845454652	-0.00795531316630914	-0.0821451872634725	0.0942869933219636	0.0953496623842972	0.0420625309962688	0.0141466683535711	-0.0589025390424954	0.0119039657368828	0.102054008797825	0.0848941453762802	0.0340602804928742	-0.00871323888851524	0.0593767351368133	0.136460008340674	0.0516698860306032	0.0405656933971314	0.0637958861979149	0.0700009189874114	0.165400567895218	0.135342836796792	0.144491180342008	0.0285597891549569	0.0883180955887399	0.166016241712738	0.136168958747935	0.0722902246449188	0.228657048542945	0.204085424857628	0.208516300369358	0.00755155418176455	0.0550119555914752	0.0990849186804689	0.0974629323543496
MEantiquewhite3	-0.0701925408529721	-0.0671042676246347	0.0732519208852243	-0.131261899136988	-0.125547256929046	-0.122890582209135	-0.0549078370249495	-0.0349254331792365	-0.0865890940269018	-0.0952189259487525	-0.0304430949708682	-0.0170639502529976	-0.207094816234414	0.0994121283954065	-0.101416374445023	-0.20907641720299	-0.174535179484586	-0.221467718637692	0.0818807491877859	-0.156972944473748	0.156976255237183	-0.111126889842988	0.0968998472311523	0.103378163122051	0.25895287790822	-0.168005315695678	-0.0839418486868141	0.0585789860863369	-0.0620115931978757	0.0413325253516508	0.0466340331711392	0.225261315755833	0.335440418445124	0.21396677276651	0.116718475927952	-0.185198691620265	0.0692804214332811	-0.102429553898486	0.117054230997632	-0.148793004571145	0.0324825282269502	0.0947573950538795	0.198885144564047	0.273986014440422	0.0480906557064515	0.120821853948047	-0.139514069397739	0.209572450794606	-0.0758251649711533	-0.0900607001198052
MEantiquewhite4	-0.247997523477161	-0.316361741369355	-0.261673567332837	-0.151231080509936	-0.187993149876079	-0.275683768403904	-0.167177577924943	-0.263773360893546	-0.214716200547584	-0.193634368083508	-0.00396687543929564	0.122940609639741	0.0317911333444152	-0.0633180683994646	-0.0817189559641871	0.00430468971021291	0.0149517685460566	-0.0113223473953198	-0.1355035048901	0.0785653175307696	0.147268163380918	-0.00801824696992914	0.114639427722412	-0.0486017827542273	-0.0640124427198701	0.256830825571462	0.0436438167884871	-0.0415274525130032	0.0621131065436295	0.058240804781139	0.0163736137053126	0.102156610122178	0.00550630034281932	0.118092411855851	0.0959368034354293	0.11142019984856	0.149186303472402	0.0664138701838429	0.0633053812374828	0.0964050146078838	0.086610327331555	0.0967002496621759	-0.0555380766003685	0.163401839864286	0.160948618130673	0.257201976349533	-0.0822190604885039	0.0715369844583153	0.0735096448012932	0.205993339584289
MEaquamarine	-0.203689650008036	-0.197745175750606	-0.073637659734043	-0.22704272476502	-0.214595654160777	-0.211891458804491	-0.161911938844525	-0.139645039763845	-0.209416352522747	-0.20823471384178	-0.13913610178313	-0.132452062325878	-0.126189953179379	-0.00206076536902727	-0.109347995374499	-0.16848698458669	0.0858168041507845	-0.0325587390403121	-0.140953875544135	-0.137814543608762	-0.074630982572803	0.046964044813301	0.034694565793348	0.0765782151330612	0.0839004157304919	-0.110391855503761	-0.0409307228034756	-0.0552237974978909	0.146215528604593	-0.0253798283584503	0.0773883939175863	0.0961917212460685	0.10767266172219	0.274182854630995	0.0787088843854938	0.0131455432277451	0.137686242122135	0.0905871736138641	0.171441377924073	0.140685680586322	0.115898982846124	0.0785473111022748	0.209264069274832	0.042652849510626	0.191203039342533	0.163518957654643	0.199768130200809	0.211948297170766	0.173771399537537	0.0949354315018676
MEaquamarine1	-0.122668732770313	-0.131443403975864	0.0116049651775833	-0.12574429107383	-0.166650636593095	-0.107976946347702	-0.0689200544168835	-0.0596871111874707	-0.132452898405824	-0.131499205657518	-0.0209230245849555	-0.113950863411171	-0.0216836931881586	-0.210945065876853	-0.136306727096958	-0.205745886568556	-0.214858104181411	-0.241544325437368	0.0089656649013071	-0.0396707958437994	0.0365400948954681	0.177302918394009	-0.0160483706392481	-0.0984588474697714	-0.0981674405010018	0.00302752149967814	-0.148310834585964	-0.0429537647033629	-0.0192682970548796	0.0154628048425465	0.0163642168190449	0.0980843545012425	0.0841711215402015	0.0888793176550434	-0.154187979339828	0.0687848839793747	0.0445877682212028	0.0587968097748342	0.282927739560757	0.183122311493462	0.160208955850086	0.189897272876741	0.0656237054222734	-0.0493016133789941	0.281544371176522	0.213656903107971	0.0874240138287907	0.109249924400006	0.349446301072106	0.243694973300527
MEaquamarine2	-0.040342283396532	-0.0564725580335288	-0.0410525290328352	-0.0991989293683691	-0.0435739475368307	-0.0497698729220942	-0.0452989719523027	-0.0582567799086344	-0.0746098614844298	-0.0548010693230684	-0.0206913194371414	-0.206670153136289	0.0947117215089513	-0.222716143081211	0.0574063630962452	0.0794452893712962	0.031924215490123	0.0653031687228057	-0.176889095649818	0.0171094185296487	-0.146235744093784	-0.00791523094032992	0.125343954929645	0.118753340169103	0.291754225000206	0.112114522616484	0.0349611917595722	-0.190413090801659	0.256970171290517	0.0374235752157284	-0.227988924190688	-0.118074342452812	-0.174040180258486	0.187397238270567	-0.0532566776395123	-0.0494162076258801	-0.0708145211747531	-0.059022406539487	0.0762779337494661	0.0994253468036485	-0.160209883821334	-0.118831937585043	-0.0116383349715775	0.0623961452196938	0.0767284595526893	-0.17482813910058	-0.0507244968572901	0.324278584421771	0.31072385294445	0.343304913653687
MEaquamarine3	-0.0593014917945891	-0.0696325123051495	0.0228751608708142	-0.0931219934412294	-0.0794512660995493	-0.0658538951623789	-0.044114215092978	-0.0336158573726073	-0.0846860886745652	-0.0720910825271727	-0.259180217807119	0.00957455037024936	0.0907456747577843	-0.246903473430086	-0.0550280587759428	0.273917837163873	-0.118692059805766	0.114320250019992	-0.00419976488560796	0.0197566889554188	0.0206121601470509	0.0654320485670797	-0.123783631687644	-0.118235805424865	-0.143592350463458	0.138379485460129	0.216600060847211	-0.00143697626570356	-0.192933812828029	0.0201662102874698	-0.0957025130471965	0.117066774364392	0.0552243456864669	-0.0553686013359845	-0.350883115842548	0.206613363192014	-0.242405156321654	0.216063671817381	0.0549058253190377	0.0951487264889922	0.0339735004179327	0.0202629997778775	-0.102659199716604	0.241556654066629	0.207555586548264	-0.116936394104913	0.277003088990677	0.0432299438942447	0.163542818041366	0.105282108160992
MEaquamarine4	0.100286276040184	0.0566586870282436	0.206211168012884	0.0626295562490108	0.0774068895537324	0.0811804070017292	0.13205044793239	0.143870467400004	0.0682719952069718	0.0870660876135866	-0.271525616704625	-0.200348752520156	-0.0862257986332212	-0.132602218239536	-0.138126442201411	0.344077923501235	-0.188024212570437	0.16783349946789	-0.220686066022368	-0.245649052092036	-0.163303249444919	-0.17091878266122	-0.0822558407725541	-0.00709321122874972	0.0702164143403508	-0.245022082935324	0.306527952885955	-0.173682845727251	-0.10962443706804	-0.0770937509682125	-0.0247849393212045	0.0453087037310088	0.0716827676003867	-0.0449842014304141	0.0259184315372161	-0.0423626283063925	0.0509927138295254	0.0617200973983066	-0.048807747549936	-0.120945415727408	0.0552140072802962	0.0854726337742033	-0.0712699587129755	0.179949119224941	0.114518501305486	0.121755063224298	0.154192871417973	0.122940612106727	-0.0680434060992062	-0.0605726377269375
MEbeige	-0.205573156488377	-0.269053052278711	-0.184450711170658	-0.244052277392592	-0.231302972508967	-0.231697616579249	-0.222794244267539	-0.199144955805032	-0.262157595167152	-0.242092516622723	-0.0871642537912239	-0.0299642720383808	-0.021065274888152	-0.0260584935767184	-0.0678759136665067	0.202848606347498	0.119408452489132	0.174076638756139	-0.069184682882612	-0.116562143673897	-0.0283729260999036	-0.101476381440015	0.0559638541679744	0.0332963183767406	0.0711279596189483	0.0655368403255951	0.199306349077136	-0.0741832011670296	0.118005483697622	-0.0228221093411733	0.0685823302300728	0.0484939119327158	0.0675663280374462	0.0823061035834951	0.106973790033701	0.0991802439520513	0.109834273147749	0.136166926342942	0.0411177831876247	-0.0244048671161374	0.0293984677990727	0.145702083210653	0.0096247806579136	0.210328284818417	0.130888251042984	0.151478247282334	0.204147760987847	0.201382704233963	0.0184156873388694	0.0602951572861114
MEbisque	-0.231925685866886	-0.281929757460587	-0.163087107046091	-0.240010997320893	-0.23522890267912	-0.224843679804699	-0.207400650766823	-0.235956075709216	-0.277858494526655	-0.235934512816367	-0.0219157845833731	0.02288852303993	0.04770425799958	0.0132782577414782	0.0481880899978691	0.228581447528997	-0.0391562495332646	0.140769753723562	-0.0417113477454597	-0.0601642288031099	-0.0794114754286019	-0.0897527684430624	0.0539403613753249	0.0296768418357197	0.0557359224778615	0.0555912986864756	0.195081877285271	-0.0629642797300261	0.0375359564476368	-0.0651870304034547	0.0827790775163416	0.111193207164694	0.123672412938477	0.0476497610202975	0.0273787173147588	-0.0470294065392852	0.0984570043231989	0.112759595136844	0.0969138424814176	-0.0354432061891045	0.0895126608925411	0.17361105309572	-0.0143913390848335	0.207003172014821	0.164294839995182	0.170994287981444	0.249395739651142	0.10143543825418	0.0570061252043385	0.0482734573558088
MEbisque1	-0.262054520347033	-0.270643489777764	-0.250891567086641	-0.258420791413786	-0.292046664142309	-0.244342372328333	-0.249760386088626	-0.255086873000882	-0.268391410689689	-0.269460242149449	-0.00716830459429238	0.0461337479873605	0.0301883867004072	-0.0695785679888603	0.0487918335932693	0.108065816985051	-0.0565066682397553	0.0297118168974352	0.116056085712277	0.0147571976678754	0.0578566444699434	0.0295011781130405	0.155996437923535	0.0988856738023103	0.102155039571126	-0.078701842260204	0.0874617546522395	0.0987258652862414	0.000683663712831592	0.108260313685316	0.0336095966794932	0.107944710707515	0.0901431299331771	0.0976006191266314	-0.00229415451618147	0.0757320565615244	0.0211724654159795	0.063065886028901	0.117446438981089	0.0275199013885364	0.0981465824788899	0.161958754866799	0.126834172077571	0.180392136873148	0.129829460633001	0.0835779088269429	0.0636372336641119	0.101951916519878	0.0933255331601228	0.0282278939402357
MEbisque2	-0.266428876088418	-0.274935810300102	-0.226297118433816	-0.260334978442833	-0.269241342301256	-0.264540540849667	-0.270247548914699	-0.258247635654848	-0.287173181703044	-0.260961789834897	0.00266990712450833	0.044332264419748	0.0343166302547018	-0.0494050064338902	0.0294098368974429	0.0290099200596006	-0.0252755280871877	-0.0313653349657955	0.0479659183214179	0.053053232887024	0.106169918241265	0.0691799688194005	0.124162912425077	0.0514225832332506	0.0456032840604748	-0.013089127095869	0.0130105268069976	0.116074544510628	-0.0372483877519297	0.0777810353889957	0.0930198266835584	0.0902111154647878	0.0963170223754423	0.105950422236887	-0.0298896177511274	0.106920658953601	0.0569565860410618	0.0978359684162953	0.108100008925457	0.0768998475195679	0.128592253897346	0.175981081518191	0.115429153521332	0.118085140501211	0.150400732759242	0.165742709437525	0.0645616962806754	0.052769532094956	0.125238681547886	0.0515069029838259
MEbisque3	-0.0494181142818314	-0.0817520169497528	0.0544993824456758	-0.0873632382667155	-0.134634964078308	-0.0641027406628976	-0.0348626654802496	-0.017204495405491	-0.104240160513626	-0.130019660239429	-0.108354419101275	-0.188109240371546	-0.0254637639381533	-0.255448224023601	-0.0851589723612541	-0.284513648130429	-0.197996864429925	-0.263706887281419	0.0180631809824765	-0.00471228652224465	0.107636472825616	0.153932251420668	-0.0939698775176576	-0.0595196433530305	-0.0259389217042104	-0.244841326257709	-0.142572193540711	0.0197366167620343	-0.109255077691486	-0.0163723508557217	0.0270402390257816	0.073347361800762	0.0571891869650176	0.109515142803272	-0.0587909904052118	0.107738874862114	0.0875102877046199	0.0780920031804079	0.129999386302104	0.177369147436921	0.161698473446628	0.174747366365051	0.138751976906504	0.0418835095774332	0.241208724139218	0.312665278808044	0.044178431118123	0.0880170507116402	0.349938237179797	0.113564160593978
MEbisque4	-0.257497242713483	-0.258714586791152	-0.198528810754053	-0.265486646166342	-0.267998572610463	-0.265127979872273	-0.250626663789408	-0.212492184949267	-0.261665788373562	-0.250408763108176	-0.0273426435581037	-0.00476381298919689	0.0614581837618467	-0.0874089946378529	0.0497198284760336	0.126405295136762	-0.0463730133846574	0.0283889324119587	0.0764388210211454	0.0455430714178658	0.0836675073880604	0.0960459193497392	0.0610276186685602	0.0440897796206155	0.0488287982382768	-0.0350373024077485	0.0859011761324769	0.0460577672708067	-0.00242495314814156	0.0631743831573093	-0.0119164889400033	0.0844657059080192	0.0397967279847188	0.16367017203725	-0.105549507861245	0.215601423856741	-0.0609135003602779	0.189673271441441	0.150799329156286	0.117768662409969	0.164613714824171	0.111592531671792	0.020736642681481	0.110527854908223	0.0503589773053026	0.0415653172996968	0.0951783052527658	0.103972722070158	0.202327045104226	0.0908819704517066
MEblack	-0.221414797204287	-0.248395286155302	-0.0885148504512928	-0.246218083874324	-0.258384311364125	-0.235885534829307	-0.178521409871199	-0.16901099669412	-0.253814899535492	-0.253659930915506	-0.151869014770194	-0.0456429880811251	-0.0704433582149328	-0.0235315969639581	-0.0846554579909425	-0.0274450722380958	-0.0497605900158754	-0.0738644324573784	-0.0530075018582313	-0.113662472326403	0.00451437607994125	-0.0215087079254781	0.0303005056332709	-0.0182516373878327	-0.00130525593162344	-0.0296321097711916	0.0441494764346239	-0.0252414754913289	0.0352518777137865	0.00223497356165114	0.127075808486558	0.108380367448654	0.117070175205784	0.119116108417776	0.115342430164503	0.0864432769448447	0.147846453346831	0.110042692374402	0.0938499717426517	0.0639631880365108	0.151780613561118	0.156680436804534	0.216346546201704	0.112012841786764	0.213798536572194	0.240817277829253	0.174464453710091	0.189518745072067	0.14994146200432	0.132699177185715
MEblanchedalmond	-0.262387330530068	-0.287710893903858	-0.218674703364577	-0.263355080229946	-0.265226138199602	-0.272154370449239	-0.265143494656387	-0.239078969721312	-0.263027229375663	-0.280436339503755	-0.059972000849636	-0.0247786009965424	0.0126268009753523	-0.0391717642483395	0.0195702707326805	0.130036741057586	0.15929044332475	0.143871808731876	0.00231261074903962	-0.00792609103744587	0.0442106207561292	0.00828367011843686	0.104999735816952	0.0778306218089265	0.0505090392170474	-0.0149555169128757	0.116604402141428	0.00661779781334678	0.0517394323414169	0.0366830336962335	0.0585132094906172	0.0317356953191048	0.0763109752187826	0.185358268246773	0.0260196523435782	0.13284907262271	0.045403024960427	0.124853690014529	0.0398898351634746	0.0896093358370262	0.0776304682234927	0.125329447638709	0.094439796815687	0.130466965000734	0.140454990410327	0.115471514374078	0.107410596598709	0.0678777398295954	0.124532101112674	0.00465511547701686
MEblue	-0.238084949118287	-0.262036881511581	-0.178363490374599	-0.255979230249878	-0.246219478327402	-0.235707126495089	-0.221558032804124	-0.232929574727603	-0.264302863722055	-0.248642961972584	-0.0477080652908376	0.0935887440985291	0.168972625707199	-0.0803696731217595	-0.0147203554487576	0.192274865467299	-0.039470680430363	0.103877750448234	-0.0860335008021124	0.0169831707044657	0.0245759268596961	-0.0584871838878212	0.061813676678249	-0.0177229166241206	-0.0392544764897566	0.241495725031942	0.163452950928594	-0.0187305852646941	0.0520553643646266	0.0107275844732962	0.0320283846493354	0.0514539180085791	0.0613480385437137	0.0607090607754431	-0.0127135951081207	0.0332603579973674	0.0210992276528611	0.109497105705837	0.113416847085269	-0.0126926365500643	0.112659147861328	0.132148981209888	0.00159056520267931	0.248983104779494	0.141104868667415	0.099872525246707	0.194875529722789	0.108840944413466	0.0436527433235275	0.115368522713778
MEblue1	0.251304080061928	0.229519266540636	0.326379797579691	0.224969933551581	0.226242687173738	0.234507584961712	0.268869560923777	0.281569147521472	0.224958761108224	0.235803702460566	-0.230416284834221	-0.200106588691154	-0.0973965973775004	-0.0816351870159808	-0.210241929381188	-0.0849425995736078	-0.0204940302951884	-0.075130082361022	-0.0263858543910869	-0.134700640798958	0.0213616986645975	-0.0711645899700258	-0.0461753924734502	-0.0629358527279957	-0.115413626115736	-0.0805328416503951	-0.0602489926067596	-0.0201172656367513	-0.0678265561055409	-0.148944125833748	-0.105075610064859	-0.0248810402410302	-0.13533199454536	0.0116591846869382	0.00062126943724526	0.0684150771097684	-0.0234314999666343	0.0515588501583736	-0.000897925346716479	-0.131250918388255	0.00461120341830108	-0.058499431603479	-0.085616956504265	0.12664807540075	-0.0249862566622633	-0.0393239057833336	-0.0653320835047923	-0.0446346792392153	-0.0786860704011662	-0.136242470667622
MEblue2	0.201735469957207	0.15736498443905	0.231099987351333	0.184576357306141	0.201370278369515	0.198129737512091	0.217935852381733	0.2164389822334	0.164187590440222	0.217168429743386	-0.0970679586752474	-0.0123138374694522	0.0423972441726719	-0.315462333906877	-0.152589223200905	-0.138515803700394	-0.0438912378807805	-0.102993590252252	-0.10673570459327	-0.0394202664821786	-0.0609439788088356	-0.0854028981846122	-0.00595956868029025	-0.0806536395671848	-0.0770347352954298	0.33907551317254	-0.135877053853556	-0.176900272571376	-0.0356097960160256	-0.0941188599643878	-0.157050397585879	-0.072635097089726	-0.155717291394446	0.022115928805563	-0.202315262816275	0.0450566385906549	-0.189677570979203	0.00470628742385721	-0.0546232170990065	-0.0259430007350716	-0.0597945673736587	-0.0808620553961096	-0.118040504047113	0.181966694679394	0.00963178785542127	0.00647070103371624	-0.0369427647367593	0.095871778785992	0.0706025300646559	0.10718971403776
MEblue3	-0.217995632533644	-0.227062474950942	-0.165738135721434	-0.234969549451202	-0.250298354607845	-0.216735460908034	-0.219108934951677	-0.221916899908024	-0.241713929950418	-0.243938792463481	0.13694752460893	-0.0775493960867613	0.0134945821056483	-0.041478355516837	-0.0323277232959292	-0.0520876069144439	-0.0448624845329095	-0.0941580506193369	0.0595916173571981	0.0569706058606917	0.0634127363230692	0.236940884269677	0.0976901821888441	-0.0374994877513304	-0.00986322507363619	0.00353996992238998	-0.0808746862550653	0.0703802116480481	0.069037492168031	0.0231515066704141	-0.000143310587869132	0.0434623528301757	0.00716967404164717	0.158595487166225	-0.0521179105168614	0.0960514510723407	-0.0245841528542197	0.0883958578678845	0.26562522817354	0.275194575440353	0.0598317326212921	0.0397191368197053	0.0900259243655916	0.0206213921796886	0.0579760872884347	0.062307437139264	0.0719733979495612	0.137816015437975	0.277507779605102	0.20359371233018
MEblue4	0.0470905552167547	0.0098695054801511	0.124508041197609	-0.0099219878879764	-0.0236461970302384	0.0351719016354472	0.0350032401397335	0.0705799059381254	-0.00372502813167113	0.00504737034576438	-0.0811808548767908	-0.253844819397891	-0.0549181482475536	-0.337184091769108	-0.129521390158219	-0.170535162173753	-0.185157673094462	-0.203816527854901	0.130990527373414	-0.0601920262442139	0.0396629620635738	0.129005234776492	-0.113135596566503	-0.0156373433976925	-0.0452518026781162	-0.165915880304372	-0.157411911052517	-0.123428879897018	-0.16904628119593	0.00438989681917659	0.0627896357234563	0.0681583899565179	-0.00790691241184724	0.163004015072054	-0.143177378464352	0.211222189554122	0.0176735431801122	0.131110676925416	0.0755653747463497	0.256332192109816	0.159341947353776	0.19112633966396	0.0379868907881033	-0.176634928405327	0.223629427533028	0.214003961194578	-0.0986676098334492	-0.115170752718488	0.325512709472838	0.0762527495320218
MEblueviolet	-0.265483379089686	-0.261897814123802	-0.202440609563154	-0.266764639995222	-0.288238399926537	-0.253741748502512	-0.248999398723783	-0.238113936168941	-0.274262574498635	-0.27930542468518	0.00624286910325564	0.00811223585867434	0.0499225290666599	-0.063386702806577	0.00520558968938422	0.0877106981529978	-0.0792072009015055	0.00851090162166707	0.0321117408161823	0.0464214500285875	0.0509743147051171	0.0800246563470375	0.0746213979097435	0.0488987720656459	0.0692896222980868	-0.0618991084275415	0.079921160446918	0.0478113758434901	-0.0393439203732435	0.0201892082122329	0.0795682971103104	0.0897974672003916	0.101173657515416	0.105075785735487	-0.000169951423560489	0.0856607844675536	0.110572835177586	0.0926981428338259	0.0946093926243002	0.0884633217872172	0.128653470345849	0.193200177784624	0.127802022682458	0.068038943124719	0.153960139879383	0.213315435547316	0.0809590790846665	0.067608466593972	0.176109459777904	0.0500194077712198
MEbrown	-0.240161352016376	-0.253764871916776	-0.124666234028901	-0.257584014141186	-0.267356085165386	-0.247906885857596	-0.200091672872015	-0.191060327816658	-0.256447643648265	-0.258800696859582	-0.13599812185986	-0.0525206908283208	-0.0629007223806239	-0.00564387195579388	-0.0483395211899633	0.0756226397621496	-0.0152553492927865	0.0223623959292911	-0.0682045283534088	-0.122517876884944	-0.0122668023848493	-0.0359855804467271	0.102187063001814	0.11640557524068	0.1483772251101	-0.0879374939166805	0.111233563311428	-0.0308433491063873	0.0751329183699423	0.0256451436094794	0.113960806914625	0.12328794758292	0.110103182291971	0.148092396352496	0.103798875408713	0.0135165502204801	0.105579076057266	0.0579160599854026	0.0702778306020258	0.0403515148424546	0.107371511772936	0.123688735111035	0.179606072064654	0.234256270840394	0.143055364236754	0.154766231569198	0.168713920400234	0.195446327430697	0.0674596806363418	0.0380388142676064
MEbrown1	-0.175238562489319	-0.189588319981677	-0.14903323858796	-0.194911161403053	-0.227914353738952	-0.188564442299365	-0.15014542349508	-0.137340703459567	-0.199545467001647	-0.19802479346151	0.0726466115945212	-0.119463644843989	0.196954825330583	-0.225085764196302	-0.011209197684109	-0.0854904821054796	-0.166431955069016	-0.157993809090192	0.056379456034609	0.0896670850574968	0.21882322482815	0.0959508174865769	0.0884952610485275	-0.0144268866119951	0.0719036933639569	-0.0114383533720771	-0.0481374383071404	0.0750960457983154	-0.142519851531153	0.0869064906688615	-0.0774664868621971	0.0909495462559352	0.106666387838191	0.124184886784293	-0.0562902132463435	0.158288554289465	0.0687683310911392	0.0692401629512829	0.0534436423321141	0.1466180068014	0.139737040219801	0.179163089035173	0.133770981337932	-0.0219019947653172	0.132880932067874	0.265484109642358	-0.142279877719111	0.0018174533599083	0.305526440805648	0.0610793452984394
MEbrown2	0.248139964090456	0.205945322658617	0.2884332564163	0.222247934844489	0.230123189428379	0.233728482937817	0.253830932756418	0.26996595122894	0.214690426597792	0.239583497498669	-0.131315508107513	-0.140504147748934	-0.0735151827695151	-0.220901411394604	-0.139897103282144	0.0902209416131254	-0.0545779130643634	0.0376172578255634	-0.143071058590524	-0.125204171136451	-0.153819685655795	-0.101956607450038	-0.0734903785970995	-0.0756666004812121	-0.190207876165837	0.0771975561178162	0.0337827862516718	-0.148652250376614	-0.0183412130883559	-0.153509237719623	-0.154806862269272	-0.120825951829633	-0.0490268581683699	-0.0282976524941153	-0.176459270436731	0.0168749527090341	-0.118938425517805	0.0393374980546249	-0.0344264254761036	-0.0287960235502944	-0.0342587428945699	-0.019002662282824	-0.113829062786883	0.0690153591487666	0.0273937014043373	-0.00466708756718256	0.0916719433785678	-0.00566555329614253	-0.0181420609996532	-0.0380279697631815
MEbrown3	-0.255830268728512	-0.256502762644026	-0.185385885189131	-0.249780541944543	-0.261729612114881	-0.267096433126171	-0.229302746362063	-0.234744271144901	-0.261392655001316	-0.25967767768983	-0.0632065874622465	-0.0272743665045963	-0.00848631690275023	0.0102803810830134	-0.0188409077385849	-0.0350485023503069	-0.0484671455888208	-0.0613982669278954	-0.0180448467705142	-0.0290920318279925	0.0314463295953348	0.0378179696088198	0.0358922457439601	0.00992928257422342	0.0197321886264934	0.0397827587903694	0.000200067937755535	-0.0210196801311666	0.0458638511928812	0.0316177782463269	0.157678904161661	0.0992423559906754	0.107380762668154	0.157530352705517	0.0479395166462308	0.111902595919894	0.124440091975684	0.10545296575588	0.0652468252735312	0.133104432233301	0.152187387650741	0.15147738344297	0.141543700494063	0.0748695159634234	0.181557624473845	0.238458833534195	0.0393818110758923	0.144093352892818	0.189164455484966	0.107105784407628
MEbrown4	-0.230500804815466	-0.258350783590004	-0.20992349345841	-0.251439858815653	-0.255509521680036	-0.253873819963247	-0.232941537819583	-0.221060691539115	-0.274233203901185	-0.253566246524542	0.025465349332199	-0.0324016501389628	0.054466599459352	-0.0348933651391952	0.0699357363333048	0.236638847457335	-0.0421486286711425	0.144080143306206	-0.0488802951380389	0.00932649474902433	-0.0333337291403536	-0.0418973692646963	0.0585071248791629	0.0425115199660845	0.0690916778521923	0.00917454788861946	0.214313452527315	0.00567836796472729	-0.00960685181596815	0.00387867495549281	0.0225051297734339	0.0695823164405571	0.164012323765757	0.0411409516300018	-0.0418216133032359	0.0270092431323974	0.0626254686538126	0.0950166784989303	0.107033528735518	-0.0132500347454747	0.0887711939364648	0.188224849776056	0.0156408927636608	0.200118449350119	0.141957114157816	0.172698844778095	0.202509909175302	0.0743143440526819	0.0833148357568896	0.0400888884158004
MEburlywood	-0.189879125680403	-0.234878742229473	-0.0942741556785132	-0.215294263842121	-0.220742899879476	-0.235477665639991	-0.174001832612666	-0.15048627021624	-0.232562281323069	-0.202913966469051	-0.0293599219842332	-0.051805005446268	-0.0794409070416899	0.0330176915908914	-0.0138562598012364	0.178370627807339	-0.0894197399604167	0.0700380407832915	-0.0200184808213546	-0.127223152710866	-0.0606380098282301	-0.0637167977449532	0.0963768530043671	0.193085296490674	0.215605710793684	-0.267494787555723	0.17357700331993	0.0332761706282875	0.028373742324224	0.033682036836032	0.0908079442785769	0.18463992877236	0.153662944915562	0.0545800184448424	0.0511529443665183	-0.12045382777646	0.0161898651874079	0.0229796385318148	0.0953872022798399	-0.0217730737937296	0.092054900653347	0.101495847886845	0.166144084313203	0.252563102094106	0.0742588088385059	0.0459724191826261	0.243670025834318	0.221932765320469	-0.0124676913708955	-0.014716755072005
MEburlywood1	0.0909466499550936	0.0799273304295642	0.240322990652975	0.038139054243338	0.0723352028991058	0.071303355123962	0.124360262340248	0.157242597496198	0.0543580766004503	0.0877441974255389	-0.255499951713946	-0.207285474041692	-0.238399557333849	0.0114667068988387	-0.220874861700657	-0.0578177398401376	-0.29691984213801	-0.174903091626286	-0.159741638380157	-0.257563760882497	-0.119618088359735	-0.143147812640325	-0.0301660531854253	0.0697775250645779	0.12840097211446	-0.221690056076706	0.00123952869070079	-0.147096672642446	-0.0344433433696249	-0.0783572065251168	0.0820353181308825	0.134941435353416	0.15522745145427	0.0762597154177626	0.0549310490911764	-0.129657664260313	0.0524655649188539	-0.036578770264924	0.0349468579448878	-0.0909005993193222	0.0810020702751319	0.0746280039180842	0.19053847884975	0.25720578434134	0.127843963365461	0.123164424263038	0.177947189686167	0.158992454406966	-0.00657718357030596	-0.102454843480765
MEburlywood2	-0.236434038172674	-0.265786948850053	-0.178756527583694	-0.254880445568615	-0.248796943515976	-0.235624018927569	-0.228000717559621	-0.236743717058379	-0.268257476265951	-0.264773267275951	-0.0199232904372466	0.00656663738116633	0.00954761286738495	-0.0236245813595602	0.0502396788053444	0.203671277445567	-0.0355084759963612	0.118372761452298	-0.0492512740952356	-0.0172715134246384	-0.0351379366688972	-0.0349318307087625	-0.00979348145123293	-0.0317201266900293	0.0379509134057529	0.0332559230315834	0.186150085031657	-0.00277788623693171	-0.0226770660246138	-0.0249452701091839	0.0940096656719106	0.0466706702905006	0.159152281233047	0.025536186830119	0.0263247433160016	0.032062967656205	0.106492570876476	0.131042954655766	0.147087879939542	0.0134771003875007	0.111879184694128	0.208443956679018	0.0560999630972375	0.0712051687518894	0.150205301163385	0.19680953181381	0.253103969841905	0.0927101151190004	0.125864305541893	0.0316834270010867
MEburlywood3	-0.217836716405137	-0.259114937409271	-0.20049441443364	-0.234687500867463	-0.205762261398776	-0.24037874926432	-0.218185141279442	-0.21901322559124	-0.256158868647178	-0.208941599831547	0.00535677293794585	0.084443768002491	0.218407000710597	-0.0626796940984102	-0.0208284344808398	0.18242192056671	-0.114828419721617	0.0714048891541035	-0.121088555061564	0.027514050318798	-0.0102000242997426	-0.0926124141900321	0.00661388843007803	-0.0817178981568192	-0.0528873607775988	0.210958708252415	0.161787602926671	0.0392321249517683	0.0338257537218511	0.0263866670553967	0.00276803651650993	0.0745110904447369	0.0868206357510405	0.0315698715648346	-0.0280575761697093	0.0253094188518681	0.0958326150665499	0.080940938374394	0.0954010471687138	-0.0226595054550858	0.0883452654067935	0.149821908676782	-0.0405735253331866	0.239469917226254	0.202503582990543	0.193222327161579	0.153288223879019	0.0984402986419367	0.0970960408195942	0.125012457302644
MEburlywood4	-0.267779984487588	-0.274082110548238	-0.202751374678066	-0.278482904165444	-0.249035399372772	-0.25841453470018	-0.23999860023779	-0.23865334541345	-0.269157190311678	-0.270863855538243	0.0333138534346005	-0.0967072534853662	0.0508021266819427	0.145686001825284	0.0554918476273888	0.0196620122526547	-0.0516249033154015	-0.0311777407098067	0.165079528557487	-0.00660158333582825	0.0947088463341756	0.00329101041875606	0.119285851391767	0.089376292002401	0.0602575048075169	0.0102507722084634	-0.00951756037726	0.0731617807754708	0.0621478776493019	0.110311012629011	-0.0014737321452744	0.0917192358723697	0.0646093569411568	0.135871285745651	-0.00775738277699014	0.0630682902773837	-0.00586285001389286	0.0640314367223957	0.105736034375077	0.041973150031706	0.0933771195551158	0.0818071205943275	0.0625326079785952	0.27147777795002	0.112102290538914	0.0575248822816177	0.0739011336029075	0.20861993946531	0.0867138998044571	0.052050425280044
MEcadetblue	-0.244496308833357	-0.239887831924988	-0.163593092506465	-0.259000017317236	-0.264462273531477	-0.24525978881532	-0.241163575189492	-0.210328983866879	-0.261941765561388	-0.258233512583096	0.0114281860485744	-0.0530415596811584	-0.0530593558312707	-0.0418050499742161	0.0288832083570283	0.0117245065506569	-0.0599798588440483	-0.043217885361399	0.193141626489367	-0.0486644814611456	0.109186932770982	0.066614004578452	0.100649417659843	0.047199981582124	0.0828406612482893	-0.207956633220203	0.0147452925897197	0.0547876698501939	-0.040099276244629	0.0790908717551718	0.0783286929356233	0.128496844331292	0.124273633757364	0.154912992995481	-0.0226618392224343	0.13671772408252	0.0131872884289979	0.114365604165461	0.12464582921623	0.0634727241389412	0.116310406122278	0.13187219113147	0.150382555509191	0.149643701498404	0.119916283694537	0.106954307362792	0.0679383717117977	0.191421824196128	0.132584968394756	0.0531347868165331
MEchartreuse1	-0.170646868613047	-0.200514583734191	-0.0918528286385472	-0.139640362123004	-0.135062901556314	-0.142111287543153	-0.120427451177414	-0.202295359507955	-0.20751017613714	-0.150539642048028	-0.0401823293046505	-0.0849586775980313	0.183687314979604	0.297712702794849	0.0183075412418173	-0.206472268742178	-0.124010708385311	-0.105461266722759	0.197246728731563	-0.0479466063402212	-0.0149922609975667	0.0145927096126211	0.0743402767807161	-0.0104222957917569	-0.0564901551615738	0.0672915494578645	-0.138147734110241	0.0503560399043401	-0.0627410209154756	0.0168597305235373	-0.012117674022671	0.0427071807509489	0.0172612670201546	0.0262552484243039	0.081907375256573	-0.0122097968425586	0.0314142096532636	-0.00908130933454073	0.116916760046046	-0.0546639544571663	0.088424324574706	0.229447217866891	0.0125546773642688	0.479834821815748	0.104283876036177	0.0727056113852179	0.115751932285589	0.318792956438133	-0.00875981960271153	-0.109392713536731
MEchartreuse2	0.196910732965134	0.194412874484099	0.258664092862957	0.192733645686345	0.196867637733172	0.201896023568518	0.222955091006667	0.226341503495044	0.1923619692542	0.195824558562922	-0.187825870373751	-0.150157754119882	-0.115237630499741	-0.257647613712415	-0.223327272426416	-0.174523355181438	-0.147042732837348	-0.217182712434951	-0.169615255388871	-0.0779888021790864	-0.0670699691148841	-0.0143957971071065	-0.0662877402206392	-0.165482918656373	-0.116377056053486	0.0744863978537586	-0.150811417099603	-0.132069002848545	-0.081772488659086	-0.0945536972993484	-0.011233542139931	-0.0998328079272855	-0.0497375532125428	0.00571101440197359	-0.102857581612555	-0.0418979527971349	-0.0475816266471632	-0.0434791189543186	0.101554353507491	0.136013338148678	0.00826654358555681	0.045361561517894	-0.0385165378627513	0.0730802526441091	0.0800881595993082	0.132240680862633	-0.00398151372376589	0.0596307474668915	0.173253022184582	0.0798331196984864
MEchartreuse3	0.198257769077307	0.153228304660397	0.242229407003323	0.166911403861219	0.155800007937524	0.178831524912342	0.201570116034139	0.215010425473341	0.15518386703599	0.177823882345318	-0.174945854330288	-0.10374224823295	-0.00858131748239102	-0.453972968030946	-0.130737296514655	0.0713869381293	-0.10737308105386	-0.0198196870382859	-0.172250404587033	-0.0213510072695513	-0.00715480124894918	-0.00354821014122102	-0.0841210430469877	-0.12021284500495	-0.100402868047838	0.0651039477155518	0.0240479492581507	-0.0634677937310892	-0.159952338919456	0.0054890069682876	-0.0194157995546816	-0.00355342961146568	-0.0478047516443171	-0.0791286870575635	-0.333384607673183	0.0666418844304193	-0.128367007360252	0.0235486829818377	-0.0272657739868114	-0.0640235024125755	0.109286472644854	0.0611213144983344	-0.203405511167263	0.212364966020673	0.0929354101494621	0.0573109306670684	-0.00249844533616218	-0.0874065077564324	0.0737723995344174	0.0200311769019008
MEchartreuse4	-0.146226970230848	-0.184812332370528	-0.0512885779723231	-0.209444043815126	-0.232792223014639	-0.171418159192069	-0.136859412028024	-0.130929644171017	-0.190653405527743	-0.235903483950031	-0.145588961626538	-0.161248339658591	-0.0202454621600555	-0.0780248629131638	-0.0662012953864242	0.241398079031118	0.0793640635234831	0.198010002390079	-0.0691861361088891	-0.127129776895727	-0.0416937380724755	0.0143817684844799	0.2075893176646	0.206375463772383	0.253604802900352	-0.187903574114907	0.232591068450758	-0.0377651498420361	0.0891996760979298	0.060675556443701	-0.0812346976838265	0.10015484842823	0.130435212824289	0.179646307877236	0.0512724343062523	-0.00426249704689175	0.0164177622386609	0.0208676264061259	0.0501252123520177	0.0550147269045257	-0.0414242510498821	-0.0820776795745809	0.0873842855490441	0.309564385053474	0.0761682101444704	-0.0145879945543668	0.180731218637371	0.127824865098797	-0.0464590096290739	-0.073435215989602
MEchocolate	-0.236466291681539	-0.23895301640525	-0.180669742049365	-0.232252634070479	-0.239504766223629	-0.225173426816771	-0.214812622099549	-0.209384554516738	-0.272914470807825	-0.249140933501902	-0.0456839619828987	0.022163762333471	0.00777847133427022	-0.084192909608365	0.0867727117260255	0.150466863497933	-0.0888025691072933	0.0383072120608744	-0.0569821586728381	0.018855071730068	0.0373724873908077	-0.0320966392219058	0.0145917317340883	-0.0332529405523481	0.0759206640694691	0.0955950657043306	0.123530678783164	0.00394301963456144	-0.0486079327419244	0.0141304066391138	0.141662323621534	0.0884962636888626	0.144426427943008	0.00400794288643725	-0.0998351731108117	-0.0101909891825726	0.128873558968701	0.0346138262945292	0.169630492005762	0.0215066522456215	0.146226244588786	0.276616074890267	0.0212988304213888	0.130544835419813	0.23028407320427	0.267137141432661	0.0929436934790746	0.0267240392256014	0.139203408305996	0.0452937570935168
MEchocolate1	-0.104272775828284	-0.104738014078059	-0.00852932446157496	-0.136466677255331	-0.107568018700527	-0.105579048839512	-0.13279277257084	-0.0884401163680308	-0.13868535006556	-0.111109530207898	0.023216960558568	-0.212540870959574	0.0435775111146191	-0.287515913201346	-0.0360461878082982	-0.260682361131182	-0.0850112852218313	-0.201586776787765	0.277431564404865	0.0736693672607869	0.104715026433293	0.152675229230853	0.0369082328768553	0.229405938445403	0.0901077286037737	-0.0321278612441717	-0.142046599895773	0.0715362923268855	-0.170346431810638	0.0373603582990932	-0.13658494828263	0.118005770005774	0.135333076911977	0.159829883322254	-0.150128841773199	0.190555068663974	-0.0309677403465665	0.0916807393884107	0.0874232106885611	0.119844723148888	0.0156853664215211	0.0846110691484363	0.074816759046845	0.0064637930717671	0.0904027683165736	0.175643712065931	-0.21323694943044	0.106003130298413	0.343781588759171	0.0563195274555413
MEchocolate2	-0.197735497340407	-0.217526435323547	-0.155589641371512	-0.233002591222358	-0.187859125357461	-0.215912307656176	-0.195731388337731	-0.192559339177808	-0.250811960190933	-0.199365929156928	-0.0568261989409257	-0.0884734359999956	0.0614971374767646	-0.10974325312692	0.106122824092762	0.116684065022999	0.157406249438539	0.163578649134999	0.140017315067203	-0.0494659264851531	0.14483177502503	0.0836591121092373	0.219315731206361	0.0291186433759904	0.129146690367841	0.106650056158686	0.0424547439131695	-0.015990407936435	0.0801570500246017	0.0139001917297047	-0.151779472646691	-0.0157753616646775	0.0201992638266865	0.253511777817124	-0.15142545052549	0.267222717464901	-0.152520048533927	0.20579542187969	0.0623716393164082	0.13610911390489	0.150471145055145	-0.019280305704869	-0.0557259037077102	0.118482355686246	-0.0147310579193964	-0.0203003615341766	-0.00414942100496826	-0.0162250367858715	0.15726323254818	0.00253895600890732
MEchocolate3	-0.248889270292423	-0.296207369944777	-0.217098269699203	-0.186194219650951	-0.215059663863797	-0.267663642677647	-0.182789828623521	-0.23932638366507	-0.247501415031836	-0.212781441627182	-0.0398670123402271	0.114072565389459	0.0194873262106512	-0.0630657067169881	-0.0978396270259339	0.0551113422531952	0.00571487156577961	0.00629049414342161	-0.134817944984899	0.043560835880449	0.111163318688609	-0.0755084931642681	0.0815614296144708	-0.0371191366700139	-0.053928976105093	0.255454555703262	0.100093318238986	-0.0339049874297548	0.0863916231225755	0.0443969139422933	0.0051250909614243	0.0911798150708776	0.0197296416692006	0.119647831999797	0.144836943121766	0.0865079809120256	0.152610888758221	0.0627863265156113	0.0476264719139318	0.0284770587601521	0.0886854297365092	0.132844626257715	0.0076798801380092	0.235305038490399	0.194199573757913	0.206981751631407	-0.0162397156530956	0.0898716097050065	0.0467933247365563	0.181615226277006
MEchocolate4	-0.231561842516697	-0.253459996444231	-0.142821268787835	-0.26462918318495	-0.229005499042597	-0.22997158695477	-0.215319938599966	-0.198339090890438	-0.256460765523264	-0.240880434483342	-0.103413825912657	-0.0886724556464699	-0.0760522992210363	0.219409335307919	-0.0651928040342122	-0.0955009556990555	0.00552002313885956	-0.0521645397402885	0.0932068835713082	-0.101903596925233	0.0151602853449741	-0.0190224960186818	0.0207596227452948	0.019702410318986	0.0149556947458815	0.0189724699128088	-0.0213633204797068	-0.051466015566289	0.092836929887562	-0.0210591258583216	0.0839531875845217	0.0235540302892435	0.0886526013054158	0.155413905950465	0.101190968998172	0.106815897345809	0.139865869131178	0.142930657753695	0.0855941236425769	0.0759774043264154	0.122752861737251	0.0778839077402595	0.144340150748855	0.095680407718404	0.160436715564963	0.206275037295485	0.196901027016359	0.239379230700411	0.144608498572939	0.065530903134028
MEcoral	-0.253228151568172	-0.266074567711351	-0.171426078733847	-0.264009970462531	-0.260365583675057	-0.252471044229964	-0.23325296944944	-0.215121868303113	-0.266142618014219	-0.26051439657567	-0.0885112654837434	-0.0284558003906584	-0.00946329203650612	-0.010302131653698	-0.00446817426954584	0.167532608693012	-0.0820258583886478	0.0644004585607851	-0.0179204313910816	-0.0335024892055838	0.0699451944145652	-0.0246729126924928	0.132597406492311	0.0710570139565968	0.122943767444344	-0.10243700315911	0.15814963631761	0.0744999771473474	-0.0117629288532409	0.062710475220316	0.115600470171727	0.152159967228502	0.164521146373097	0.101306639957264	0.0602922022130608	0.00168213504335696	0.077410057650858	0.0191617488664135	0.0796116366324999	0.0132256184738705	0.114824414979874	0.134258470631656	0.133607383398498	0.216900832698195	0.149481248248	0.165392191666617	0.0580586180500991	0.121752853016096	0.0556099358864578	-0.00256457318535835
MEcoral1	-0.239711540851643	-0.263803704838776	-0.124116358009045	-0.237749381295723	-0.246046684846123	-0.257437285169544	-0.190682404430204	-0.179114210784535	-0.245871305922194	-0.242487254194843	-0.126203880716712	-0.033734821217141	-0.0975808056080025	0.0578986257787009	-0.0602110388065118	-0.058407657783235	-0.052465840938789	-0.0866557519915555	-0.0727613885021903	-0.08040685555326	0.00821494682648584	-0.0284618360066369	0.0438190883830059	0.0535218319191232	0.0378272047194207	-0.067060864635898	0.0317846839329863	-0.0146958592267346	0.0780562043408381	0.0249716293038166	0.134540860607454	0.125352124220623	0.122504265949964	0.154086294331194	0.128301121715176	0.0458930126320223	0.146820257006293	0.0777349612711194	0.085265050296049	0.051897983514472	0.14280321360974	0.170981182515163	0.236055971997991	0.184510734314362	0.190623212225984	0.191208929047168	0.151706104253218	0.179953123989796	0.0895643461145529	0.0597697665125771
MEcoral2	-0.256885986700542	-0.256800914070852	-0.180023358384639	-0.272349656419528	-0.269813445411318	-0.245210145822897	-0.23314584307127	-0.222183521574756	-0.262989873656286	-0.271865141891541	-0.10315466010055	-0.0674571783098248	-0.0470328881054261	0.078143831441308	-0.00330793469886838	0.0197602787825363	0.0596539815691544	0.0270264867559952	-0.000831652310663678	-0.0582038391190565	-0.00668874807306392	-0.0476503473501541	0.105354944603101	0.0909875325500301	0.107487552940312	-0.0759525413665343	0.113200510748744	0.0405318666009224	0.115116244738081	0.0546966403918682	0.0857175770847915	0.0725362564424149	0.0948792830948766	0.150206942931525	0.186177197195191	0.045259568693734	0.173121848794964	0.0727610940062944	0.050329787434035	0.0131247663349295	0.0791254150584315	0.117771537996257	0.115481970566356	0.241462969892978	0.120591996886281	0.135319058397184	0.0666164448936418	0.163613684110325	0.0752234859600316	0.0102669195414754
MEcoral3	-0.24179335073153	-0.254886032979028	-0.185420964222507	-0.233662180484158	-0.256379269004982	-0.245725011301834	-0.218041821659505	-0.22134727899715	-0.249879135413292	-0.248719133026627	-0.0801299819261638	0.111423497659174	0.073078115457341	-0.157144133511417	0.0212004376677711	0.0800731232937295	-0.117538939360552	-0.0158465378787913	-0.0558336459735906	0.0961772984523951	0.140919202823709	0.0571769498149126	-0.0339945315110728	0.0069670921484322	-0.0219513459527699	0.177422132189146	0.071499477382056	0.0149558004795138	-0.0176349296789189	0.0991260396850429	0.115472042540846	0.143879796798348	0.0478708405227386	0.0536600997011361	-0.0103051924487239	0.133770880758121	0.02079736617487	0.101102857925236	0.105658284031179	-0.0205953434125541	0.167302812535498	0.165273717869998	0.112275348949075	0.208943729421815	0.1931688121042	0.0912129531531996	0.0136600709774891	-0.0258976801066621	0.0829298654151518	0.205727793649707
MEcoral4	-0.221060355197811	-0.219335555006506	-0.123714366096093	-0.229675760481538	-0.222753070473532	-0.226621911356469	-0.186482124024722	-0.167762372282579	-0.240718152148443	-0.218170915998119	-0.0893949067387505	-0.0462294461365233	-0.0701713278945712	-0.00185739855409384	-0.0408858848950595	-0.0619397358116103	0.330159978033713	0.224053768986521	-0.105056401706385	-0.0875818836367393	-0.0344894565997668	-0.0888064240917333	0.178083614427857	0.174279522370758	0.219675575613283	0.0273680976508527	-0.00318882085876352	-0.0797969881561468	0.259091219775848	-0.0577746848979089	0.0504590658638913	0.0448241466361869	0.0233316740309493	0.26887056684686	0.0282670832206	0.0636805582871703	0.0345169799689551	0.0600809838424104	0.0374601082515842	-0.0198907486580803	0.0514150490619163	0.0771429802045572	0.0959114451002897	0.1395001420292	0.110477666320955	0.0970981098206049	0.0626721710411531	0.124217150873044	0.0538483355256957	0.00687269791708963
MEcornflowerblue	-0.227676387449939	-0.241079437028037	-0.118992314093931	-0.24812772732363	-0.248439203593552	-0.226958350047751	-0.200137966411532	-0.176774855309411	-0.2501407818865	-0.242695734738037	-0.0802717202971022	-0.00632915969431817	-0.0211023961105921	-0.0444180256233846	-0.00779853311773576	0.191352672145906	0.0516025076363773	0.121111012186234	-0.079426408382035	-0.114526215000973	-0.0763298476784312	-0.058508158850303	0.192376764982696	0.126951636115627	0.146651784717369	-0.19966944884854	0.190113626851272	0.0193836173231555	0.119914677973135	-0.00174433458115256	0.0983687878910237	0.151698579707828	0.10954526442708	0.118680322006092	0.027867618384832	-0.056200205292819	0.0463174480962271	0.030796983090368	0.0856105462526439	-0.0277474718975315	0.0732319107639339	0.0930643083195775	0.125485457099444	0.244702998875499	0.128428979995945	0.111206760403679	0.200633713414966	0.134926946248801	-0.00547433177089505	0.0205440901184213
MEcornsilk	-0.0470054924458311	-0.0617417599683487	0.0500956718457052	-0.0925641189901692	-0.112324309789838	-0.0409094313173371	-0.0313246448524456	-0.0068464389814007	-0.0777875888356793	-0.086574378782074	0.00885278132426484	-0.221608094730641	-0.035756969287385	-0.238300494791524	-0.136274373518876	-0.240441395591939	-0.187342579116566	-0.250339386658214	0.111059787279182	-0.067189083098632	0.0629321573224787	0.206751916670411	-0.0741762207335128	-0.0537290230702964	-0.0411048721651922	-0.0837696404644885	-0.170583241474373	-0.0866521855857172	-0.0187610630215877	-0.0771616734982462	0.00286732594516506	0.011771611396151	-0.0671880449787548	0.170840048583608	-0.0764159902063159	0.151048677022619	0.0513578835969286	0.0967841425696998	0.259325348638231	0.288943845227785	0.090403710289589	0.127590691061031	0.0569251586623446	-0.116389582494164	0.166933069747448	0.238136348849545	-0.0221503989712569	0.112397080178359	0.400227580352357	0.157167640857901
MEcornsilk2	0.193018017592332	0.172453356727582	0.304827299357684	0.162011786333087	0.129059527724005	0.173375813918699	0.212001831564062	0.238142140046559	0.170915073281624	0.15061420135562	-0.226911767662678	-0.190042373338975	-0.161557288567841	-0.107756818462077	-0.212892058898605	-0.162883279534361	-0.0980272095541066	-0.159523941026692	0.0808995247903363	-0.215658888215035	-0.0475673634409154	-0.0163889474948414	-0.128249307695306	-0.0260117762852385	-0.145057511221902	-0.311778007343876	-0.0978198499247566	-0.142010782508198	-0.0373262578987493	-0.154315279000862	-0.0600268582601887	-0.0307525092221072	-0.0638668688425496	0.133552213226203	-0.0868813875043662	0.127832733406152	-0.0574593996555397	0.135783554341664	0.0615608624978859	0.00202024287089078	0.114002876562617	-0.0650172890219489	0.0335200907097855	-0.00082591144251365	0.0447620852130479	0.0585201355436175	0.106996290695821	0.0674627288315858	0.14045257192825	-0.0071760264948798
MEcyan	0.183510035486582	0.161761619722682	0.310974004790417	0.176688786023912	0.17873317120758	0.169784262983026	0.217373606779626	0.255304657592693	0.16396289881649	0.194664098442249	-0.28645031278769	-0.205692205380533	-0.1969328227182	-0.098532663148751	-0.164786765477244	-0.223674068326459	-0.123088034160195	-0.211732269808127	-0.127298362363003	-0.185528402382858	-0.124547868170635	-0.0977401618009694	-0.107948353839345	-0.037891160272493	0.0288972848163289	-0.149482638484523	-0.141394641460893	-0.180538520918051	0.0465955948399348	-0.0954755074591268	-0.0148643995943625	0.0187662564011579	0.0236995942752271	0.0806213099779691	0.00444099328788312	-0.0729492333577021	0.0181328900877089	-0.0540836749627969	-0.00807301800791627	-0.0300868373780867	0.0416381373851526	0.0176238852638316	0.105803510733981	0.101532532232524	0.0919243605693087	0.0844211867515471	-0.00443968261266968	0.154535370854327	0.0868915970898135	0.0249499584606763
MEcyan1	-0.21253898477484	-0.229598498159557	-0.149117934796238	-0.212135861330109	-0.193635629223916	-0.224176552354059	-0.168155028982112	-0.1913859007083	-0.226162413438575	-0.185993910301672	-0.0917778026354176	0.0209262351891153	0.0216414637799985	-0.195038874516551	-0.12232095595046	0.028444781935053	-0.0788790710760721	-0.0276198201228452	-0.127958476635007	-0.000184607841791922	0.163361951653356	0.0245149400778596	-0.0564502498761532	-0.112176235214203	-0.101783833071916	0.203247527277377	0.129416159175829	-0.0175676026666273	-0.0460863643117823	0.0723529228798822	0.145513495882688	-0.00684424753954582	-0.0150260574757353	0.0185052415642086	0.17815628660537	0.220639442931098	0.183302156631208	0.207451680383571	0.0785383413076455	0.0687177514864726	0.176051376510815	0.0748753595279004	0.00514948527210353	0.228337839045183	0.206560070542801	0.198261833919802	0.0642941119298183	0.0724432134628928	0.0837740904163516	0.118137153615082
MEcyan2	-0.215350609073853	-0.249197833762773	-0.190229166584765	-0.311861384970621	-0.258949901140125	-0.209567104520205	-0.232626003946724	-0.204408092930932	-0.233790289779999	-0.245975839828992	-0.0386058085643658	-0.0463002032735723	0.00179262419975262	-0.00813083948885277	-0.00841674198160614	-0.134084426216228	0.0110756432826873	-0.0757822128405001	0.0729226436675741	0.0263817228230161	0.0889573790201007	0.111681243033339	-0.0282855821353906	-0.0162097000345521	-0.00885344293114989	-0.0270201615878766	-0.0507987074334885	-0.00762088257619908	0.0811227383596548	0.0553955669545816	0.0657054491157837	0.12397594032941	0.0219258578156756	0.142653492863539	-0.0367543259649301	0.222292459283102	0.0160340341831109	0.2046619256351	0.130486238291604	0.122152586139872	0.163112540775159	0.0758446599641955	0.118857362993705	0.0415229692990698	0.175070799507737	0.115920555250117	0.131119872685172	0.213264374101482	0.175307557900768	0.129581024092393
MEcyan3	-0.238397736488993	-0.234187626503304	-0.176238709229309	-0.244774743542133	-0.259358397967496	-0.219957284651877	-0.212141300463181	-0.201769153598254	-0.265869745035566	-0.276713176499536	0.0792872426292196	0.0480982366275263	0.208169162235426	-0.0766220035734249	-0.0279244562172708	0.125485966240083	-0.0525042803668198	0.00959790804047293	-0.0813786886456038	0.0497866955073895	-0.05902130262448	0.0771560310957348	0.0425087842247816	-0.0846195605670793	-0.0333919171651097	0.0796497928366644	0.0533439861425773	0.0166042886339313	0.0737196774438493	-0.0467414719150681	0.027272006984162	0.0679764561897012	0.0464843498793234	0.122463541818341	-0.0956359029108144	0.0486271714550834	0.0519923865843228	0.0939011485842485	0.113974349822558	0.150447393166098	0.142546466660304	0.205534816704062	-0.0250756712290233	-0.0255894929088333	0.215305288429884	0.179944906004168	0.187576473450114	0.0921405042676946	0.211639414378985	0.116678176066469
MEcyan4	0.120690137821615	0.0656646241449058	0.235555722093108	0.0867549193861962	0.0675774120096079	0.0795771143686301	0.148058827034263	0.165562517027783	0.0875671929686772	0.0803812120606362	-0.284207925804904	-0.194682491137023	-0.188894879010363	-0.142758922054437	-0.310322589390292	-0.266369296546308	-0.00241349741487746	-0.167402960608237	-0.265357021462739	-0.208667429518131	-0.10674260152395	-0.0530854040573359	-0.10682332223676	-0.0636233299688281	-0.0376068442138043	-0.103326982276195	-0.140117165679926	-0.111727553000726	0.042587811016152	-0.134914991988121	0.0388003257238044	0.0424498076035724	-0.0747267572599497	0.0891000434229055	0.0345682284386639	0.0442641571462657	0.171023315362672	0.0822205659737588	0.0375481717098154	0.0348773867101217	0.114512900593472	0.0984903745711098	0.141426533464948	0.0480323825885173	0.183863006912266	0.266449866390721	0.170331033028194	-0.0267706939600106	0.156331880135417	0.0562751894051179
MEdarkblue	-0.168015742250625	-0.205641252257015	-0.117821736804207	-0.212105694250375	-0.184992613102004	-0.191015335983337	-0.183897695473084	-0.189277483636261	-0.20708996382385	-0.222609808887905	-0.00937432631142259	-0.0418297445673962	-0.0818599352288089	-0.0458970226192752	-0.0285782652939547	-0.13221156693761	-0.215656652120506	-0.201328126498076	0.00848178349015927	0.0494681403799496	-0.0560220696119935	0.0923043165214347	-0.0233791196710433	-0.0216727383896138	-0.127573002168078	0.0588762419120272	-0.0844184650176641	0.0579246598273592	-0.00556514741075412	0.0315629962058132	0.0612611779805611	0.0904173631595394	0.0428122407128398	0.125805837314079	0.0213887726213859	0.0825240922175174	0.0808039678066568	0.0551029676835781	0.233042948223241	0.128045629463278	0.203898125725531	0.163281516751874	0.162576028228946	0.0689097867375481	0.176074454462288	0.224789778260966	0.0286006372019676	0.18248494548125	0.309111012580296	0.218284087364772
MEdarkcyan	0.225945002914948	0.193761096146015	0.283101179420823	0.202636627224834	0.2193401622812	0.207208060474651	0.238994416423937	0.253730353053546	0.197352743267342	0.227812068762044	-0.146074758202321	-0.171248870460287	-0.181292149317399	-0.120546240960208	-0.209656153613875	-0.112173865975306	-0.0892446009600378	-0.0916494011891085	-0.200626017529327	-0.0932197864956948	-0.0505073140069205	-0.114802464496607	-0.0600615664143786	0.0258104954860296	0.0862804861677252	-0.187997000482256	-0.00263349474692777	-0.136622307469983	-0.0921459482035108	-0.0556607947005641	-0.0544240130473295	0.0836608029171936	0.0809578538689662	-0.0121260802266429	0.0746221831685829	-0.0187471040710956	0.0619828047970583	-0.0229425782571256	-0.103767029113896	-0.242987008838994	-0.0642774799641543	-0.0550881477210231	0.00858950928950709	0.212627913682751	0.0412085307188825	0.0251411244218192	-0.0286965826775536	-0.0371381814410526	-0.0726239983547534	-0.121782475549525
MEdarkgoldenrod	-0.232611529654851	-0.255057267687296	-0.116488250132734	-0.247138042795343	-0.255793262295449	-0.229297627071142	-0.194600116793394	-0.192001965362491	-0.245699921001296	-0.254397511474589	-0.106668206997457	-0.0428114350134624	-0.048441969368462	0.0200177739778355	-0.0326723974043228	-0.0600487755847053	-0.0783865904424358	-0.0864755301779047	-0.0357271641993527	-0.0765218219778253	0.00315741263368282	0.0184900157135863	0.0507680879806198	0.0443800994068825	0.0440379129455854	-0.125768068343498	-0.00184467655432659	-0.0217407105927299	0.0416834924519809	0.0142437385611979	0.0972859356262291	0.141938352213053	0.126331892466506	0.132339730648661	0.0808824058294065	0.000357649993968679	0.136708881062684	0.10771599835158	0.105605986742709	0.0875063813613358	0.121967659617978	0.170410290881916	0.216142030703283	0.114380718270816	0.171713940079523	0.223018972139693	0.233471018831136	0.16871227750884	0.162095204068122	0.104828980856257
MEdarkgoldenrod1	-0.180721364840849	-0.220478029308294	-0.0759926553077068	-0.196632235789419	-0.205609064046502	-0.212563745635516	-0.162339077254183	-0.135160974130717	-0.219964238336743	-0.200623383714768	-0.0115251671181224	-0.0568410552391854	-0.110823829856387	0.114095073016621	-0.0168904656545845	-0.238487111160262	-0.0868953732672997	-0.242804546758378	0.0733895929796197	-0.129825793418458	-0.0818558770840513	-0.0374701435540573	0.0401859568697586	-0.0379571997564979	-0.0283855781231688	0.00839423083983319	-0.0810382392430904	-0.0365949777013808	0.0208078341098736	-0.0070482825210874	0.128066567806684	0.107677608586743	0.100632956855881	0.148111197124001	0.112660005795905	-0.0107967418536691	0.118948724244493	0.0268692605465279	0.186171184923714	0.113362184050386	0.209838119368547	0.0856556620622986	0.167670280806273	0.228048073652694	0.187847874351097	0.171312052824555	0.162413157529281	0.263176650868395	0.137630623891127	0.112360277570069
MEdarkgoldenrod2	0.220359780830689	0.176142491928158	0.244503390523662	0.16922174541627	0.255056334583861	0.196412823663263	0.210339514670274	0.238214768163595	0.171429470677716	0.258618948519107	-0.0768923333574132	-0.197356167306226	-0.0987587328019775	0.103718698179935	-0.219002400234595	-0.126466697014665	-0.267682195220109	-0.238141520790298	0.023864772186841	-0.267288139578007	-0.0315346689251313	-0.146052887848134	-0.001303047688371	-0.07541868508641	-0.0383134306630579	-0.00105349892972583	-0.138856368106876	-0.0965294045923611	-0.096294265241804	-0.124043411967357	-0.0157299343578054	-0.0315428827312412	0.10181468100199	0.00083368842005473	-0.0294799842481851	-0.126157939901432	-0.0453805678132532	-0.145977622932603	0.0904779302222991	-0.0936678716131045	0.000629141257040465	-0.000890931635688305	0.035511606782975	0.154649198719119	0.0842707609043175	-0.0375308832049845	-0.045337454875139	0.114962492839814	-0.00829229424456662	-0.0300560165804586
MEdarkgoldenrod3	-0.20221816823285	-0.243135107565203	-0.122132167700641	-0.261833343601161	-0.220048221824798	-0.229510175524563	-0.203695862381583	-0.190941332932952	-0.256259064941593	-0.209097126800545	-0.104640544129064	-0.0771406979994901	-0.0370462209433686	0.0680897044957991	-0.132530028006797	-0.049835331828107	-0.000333843051352272	-0.0664185955389461	-0.0479001664946408	-0.111200454766915	0.00358464218379461	-0.041521356793283	0.013830553950415	-0.064804371106793	-0.047800692584463	0.0620509653334207	0.0670083121499034	-0.0109807334770334	0.116391479677408	0.0109663659247455	0.120314516074689	0.0379110084570525	0.0411711319495716	0.119860508150544	0.180440912950621	0.1223104352958	0.222139459191518	0.198796119089615	0.0404865019148583	0.118755188729549	0.146855031843521	0.075603231676772	0.0733897074905417	0.0593209798813751	0.197880468849714	0.26873943929669	0.267357392704448	0.0946387013978392	0.138852120409465	0.0642787291564727
MEdarkgoldenrod4	0.177249085142564	0.154687974189094	0.259990512643788	0.133388683391019	0.0711612740728993	0.167466471564701	0.186090488853406	0.197781090362367	0.132508117958509	0.102149796837985	0.0432795027046249	-0.160975089038723	-0.104097674889687	-0.103816421272994	-0.185439892726586	-0.218857544415407	-0.031224952737792	-0.133133145652028	0.00326822708934847	-0.188842006092375	-0.185847968603569	0.0655703155327904	-0.0660871714809373	0.0475027922501324	-0.028536014568377	-0.146866506370874	-0.180184386234897	-0.234485150733778	0.0766839437620141	-0.189374366214377	-0.186294540080207	-0.0175059237973522	-0.128455443302405	0.0713920139026065	-0.0923562223379876	-0.141204828554787	-0.122188725110277	-0.070796692913602	0.278096970148199	0.14526359297024	-0.00336274696131821	0.0354096739440174	-0.0459137301282702	0.0265083639920653	0.0229112358376342	-0.0976293901976842	0.0781851760504486	0.152638946531714	0.219495792469959	0.214796492214164
MEdarkgreen	-0.116993894729433	-0.14380811450723	0.0399726053862904	-0.159558631552267	-0.146198334604427	-0.133529845119718	-0.0756604858906393	-0.055870806183572	-0.148219658414649	-0.136479958870569	-0.26935262711061	-0.114941985195293	-0.146882361205477	-0.00105672799181646	-0.167041469189067	-0.197376052635923	-0.0754354548851176	-0.174824057499729	-0.180668167710963	-0.163392038453642	-0.0379228374983711	-0.015317087057184	-0.0303714170524803	-0.0446576062014544	-0.0452984136443845	-0.0621773267013768	-0.0406598290371449	-0.160346351893745	0.0917324508733421	-0.0603894314645336	0.113260699199735	0.0991708887361475	0.0641971169574852	0.170915617460547	0.14061321652752	0.077682127520993	0.175013270330431	0.113187504195017	0.0936065017138972	0.101446322708504	0.141717674096586	0.178285224230804	0.247172433698991	0.0044891268054065	0.248337782113029	0.270403480886062	0.167494063989104	0.210157711495179	0.21450925507379	0.141065898301957
MEdarkgrey	-0.254181819889975	-0.275094539242701	-0.203640638712077	-0.214069878536642	-0.229759279007932	-0.267151547386112	-0.20084377082681	-0.246977964298016	-0.246286940667167	-0.235285972941886	-0.0683987980216564	0.0655699784144681	0.0673888672058736	-0.0967543605160675	-0.0688952045046794	0.0660187250575811	-0.0490408366293811	0.00182266041427037	-0.108817986561203	0.0480523691778594	0.145055304663835	-0.0119748923319069	0.0419143373104278	-0.0342474855209749	-0.056251707393551	0.252931261266701	0.104206000762001	-0.0353171899485072	0.00633081392821009	0.0407400161741116	0.0487762308012705	0.0847063896653595	0.021554775718368	0.0911915009726171	0.110015918107204	0.169724350117212	0.138258730911958	0.129813745612672	0.0572995585485976	0.0825482359609718	0.116439346280854	0.12023921079875	0.00315237689538649	0.188734118976613	0.1653041809974	0.213787888337373	0.0272661032745653	0.0559758807683605	0.079854133088498	0.158317802727875
MEdarkkhaki	-0.0673924945325683	-0.0872471065087658	-0.0571442130049522	-0.203826697654326	-0.0305153134996851	-0.103106806546339	-0.108631160493226	-0.0115592458571448	-0.127793593905873	-0.0497913659664376	0.0570802089948234	-0.0496747547243057	0.0216076935026563	-0.200970563043022	-0.0847543252519058	-0.0532889777768382	0.282841156693512	0.182630076075361	-0.285541284640383	-0.0949737334420102	-0.19344448335134	0.0346727962674457	0.207365694728528	0.108014709926785	0.177232287249035	0.292545585318266	-0.0226920017909929	-0.239161357759973	0.298706135596577	-0.191833153514776	-0.0667195177772953	-0.0795413820953679	-0.00963121582701154	0.23156518261245	-0.123514873450057	-0.0958067799641194	-0.0171088172502294	0.0413779111760767	0.129438803426932	-0.0313399708304063	-0.117439552342322	0.0423443378878832	-0.0975596655222164	0.167659891020924	0.106273506857227	0.103329205062801	0.179450307181686	0.0137250048176863	0.161209736260291	0.0629341776669445
MEdarkmagenta	-0.232772042227822	-0.261653585136314	-0.185345587031833	-0.23193336846465	-0.234996930908776	-0.255075007236937	-0.215411154157498	-0.2117830510192	-0.247245255559023	-0.229212086053897	-0.0161068792063503	-0.00693082401031116	-0.0376155067708457	-0.0712710456353771	-0.0247116555070067	-0.0291322666727433	0.258593747144838	0.173220202625263	-0.0580437716628019	0.0146609796838749	0.0169365743034486	-0.00497137738814331	0.190543253595722	0.157685960995846	0.219968366359272	0.198805936480669	-0.0302485488856021	0.0146879875633064	0.237917412299174	-0.0326965193013817	-0.0105467001205849	0.0344615420932976	0.0193500982539125	0.284019295811854	-0.0376296078527903	0.103881061619566	0.00266046525633082	0.0700893028636875	0.0258972065969591	0.0273321795784934	0.0257372090004731	0.0762155091270831	0.0417293968025444	0.113331968053128	0.0412399026083386	0.0948598801030147	0.0187509288181985	0.0596117692665696	0.0836037363168917	0.0595408975881328
MEdarkolivegreen	-0.249107180723997	-0.265932984895664	-0.219293219089785	-0.264654451842985	-0.271419565753604	-0.25098648451068	-0.249787075926492	-0.237072627936023	-0.254529144625561	-0.261296294137377	-0.0361717999859136	0.0285056439203448	0.0195973610047155	-0.0447041508367845	-0.0158540910580213	-0.0109342466103226	-0.0866073788837489	-0.0678609727385848	-0.00101689734709449	0.0468538202266514	0.103221688667625	0.0554456529193119	0.0354153329431451	0.0018392373288709	0.0158094591488379	-0.00855703862937569	0.0118920375913456	0.0532526274715582	-0.024527486131412	0.0718611272880175	0.107812057916732	0.128931321212332	0.0694170353950663	0.129368568462911	0.0378170396276059	0.0705238670444019	0.0798220951257667	0.0696137406352818	0.13993529765869	0.118228249014483	0.159704966166647	0.176673892045183	0.155964447359314	0.116941875653913	0.159978027637018	0.159768658006967	0.0712899556080056	0.100284801529307	0.200474257391602	0.124068949661775
MEdarkolivegreen1	-0.251484437086243	-0.289952243612191	-0.208662308373229	-0.244751784969836	-0.216124364953552	-0.232998490768069	-0.216169677430605	-0.228219086008529	-0.261679965688285	-0.22320276147563	-0.0219985814001156	0.00879929097652086	0.0421949693330995	0.271050121750593	0.00223640336507043	0.0180570830276132	-0.0583456461420707	-0.0495662589519233	0.135312900648869	-0.007760190441816	0.0717363734925	-0.0135687656334849	0.0388017260586232	0.0269273394759034	0.0323709997012323	0.186083282520045	0.00182356266155561	0.035190365011197	-0.0387487452044484	0.00721646408006413	0.0119459891558773	0.0541584320804199	0.104575175788437	0.0644912688180067	0.02068295829038	-0.0210582117259788	0.0293682832231585	0.0319924763387966	0.151313939998783	-0.0166740408316043	0.083289974504973	0.0907992087479705	0.102588918239251	0.309116260481091	0.110254883809594	0.111395695765434	0.10689790789524	0.284783475318798	0.0469133499918409	0.0085964801466744
MEdarkolivegreen2	-0.264800694163223	-0.310123394692844	-0.193655897589279	-0.258173902725162	-0.277090090224796	-0.267962259264544	-0.230711038743809	-0.236900683327482	-0.281741935841158	-0.257389174720909	-0.05886605652282	0.0173841895667884	-0.0136750817577119	0.0614768817194029	0.00577644347695027	0.0151274643696174	0.0108104231682275	-0.00452545453797454	0.00194476778815973	-0.0437605000522217	0.0265604419226864	-0.0266891746921893	0.0972521550576014	0.0960619049144441	0.0885069490947114	0.143206780028793	0.0779606298274436	0.00749196030057828	0.118135701246208	0.0184801085698025	0.0922629247689951	0.0746219507498129	0.0887836927371374	0.160522744277023	0.128146730764662	0.0675373283498183	0.12615819176112	0.0739468127531465	0.0779269012839674	0.00334740996463177	0.0765807850648155	0.0959827764088319	0.0829640157738756	0.208633747691046	0.127856871196292	0.0926732613566174	0.053336015906049	0.23241072112884	0.0195149123173005	0.0566807435507279
MEdarkolivegreen4	-0.15306811314965	-0.169077920627759	-0.107156777487398	-0.178822951759938	-0.21328641691769	-0.171771653612039	-0.139381982444656	-0.148733923585949	-0.201993561413246	-0.196684472098146	0.0971679288829133	-0.0488714996703216	0.141681004922445	-0.242173122921062	-0.0750343801904317	-0.0444332250828029	0.0033670989121309	-0.0443466916603429	-0.145843517328453	0.0853602984893742	0.0357378777962232	0.252806126343924	0.11857495393485	-0.0702528104758802	-0.0606078009524193	0.111141081253138	-0.106627452960713	-0.0150404312019038	0.087485210737987	-0.0853070789481051	-0.0416527453868174	-0.113343776855274	-0.0160580221059134	0.121430185480214	-0.134162280626491	0.114793610874624	-0.0328446381357299	0.0512183867551365	0.235783074814629	0.303699929351755	0.0970354970107631	0.119894469895571	-0.0272415209660423	0.0229534016614809	0.175889637294528	0.140804529005504	0.0571241677119217	0.0780708538684264	0.350121974241242	0.181677469326395
MEdarkorange	-0.247852708017808	-0.278285854764593	-0.172815629223356	-0.244292010824747	-0.25515973247712	-0.251129026308873	-0.234720193273083	-0.216034844782535	-0.291630786864059	-0.250892675143274	-0.0560153451996217	0.0464969529695981	0.0661520331482886	-0.080571391695199	-0.0257164661934163	0.190871860423601	0.0924235840766632	0.139893204496001	-0.111670191503636	-0.0340418737161555	-0.0409994182793753	-0.0455059544663728	0.122970554397731	0.0546190949214616	0.0829820847714944	0.0677602521034916	0.170731339110799	-0.0360393312394313	0.11826681097586	-0.0109600523355932	-0.0196686721603573	0.0528451034091709	0.0602498793449887	0.156042501373326	-0.00210840155225264	0.0681123493817853	0.035741886866156	0.103167921248681	0.082600110685889	0.0395266076085086	0.0591052291709928	0.120460693143404	0.0230535374544619	0.228812640553799	0.152085436402823	0.117690145788919	0.171511825909437	0.116640178001487	0.0757687957599511	0.089527946522088
MEdarkorange2	-0.244390939532098	-0.266862345947562	-0.135182341852584	-0.25896583724049	-0.256539550062873	-0.259409002997995	-0.217072396860776	-0.20317372566083	-0.268687589889321	-0.26090929063678	-0.0755789034646579	-0.010822712586437	-0.0712242249826329	0.0632103395752493	-0.0985578651862084	-0.0188514356668031	0.0387826189576855	-0.0266765847113319	-0.0920874192086446	-0.0662025548999133	0.0737850281245575	-0.0283725459974914	0.0552858841847469	-0.0479778418242367	0.000821719599939007	0.0892706128861282	0.0476790946974744	-0.0212397697780473	0.0951511638768792	-0.00313139955148973	0.161023245037046	0.0372963352950065	0.0458726405453733	0.143574450822353	0.122435235090233	0.0768266900465021	0.147068181089111	0.0979205987676615	0.0637817859619218	0.0828311168373596	0.137321108564975	0.165537668607082	0.142124522240233	0.187074836893405	0.182524789054461	0.219447285487213	0.0828075043247597	0.149303013914851	0.0960374237575463	0.127121384299451
MEdarkorchid	-0.125686832341853	-0.146041627261463	-0.101917836631221	-0.116790646527934	-0.0318945409949182	-0.148300280132282	-0.0950773092498194	-0.115502008653086	-0.138873739977804	-0.0573362126387378	-0.175367694217996	0.0290217287854407	0.135579286213418	-0.18232108481213	-0.170858347518823	0.252599528488035	-0.203189095415093	0.083686249501411	-0.192525200926399	0.124362380167322	0.0809221309684673	-0.0202991270987713	-0.0273918973589133	-0.184841355435149	-0.202963086053189	0.329891218976382	0.207513552966089	-0.044833642811245	-0.0957584403821902	-0.0760335620727068	-0.0674791868485972	0.0523361584138505	-0.105865602713002	-0.0946850514630974	0.0362039372197223	0.140312242707467	0.0646748846458065	0.151402930477413	0.010971180218837	-0.0576645999747829	0.188710649349715	0.115848786102355	-0.0682930707409514	0.285701754503315	0.209919055084685	0.217124837292235	0.07797382443251	0.0541117751018015	0.0378863664668585	0.161036622169017
MEdarkorchid1	-0.0775574005655157	-0.199109507231981	-0.0489242001787894	-0.179617873452907	-0.0641480613269088	-0.144388316323697	-0.165164140421109	-0.179132673000261	-0.150293104756793	-0.112780924806693	0.0463211787368157	-0.191668947897403	0.114131714227895	-0.00348610534378734	-0.0681202840033474	0.0968592491993374	-0.203867692076248	-0.037938258423258	0.0836261373326867	0.000135989434375677	-0.073037518945603	-0.0367753793320025	-0.00538657239607983	0.184026286211657	0.355526504600302	-0.162079713365739	0.04885615147067	0.0512190394468338	-0.0528660574499691	0.0667785922095988	-0.0695436129074563	0.147738263028459	0.319678579060006	-0.0146818818724924	0.0374905118099917	-0.125294974452979	0.0932751247192593	-0.291490230039317	0.0675460051706389	-0.00604881304618829	-0.0677299079134334	0.149817145967483	0.260263202216549	0.242875828792195	0.118825356001438	0.162071913697328	-0.086371655757092	-0.0375670780355369	0.172925034642798	0.0350830773462691
MEdarkorchid2	0.158831123837369	0.136347249965865	0.193629358513394	0.111826452440185	0.151352578619755	0.134757249733939	0.169306526242921	0.191769100873927	0.123880034459071	0.154084042518848	-0.121420886784402	-0.22005122553821	-0.0697127142366328	-0.279842683409552	-0.140058826785709	-0.208414687667378	-0.0980650686856133	-0.163837791278427	-0.0161368701445728	-0.0183471037337658	-0.01732904925164	0.146740228106458	-0.220872099522506	0.0138197174644441	-0.0472278013024309	-0.17056750647582	-0.294373356023473	-0.100674947764781	-0.135026619333097	-0.101913219446681	-0.0657929849306088	0.0247005627164087	-0.0778076255250517	0.0843234980562718	-0.19085583916191	0.132786388153935	-0.0564733612797201	0.0599218334849767	0.0532649513353541	0.21107698038331	0.0450013946968699	0.113976148865868	0.100898536424255	-0.11558861910639	0.0949694463977247	0.146700384323255	-0.0816914938634527	-0.0412243535335605	0.287503165453567	0.011839781717411
MEdarkorchid3	-0.210478463256298	-0.216887367575185	-0.167630945796759	-0.120456481693217	-0.177131435101652	-0.203497966214023	-0.108858565803071	-0.193556077529796	-0.150254179405915	-0.169997965691465	0.024787945779048	0.068624584315066	0.0854048765567526	-0.202899623722242	-0.108116219242319	-0.115263051002905	0.0135264894187811	-0.0756099598264355	-0.130143597509554	0.13121889399022	0.201795503731831	0.0752805884551293	0.096429063408115	-0.133121490386932	-0.0703984629837973	0.295499520502997	-0.0561242018197383	-0.0770129247319628	0.0431973179300745	0.0453289487840906	0.0284041711945466	0.0345389899340135	-0.0265496881812004	0.105998331228633	0.0128927550419292	0.138486246834027	0.135990153348759	0.0517491315952437	-0.0154826122290833	0.162045544836088	0.12068196304449	0.163388475284378	-0.08292886413633	0.165218724561938	0.128271941954174	0.282470219200407	-0.232166831741178	0.0172984301149489	0.179796784361531	0.236241380173849
MEdarkorchid4	-0.23666198648411	-0.293694000388403	-0.199610719682375	-0.21394236668592	-0.232715778308262	-0.257504181535954	-0.19709051959305	-0.221960976057311	-0.242551652775706	-0.224742436375061	-0.0457073855530861	0.1142853666099	0.0021791928314504	-0.0540994728360496	-0.0859047213670326	-0.0230135591081097	-0.0410760985170814	-0.0647985374657368	-0.0905170546751051	0.0574823260936802	0.141742911781022	0.0468581497485349	0.0673423648994076	-0.0730255685865433	-0.0298757137691548	0.270856976909784	0.0312395823113394	-0.0688003623213507	0.0285673270117342	0.0559964353330603	0.0190200784411065	0.116280631803973	0.0429545822141661	0.0990712545150562	0.0808721146451373	0.156906156366896	0.118707710144073	0.103876367081405	0.0872461990160736	0.117168431125661	0.107132433833765	0.0926931868920515	-0.0110767514562177	0.167034152164976	0.163075354404529	0.211941200863304	-0.00928223823536393	0.0650073781172382	0.121644978256235	0.230469238361423
MEdarkred	-0.260308940060302	-0.264188032444437	-0.202855023612832	-0.266255257328518	-0.27080999571115	-0.252116793890925	-0.243137033233805	-0.236883803084528	-0.266635962034994	-0.267346665856668	-0.0407803821685122	0.0233097014619343	0.0637918494957819	-0.131871542490202	0.0335395763123447	0.170260679739232	-0.0319450643061881	0.0959494108093246	0.0228562408251712	0.0355729594119531	0.0687155550091128	0.0564953784631217	0.0738355702788414	0.0321558748816687	0.0531536243957887	-0.0306937947774983	0.143110979221984	0.0492519115704815	-0.027920209189837	0.0591918790869016	0.00631340865325152	0.0764656641693137	0.0553787598399619	0.106190345268634	-0.0953247692368793	0.16804182942247	0.0284018785610522	0.151328193714474	0.105598215253213	0.0891033921935521	0.12986200852521	0.152575075026252	0.0500657580175254	0.138653751158999	0.128159300925476	0.154038997694847	0.103344778252282	0.0490409039592814	0.162000200455079	0.0533196173727558
MEdarksalmon	-0.102107054462687	-0.137371617449755	-0.0517710605124898	-0.0896090064455872	-0.0425247517881341	-0.104850830402057	-0.056652630603946	-0.0825108091805287	-0.106114463072213	-0.0488076071421051	-0.176694023236995	0.0153789222666321	0.00681717394505449	-0.271946550536131	-0.0974720339383463	-0.0502598628315692	-0.291160100609021	-0.144081462334504	-0.167781391019726	0.0936210898045727	0.202722046986542	0.0135815143648971	-0.0772340019614502	-0.190157188308876	-0.196212691010153	0.22236880180567	0.0941864767219932	0.0175544453169332	-0.110959499497574	0.0727192005291172	0.127484620443534	0.0105829285250787	-0.06901144292436	-0.064293577641654	0.0880617196418386	0.176086200581575	0.189685460582016	0.130553244693802	-0.000466763117748202	0.088018327584111	0.220349904832872	0.139881762601509	-0.144269315775432	0.287793420950316	0.218002753200373	0.253956414126925	-0.117582348115162	0.0519479683277297	0.0918613424034908	0.17868634368162
MEdarkseagreen	-0.16094589746724	-0.174090988911666	-0.0229459382370988	-0.223605461610858	-0.210595416752129	-0.150078233100863	-0.122233043616949	-0.11213996058162	-0.196781474040424	-0.190484339187257	-0.160312458044569	-0.0428154758103962	-0.0679093182561542	-0.022431280563555	-0.207684128797802	-0.200566904876843	-0.0113205048330481	-0.137603475336052	-0.0856447816593248	-0.0814847119871332	0.0403963314053055	0.085167389018432	-0.088629853514656	-0.0533610701668421	-0.0816227584254664	-0.0141218084894671	-0.10057068692592	-0.0895278594283646	0.086588871734942	-0.0392516584280911	0.13049824227355	0.0594186471836821	0.056254053153205	0.143761892494809	0.0409261321630972	0.108341113210128	0.132314514257133	0.0875767596844269	0.126893570947872	0.176405482432732	0.166007156135586	0.221845277637714	0.260570291327155	-0.00876697498608889	0.22864035687432	0.264125965296477	0.0835909265570723	0.165270842304452	0.276194106609772	0.116738541334019
MEdarkseagreen1	-0.252699433189342	-0.239626826739867	-0.195486484777268	-0.277077400290834	-0.246173500797345	-0.248026176926534	-0.239764412242501	-0.228416627834402	-0.251566815756726	-0.253568051529166	-0.0606692818254985	-0.0113092731059542	0.0145774571831962	-0.104720003816868	-0.0343831655862022	0.018799334578104	-0.0677638985618217	-0.0323968626341328	-8.54285609928332e-06	0.0566248695957858	0.075437333321151	0.0880722714591735	0.00552894862741154	-0.0444296246234164	0.0148854079709049	0.0176090651106589	0.0312951401603216	-0.00792410307028189	0.00184655152887238	0.046610505016217	0.160215478438556	0.0702105083969114	0.0449171177219286	0.0791279780057599	0.02785425964123	0.169081103732968	0.117060021618501	0.142834874415816	0.0897604024007014	0.147435353771355	0.17317198767668	0.197744459332226	0.0849868888399255	0.1284433279138	0.179351014121877	0.206616664210282	0.027023696453273	0.0510913999952833	0.202137877428085	0.125659187497304
MEdarkseagreen2	-0.253281872094051	-0.260507618113885	-0.191522907749912	-0.270922175482409	-0.283617046993643	-0.269143823676126	-0.248070382807402	-0.2481435644368	-0.264798309448036	-0.268053461489864	-0.0590074030944914	-0.0119067346515328	-0.00065484867011653	-0.0577690446403277	-0.0339744358962577	0.130633587093987	0.0904605610672918	0.12712006854273	-0.0720860668246831	-0.00991134320932088	0.00258441968034244	0.0435570267479288	0.0948086209214854	0.0874312684252578	0.105879781462178	-0.0339887994560584	0.106604362344177	0.0221944114504191	0.0371670306326127	0.0427928775767055	0.0646000031361789	0.0653573152924913	0.0583242445159502	0.110075254920932	0.000154817808430769	0.125587248955668	0.0782206297425249	0.128299738378551	0.063302860948092	0.0934494317497215	0.127910035919627	0.172272150603836	0.0533631066002501	0.177244830180503	0.139045288254377	0.183498924049194	0.11277096011187	0.0123310447495065	0.118997886275172	0.0613200505969219
MEdarkseagreen3	-0.271036625373768	-0.292614884039217	-0.222139330658474	-0.272350844399976	-0.246141101788106	-0.270208321090436	-0.242544341502291	-0.245436464831452	-0.292123654411796	-0.252970914689701	-0.0342119112225909	0.0465345798121589	0.0538101595041861	-0.0209624451786706	0.00214934666358033	0.0778949170144413	-0.0795190415010791	0.00480599517925511	-0.0234479769331733	0.0364476123499177	0.131290228072564	0.00186298619244909	0.0931678459782508	0.0229596139940795	0.047339913519738	0.0363920454606649	0.0821503124976887	0.0712697576211936	0.00127966386766986	0.0865852076612196	0.100922367450641	0.121189825108169	0.0676827990723835	0.108448978076185	0.028092891656624	0.066365058381529	0.0586910703789088	0.0576266702794789	0.0779604918545486	0.0340568645006601	0.127817715808455	0.17434945586257	0.144144693888526	0.214784539163006	0.162584156277907	0.143672198555955	0.0268599770753658	0.115987538824096	0.0790144845768924	0.059515895439774
MEdarkseagreen4	-0.229078632708007	-0.253353099169491	-0.122267121382075	-0.267905464469378	-0.255134003380585	-0.243320290272403	-0.19860485689834	-0.188413898390131	-0.251790424840037	-0.245007496393335	-0.113276873140987	-0.0584109560381997	-0.0556928100211316	-0.00775365774163999	-0.0435300548110688	0.150178643993039	-0.0688542904048247	0.050552252945911	-0.0489418876252583	-0.112648224689816	-0.0369223497313431	-0.0447025265920874	0.0699099730305788	0.10034952336438	0.141292197299326	-0.0949705345711459	0.164418709125736	-0.038256197656124	0.0180027984285527	0.0277312034890087	0.110519543454679	0.150623398338113	0.152883491763049	0.10247340047249	0.0873913135338112	-0.00487410611202921	0.0927514178531836	0.0521556337197794	0.0859683867633608	0.0217385611610544	0.114291711066652	0.120293962748055	0.165455867545126	0.249456831776367	0.138001947741143	0.154514096281647	0.185936578361336	0.192142246681608	0.047832071092001	0.0368439950094483
MEdarkslateblue	-0.165055917658483	-0.192136541087857	-0.0472981057066311	-0.204678916114842	-0.220445396732122	-0.170704403769932	-0.173271003138214	-0.108615113839548	-0.204654897161681	-0.19702420914204	-0.164764659500091	-0.037715521596755	0.0863145547934094	-0.03011874047262	0.0246186467061096	0.330087733484316	-0.134458392759915	0.192519975059816	0.051935054846084	-0.174593010062866	-0.0685237102019935	-0.0828596190462491	-0.0123792701270821	0.037744893662783	0.0631990397169612	-0.191239602809012	0.315566879609211	-0.100071876016961	-0.113630435247955	-0.0215700832054033	-0.0163894924730599	0.115578941298472	0.176230241810939	0.0137577207929005	0.0309934281389609	0.17380090862398	0.0506680087072695	0.219489936828796	0.0850150472024617	-0.00283860383372345	0.0821604271975672	0.035232494041438	0.0497445996060954	0.194692528655621	0.14290242746479	-0.0101392253346222	0.166946008993729	0.219355771865214	0.0152756301276358	-0.028654152194904
MEdarkturquoise	-0.21582242992679	-0.24359051837022	-0.102473469519602	-0.251037492289995	-0.256322238196019	-0.230725612749693	-0.189597220265157	-0.169027320642093	-0.254636158046571	-0.250404468679849	-0.163426360492394	-0.076772668568706	-0.119060162209334	0.0820266781528233	-0.0819774692666776	-0.0267269849686378	0.0341169377292298	-0.0224934604167557	-0.0542653635246834	-0.147648445806703	-0.0340236163250546	-0.0452772820191035	0.0853426483891424	0.0531376816712621	0.0459154978569669	-0.0160044486323617	0.0571316136941553	-0.0317968054281698	0.121275950072286	-0.0120195308922639	0.118150826829795	0.109032894859434	0.0971261570660883	0.157636700635024	0.135242016369461	0.0064922521639684	0.130359766820466	0.0814628408344489	0.077855439929045	0.0352795730404497	0.128944236916961	0.134409729027613	0.188520035910908	0.245519771790389	0.148215818635179	0.153715696674591	0.21173397347143	0.217848001290321	0.0697054836842569	0.0689313037211403
MEdarkviolet	-0.229189631985061	-0.243712136922694	-0.115573814524393	-0.245988915751314	-0.270456945794866	-0.236586654885859	-0.190201407062397	-0.181695808301642	-0.251276479542373	-0.266457181554507	-0.104692032849008	-0.00624104684047722	-0.0671259498550702	0.0355168772338203	-0.0459472999351992	-0.0560692178707431	-0.0437203737214354	-0.105280682513502	-0.0657577913321868	-0.0830051807532399	-0.0407704388890494	-0.0316132363794902	0.0278343512615959	-0.000718587080985594	-0.00684571764155939	0.0269885432536298	-0.000306022233857502	-0.0123076774748002	0.0361136854380313	0.0116786259568449	0.146431232215269	0.104314050310215	0.0980636729606589	0.131856520547805	0.0921557538392299	0.04487370000901	0.115590771548502	0.0630461584070546	0.137025569175215	0.0820327232499652	0.174197537750853	0.181258181204074	0.210760632832941	0.146945159762513	0.175195914586688	0.209335835339856	0.182979828267725	0.223655934649928	0.129808521723227	0.113880450171056
MEdeeppink	0.22861420583059	0.203981640972487	0.321199380013468	0.218642763092049	0.210121034895192	0.208766648703643	0.262675632482014	0.265049432593119	0.210900355088394	0.217002257988638	-0.210224467827911	-0.157081272119176	-0.102349021030694	-0.123244412171142	-0.180164836689604	-0.166325364564108	-0.0998386717304286	-0.139473911803427	-0.187553065697694	-0.168968653288263	-0.170549759325646	-0.155065261024608	-0.0663667655378867	-0.0586452239171083	-0.00991815702630971	-0.00755399932301759	-0.0412622043003257	-0.142960192956355	0.00670629002421684	-0.178413108643159	-0.0858463599092825	-0.0373956350957045	0.0121036773705437	0.0223530677222988	0.0652431868809421	-0.0886157658344694	0.0493207416047571	-0.0507248781213475	-0.0148887876405079	-0.110038839334869	-0.0351362041265968	0.0143522114918771	0.0588909618411885	0.106063901213767	0.0272752135743258	0.053168947076063	0.0879002610231935	0.0361301304649572	-0.0240312435676191	-0.0738258793404654
MEdeeppink1	-0.110125368120178	-0.182734356770083	-0.103753825242912	-0.201043396131839	-0.160246523323612	-0.131505729448879	-0.159309530611739	-0.10546178579967	-0.206022741012735	-0.117196457634297	-0.0552489642075054	-0.109358968798688	-0.0675685203136137	0.0722874764106328	-0.0345751700222766	-0.262261960268354	0.0184623139338833	-0.170513333770857	0.0134422697558647	-0.0620866196127418	-0.0520985077171232	0.116448249496774	-0.0469277848729036	0.0221439529529213	-0.0494210870199901	0.0259785151118399	-0.252262516725705	0.101341275805846	0.130178735380893	0.0492031969143167	0.110861212924511	0.0169295807631734	0.0720511103044647	0.215480526448806	-0.180400427482016	0.0796323747113567	-0.0617985741514717	0.033555790197883	0.248033354933438	0.112084953841887	0.226254850446077	0.0743074110141375	0.257027057764547	0.0760200639773548	0.129603089715523	0.143143103366146	-0.101792197108663	0.100758980497859	0.34204522512825	0.196439674369465
MEdeeppink2	-0.251472833258759	-0.278164127190652	-0.231600269345569	-0.217789625979418	-0.232809622562488	-0.262989450378583	-0.207706247361503	-0.253894746414807	-0.245957458717744	-0.237333056589971	-0.0379593214791228	0.111669922972321	0.0114734875279968	-0.0770944659152712	-0.0579895000590143	0.0194392260666436	-0.0447422267049274	-0.0379565001713286	-0.0786595481527172	0.0621296787597435	0.146540166542018	0.0187028734969512	0.0741407061255702	-0.0318634275375971	-0.0341258559989456	0.219545676946124	0.0582266346723946	-0.0164291561809041	-0.0109107829823275	0.0636592324964293	0.0645973313035924	0.088647910939306	0.0278793369850951	0.116749059858666	0.103689084916443	0.134697028324404	0.152543320455122	0.0866898305749782	0.0587559631232652	0.0908018459932735	0.120029950290057	0.125043589666397	0.0176378707800932	0.155568567691029	0.167441271690406	0.2390156959256	-0.0339087369258993	0.0527868035245959	0.105985074087314	0.18726981817172
MEdeepskyblue	-0.220282275021144	-0.249447610687925	-0.162911777116354	-0.25057458491485	-0.246637050117859	-0.232137959403299	-0.219179110040929	-0.21234722124174	-0.258947687591232	-0.239242103627274	-0.0890429390989866	0.0678425505906367	0.0638015912150676	-0.142481574193253	0.0149454093611957	0.163385109229521	-0.0525305388410138	0.0835731956980228	-0.0723343421529579	0.0380208737944887	0.028484953447673	-0.000793205596083569	0.0558537967011627	-0.0347080689478582	-0.00641720566763688	0.271369245762525	0.134772756455755	-0.0141493420756146	-0.0319075635708599	-0.0317390813717662	0.0431099546539919	0.0244421546214584	0.0848885801388963	-0.0131845365414469	-0.065993944407314	0.108411717289403	0.070033756528864	0.134373931298032	0.0901271289413709	0.0306597388456443	0.13603557273386	0.152400109837293	-0.000706798406821493	0.190072673852126	0.196720592567275	0.208744760395821	0.168446927665622	-0.00212826280333552	0.14608098906691	0.143226712744937
MEdeepskyblue2	-0.25187079462863	-0.251393298421083	-0.179341723011205	-0.246854618161339	-0.246850832088051	-0.242519678831471	-0.221553568976434	-0.227719297235481	-0.253646359174885	-0.249273685107664	-0.0847841068750604	0.0266885176803649	0.0328105104828298	-0.140966288636536	0.0712205511853451	0.114766302556737	-0.104340030957292	0.0201351033241493	-0.0788130245939921	0.0739450461429893	0.0803905046218652	0.0320893362925594	-0.00889099195190959	0.0341488794375549	0.0479807283383496	0.0495078724151493	0.0938870975233356	0.0307729157798588	-0.0256873948106304	0.102286134500754	0.0438885772153239	0.205336145933111	0.0883091673623604	0.0433401895033282	-0.068517753141177	0.0543431944337731	0.0170806047128991	0.0603332685905989	0.203952131337634	0.0480475477482194	0.185251951657316	0.167679900156752	0.149749757483344	0.270323134606697	0.173867205861129	0.122187452761817	0.0364472491731419	0.037457667935912	0.0829044824141604	0.0818943174334835
MEdeepskyblue3	-0.218298409417242	-0.230624567136409	-0.143878061552134	-0.255704681061364	-0.265644311845467	-0.228248085522823	-0.216456496702969	-0.203354689748548	-0.243281783750583	-0.261529332595608	-0.0998308047424795	-0.0171181993786548	-0.0667320699848848	-0.0686890351791387	0.0142423808464874	-0.0590165600864551	-0.0781305430706469	-0.0877369735006116	0.123744013707248	-0.0325208981283701	0.0920603705921178	0.0409245640979822	0.103646522000213	0.0453357402728387	0.0288710409849527	-0.190574375307433	-0.0113498547487651	0.0208398103435152	0.0227227705504019	0.0685724873332708	0.0816695495356498	0.0848603337331318	0.0607716034472785	0.234103358024503	0.0279219021057394	0.171084533533812	0.0519074366816393	0.136709414240607	0.13400263247045	0.111310745330611	0.165274725171949	0.162705319522947	0.158270744847015	0.044382668648167	0.136248037277427	0.140583344693958	0.0481199962096043	0.152825153248286	0.216143561062204	0.0988649729465794
MEdeepskyblue4	0.180567157908497	0.169577027512241	0.32317258994905	0.148488604154188	0.134041929048307	0.175879645069154	0.217549583711241	0.238384202349345	0.152955082867364	0.145760602513217	-0.185596634032955	-0.212790258123045	-0.181744212999187	-0.025129044643797	-0.214779627579019	-0.147215520031965	-0.176269881923067	-0.205172925230856	0.134121351762153	-0.22224890511595	-0.0828146039142748	-0.0274091822720963	-0.170552975950136	0.0187401207653166	-0.0891095396337975	-0.306691219621964	-0.117058295496279	-0.146788354972633	-0.0677068213233289	-0.0726247763690675	-0.0608955373833861	0.0429475151499114	-0.048348895623392	0.076751146781674	-0.0941397327204186	0.0219752240612095	-0.0673863016592759	0.0718376369629171	0.0766683667873637	0.0221245732275281	0.0694910027376857	-0.0212479014852147	0.002123617289535	0.0807583714941319	0.114621501852217	0.00773674927724501	0.1590405286501	0.107539511463516	0.081119632020367	-0.0302521272603709
MEdodgerblue	-0.233977286568265	-0.266012997404762	-0.17108510919048	-0.260095140121351	-0.26422906494234	-0.239390751493856	-0.235867622806737	-0.216718440608748	-0.297889137153769	-0.263356051533956	0.0129025689636272	0.049645605409704	-0.00461997372505895	-0.0785501567369305	0.0480697136083991	0.0025981252515961	-0.0724176689756377	-0.097143654986569	0.00613909250422287	-0.0271436560549663	-0.00533145231060558	0.052739647104818	0.113034348998711	0.149916297937955	0.136873832837108	-0.0553914242069823	0.0248778230789946	0.101296510377327	-0.00407230390061484	0.0837103593946696	0.102082726790279	0.157579639828799	0.0624325275697156	0.0874162213763468	-0.00789989172325351	0.0184272728295252	0.00304996027567723	0.0417626001553356	0.144884943951339	0.0339486925093873	0.156933152900115	0.133666388367948	0.209119485152808	0.209624368268581	0.136270017637481	0.0936875425866072	0.0691146137404432	0.194678480779751	0.098806561440944	0.0659026628166664
MEdodgerblue1	0.192452976246734	0.143397131168298	0.222713366418735	0.125591470391874	0.11666460649681	0.175090783409206	0.156155699717655	0.199675339274455	0.133660141335038	0.1505988270179	-0.0489041880911568	-0.228874761884118	0.0200165873703634	-0.27562972715394	-0.104203348377089	-0.141024348427314	-0.157039506631483	-0.169875901977129	0.0220727727796249	0.0356184450967445	0.0865985100565261	0.0859263312574597	0.0310866130397287	-0.10944703911897	-0.0340907553927365	-0.109278178623757	-0.176345559550943	0.00096611696605465	-0.0793426629848808	-0.0591798316772459	-0.294032303699026	-0.0128997230469776	-0.0807533724735377	-0.0608110535770323	-0.323229459363937	-0.019704327817617	-0.101791030880334	-0.0567709845018823	0.0579271171507603	0.148849269178362	0.00966071547933296	-0.0140482213560595	-0.080623682959668	0.0177170355825094	0.0579459379932388	0.160820898043034	-0.166156985552653	0.101616560124933	0.303375118740028	0.14785858478408
MEdodgerblue2	-0.226302783163645	-0.240013171450513	-0.115326633954047	-0.24734849966726	-0.256977691477093	-0.232007904640545	-0.1951707534498	-0.186087522322291	-0.243660547498332	-0.241558518278732	-0.149362134230771	-0.110947376967753	-0.0926052470709593	-0.0110013076830638	-0.0713781770365255	0.0354434034669404	0.0864177211240626	0.0294725783814163	-0.0356212353679475	-0.121824296373413	-0.033097626486682	-0.0138407342230414	0.0993741315393441	0.159157014627528	0.270563940953611	-0.105886687775442	0.0797704209791784	-0.0296831619752019	0.0917429518031638	0.0526639953055356	0.0753606250941531	0.109260497901722	0.132542291048825	0.198436639059535	0.133661792487231	-0.0306724023789163	0.116099136139216	0.0343114700028982	0.0572660155192874	0.0419429243666327	0.0710177579497202	0.116118151354791	0.174925605473817	0.215988908645025	0.122975205908734	0.116625539597503	0.114175381105077	0.183402877501344	0.0911951138533349	-0.0195376777176497
MEdodgerblue3	-0.212718157603389	-0.218844592634974	-0.0816928337095016	-0.222564471083927	-0.225530761218135	-0.240659694639284	-0.14762066669633	-0.145747113952246	-0.228537231517077	-0.216811465777726	-0.0697928764229547	-0.077492242890477	-0.136785770486011	0.149310562987576	0.028181564799779	-0.00912437644288081	-0.00566498997416264	-0.00809237670918566	0.0184490394171246	-0.153018569351173	-0.118403838147238	-0.133188796183742	0.156167944634987	0.144932182725832	0.0857836270436314	-0.113985137969518	0.119139610988172	0.0392877499178575	0.153540153443358	-0.0229593176517194	0.0390669042954945	0.13324722084461	0.146436931574809	0.161864765376833	0.199417162876316	-0.0422999589437812	0.164055032063448	0.00832536763863582	0.0396197947947851	-0.058608623629781	0.0410423984212374	0.0403845997467902	0.131411753604382	0.298335234741514	0.1383747983261	0.10474764111557	0.128102140048982	0.293136634205815	-0.0199911487087258	-0.0522258032897001
MEdodgerblue4	-0.236861776152235	-0.263945493246826	-0.196896333563207	-0.263432468234796	-0.263216806889852	-0.228662179796977	-0.246975878769255	-0.209364928686666	-0.256280215614402	-0.264714095053845	-0.0166928768883078	-0.0248895172842808	0.0124901118601125	-0.0381652804360966	0.0571168826469621	0.235980210840178	-0.0657214923738616	0.12018946687756	0.00465830674880143	-0.049685195233367	0.0048967758097258	-0.0278119260431489	0.123007997100084	0.097164554970653	0.0963337861555431	-0.0908722261078648	0.216679075106268	0.0297192983323259	0.0192754719961837	0.0230148710800959	0.0403537440135244	0.0939015440757087	0.113537933723572	0.0894688724339948	-0.0117909339626705	-0.0125328095179696	0.0280236478089602	0.0482868441444769	0.15773966769232	-0.015730116039199	0.0927270759726323	0.174438798525815	0.0878698613695336	0.210573826568051	0.12455465331606	0.107919724653148	0.162508455079928	0.138395074132128	0.0764792810878826	-0.00306326422740202
MEfirebrick	0.260686000827131	0.225793369003361	0.331636818898957	0.226347635309904	0.223507254322133	0.239587897133019	0.25493796541558	0.293959568387467	0.220530989781446	0.244098593767997	-0.171845066358979	-0.123491975708967	-0.0125460156621853	-0.0661530913333227	-0.17933988063683	-0.123558658653126	-0.152414732018829	-0.166304656575168	-0.0561107578743194	-0.17612536348592	-0.10843483729201	-0.0735843485853946	-0.0856600146867665	-0.100517617186828	-0.100899319635027	-0.0136393884836047	-0.0951437209330074	-0.162944083858363	-0.0259935534296035	-0.124504877125314	-0.054192052589906	-0.0682126061826434	0.0124718184443093	0.0116238444978587	-0.1036241736461	-0.146234042544588	-0.0427388252809264	-0.0915564911144393	-0.0127406165277834	-0.097110056794236	-0.0142633353545297	-0.0105776800319263	-0.045730045645475	0.0683293098331602	0.0551166004171319	0.0457007093632565	0.0208791972968642	0.0222231737704699	0.0150009471823162	0.0337601915837578
MEfirebrick1	-0.251811504723063	-0.251775091280412	-0.218867126562118	-0.280683250832274	-0.246034860825123	-0.259548234884976	-0.252163764067779	-0.231181118651262	-0.267339353072623	-0.249981997336564	0.178103447329755	-0.0603168675856187	-0.00316237003037874	-0.0428535707618765	0.0516481812235275	-0.019630835988034	-0.0585962403204696	-0.0764777628709563	0.0582718550375229	0.0557485007230433	0.0844791087296273	0.0804764052857911	0.135055792791582	0.029514360209876	0.0757903364577005	-0.00989747985777169	-0.053283918527748	0.121394669062759	-0.00954830813744319	0.0536204338546899	0.0436856359677003	0.0784254500155998	0.0777513178198476	0.141064295190026	-0.0186457774386268	0.0143340921081856	0.0393928573450896	0.0036835193518089	0.181274359754685	0.147483186563998	0.0312840780252365	0.144091137468787	0.138436974989129	0.122638172009424	0.133171231215773	0.132913096468219	0.0848307915927302	0.124845960982959	0.188498317313502	0.109891868866545
MEfirebrick2	-0.202054560511852	-0.229890972636105	-0.154266888410024	-0.221342397617915	-0.228114212623215	-0.206716278906457	-0.211852339943503	-0.200186794127461	-0.238346905853641	-0.228624350965004	-0.0701189588461388	-0.017189461657582	-0.0206740058230077	-0.0323132511847476	-0.0400556971601365	-0.0189070880880325	0.339792396968239	0.248649070336352	-0.0405303218230406	-0.0528474748826179	-0.0139431949337833	-0.0222442004466832	0.12114091785135	0.132163439507714	0.239624157298726	0.164600596948156	-0.0328117912840871	-0.0658177392706802	0.28927144970273	-0.0421195502124524	-0.0141396071294015	0.00493652061369543	0.0226996466072023	0.280116269536596	0.0018491077698268	0.159727133560336	0.0118547786415888	0.128465355646427	-0.0142887536090725	0.01967398977984	0.0316907268115316	0.0536640437077851	0.0577825874135357	0.0625559770331296	0.0397188193123998	0.0805958386870129	0.0110316668494414	0.0458705905585962	0.0454958359588651	0.0264258808455639
MEfirebrick3	-0.264994766453324	-0.255148494418193	-0.217422267121827	-0.271805338872299	-0.280046809911576	-0.259666797258968	-0.242437131157162	-0.246558934126511	-0.262693383003182	-0.264789925929018	-0.0250686475207024	0.0010978662807623	0.0132085805999814	-0.00982207878630136	0.0352333868541269	-0.0392097473694553	-0.0482356185397492	-0.0716031050676052	0.0844428960820807	0.0302569299588372	0.118398516557955	0.0620192650649376	0.107345196759289	0.038416708418461	0.0585142213283863	-0.0527037474731091	-0.0154712149001157	0.0623237944002922	0.0340613675840722	0.103537416880087	0.0958513901168477	0.0959827788655491	0.0665526512298977	0.143076863871537	0.0166597820686849	0.11180413392941	0.0751923865573507	0.0837229616341847	0.0921726838654548	0.0935227308391936	0.160014585739905	0.138068395027956	0.155426121895764	0.0781219535623706	0.149866084843984	0.171850476683332	-0.0301457680616132	0.123506534816044	0.176208809571262	0.0813663040827168
MEfirebrick4	-0.205902900451459	-0.210878426130701	-0.145187554567656	-0.209006067902695	-0.242334949790302	-0.213406764495347	-0.194150761127938	-0.192630954073901	-0.236777932464845	-0.234398814590086	-0.103332077190462	-0.0441247401378489	-0.0187413065296405	-0.0321619335018298	-0.0323800671018408	0.0123067988849085	0.349579403684231	0.252558708616772	-0.00162999269764878	-0.0334931139479234	-0.0188068372176233	-0.0548325766662111	0.131913466888251	0.195900639661226	0.217182510675338	0.142870944453008	-0.00228692674359912	-0.0312869580657934	0.292960660694078	-0.0269107790272541	-0.0257361722047122	0.0100430603498312	0.0419803250179677	0.258300727031625	-0.0456579690750024	0.139366726809341	-0.0392056151709728	0.122040562211824	0.00987350674614909	-0.0368017401145415	0.00612694429226294	0.0495925010517207	0.0410721167113333	0.120439052940512	0.0413524990699204	0.0493148631331368	0.0631114831911737	0.0756203117412134	0.020256847677881	-0.0117007305458701
MEfloralwhite	-0.27535144800728	-0.269700495741252	-0.199848849392306	-0.261204701265055	-0.253056413779227	-0.269571548776018	-0.249134837046976	-0.234212844468345	-0.271587118397451	-0.249612030111034	0.00436908619539652	-0.00942872564248468	0.00539888959456313	0.0437406041528616	-0.0120960108146653	0.0363162484986517	0.042269886184157	0.0229735876418326	-0.100470974099771	0.0792539309720291	0.110888322672688	0.019723411986825	0.151068474969509	-0.0452687148163014	0.0680132757502643	-0.00557889236298719	0.0471114589176592	0.0717385937684151	0.132156825416596	0.067267619696869	0.127322340310665	0.131544434710347	0.0017510223117366	0.155423217551857	0.00722666825849974	0.0608204705256805	0.0349478389613649	0.0467849331915988	0.0326123116963442	0.0726400213405008	0.170323818411227	0.169220137766172	0.132055909701417	0.204421867706667	0.185487700956602	0.0916649331764475	-0.0602353323751162	0.142666269409688	0.0374782267459899	0.0596765979451499
MEforestgreen	-0.208458677008277	-0.234375322289288	-0.144860235193418	-0.214265970665738	-0.232999274431707	-0.224764711069398	-0.205282002194115	-0.173834713128426	-0.244936054037017	-0.223389102848101	0.0796828333854907	0.145887550197241	0.197315383398251	-0.157748956614071	-0.0671326005565327	-0.0580179203771846	-0.187110325110312	-0.104815296495696	0.0929415150722997	0.184558798016597	0.104175527509947	0.0245331332448135	0.0170892480478304	-0.0950311591846998	-0.0428468392073404	0.194496863492995	-0.0408689786803057	0.0685218595726599	-0.136450433654776	0.0988117900517159	0.0839757045121098	0.101817225386343	0.0752673153839308	0.0399290315634426	-0.109047864600308	0.0708011649994461	0.00709940632144907	0.041956578111808	0.0956177912610843	0.0588647894867743	0.177216212192337	0.177485577457667	0.132827166750837	0.179488460534622	0.156644303235013	0.135878065235046	0.0147640919857127	0.0279497669668982	0.172022998892211	0.148616285080137
MEgainsboro	-0.253362860687419	-0.252457927423354	-0.221605540819443	-0.252443947505376	-0.271106571098283	-0.245343544150313	-0.254693786317284	-0.239968907625805	-0.244103320810991	-0.260106627232503	-0.0250495302174465	0.0243244172836388	0.0843435820929464	-0.0817581267013208	0.0579373856726648	0.191323891396147	-0.0685006953528942	0.119846062185147	0.0521656828111715	0.0210413041182504	0.0584144528389012	0.0597680142702973	0.10351213135825	0.039550690144386	0.013085677991774	-0.0475205866644517	0.169273675165922	0.0328809429442313	-0.022348148492579	0.0806957375544878	-0.00392507856876722	0.073192243973922	0.0585465682747886	0.11337355796096	-0.0945721021262897	0.209361110617959	-0.0326019078589316	0.182904949412604	0.117046988483428	0.101094857232535	0.14733664792476	0.0824213218729747	0.0623213544755328	0.150784364174941	0.115953230478572	-0.0259888958026121	0.0998866117322659	0.0836514521607228	0.13316307808355	0.0582561207683313
MEgoldenrod	-0.238220045666694	-0.240716879850425	-0.238240682220451	-0.234468436963429	-0.206755446329655	-0.154314576314659	-0.156549699855177	-0.177105107355938	-0.227954134519207	-0.165715398991172	-0.0104737869039135	-0.147425320815461	0.152771126093415	-0.215030496194752	0.00941940737915067	0.0293998736172289	0.202706742765767	0.0950755935502145	0.0633031497111628	0.0110811043540379	-0.0096471697280344	0.0601583452723949	0.163520648057705	0.0592768509852312	0.130671946060992	0.140200687906923	-0.0234192512596291	0.0658091823354236	0.287684400061795	-0.00435840307894336	-0.0185107281258046	-0.0577074126562588	0.0601227856941157	0.218412427785366	-0.264404194740839	0.182297240432338	-0.117529355532066	0.108941413025554	0.0318329440620906	0.0538307177859509	0.102841038834529	0.0814479662485278	0.0381777076810115	0.0619326374988795	0.157858554455866	0.0456920325967227	0.0312909493240283	0.083467379936572	0.14192131332428	0.0374003602652337
MEgoldenrod1	-0.00484031066592644	-0.00752523937479719	0.0736270346441788	-0.0239521151545928	0.000729402345508706	-0.0106122162577291	0.0317853756458552	0.00796806723547085	-0.0168566393749425	0.000884001791229777	-0.260179245931037	-0.153317872510041	-0.0908033841263812	-0.153462072671078	-0.0671720303609891	-0.0565571619598773	0.386829407864739	0.262541023494682	-0.215491808599897	-0.162376003081231	-0.17788447150269	-0.173124863220214	0.232347859088392	0.154650644771794	0.189589770359281	0.0967349237014106	0.0190456525127733	-0.064756237980432	0.317806198744711	-0.182526063360614	-0.0297159193828477	-0.0400811165384552	-0.0640769043525889	0.285404930599319	0.0371018835120677	0.0840577621177032	-0.00680868513242447	0.0586886673649952	-0.155096537700217	-0.0567770518234739	-0.0619419015951915	-0.0523410331046016	-0.0564398167432899	0.301046788081515	0.0382727978060405	-0.039387847079953	0.0102221713904879	-0.0810390691921172	-0.0906790008876723	-0.0335117434068506
MEgoldenrod2	0.188326896324208	0.162120685444504	0.252833748234362	0.148293032344882	0.134386810421888	0.176157296129752	0.189478795896425	0.209032111830417	0.147370755598041	0.151776654846953	-0.154064579182352	-0.227464481984003	-0.189487763457253	-0.126806064755337	-0.100095946781992	-0.153842287092057	-0.120355213544914	-0.143247171578025	0.0374175558541706	-0.127696421866028	-0.173168378706804	0.0558634221052845	-0.101627989698337	0.0628099427519186	0.0283051280818662	-0.368562323705185	-0.143682142444991	-0.148438389323679	-0.0548977982665129	-0.0137600771883018	-0.153583281307139	0.049154696310922	0.0654087533487432	0.050241071168435	-0.172738943629173	0.02765417816514	-0.21706867975182	0.0589759444243021	0.118770716763554	0.126390283846978	-0.0151207407153783	0.00564754710343408	0.0083339583904886	-0.0238294350706799	0.150830798845425	-0.114366938117009	0.097579370083653	0.169255235675725	0.112588355704695	0.0589013024708042
MEgoldenrod3	-0.248900581280791	-0.296791758346171	-0.228075853843186	-0.150043388405211	-0.172421557539931	-0.284165812780681	-0.156327979566843	-0.267492597397047	-0.204274047379793	-0.17851714095462	0.000719259225810627	0.15609793635719	0.10552928124912	-0.15027912181349	-0.0639581349581482	0.0811755509971393	0.0408182226517793	0.0339622529178689	-0.124394829275624	0.0570737716915502	0.13006887407882	-0.0594536891815691	0.123721051732806	-0.0404181728786249	-0.0452113137487848	0.357359103890628	0.0753037846723606	-0.0362630286124309	0.0532188829380767	0.0323968146261644	-0.0206283841508837	0.0503145204504645	0.0313591243305887	0.106352929647008	0.0245332347731392	0.105696790395114	0.0861612714279621	0.0657182884486546	0.0444384735539046	0.0200942625445928	0.033967330120111	0.0986823721533854	-0.0610583283156553	0.211972682249179	0.181402664349968	0.179609155312608	-0.0622382212202308	0.0851282239213808	0.0635263303785823	0.214511500563757
MEgoldenrod4	-0.232978478868229	-0.242972605509406	-0.145757811743861	-0.233195003620536	-0.217636716575047	-0.241732847749326	-0.20215928325267	-0.192731288966807	-0.244052641025461	-0.215404590323728	-0.100728322399429	0.0222853232190644	-0.012370391357725	-0.0434039806683288	-0.102439014045392	0.0275917464170892	-0.078515469221287	-0.0451189468287726	-0.101177060494577	0.0326281786178536	0.186539551796062	-0.0186431254024483	-0.00218600360672113	-0.0733998797040173	-0.0429128998562569	0.137059873125882	0.136189089423947	-0.0147799848033559	0.0204139166445289	0.0533204853178905	0.155729516718405	0.0429960419260772	-0.115377329875611	0.0446030882763179	0.199750928837998	0.170374711681885	0.185916110249041	0.17556845289011	0.02747431647454	0.0377698725704207	0.144143130524137	0.106640506240017	0.0671041688538752	0.295677811685483	0.189568315600699	0.154576129658798	0.108691916749003	0.0904762032207267	-0.00658702271446597	0.113171311893604
MEgreen	-0.246260203193057	-0.274810459852475	-0.193128181443928	-0.250945928671758	-0.233215109781983	-0.251998827865021	-0.223930527921718	-0.232055849752291	-0.259210086931953	-0.236254783831849	-0.0214822416097249	0.0896234467010918	0.106539750248776	-0.142336477680117	-0.0527867996313682	0.0660390801538734	-0.0978891834423409	-0.0266312877368489	-0.0770445271342689	0.097997584842641	0.0972609941088318	0.0312716831866869	0.0622008178915935	-0.048512166692755	-0.0202100472667005	0.213085201453567	0.0563165624673797	0.0230752016068145	-0.0172132743485333	0.0647199844750367	0.0838021132208962	0.0724844513146023	0.059990059172903	0.0871306743325095	-0.0125586543552877	0.112224356053052	0.0871244309842279	0.0824995045547108	0.0644749812270788	0.08681503686615	0.164657488935042	0.154527089763911	0.0200779842816887	0.185218230561546	0.175065375680015	0.21302741743762	0.000275961133857601	0.0498377180774924	0.157327745138485	0.153783693271896
MEgreen1	-0.145193287906792	-0.175044752989059	-0.105033916501581	-0.127101433862159	-0.122491056685603	-0.166220095900614	-0.111988189162949	-0.15196111076222	-0.148006826636998	-0.109361540882814	-0.100455082333333	-0.00824195335147711	0.108377870215426	-0.16977345970508	-0.158722115436498	-0.0281306582499702	-0.155244174586912	-0.144661135984258	-0.201854604153106	0.0651041601681984	0.18232172195502	-0.0237874150373786	-0.0880632519800615	-0.102088260707067	-0.2129431438712	0.285269396985542	0.0457734210892369	-0.0927536437802558	-0.0995500081877842	0.0515987001545295	0.108420828436333	0.00888121242410454	-0.0315664332389079	0.00895113134808211	0.0725026673149492	0.222657274282833	0.133347200149002	0.174952785687178	0.0583989806451126	0.103957074743416	0.230650131547186	0.129157433846225	0.0385840202681543	0.255125592320432	0.255821002929988	0.157891211679084	-0.0756105547273233	-0.0220807813693449	0.142145279648406	0.238039790152306
MEgreen2	-0.210366865022049	-0.209216618940073	-0.191518724747151	-0.191977306655436	-0.19969877762548	-0.1882324663843	-0.194762165706814	-0.188504077616644	-0.178456924705081	-0.191162962991471	-0.0332918034589394	0.0987628291000919	0.151403134721988	-0.277470227430937	-0.0124237881922326	0.114332438762048	-0.0517940915990492	0.0362509189257008	-0.0812386709778221	0.110342473073715	0.0957197964005641	0.0706566224837039	0.0176343634583768	-0.0988728407600305	-0.0408907771158254	0.18842503946149	0.0685579645580687	-0.0699616239532434	-0.0963239806750116	0.0541635607968489	0.0669072846848363	0.0140827307640693	-0.0242702422345719	0.0544776721669695	-0.109162813363065	0.149803704442951	0.10822594101928	0.107928465668706	0.0166521353728075	0.14675657995509	0.188447085179714	0.17592461590478	-0.11360942975948	0.169730185501666	0.177233477259755	0.272628302695113	-0.094990743019868	0.00116274248722946	0.239248998541221	0.152738859547788
MEgreen3	-0.23911897136518	-0.270224128451925	-0.151599913093543	-0.270380272947464	-0.282332342087385	-0.247022653346244	-0.231764946333219	-0.211663441972463	-0.270583175924199	-0.277756248884564	-0.0889007777390347	0.0180649596012248	-0.0528024338750346	0.0149290564304556	0.0112819584456987	-0.0574907696209507	-0.0171532912735419	-0.0747436278223505	0.0053447806423034	-0.0658012044377834	0.0144002872891414	0.00734795019168094	0.110941542443184	0.11502186036533	0.0850532182040013	-0.0716240641730614	0.000700017752668018	0.0466322557529494	0.115101187119491	0.0468138437963001	0.104983467529625	0.124531945226413	0.119866100890154	0.137076459155663	0.100308734078685	0.0208442908140446	0.112047084590877	0.0383916716323903	0.101685171741398	0.0465055981847014	0.113481365558337	0.174506746526399	0.178607831488186	0.165084018474225	0.134499819726904	0.139210058884523	0.117964284615349	0.199944697429797	0.0862878411399912	0.0735021576258531
MEgreen4	-0.278337673276461	-0.259845983144878	-0.211374018324574	-0.268710285988974	-0.283536143149555	-0.266709310741704	-0.250652345521439	-0.243288574890089	-0.270702947328133	-0.288316934977452	0.00761983354699192	0.0265835275850699	-0.00760964453548787	0.0405041185860695	-0.00325395780262163	-0.0298904132455776	-0.023797859006198	-0.040749478559367	-0.00519067040758163	0.0154434702769149	0.129836901058903	0.0610238558958083	0.035583142124469	0.0258938400620311	0.0473517463233119	0.0264429367203697	0.0164243641431744	0.0449135693298267	0.0294528150571266	0.0382612174673216	0.12676410898426	0.124330241558613	0.0779964242912822	0.153207709195898	0.0547110672949974	0.0695973054239972	0.078845368618681	0.0713810719616726	0.0959644817346337	0.0885431785990041	0.142870084186476	0.159421868052483	0.192637264462788	0.136546632888647	0.174168072697715	0.127861876111362	0.0456124500276565	0.112052988994923	0.0865164074948237	0.0676023001427914
MEgreenyellow	-0.120341757296508	-0.132545823726483	-0.0600840744592558	-0.137969091886295	-0.138907410693997	-0.132951875997592	-0.109715533738758	-0.090531805362046	-0.129200213859247	-0.142374120566471	-0.120072485696516	-0.047988249925475	-0.0524742736884561	-0.121733634452042	-0.0478711553811317	-0.122509806090312	0.390053933862931	0.274928977442439	-0.0750777847019061	-0.0577322672691375	-0.0341231650612239	-0.0916938422559032	0.247767685040832	0.179081007877711	0.288664901391329	0.163822579167179	-0.0898033545838257	-0.0753040532384396	0.373795621512671	-0.0468712099265328	-0.0199465702581891	-0.000527561928934048	-0.0149946489092729	0.309806589244283	-0.0521881918309595	0.178754897778781	-0.0564201080503405	0.136739445405493	-0.0436871003123248	-0.108171897758192	-0.0482007498212423	-0.0499858685825258	-0.00230824116733777	0.11953788637322	0.01742573398889	0.0110912082375262	-0.0530038403030395	0.0112312067092058	-0.00685631545616696	-0.0685335897964095
MEgrey60	-0.254048517993995	-0.260826470357039	-0.163967321427712	-0.25998845210506	-0.276285672535225	-0.256664739626593	-0.22693138379488	-0.223906922558028	-0.271687106837724	-0.274664941253868	-0.0625945930778261	-0.0235394134835006	-0.0419880841839467	-0.0178585848459971	-0.00836424970426901	-0.0527018947977927	-0.0223909735860255	-0.0703906822970879	-0.030705878162181	-0.0264485204684362	0.0663468283079189	0.0515403163379158	0.0928463343445082	0.0459681939289413	0.0881655403721455	-0.0556487025187052	0.00227657392383264	0.0725938388514442	0.0202187074346907	0.0651185642165201	0.127551341118083	0.102407953660158	0.0705613202945117	0.158154865696272	0.0479786536957768	0.0964219231500984	0.108293976057129	0.080056019536278	0.0775702466003921	0.0944652069946246	0.151463543885033	0.187427069129359	0.166362310687634	0.142179401908367	0.149420943461089	0.221509032511561	0.0519409400523141	0.141638322593195	0.139302636258931	0.0618225006071661
MEhoneydew	-0.251470630897615	-0.249907179294001	-0.162492436491073	-0.270682222037435	-0.262487525119709	-0.236871377463775	-0.222073426565011	-0.223395274093047	-0.258354326005347	-0.255848421183576	-0.045136018754682	-0.0358889754577485	0.0217399353542119	0.00813561563719848	-0.0350898445584671	0.115451478749261	-0.0943819319479823	0.00641606242152542	-0.0164720228098037	0.0111450989403494	-0.031426367547414	0.0327561705255748	-0.00526126708008609	-0.0153963603803787	0.0144830822228005	-0.06511515135256	0.105587812557317	-0.0501841109928545	-0.0310889985406107	0.0181994234828733	0.142085430912926	0.100953052859578	0.103600584697382	0.0893333472936325	0.0258910802973073	0.0941102374832392	0.12152604356784	0.127684210363221	0.062222539669538	0.086060429239064	0.156366102680348	0.20902502281856	0.097381241679868	0.0920778613637179	0.196225697241906	0.260775595716666	0.185489581114385	0.108080320751943	0.154549085003856	0.0716717239270873
MEhoneydew1	0.141888979351199	0.113468756964137	0.23079131821185	0.103694397004659	0.13398991327653	0.130190509058355	0.161286743532278	0.175684823719346	0.107722205870744	0.142663703225391	-0.198908332800384	-0.108675842193465	-0.071983870160244	-0.369641733893159	-0.182066842808623	-0.193010130072006	-0.182440973197032	-0.214761945886085	-0.218630673033837	0.00316840622629205	0.0996108797679424	-0.0132828445077021	-0.157806323510518	-0.15598302406256	-0.148105675432857	0.105947933784209	-0.117700147353929	-0.135519362219627	-0.176933024586231	-0.0441107524195392	0.0495878812445565	-0.0271479497130634	-0.0659845138347509	-0.0314632502611745	-0.108612708029875	0.178892475090044	0.0755460267586279	0.131099599431542	-0.0300128807074703	0.0730639897939213	0.139246753810989	0.0608961985254787	-0.063305919559867	0.12774253422197	0.174930230345559	0.194094844604528	-0.061890571696457	-0.0319572281068965	0.127083143553181	0.127644272674021
MEhotpink	-0.217280991721183	-0.310354525013651	-0.221327989078859	-0.16556585644294	-0.181366445096057	-0.25640386216753	-0.166906845079125	-0.236733800550692	-0.229684941470156	-0.179981212830739	-0.0247858024941576	0.0958400704064861	0.0326297430854196	-0.0782401487372537	-0.0909907632275554	-0.0524699286944651	-0.0121595954022413	-0.0510869727849739	-0.149183970095882	0.0887250276102497	0.159070173391288	0.0287743682090137	0.0778521334519002	-0.0508328084879444	-0.0885082561729908	0.26602805953944	0.0453213875490015	-0.0648051795264882	0.0375802771038367	0.0482126713909448	0.0409742738840305	0.0857707977570443	0.00554976500806873	0.104778491656972	0.151816121900001	0.128037965775957	0.184178335134291	0.0662939763929425	0.0412168574888428	0.100279679314645	0.105256896688233	0.0816857784246674	-0.0448882993307566	0.155031767713019	0.168504525201675	0.27873029916091	-0.0888696667340145	0.086745030920973	0.0817745172306091	0.215768869749192
MEhotpink1	-0.23673119672476	-0.239506869519021	-0.161428844391079	-0.270675694864794	-0.236864583354851	-0.226251852139982	-0.226985516990291	-0.220496370165601	-0.239205396194689	-0.244350852175441	-0.00593630874326149	0.0419337564289342	0.00626050339756378	-0.0302819577296386	0.0110957538135197	-0.000443761462368762	-0.109958395698514	-0.0750154976654187	0.0806031637320232	-0.0276110409932647	0.13990442500467	0.00605436923676055	0.123951486919617	0.0974277621724132	0.116825687965927	-0.29647735949361	0.0464244010121413	0.12955770447655	-0.0126050683623406	0.089876913851472	0.107399851291793	0.145686988548496	0.156709006388622	0.0828967493869885	0.0267409211940952	0.0274774305741937	0.0662382009703073	0.00443862814691964	0.156295852814474	-0.00146951337483576	0.160135822471035	0.17642597907733	0.153375487097586	0.134563897266008	0.122053557871168	0.169641926644194	0.0241002912323592	0.108493301887361	0.104314592852919	0.0453916663163199
MEhotpink2	-0.207931747991507	-0.235380226913551	-0.0674996139807735	-0.228465746422337	-0.241905578391679	-0.215541532115362	-0.169726353844389	-0.153626563033776	-0.231846147721628	-0.229098726618622	-0.140888486595328	-0.0706504826289088	-0.0720793895393071	0.00339650608491755	-0.0638006492403174	0.186289500738941	-0.0658850760933313	0.0760504818075098	-0.0623308238573392	-0.16120328062183	-0.0761316917051684	-0.0672057200873187	0.0731640388932958	0.111584723598584	0.142043466289995	-0.170830482337157	0.200741055319945	-0.0495180479305402	0.0306484993389467	-0.0124892475461788	0.123755173599021	0.165190803180383	0.180026209124341	0.0978042576349453	0.0592457960670451	-0.0395967061006396	0.0578316598482632	0.0432239579933984	0.0991782545261551	-0.00964614074348824	0.109367637021709	0.0984595542096899	0.18902007986529	0.245634692134479	0.116326408579768	0.123029122503342	0.227298493484367	0.211855148541044	0.052037503733118	0.0200754379419793
MEhotpink3	0.0973014910752858	0.0464864164501403	0.148992022133762	0.0475372590810956	0.0728769352000906	0.0864163861799334	0.0930890711374531	0.120565008538782	0.0513006652661057	0.0833737974165374	-0.18885780471101	-0.0987521370175129	-0.0671380337643882	-0.311363065868937	-0.156142018443195	-0.117153683828438	-0.0632857291753589	-0.121910063775673	-0.194645667070294	0.0505066461263924	0.0065315545653362	-0.0270374825986368	-0.175039384129751	-0.203584062713317	-0.203021939397857	0.0710488575845719	-0.0647103880562154	-0.0587552003165025	-0.137902715245206	-0.0274261429695761	0.0621459845113669	-0.111689048143639	-0.117008116995092	-0.0767916384817778	-0.0712088545365721	0.31345025976391	0.165547816868285	0.258165887193307	-0.0197084237050464	0.0799547555737243	0.186353871799983	0.0416586221197766	-0.0690344535946414	0.0741561391979445	0.143389951522811	0.354629496123161	-0.184854269662355	-0.103021424986245	0.165605907986859	0.148956945770621
MEhotpink4	-0.23358442819718	-0.264558799697598	-0.18962655159142	-0.224814250680489	-0.240866381408892	-0.259740220879679	-0.225465199168433	-0.224297527337918	-0.256216610357691	-0.260004172727246	0.0800957973225239	0.0789024040052161	0.148699024707532	0.00288382170849803	-0.0670854899059796	0.170727936657101	0.018179393626022	0.10755958604717	-0.119493118973004	0.00179951830346937	0.0131603204396132	-0.10000385115941	0.126266750076186	-0.0302338909793012	0.0505839497080066	0.217602607547789	0.157329178571058	-0.017427418050172	0.0661248072686378	0.0377630925777355	-0.00301212570384378	0.0486793002077903	0.031429411656081	0.0395098795039501	-0.0158044346197484	-0.0237312431130151	0.0480539886974176	0.0525476261228595	0.0988081833860841	-0.0102792348276461	0.0395182415191458	0.11468857790467	-0.0212403037247799	0.26514581734543	0.0663188949286803	0.146445806942934	0.18683135040109	0.215019801748272	0.0533120343861654	0.10349814978632
MEindianred	-0.265917366144784	-0.272292799779502	-0.236520569845381	-0.262556059234449	-0.284195027723823	-0.267228411706573	-0.251428904983847	-0.249506279441269	-0.280311583258489	-0.284353322770272	0.0171508653995121	0.0448545660753836	0.00663727223594644	0.00320682386996673	0.028330821356342	0.0588524157555688	-0.0270228225480412	0.00406310379913114	0.0096408856030594	-0.0133071768718078	0.0701851968701556	0.0361485956169215	0.152977351394987	0.0979348697413239	0.117189192842466	-0.0473977442905054	0.0571480388074184	0.092089434006066	0.0319794923361084	0.0651670987104818	0.109622245219747	0.143004039426195	0.0778996332126744	0.110596705142579	0.0158358530232806	0.0204333029898021	0.0473026976655375	0.0352801074536909	0.0943393026899167	0.0594673655604123	0.1351364993435	0.141137032219784	0.163977818311544	0.163072121905709	0.118597183694136	0.127599584944722	0.0515394554240469	0.120522129300433	0.0703287577288171	0.0427902089213774
MEindianred1	-0.061568023206531	-0.118648221220368	-0.0382654248946126	-0.123471777479902	-0.0713079732364102	-0.0744887728703692	-0.0694685348781215	-0.0566458912003659	-0.102662023510368	-0.0404202943077685	-0.0592645452728124	-0.022731940913345	0.116585052113995	-0.37789439902507	-0.110493733735645	0.135421865564489	-0.0711578284915808	0.0447880597287631	-0.18008828249695	0.0855282406859616	0.136667037945776	0.101979592041156	-0.0821763713073766	-0.180651360254229	-0.0455669198631448	0.16449233341593	0.0223631535085967	0.0475257347253158	-0.19184738394781	-0.0212312246220847	-0.00400276569822765	-0.046940964879191	-0.0539897276105558	-0.0713860049683926	-0.288538390394234	0.183492256982681	0.0394275219034324	0.147172610618264	0.116070183164416	0.155132393434233	0.206542417143592	0.10437288084473	-0.203446003788914	0.151966886100937	0.202240555755713	0.277789928283396	0.0810609063166458	-0.179330228401861	0.2647254059321	0.162339996266114
MEindianred2	-0.249438952800149	-0.266761568138352	-0.222223976341038	-0.266168924929512	-0.260932112533241	-0.252732552557665	-0.227426550028352	-0.226290185405516	-0.27516139927927	-0.246376405358838	-0.0519434339951346	0.025259022479345	0.0577676077967477	-0.105977049650485	-0.0464751797181579	0.0472161519551052	0.142798603325313	0.0947867994135371	-0.0657511567744129	0.00451122828778996	0.0586954228585483	0.0173981223905787	0.157492031398537	0.0039626883324049	0.0701504547697989	0.203648726995243	0.0507658741931258	0.0186904941253625	0.14543488667169	0.0210551349763502	0.0277382805454382	0.0171730371827948	0.017973809161062	0.157088141385394	-0.0032153356506281	0.172839234692919	0.0714717091667491	0.144345516845678	0.00686744368343425	0.0675285980746411	0.135002702162427	0.110681406404685	0.0126916378755003	0.181193395027925	0.124704851178379	0.184804300070737	-0.0170263857485316	0.0613713100263574	0.110660587199493	0.0601319582561912
MEindianred3	0.113329114597568	0.0805967914071258	0.277817970431671	0.0538375827968966	0.0767993643056272	0.104590413320061	0.14559639893528	0.18572096564042	0.0635308975941012	0.0966818094182176	-0.210218772901444	-0.155762218962488	-0.24474675888159	0.0519038977059907	-0.1835912513506	-0.161447865684808	-0.204229086762577	-0.192516509203955	-0.123729992428667	-0.270517944370571	-0.0725788525541739	-0.180468902790218	0.0708564482414278	0.0268513855126661	0.151647726115514	-0.310089152114484	0.0252408696621651	-0.122419647598519	-0.0326425470673625	-0.059336249900706	0.0642415085813551	0.123144394234915	0.13494664986374	0.0681412394762247	0.152055167495939	-0.167334980194076	0.103454906079213	-0.107480293678799	-0.0181764392392673	-0.104041957676015	0.0734854063824305	0.0953557794909928	0.170778535359148	0.258163697711108	0.0734048556016935	0.0225848404355229	0.0043946817425733	0.157732635263622	-0.0406539378045736	-0.0649025722383136
MEindianred4	-0.239251215191682	-0.241769218215394	-0.173930789486173	-0.2791389180497	-0.268525594453629	-0.246458296674614	-0.252243102667943	-0.227068277102001	-0.26684399537358	-0.277840381969374	-0.0478406601214785	-0.0127729997877113	0.0824963088326263	-0.119112825415309	-0.0138728769040948	0.142015065160539	0.00664535507667016	0.0905107303490992	-0.00519720630383094	0.0672186894686705	0.0883800231168755	0.11495442819365	0.0752762531370155	-0.00381856784023855	0.0465055826227928	-0.0358522923616672	0.112562374187752	-0.00434394832424561	-0.00389558462568173	0.0425432687518655	0.0319577851022933	0.0897386709397471	0.0324985570768394	0.129160768682073	-0.0951755955724224	0.175486683143927	-0.00296528053575048	0.176932493172379	0.0907187829640342	0.163301986141835	0.144816654390149	0.11408417751108	0.00924913903398464	0.128398815064384	0.132506653776301	0.132319580142137	0.121476845446256	-0.00115019592047862	0.196670172213842	0.0806419791981787
MEivory	-0.229646957753714	-0.262631900980222	-0.144631362505315	-0.263753789945546	-0.270204142425028	-0.240646851585774	-0.219360128443863	-0.22179264886803	-0.268456886545639	-0.263955700554294	-0.0773478713451294	-0.00645792941835652	-0.0795622254128257	0.00622228673011752	-0.0217395559753127	-0.0654256588508542	-0.0308139624694479	-0.0813256914375367	-0.0572424918571205	-0.0787328545783736	0.0403594859136763	-0.0172649571848111	0.0756140085783097	0.0458372093474678	0.0885625621985547	0.0540135238455044	0.00767679277000405	-0.000728000372310564	0.0832719248991111	0.0413240002271983	0.127132726891972	0.124718687541586	0.0950496390693859	0.17127637945005	0.0910326444172468	0.0206844120412992	0.110191611461027	0.0362000131912974	0.107192050012439	0.0573083949564004	0.128256995145001	0.161696760713684	0.198533983682275	0.19518952452006	0.184837231605574	0.165118301397258	0.114564731007659	0.191759020714789	0.0965112618183667	0.0815854043621874
MEivory4	-0.179280206976418	-0.20112501311565	-0.131477008114205	-0.185070044136229	-0.203215488516808	-0.260929669683576	-0.263501883707276	-0.134844219783646	-0.176148986734392	-0.18500362910368	0.00941680047276427	-0.106544197355609	-0.0401515899923463	0.173413992720152	0.0467185425611419	0.0103015701845745	-0.0427689781342588	-0.127494543951791	0.321639131359008	0.0241653424286249	-0.00420911308547051	-0.121363030332269	-0.0168560769951218	0.0383189876643382	-0.0403057451508819	0.0531026458991369	-0.0991435339449016	0.0237001808366961	-0.0111715696797357	-0.019697457283578	0.06322305314537	-0.0189251699173239	0.102320231490328	0.103802418284331	0.000464090458871348	0.00969472265203855	0.0449589515687414	0.0357350502356755	0.166742896737655	-0.0456349619171293	0.178878988445118	0.0729051483954574	0.102857294179142	0.259955812284603	0.0854368889401835	0.100227048572382	0.18953366008316	0.41833821633045	0.0649867424585551	-0.085976290776202
MEkhaki	0.0659780161942733	0.0503986502047056	0.173307708582283	0.0756670807496708	0.0580982298402999	0.0682822950504586	0.130060900278476	0.118808267785134	0.0586953848551358	0.0562458382644925	-0.188504338031399	-0.162583911565028	-0.135513514800732	-0.315224122940823	-0.213409782669204	-0.281218805654729	-0.183010313081225	-0.358832198688948	-0.0522025650686879	-0.0388156152022917	0.0931466734159952	0.0420542391009933	-0.0919617941601701	-0.064447521717097	-0.111225721477772	-0.156702244377141	-0.113085955233138	-0.0766395117844754	-0.173774921670295	-0.0229375681693374	0.0880991098472194	0.0680152448195854	-0.00948710437844575	0.0635551193364579	0.0456948127745382	0.0729050342039036	0.122994515343898	0.0264415547979923	-0.0100045611496177	0.142818129271657	0.1141767751646	0.147597489465381	0.101070920621747	0.042563883140288	0.193950437503107	0.303353241273191	-0.093011293811661	0.0063556134330502	0.291782659572076	0.0304755407416099
MEkhaki1	0.0405309664995684	0.0126112931693629	0.0938013474708659	0.0108717498723185	-0.00644017519940231	0.0369933055382026	0.0603526723705111	0.0648369483286884	0.017583366923185	0.0274423729760218	0.0965919999865545	-0.0641363654297333	0.0652276425281919	-0.33132425957156	-0.0500659144184699	-0.166438773978888	-0.170830708434639	-0.277300521751503	-0.222641410015251	0.091072700264611	-0.0300483907259409	0.166973675137273	0.0455426592472116	-0.226655466224784	-0.0365191138967759	0.213629709266178	-0.195875116233087	0.0248413682749847	0.0149870908144967	-0.0224831476815288	-0.188405369651407	-0.118738192066586	-0.0543848134563601	0.0724852415694865	-0.172695351321782	-0.0687567662466685	0.0500015842233655	-0.0776419231514462	0.210474555133552	0.225347279806666	-0.038077582810603	0.0399954288848234	-0.0186457952796509	-0.0295140066239004	0.0807692186272776	0.187722449564747	-0.152905131977025	0.142817856486991	0.368598832180511	0.258420981001348
MEkhaki2	-0.224884061958563	-0.255706590124266	-0.171549317271823	-0.259466970256452	-0.221161552222252	-0.224551304327857	-0.212223868435116	-0.217357711716831	-0.241367559511345	-0.22788645948601	-0.00267123184203906	0.0690435967421847	0.246281798587912	-0.0843131157538898	-0.0165739644662474	0.167059872533456	-0.0982975595480122	0.070439170116181	-0.00172949355030191	0.128589183841398	0.035422576186239	-0.0458769091611304	0.0260842734960691	-0.0429668535749183	-0.0573695364721625	0.201324798033201	0.131009654556276	0.0422824052785118	-0.000683909878880542	0.0358238431045592	-0.042053691634021	0.083533924266717	0.00303146462158715	-0.0175463978546509	-0.140100493676752	0.0391827836480188	-0.0134842286241594	0.122700265768617	0.0998187034652342	-0.0297773877467469	0.123905960678435	0.175981304258032	-0.0179052722526754	0.248005187281278	0.12731718633396	0.120463440169481	0.212083991147226	0.0972460178873741	0.129252346640743	0.131621692704411
MEkhaki3	-0.250746253049453	-0.251009185392342	-0.181920917648415	-0.246914688699647	-0.266715040361539	-0.248999983820383	-0.234044681330219	-0.212022085024234	-0.260528795019554	-0.288397518649632	-0.0826382571938709	-0.0458762013933117	-0.0846347884462508	0.169112394854437	-0.032256492156638	-0.0204165200535799	0.0283321365320572	-0.017435145468521	0.0823904195517415	-0.0948491247168526	0.0542464016841249	0.00200543200122045	0.0921241582667694	0.0707375735968056	0.0768461732785035	-0.028580504668989	0.00443361975658654	0.0146398240796329	0.0945878692374468	0.0421470377527271	0.119203300184328	0.135308004784212	0.115638222985341	0.141007105385716	-0.0271465622789625	0.131221615085842	-0.00031487971296498	0.122101084651674	0.0601786622552935	0.128896459152029	0.128265784857831	0.102386960427713	0.165508474315855	0.153278617037362	0.0990455761055971	0.114865585142718	0.0933125158715708	0.257629242996311	0.0636204292485064	0.0123769440054051
MEkhaki4	-0.217477893241174	-0.145991043059506	-0.0259285995084704	-0.191724985765455	-0.167463447508729	-0.179475425300783	-0.108301560988546	-0.0989903864480684	-0.174550904642281	-0.196480209978629	-0.134775734160177	-0.080904088775342	-0.0410711300275655	0.0821988408610779	-0.178603363734901	-0.143835534294755	0.159350283150283	0.00273701589928459	0.0360357128969861	-0.195024922875333	-0.0610133256663783	0.0644595895911037	0.0788358047645383	0.0255815951441891	0.0505923426888455	-0.322423759762272	-0.0289754592492347	-0.147220241912614	0.174777323136403	-0.0717840697768088	0.0201419753169066	-0.0452371770211946	-0.000195866462029353	0.26256024869016	0.0558143183340974	0.255499561130895	0.0988035155955698	0.291713091401564	0.0975145563718152	0.124602034044193	0.0306791228665584	0.0864383182195281	0.148877209486298	-0.00990578518331001	0.157776181611264	0.174424208503283	0.154567747522694	0.168253450010406	0.111257827049847	0.0538630410557647
MElavender	-0.191695521507525	-0.326033330636395	-0.231454222769422	-0.186330924303509	-0.100195995373319	-0.246222847719324	-0.185854490595522	-0.202249230973044	-0.251794789383329	-0.105947161579528	0.00310322249488549	0.101296135576877	0.0991538307716883	-0.0363689789276071	-0.13044383296916	0.14415783997788	-0.114214295898417	0.0262429819736077	-0.172243095850382	0.0688144139479497	0.101372402251244	-0.15187566615382	0.0767375792411318	-0.134943202142797	-0.100218313054394	0.192181512129004	0.159137693482715	0.0416856898634144	0.156847016197149	0.0998492233403553	-0.0306381383169873	0.110497110716033	0.0333257628566686	0.0989267164976912	0.0916011203331989	0.0242802037152515	0.0844480361292485	0.00099806394530522	0.0191826035561462	-0.00988694741223157	0.0950666530956788	0.0805997943592353	-0.00557418389728813	0.280318470194543	0.213562214903091	0.110798800470431	0.0128142769690237	0.176081765358543	-0.0136402116786621	0.224744246794673
MElavenderblush	-0.222515312221774	-0.254391276970867	-0.110928512320177	-0.247551954416592	-0.264421290631284	-0.235080297943429	-0.206405360442942	-0.188469396918052	-0.259957188896499	-0.252460376132341	-0.128843229555718	-0.033176908334076	-0.0361521755794788	0.0197028031267292	-0.0751799263243636	-0.0659354592879756	0.0103563991444557	-0.0547601083571341	-0.0910343439178077	-0.0856294852025363	-0.0478144202289738	-0.0157452935627085	0.055988311329068	0.0156188574447823	0.0280429602219468	0.00117504159146688	0.0147089157223517	-0.017269893216668	0.118904169144183	-0.0272015092928214	0.138206775324863	0.105958554731008	0.08928395969748	0.156689678224694	0.0613802887733907	0.0652559993945662	0.13230853023916	0.0962898966863159	0.0540504775510833	0.081610929909574	0.141418034264174	0.169152534452291	0.19805470928765	0.155728578818329	0.210463519797339	0.249662771831974	0.111256351485115	0.188769978310199	0.156389990702863	0.0944947025471661
MElavenderblush1	0.259447511619452	0.206499948082003	0.30080044252724	0.214157603609191	0.257603961628548	0.237109367776551	0.247388028716205	0.286377970222378	0.209264296664362	0.264770962683714	-0.183813050185684	-0.127328170480223	-0.109096147396677	-0.100977097280169	-0.145291824284007	-0.185364713907641	-0.177098197019596	-0.247236768291947	-0.0382321658662439	-0.129167789560091	-0.0580228470648732	-0.0915986893502226	-0.106913989896826	-0.119689355051918	-0.10213182458769	-0.0212988323262034	-0.129192717607416	-0.093937306411021	-0.123006394625153	-0.0756134873465695	-0.0893052819749126	-0.0276626727292171	-0.0259461303212719	-0.0302442302071088	-0.0229922392456214	-0.0546453034668976	-0.0289121970682615	-0.0687698420849075	-0.0241149309056479	-0.0450122962661138	0.00318751655159344	0.00876619763024948	-0.0041375783796847	0.0666263106547157	0.0816090900855294	0.0489682221849693	-0.00446141389134261	0.0601032055267244	0.0422350534288776	-0.00370020451114667
MElavenderblush2	0.205317434613268	0.148001769308332	0.262287823261984	0.132716887516955	0.121801792561158	0.178397005814436	0.186747840536525	0.228287119874979	0.135171500418607	0.15080499149981	-0.191632937354823	-0.107172136566675	-0.103138362983268	-0.369177521430502	-0.167793267789771	-0.0172256519640071	-0.150341560873053	-0.10958615666971	-0.129861545357347	-0.017310958452142	-0.10117692358374	0.03278432035138	-0.192577792596428	-0.12475980235386	-0.133876496119313	0.00319025827342059	-0.0715324105074621	-0.142048751536877	-0.130525328325318	-0.030968684143696	-0.113054976786727	0.00944529155864976	-0.036444494947562	-0.0413674037474505	-0.284860986765336	0.0972029771567142	-0.114708696552713	0.0850198165878191	0.0889040154803644	0.0769204212449395	0.0996944045693855	0.0028978073345722	-0.103967304654073	0.0622371712903725	0.145129467122837	0.0923054969401048	0.0109442896156753	0.0337127429768158	0.20249419016957	0.19269331598318
MElavenderblush3	-0.257519419719849	-0.272234842772768	-0.177384224779376	-0.251352698356448	-0.227665610771693	-0.246732013632542	-0.234827683472267	-0.216501494008365	-0.286702602015079	-0.237456379001208	-0.0244071344965363	0.0582503705414157	0.107519459063371	-0.0784339178080716	0.0088903630280443	0.212509191603842	-0.0334986648927127	0.12460561666642	-0.014648348452374	0.00151502194077759	0.00206866144407822	-0.0697173990914143	0.145052554761767	0.0280178245152454	0.10586910015523	0.226332701501453	0.174219801038378	0.0416787655273054	0.0945864785913426	0.0269072938650654	0.0136660372705834	0.0742591931070028	0.100245601836881	0.144576374068695	-0.100979687746808	0.0376084688804454	-0.0497598744315154	0.0565082829701621	0.049356175367438	-0.0304090040742811	0.115971535681993	0.0977225097969433	0.0382176910611499	0.243889983658102	0.0608609060316477	0.057759611318058	0.114860782146284	0.181555427566588	0.046261979807982	0.0188872347096162
MElemonchiffon1	-0.205473198548138	-0.268181689489363	-0.150848690091347	-0.275868056197671	-0.257110375562805	-0.244717774643211	-0.223394677308449	-0.200508854912041	-0.250012069230725	-0.2199625509857	0.00977804476080039	-0.0666853199925816	0.106822666996806	0.0687949636019045	0.0259068635403732	-0.126383498129531	-0.0342919908151075	-0.0913327401318631	-0.0642169055439667	-0.0539632845058326	0.125619693554943	0.0963085801640096	0.0793230916152775	0.0949373175712456	0.104520951275521	-0.0820207530207582	-0.08218566114709	0.101103997570147	0.0865216411955369	0.0539370343476809	0.0836999622017489	0.180038538170658	0.0823296912780645	0.0811454641239906	-0.0442065957802752	-0.00143167903874416	0.0205590111576551	-0.0129127909113135	0.0730407940992906	0.10829645822933	0.110938825962223	0.127854409286702	0.258455597290655	0.102826323022293	0.142168608708036	0.181612048505525	0.00638775057031212	0.264633566156468	0.129003160276947	0.0491441007523627
MElemonchiffon2	-0.239321219501619	-0.280198535738082	-0.215315060132414	-0.167503818736277	-0.210588023157267	-0.267609663505042	-0.198806672843093	-0.247146228920176	-0.218200796298089	-0.220318738867382	-0.041046263580296	0.0994940498733355	0.106319429975213	-0.0350164377590758	-0.0893688014305996	0.0340129334802081	-0.0384801403762271	-0.0299094654536204	-0.106250916280334	0.0450498784436647	0.165045367385916	-0.0405089840921252	0.055900148877375	-0.0601950118609085	-0.112840399457687	0.31362823355018	0.0729769976848817	-0.0438819486249018	0.026841607934388	0.0382976732985406	0.00951250770360271	0.0523853472893398	-0.0239667266002369	0.0949994556031278	0.13254635497428	0.115326503932335	0.159827054265377	0.0934635472574048	0.0511461214068795	0.0485172061395334	0.0995532683223354	0.136788405197287	-0.010684677007417	0.151833386290792	0.144128515489097	0.250831963081606	0.0174596593925476	0.115458092000405	0.0830796615985688	0.182735159774646
MElemonchiffon3	-0.201286688001044	-0.239563697906408	-0.0754035409697025	-0.236505831716213	-0.269224258787956	-0.209125307301389	-0.159497673649386	-0.152625756015702	-0.226416966686828	-0.248768094539036	-0.141301977898136	-0.0490692001195492	-0.0993847115424581	-0.0333982255619325	-0.0499024461373803	0.196164382628085	-0.0723176751079173	0.0840295432416168	-0.0342607391508581	-0.181318704703593	-0.0478407377282259	-0.0839522365888456	0.11164198413407	0.0978866288417344	0.156408277045654	-0.143892030321735	0.206384485067541	-0.0300573058854212	0.015389771613892	0.0319900056110695	0.112365303660358	0.167652341919446	0.138122594551409	0.122469705420766	0.0956457627115762	-0.0434593159751238	0.087724835934885	0.0472033989314551	0.0657745872353084	0.0181362345307871	0.0980324126417444	0.0911213827265894	0.150687917578658	0.219842626830092	0.112184013120966	0.122438091904716	0.198240885465783	0.250272067014817	0.0379990838410676	-0.00723520190924504
MElemonchiffon4	0.146190198043171	0.130609695187731	0.28330337510962	0.153040723538679	0.14968686343145	0.118062754103282	0.194596353927299	0.227210020895157	0.142813956578104	0.165470372342184	-0.232879725049388	-0.233805358588815	-0.201589643008769	-0.140053931118764	-0.187808339902053	-0.220968224308418	-0.135614054179482	-0.217079550254304	-0.151418333888684	-0.198288118032619	-0.0730850937952683	-0.0137349358503697	-0.123519460469137	-0.0704550283950222	-0.0688711563937289	-0.263047879895653	-0.154743755528891	-0.153375035148975	0.0159081549989939	-0.0886282253822518	0.00776006060043415	0.037774728628223	-0.0673866856893138	0.0513534070227246	0.0175049959690042	-0.0159038122526546	0.0156417292335706	0.0712256843281941	0.000627550433203895	0.0553002307825199	0.0747510950041584	0.0852657905358331	0.119098940118854	0.0810022317222721	0.0904227487182552	0.0909770244522154	0.220128834586965	0.141870412347297	0.106969172733827	0.0176892417593409
MElightblue	-0.175335044355011	-0.189945554081586	-0.0954126143611335	-0.167870614762525	-0.186747822657077	-0.188142537374138	-0.131701759586982	-0.136620824707054	-0.193290751603706	-0.182615571994833	-0.129951701993021	0.162383565008559	0.0731389215395988	-0.146790682268442	-0.110055113073455	-0.0196790056698187	-0.178905079152812	-0.136576143521263	-0.161121878560466	0.0883427370917068	0.141907479002546	-0.0044005602443346	-0.0420020621782763	-0.130870201745025	-0.174012435843828	0.194578139335415	0.0488512266988007	-0.0431023144099164	-0.144932415240023	0.0835932506969813	0.18998364738987	0.0233285888248416	-0.0838824553732843	0.0227801890666344	0.100330526270371	0.156824298086193	0.168787253023727	0.136719412754514	0.0407582072041014	0.0714406678353511	0.200810895873838	0.114954781646683	0.0263383697518894	0.22589627121419	0.250502800987983	0.240743827731888	0.0447200018425765	0.0356940327164715	0.122642968592714	0.187913084570567
MElightblue1	0.172523698781184	0.142339309349318	0.267195565234452	0.187288086006716	0.182945956113026	0.169499530123462	0.21837856506646	0.200838596939858	0.167484375112573	0.19264393576573	-0.0077620895370817	-0.156953820103338	-0.146737177037584	-0.116018372992772	-0.0494530895928931	-0.0786943735728052	-0.313874899025657	-0.245656367181458	-0.00734488244895579	-0.140759503570818	0.0182573844790892	-0.0555421197600392	0.0657137209729163	0.189944768918582	0.106261192259397	-0.182541476468052	-0.107408388720551	0.0952272211188954	-0.13639137978162	0.0687166924513661	-0.123256909923235	0.113648634348514	0.107032691880715	0.00415590964310346	-0.168818199556257	-0.19630897122285	-0.147628143641736	-0.104348834364172	-0.0218026082152298	-0.155086146686654	0.00897845354473699	0.0448042500004766	0.00138209006001973	0.21254086787736	-0.0520634182552386	-0.0733625949293673	-0.0438327667154273	0.0562103801330016	-0.00616204727639043	-0.156203295600768
MElightblue2	-0.223055235903763	-0.235785496613979	-0.093940937382622	-0.257175229336493	-0.260444221722101	-0.233663563877525	-0.182677456846316	-0.166880481006477	-0.245618144684942	-0.242943246472121	-0.144765549043284	-0.0662999540865508	-0.133444974620712	-0.0172495901482551	-0.0782994510262676	0.00266661352713542	0.0844864172682376	0.0231574058673941	-0.12204641138186	-0.121965604643365	-0.0380151822536937	-0.0301972500303569	0.100880645216697	0.0903883353073098	0.152682637339174	-0.0787492261518929	0.0616643280746901	-0.0561260412896921	0.14519242248797	0.023048158286347	0.136749819520767	0.156227613975277	0.0587937701725933	0.190638661318511	0.0915933160152983	0.0104995585543008	0.105536811095831	0.0584183124745195	0.0541211042220327	0.0246620485191743	0.12394147858252	0.133092598011058	0.188855681317917	0.216135678144066	0.163489820580618	0.164668873405052	0.190329209309618	0.174884731120351	0.0502557021764579	0.0522814966313508
MElightblue3	-0.25048739124826	-0.273758947547427	-0.212201781727566	-0.276245656929933	-0.261709955720696	-0.263861311496362	-0.242764438684817	-0.239421276426901	-0.269442180741854	-0.288433613854669	0.0314988784055283	0.0102812839928517	0.0467357029155493	-0.0193096688273401	0.0441726869085208	-0.00172369591105269	-0.0469999613746477	-0.0588381916052528	0.0543061628409343	0.0587672483952534	0.0612518381794858	0.0249749187515885	0.109748281818438	0.0820772788371074	0.0771144662475573	0.269895190934808	0.00232167856252966	0.0750526426141508	-0.0164935941368269	0.0519071217254774	0.0508305507726182	0.0876787428206521	0.146323674053695	0.107827835451797	0.0400950295055174	0.0299658415792104	0.058523888577564	0.0108065448237823	0.124044216383194	0.0378293898933365	0.0913935170641691	0.113088475801801	0.136341929157678	0.201354871003349	0.12475164944278	0.1512894686587	-0.000701036525963076	0.10083002324608	0.0823077842149894	0.0270038891788735
MElightblue4	-0.19466517626899	-0.229470767260935	-0.138743790866401	-0.215604190299443	-0.243678622601275	-0.215749994175854	-0.207534273138419	-0.191622302960475	-0.216049805789264	-0.219048862928219	0.229778351329565	-0.0452856679812698	-0.00107701265042209	-0.0831695242313215	-0.0635238862523377	-0.0636297294666971	-0.0802396349839103	-0.088130958359742	-0.0221959564348743	0.0219568427119429	0.00692464933837471	0.223467979447969	0.131513319054828	-0.033175415828683	-0.0349381792226461	0.108103347917161	-0.0636585235164076	0.0964161642538202	0.101103073454914	-0.0181073526199121	-0.0224946614206359	0.0105076914152084	-0.00455512837678803	0.157570600965487	-0.0476985958573127	-0.0078594203528729	-0.0043428903957867	-0.00664627279581778	0.273810985339341	0.29190698928733	0.0501162394773942	0.0601356674600223	0.0585750528053014	0.0453309190095036	0.123297250585139	0.102198191469449	0.0503688420612085	0.10726369846218	0.291009389633527	0.221541351557048
MElightcoral	-0.236017598680915	-0.260965745813575	-0.171306393154792	-0.247698685658523	-0.253067528110464	-0.240758671113356	-0.212782106861814	-0.208062720478523	-0.243599475237726	-0.276019879425137	-0.0514450935365222	-0.00873257064280476	-0.0144325267002012	-0.0799391603366474	-0.021482291593248	-0.0821829644459141	0.247743945389126	0.168382735123797	-0.0188470325514329	-0.00621701159962394	0.0685853371697284	-0.012103117082483	0.178766114325399	0.166679428303993	0.150594617604423	0.227902173452825	-0.0280524042376234	-0.00310492868762712	0.22225961908909	-0.00155583049370287	0.0391416396118504	0.0419953584042307	0.0382755141866119	0.245213358717193	9.91335036772088e-05	0.134208997485367	0.0241904266910176	0.0906312862567772	0.0273759586979383	0.0164122196374444	0.0548885339425011	0.0837753276983622	0.0626640238743635	0.120597533131436	0.089402759552702	0.100297589957795	-0.0199565844196605	0.0242574454979322	0.0497410290545822	0.024248214502154
MElightcyan	0.112052731537504	0.08060346808618	0.210635000994237	0.089345969784157	0.0793140625203728	0.0972601473120166	0.138531983461961	0.149455816470975	0.0730991568436425	0.0916848693719136	-0.210213212848333	-0.185989788643301	-0.113990711581051	-0.194258798596124	-0.198443221766225	-0.0842355828453156	0.382269493968947	0.24188353445479	-0.112971986163117	-0.248950571552917	-0.163687319864865	-0.163305368472698	0.105402375891169	0.117628192770166	0.165699979350974	0.0731528179552442	-0.0450249424896315	-0.182094295289593	0.283977478345131	-0.172204354090959	-0.135411885478999	-0.0943448990126551	-0.0191351608686483	0.21853779701574	-0.0601830881768336	0.0553088240619812	-0.0608482192664577	0.0604479477996501	-0.0931155764320256	-0.106563406844377	-0.066726922183163	-0.0508683090483593	-0.0677738600482281	0.0519410538083189	0.00641721921499061	-0.00948044498390911	0.0840877317139502	0.017292326223795	-0.0309165093887061	-0.115291543021314
MElightcyan1	-0.20546567545535	-0.190098152188975	-0.118943312061766	-0.201896979133996	-0.194401498552983	-0.18826459776814	-0.178375674535272	-0.166057914948969	-0.217907675344417	-0.212243208641838	-0.126906054659957	-0.0276522980854745	-0.0363689101773109	-0.0471893832797199	-0.0491415222807454	-0.00253082316419331	0.341659769970354	0.255548210314998	-0.0801410853325395	-0.0658024358129976	-0.0633495052795986	-0.0814279179324854	0.20929943437957	0.207516488814683	0.217589854434151	0.190009871564955	-0.0132122538413778	-0.0909337441750847	0.307026436163168	-0.0630028848775761	-0.0146381621532411	0.00381384038621132	0.0150391926628088	0.274018643596091	-0.0315669300455095	0.120007166455962	-0.0263563835955369	0.102917805359664	-0.00910160683502922	-0.0336912909810446	0.000460039291113185	0.0415860354734418	0.0396416443192266	0.114586168963028	0.0437456543996511	0.0584770914194507	0.0917290759747258	0.0612172422094273	0.0276629678550929	0.0131152471333536
MElightgoldenrod	-0.201424521027085	-0.222571527790883	-0.11879633431606	-0.196878474781912	-0.229839093450868	-0.199329703919588	-0.167646939920833	-0.155163300834599	-0.206434701314558	-0.204148967092537	-0.0825592454533109	-0.202951626610565	-0.165371572462537	0.0312750269005153	0.110530591800353	-0.10023939496582	0.0501091863958526	0.00105406839210888	0.244770123288155	-0.0268151132311551	0.133840178833729	0.0232216954509381	0.0345576393991552	0.0371051295299209	0.0562471136476439	-0.209744340697487	-0.051016180375333	0.0350861856171489	0.0341603982478474	0.0415308041738657	0.0365658144238846	0.0772566636684752	0.0808161641489231	0.264293091658384	-0.044445691531613	0.250545582027474	-0.0399298921533416	0.233964822622576	0.122304595412716	0.103338258496806	0.183939843793365	-0.00778853011558151	0.143449832747393	-0.0466027060164167	0.100632429808487	-0.00603802305752046	0.0454414353198105	0.274884062890109	0.128280750192528	0.00653439223144048
MElightgoldenrod1	-0.116069814863111	-0.133134840084296	-0.02952771533755	-0.123503400545675	-0.149372728089113	-0.135105774365786	-0.0804992422557029	-0.0826404422720987	-0.155337534724095	-0.136091950715411	-0.078416428295698	-0.073556822242178	0.0243384613909865	-0.0118109336893698	-0.0261927986527237	0.279232583904307	-0.0337204768570525	0.167088014526803	-0.0499183057057952	-0.235280527724132	-0.0991403987403031	-0.150310121131809	0.138901892869785	0.157739059638466	0.136162540981651	-0.162185838048472	0.22630087619879	-0.154534732229625	0.0700448943952071	-0.00791491623735686	0.0676031809721376	0.113179790007408	0.18065967411113	0.0841586061780005	-0.0715719888008369	-0.161614982739219	-0.0567836916224073	0.0440649183263523	0.0495817189346431	-0.208073662634037	0.105084791403519	0.112339766201712	0.040495855757182	0.398292054242455	0.0308060305418587	-0.015100534272237	0.248589534796181	0.257094811246492	-0.15026417972502	-0.044084274023958
MElightgoldenrod2	0.00502873295871082	0.0344272399875335	0.198347189830065	-0.00559143497510378	0.0220039611172973	-0.00126994515167509	0.0677404539871337	0.109513365132931	0.0280208093138852	0.0314341718312191	-0.26789178360438	-0.0701637819106686	-0.192484345297972	-0.124984578218154	-0.227237085861868	-0.21920656231174	-0.122310941621617	-0.265745128379095	-0.163463478999333	-0.182430365292205	-0.132560071454333	-0.0837908322799939	-0.076552495893518	-0.0817233976637209	-0.163818854264558	0.102246348119261	-0.158529914727041	-0.183511955393309	0.132013705463322	-0.0781174393940527	-0.0046409439417485	0.0401190523829804	-0.0853065322602175	0.143424060757049	-0.0245809837833919	0.0168221245184916	0.0831562339873152	0.0695472493762362	0.126478720489491	0.0439370007000309	0.0704683843126179	0.0333930717407098	0.251408408268653	0.0529027405267696	0.237784929634896	0.217257562143	0.299427287350197	0.152416603638582	0.159884925005288	0.186708520106032
MElightgoldenrod3	-0.231409506134869	-0.259037636143968	-0.180726956141669	-0.249023896755796	-0.250101317808902	-0.245781928592014	-0.226919483033646	-0.228730901481302	-0.258776665520763	-0.239287447393706	-0.0612908061666539	-0.0389926448784433	0.0838918552227136	-0.0822229993451221	0.0214593844857038	0.228574909309478	0.123908756189992	0.241606506567206	-0.0302996689498668	-0.0438629613980033	-0.057025280246621	-0.0386678741301414	0.129088187859861	0.155277982447654	0.146264441123984	0.0656667700589968	0.214600621053744	-0.0155519046807117	0.0798614468281678	0.00459118777996554	0.00426408683926438	0.0875465060599412	0.0833026138179305	0.102240892403503	-0.0340573586998425	0.0823751827509626	-0.0246969757467925	0.124155724169598	0.0357673780957907	0.0028273263992171	0.0257665167687758	0.0864688164876666	0.0118049435518125	0.20906036611007	0.0496913487719448	0.011852937858443	0.193040686956074	0.123375266845531	0.0629743554485028	0.00515721498633975
MElightgoldenrod4	-0.273282987838655	-0.276745884787518	-0.26493601276443	-0.249184243495165	-0.278095564333598	-0.244794714615463	-0.25379756542978	-0.242696589860363	-0.288278560306519	-0.251710116363728	-0.026693200910418	0.0190097413688548	0.0749098000539041	-0.0938841472636393	0.00472791170605712	0.0570661920048028	-0.0100323402234989	0.0132341057416462	0.0334047320633586	0.0673766558903929	0.0635666139674782	0.0995300909264191	0.00435946962451159	0.0208823586641069	0.0348443424815816	-0.0304420428861253	0.0628694831657536	0.0473668453914971	-0.0169452537987721	0.0735990754858448	0.0827044881373638	0.0957429225980665	0.0702126287786455	0.128630309499117	0.0514342237030129	0.145350131364872	0.0929903443596318	0.120464336115041	0.0780951656689448	0.123004416595467	0.130757746728186	0.131029317302302	0.0841143341359607	0.119261990472839	0.145163246164913	0.181488373696365	0.0330243213241691	0.0540003231365319	0.172956264934676	0.0843469216253592
MElightgoldenrodyellow	-0.0339012722284921	-0.0678782829126318	0.151795047009227	-0.0789111253030819	-0.0788261299187706	-0.0665783932028923	0.00965780004954568	0.0360117002104539	-0.0680315293071618	-0.0734196325644647	-0.309852412511637	-0.0820185813277509	-0.10103636791587	-0.00581786321240057	-0.233539423710805	-0.185006698316714	-0.0703788983828171	-0.189285284853648	-0.226472288165988	-0.205474428918757	-0.128597532004246	-0.08318829014288	-0.0510472021845924	-0.104363097858206	-0.0985994773349948	-0.0708792429015443	-0.0584842237864538	-0.175453973778476	0.087437336406991	-0.117509924232911	0.0624817289396546	0.0464595019148933	0.0328967882220419	0.187652538308778	0.0883407639603767	0.0554828496517874	0.178456943249966	0.0999114110556885	0.0554214188021945	0.0307352615188631	0.171468452136178	0.130750535115989	0.17851260216499	0.0256922557885383	0.255521849224781	0.337516969435385	0.208961549400938	0.163189519236288	0.226239808896938	0.143956946277697
MElightgreen	-0.24017014157421	-0.251738373761321	-0.19786850898175	-0.201954357081668	-0.203540975777746	-0.239567521284469	-0.196520534201609	-0.237720297355866	-0.228015561601014	-0.202922981097914	-0.0125489738041939	0.0704817868130313	0.0578766150949773	-0.107591163685438	-0.0901285872953937	-0.0114185296468117	-0.0478787239122969	-0.0552150634921867	-0.154575757803839	0.0844616242900617	0.163340530329795	0.00533019724686445	0.0367702106083518	-0.0815717995733119	-0.0588519931296907	0.22202682941419	0.0412319511455608	-0.0172591905932358	-0.0242590654717666	0.0728672211495349	0.0956851987240982	0.0651099503020959	-0.0115236658412724	0.0665625712663018	0.0780732289507449	0.168128147117389	0.165612974206181	0.122968502714456	0.0481867137976627	0.109530634132956	0.157401283183526	0.115365742949724	-0.018822477177002	0.244695114420138	0.177098939385802	0.251422609437173	-0.0760621623321699	0.0720125077068357	0.117171766292821	0.158313555795904
MElightpink	-0.226393362307795	-0.226387410214831	-0.180528865619222	-0.259429713996265	-0.249516077694108	-0.261234928993481	-0.24320266457434	-0.217847140602503	-0.272757097685213	-0.284161570641324	-0.059062240465605	-0.00986861471393377	0.0214251115807294	-0.0762834190501482	-0.0244317145249884	0.0341474091278216	0.224340019342541	0.156540623268493	-0.0142963040011571	0.0336181478596834	0.0886548734295992	-0.0283647661712164	0.226763006550076	0.102871003296735	0.17517589004526	0.184318493899427	0.0167944221560412	0.0252490570219221	0.224574747968048	-0.00216141737174239	0.0270383564155085	0.0624131310180882	0.0132841578536881	0.266082093697008	-0.018806895370389	0.0871939879699761	-0.00200799545146045	0.0854971773839979	0.0202399137228474	-0.00536867823591268	0.0484898962925387	0.0561569317412816	0.0587599883458855	0.0962362025923924	0.0645084871656904	0.0725037921394131	0.0798755590108658	0.0654582204575202	0.0340169566751658	0.00988321965738969
MElightpink1	-0.247348739142322	-0.276096947476317	-0.213554003278857	-0.22030552740506	-0.220325426894231	-0.265494735151731	-0.225529968283865	-0.231871066416362	-0.278945590777409	-0.225480229545835	-0.0580929882096684	0.0569441680502887	-0.00286093738633751	-0.0557242181354617	-0.0568568003325642	0.0258086152110194	-0.0137339666865168	-0.013369401577876	-0.109738012494972	0.0313562243624405	0.139623505790775	-0.0143054262807509	0.0382634870148939	-0.0428611816467829	-0.0388912678670224	0.171570340923145	0.0787057591171186	-0.0491581045167409	0.0361270163531139	0.0642713288599249	0.0963205324605742	0.0634431576028832	0.0104604866127589	0.121548913675736	0.109851875479971	0.161462817293788	0.159690700668013	0.134369193740053	0.045830201007572	0.100354886476654	0.163666773844897	0.0997297196520575	0.0157694102582629	0.190895521241609	0.187405113946575	0.234715689083032	0.00130442066040535	0.107705661287206	0.0835233722296625	0.129825646602254
MElightpink2	0.197295418027566	0.172619210625489	0.32008525632116	0.164444240342188	0.155645764446719	0.179905949826788	0.22175714173311	0.241346574819804	0.163537147268876	0.176185394792996	-0.190441204829699	-0.200541023494728	-0.217535120375378	-0.112687022637071	-0.188074305766853	0.0894198179896677	-0.1920134874507	-0.0673667005023396	-0.17458549411077	-0.192247698734851	-0.112346663739433	-0.134514948349366	-0.0448470725132928	-0.0660911126171066	-0.0331446896881256	-0.204784487360713	0.088249600212753	-0.111577374493014	-0.120738669149621	-0.112669669525486	-0.045045339350891	0.015824131236849	0.102023617532919	-0.0552055183692355	-0.00229971918838595	-0.143200328365036	0.0374952249438923	-0.0240745866441761	-0.01631426645558	-0.144128507090802	-0.0251281222991956	0.0973795678155312	-0.000759178617181352	0.168504699715073	0.0745433533537987	0.129115740306781	0.177121043998982	0.0686087447199395	-0.0259194637901199	-0.0828258645217312
MElightpink3	0.119729314707176	0.0840956881496735	0.190456704888477	0.0783529963850561	0.063854873940664	0.105972391530086	0.122060426468405	0.144802635780717	0.0790240369375701	0.0771425459010503	-0.0742749547357858	-0.17669849881223	-0.0121582052571732	-0.256273089052191	-0.159229387434873	-0.240863093340245	-0.188028723540578	-0.245186365944308	0.0943334939258135	0.0155936349426058	0.0204302519436122	0.161648369441562	-0.107925792401586	0.0101161456947106	-0.0895427994964986	-0.164344992635466	-0.250449849045025	-0.115492160066462	-0.0748184644586276	0.0154851911807722	-0.182785764239108	0.100793734074572	-0.121068293267906	0.0613636377169051	-0.260033027291348	0.102011229216218	-0.177973202456313	0.100548836508207	0.129774632783036	0.198607544724943	0.0363604689248926	0.0788038454285211	-0.0428859595268097	-0.0503934533972782	0.147166496469786	0.00927991177599546	0.112980559556783	0.079229099670906	0.35715264572795	0.0932547320031463
MElightpink4	-0.220140347191147	-0.227052920803136	-0.144887191036877	-0.241250128925368	-0.222661825470207	-0.228171756256707	-0.200947446577186	-0.18707899288835	-0.23650511836037	-0.227664249781272	-0.0706081636559033	-0.0444058697968527	-0.00833020032920107	-0.0276594196917943	-0.0261266810055901	-0.0202010829100527	0.287604896055488	0.196365532564068	-0.0271250587991422	-0.0290192846326784	0.0159128009515812	-0.0807108670074378	0.21567932750142	0.165695934380201	0.242953548997001	0.21000778189573	-0.0183190690628255	-0.0192889485304297	0.273258206362404	-0.0213956661201674	-0.00185899236738277	0.0374120005811744	0.0467820596217776	0.29262837581216	0.00244574376112318	0.101825304082277	-0.0252126205643163	0.0868369060396622	0.00478942610872498	-0.0381155711256205	-0.0141804476950555	0.0527867613200759	0.0359643411072581	0.138954095207684	0.0299510647750012	0.0335619712594381	0.0139597375799083	0.0901308909995622	0.0370283205807508	-0.00361710695940121
MElightsalmon3	-0.209830944830502	-0.228567240002957	-0.108176127407766	-0.21583637471732	-0.215560438297012	-0.216359664613494	-0.17723570467784	-0.171864150476637	-0.234784335777604	-0.218319488178951	-0.0766263462998404	0.0262067437182614	0.0366094505752558	-0.0554905890647478	-0.0178776322098644	0.203139781828957	-0.0587353427921632	0.106126123998966	-0.147549663477765	-0.0867872501230861	-0.101462401436156	-0.113853501904971	0.0249470546059926	0.0293691616857319	0.0882398849460092	-0.0483372057655487	0.185886061692387	-0.101099819271825	0.076028484027647	-0.0636559709811104	0.106343083640202	0.0876389240573451	0.170008857802771	0.0428133483721432	-0.0332286212146444	-0.078962064383893	0.0375576229343336	0.140219796479301	0.100752345340039	-0.0655503367871307	0.145682359708925	0.240373362191851	0.0951827469257487	0.178714900035146	0.217981906698378	0.156116317168958	0.304107587751048	0.131831791655632	0.0290451537001141	0.0848283631516896
MElightsalmon4	-0.247857423201152	-0.267403743858042	-0.181856908299292	-0.254252375139509	-0.268368425839589	-0.2510046320327	-0.231443049862703	-0.233885224097651	-0.266377147940861	-0.250769789782555	-0.0317494540333515	-0.0205979985265459	0.0287319273135148	-0.0811205000768059	0.0412066472792899	-0.0277194533252732	-0.0871444169875146	-0.0705541882534732	0.126718694124076	0.0201583799049788	0.082984926020199	0.068341045690837	0.11468008911326	0.091124011683183	0.085392155962019	-0.126093583893318	0.00519099485845287	0.0863526180164267	0.00146449357581605	0.0533797405044255	0.0552088858307287	0.0989962963781567	0.0867532602207832	0.149280793288752	0.0324556678674986	0.0902714415567313	0.109124164290667	0.0565024181890906	0.097213561449348	0.0947165819246344	0.121865915457106	0.176031033414781	0.162952227027731	0.0849396954101806	0.153007798611703	0.228817326681789	-0.0377181563183384	0.0739134531229121	0.17580238306164	0.0823378436379596
MElightseagreen	-0.216424540404381	-0.225034843461434	-0.125547789491532	-0.244278924935445	-0.271123119145486	-0.234581195327037	-0.187011105114514	-0.190659385405237	-0.252092935676233	-0.24101505187562	-0.069902863590472	-0.0627947476171031	-0.0257345911964266	-0.157258777898286	-0.0126476124137552	-0.0668576487575249	-0.0701592478817989	-0.105814639842331	-0.00591456215266157	-0.00705977849958232	0.0296780953633773	0.0829282166107738	0.00959423780841476	0.0661494885170986	0.104368372425046	-0.147882049315661	-0.021446035159312	0.0378141228004227	-0.016295053419496	0.0478834554452702	0.0481036963912488	0.144497933943537	0.0696740165260962	0.178241331645863	0.0202986249275985	0.103375990364366	0.0909132514330551	0.102095872054002	0.116654346152721	0.146239723459466	0.155022596756481	0.196904311227093	0.196809678764544	0.0672413919380623	0.189878863835196	0.210011317151426	0.126815598289637	0.0692033540585026	0.241219397507259	0.105919213184776
MElightskyblue	0.18119691127482	0.158994279008421	0.263650739584409	0.137129340826511	0.117074565005697	0.181475496806406	0.175180444873177	0.208304668935397	0.149138550586458	0.138379554491942	-0.17431045858161	-0.229453202204562	-0.168033700770074	-0.188464549101299	-0.19716051621209	-0.0763246413410744	0.212714421986846	0.113455443076329	-0.074088314467242	-0.324146677182066	-0.186692105711812	-0.0339668361319115	0.0192269880417461	0.0421320988578743	0.0243846363404954	-0.296221078972566	-0.0708808482757583	-0.198154042439208	0.0597580553609179	-0.121889276144416	-0.0733828053087995	0.00122267147787875	-0.0921731752999904	0.0773809953975972	-0.105874774174467	0.0876903130430281	-0.135162068639108	0.151227644174897	-0.0590238193166482	0.0629073200773665	-0.0434111165979607	-0.0640525078453747	-0.0134579401082371	0.0952037971865808	0.12576987109883	-0.0330611692016534	0.143992101595078	0.0283419193480632	0.0246542526367637	-0.0212014570655993
MElightskyblue1	-0.193935898800276	-0.225882568816112	-0.12933042327889	-0.205577781733732	-0.226425367610342	-0.205618345551812	-0.194659018245166	-0.166177396776802	-0.223441768016894	-0.240788593835008	0.0799579824430875	0.00842368849207984	0.114483505225641	-0.254338932692036	-0.0413019334399289	0.0988001052579826	-0.136730752367361	-0.0286976765739892	0.0299142707635656	0.042129015826579	0.0392040612580052	0.119321665298731	-0.0340650906057012	-0.0625467548075576	-0.0496864523143095	0.100093512646473	0.0549457726548155	-0.02688689001076	-0.0865816430480868	-0.0415619548504111	0.0765304190080296	-0.0342913066375067	0.0901677285547567	0.0332852527500997	-0.145992962497442	0.0951283322228808	0.0507594461425984	0.146624852087726	0.20864476071045	0.149657141866205	0.214371146540014	0.210045369315487	-0.00819405193862313	-0.0173844312198491	0.184243510729717	0.226848638066924	0.174887199534367	0.0619304602551051	0.239409335679144	0.130290822338132
MElightskyblue2	0.207630759972646	0.153588821824366	0.2477848051479	0.157011596024526	0.161117524801684	0.187777191403171	0.198080931543536	0.218638659018471	0.161870881442023	0.174464553674668	-0.108029898269753	-0.176015820754517	-0.000857726279091064	-0.234336823835588	-0.144562728833389	-0.145511593672563	-0.280803579239434	-0.26448672696815	0.10951997935387	-0.0606049044658073	-0.0159916737028053	0.0790607979767946	-0.155916956095729	-0.0607823465223159	-0.136842401285412	-0.190369781219845	-0.141474135916098	-0.108508800227813	-0.279244355617236	-0.0521566100818667	-0.0615364698314954	0.00517969101219311	0.0108637767152005	-0.0582318930141081	-0.125710555216242	0.0796693074769278	-0.0507329285805136	0.0549903708365124	-0.00741586373793813	0.0946376242734587	0.0287874422089945	0.100612948449357	0.00755997610743369	0.046007996495195	0.0887359835722547	0.0762653682543664	-0.0285083878104535	-0.0344509665850538	0.250748475639884	0.0224784645377825
MElightskyblue3	-0.256488287964717	-0.263617371625273	-0.172240665245642	-0.264086479150294	-0.25880203793697	-0.262398149263279	-0.226490629381894	-0.22498930145541	-0.279176750749754	-0.262741010436712	-0.0933735506172508	-0.00500957678559321	-0.0284811634180356	-0.0618400024641439	-0.0373827966753229	0.159351678886251	0.140839947015595	0.162735054480518	-0.0641006544583443	-0.0341506272020133	-0.00352265707838651	-0.0592884232322816	0.0981463362586289	0.0446072948433109	0.157978403629043	0.0490183117978701	0.157423805707773	-0.0169664781942092	0.129348037583384	0.0443763199063911	0.0478909835146797	0.0704664857008497	0.0570696400932002	0.131297522258336	0.0616128454545355	0.147728837464645	0.0646494474020339	0.137984809646677	0.0119772350041453	0.0119564539224069	0.0748009561025896	0.0862123515006132	0.0747838003766384	0.228702235209249	0.142156612819824	0.116141998478142	0.0824959698333982	0.102871680162329	0.0546177031904221	0.0259038550920469
MElightskyblue4	-0.267609304880305	-0.253689391366336	-0.18470781790807	-0.267524092211037	-0.290004425548983	-0.266821748770127	-0.243019822972894	-0.238626657942581	-0.26982823249598	-0.264199679007017	-0.064419864199883	0.0143062586832583	-0.00404965208004001	-0.0557371551622718	0.00840505801089894	0.181052647472957	0.0221669542264333	0.101843281121531	-0.0931537040088337	-3.75867800598497e-05	0.0360565623924883	0.0215864456379843	0.115590041492212	0.0683179800771932	0.126969501018168	-0.0427421068101543	0.159996184479656	0.0560410273436018	0.0522563208456597	0.039863680993915	0.0883402884092881	0.104708779986444	0.0455704500344686	0.116635799814339	0.0124171221581017	0.0441767055073613	0.0539774604594722	0.0622467935927157	0.0574603451056161	0.0269850735474248	0.115715263936144	0.186471864247161	0.0970481115522475	0.206176696438626	0.134768096154504	0.150378844026268	0.108163203306092	0.0808195362232201	0.0801474494805936	0.0295114143685293
MElightslateblue	-0.233227673492129	-0.260059915303719	-0.139705744878666	-0.249501960180682	-0.231676299808165	-0.255559968377558	-0.215498692293508	-0.206421996448542	-0.268503339311751	-0.232366867697458	-0.137380865960303	-0.0816317340926917	-0.077600070819024	0.0347708226575756	-0.0658118734765013	-0.0104035770510319	0.169467861461885	0.0863334286785286	-0.079719383571397	-0.0806989171884411	-0.0452948050193601	-0.065521889404592	0.151044835092481	0.123402005149855	0.158096353771707	0.0474506889308545	0.0718704141412406	-0.0272954587336946	0.195717607550036	0.0181395989443472	0.0473848539693227	0.0465498211684496	0.0959113063697557	0.2160766824465	0.157932193371664	0.0761269443307709	0.135975833935556	0.0628378626759533	0.0183503482905193	-0.000482116408841873	0.069011274000626	0.0916263380389289	0.102363791597688	0.234810034325233	0.102297102921	0.145898078099015	0.0760824062686273	0.160618443415479	0.0606236000867093	0.00759261782774775
MElightsteelblue	-0.23751593777621	-0.258524625417511	-0.151967856015755	-0.269938163388224	-0.262231853597839	-0.218232345034697	-0.209184320651348	-0.199083570221374	-0.253597062537434	-0.240613586012149	-0.0779007843568017	-0.041328322874054	-0.0332227313603348	-0.0494612733279933	-0.0965815288335714	-0.0441791170356443	0.0275893888465337	-0.0309164905267084	-0.0971855651992578	-0.0620611766352029	0.0052107321492721	0.0556842278927652	0.0158688806678259	-0.0256712608257975	0.0176202894219843	-0.0497750441647788	0.0264643319590498	-0.048792621131753	0.043472998783353	0.0468395568005256	0.128162213430982	0.0822095156451355	0.0709591909876882	0.143771282267247	0.096849633505677	0.152424449912076	0.146349379536974	0.163104749382811	0.103904841655194	0.154096326801881	0.161022491891138	0.134202699809588	0.116511878171914	0.0286110806964006	0.174673422610803	0.218027371000153	0.174915503850795	0.147448018950739	0.196870017640778	0.125100762655153
MElightsteelblue1	-0.217759152817278	-0.241215459840794	-0.0886540208247503	-0.257278576592112	-0.237773293006176	-0.223901860348282	-0.182552287202589	-0.177078507897994	-0.243482867050004	-0.233660455173405	-0.114045342227686	-0.0272402650246422	-0.0708353059503823	-0.00216583507349252	-0.0643031695652865	0.0863694365737016	-0.0757300673698909	0.0101952845437474	-0.105048804451496	-0.121381752163264	-0.0435160957407721	-0.0667256170885153	0.0148432401063684	-0.020875752273227	-0.0172769328910768	-0.0171017538180777	0.107532523611641	-0.06730653471839	0.00678823602956808	-0.0549597794991828	0.126584911926637	0.0803005292074741	0.150662621546255	0.088866650608483	0.0758850709966163	0.0302669057543587	0.122189969958115	0.131315380762984	0.16026400139298	0.0290101872173869	0.149392680455234	0.203968270815463	0.138295063816677	0.159064038058282	0.211705703164801	0.225908044356441	0.257735106781246	0.177009638199616	0.119073121782814	0.108642870941879
MElightyellow	0.218226861048289	0.15689739183696	0.30747848850547	0.17929704102796	0.174410143394105	0.192410806760898	0.240630551892235	0.260065705079533	0.174113105319412	0.189361742252851	-0.226178615284346	-0.20127613859677	-0.154522865234651	-0.0320350483405437	-0.201052440282161	-0.182773869710491	-0.157993086857991	-0.229341870613892	-0.0597145842635165	-0.24709786241718	-0.125842410408187	-0.0994465221064288	-0.0470396096701259	-0.0812725787470343	-0.0930604451316	-0.0640087058647459	-0.107574447772998	-0.158330636561561	-0.047795426052021	-0.165439778924599	-0.0204440378247788	-0.0431527273879273	-0.0186789690129501	0.0427881106639043	0.00121808442093941	-0.0332426387176774	0.012124251540329	-0.027421969407736	-0.0146460140879831	-0.0657330344138654	0.0589822551998617	0.0456790617785753	0.0715733996501463	0.135679598150786	0.109638857330828	0.114416196262384	0.134324676247026	0.0888017708555431	0.0464324054152193	-0.0494341709394931
MElightyellow1	-0.254189079922844	-0.256521972714516	-0.177587140328053	-0.253020759050577	-0.241883542483599	-0.247051047868777	-0.220419243258636	-0.244759937210239	-0.26772764689101	-0.245787344491085	-0.100322163456881	0.0196746310806949	0.135668040802478	0.000725796037553789	0.0409639032348841	0.207563718784696	0.0720720715801603	0.14484311128001	0.0282788007739502	-0.0302708539928876	0.0149641442509126	-0.0265203586232115	0.116224058360534	0.0222364461708888	-0.017127067304663	0.202600888989349	0.191363549478386	-0.0794737772712879	0.0321496444547918	-0.0112933527159978	-0.0131177373358667	0.00847268082151035	0.0607604338093684	0.141497228322293	-0.0171960580257258	0.164131098502738	0.0476313968599379	0.161181895771326	0.0608056645473423	0.0867252072123105	0.0645697180509394	-0.0263002782140354	-0.104399462037681	0.165937876089009	0.0990360085456742	0.135677209158034	0.043090099159373	0.160121766128521	0.126909465748387	0.0790922691915202
MElightyellow2	-0.105792533066123	-0.160940648311917	-0.0497745233288028	-0.180992381045062	-0.168874883160108	-0.162883641998477	-0.195311731547116	-0.0638249011273405	-0.206128596477123	-0.22003176712441	0.0441861120257457	-0.123891466793811	-0.0977790540825291	0.0538264438282466	-0.0190704722290485	-0.232488314755203	-0.027797830045402	-0.211370211703408	0.0915660941466099	-0.0202334127082041	-0.0604053814423714	0.208961506381563	-0.0447103144402364	0.00833243318640948	-0.0339033675585944	-0.0543717890504441	-0.128522504083364	0.124368140122467	0.211302010176394	-0.0773481996612872	-0.0439245643654093	0.0290242209177465	-0.0334639874130204	0.201058300194306	-0.0167816701745841	-0.0572445497158872	-0.0257419294311416	-0.0478091390626953	0.275108587289462	0.10223206377576	0.177079163521956	0.0345557759123355	0.0616890608099968	0.117321631809512	0.129772077178995	0.0156443158007237	0.149804181752021	0.248208748503858	0.339820521226719	0.247552377342293
MElightyellow3	-0.157499677864488	-0.191878191331145	-0.0787736735963102	-0.181323631034923	-0.17333721824072	-0.170893082228498	-0.14800092506533	-0.129675108932075	-0.192434122595644	-0.178741747408429	-0.0769097445158067	0.083679796134367	0.102112794001694	-0.143691252121727	-0.118421721771272	0.222332896387336	-0.0836557493572398	0.12512378549658	-0.283956965592443	-0.0372576847601077	0.0225887946718953	-0.15388794716299	0.0245780139169142	-0.0809481084806399	-0.0112749172531191	0.24842728472501	0.252114517142991	-0.0878676915385656	0.0786849332952121	-0.0154015028304321	-0.0231089675436515	0.0356338225650437	0.0710522852025053	-0.0688384617340009	0.132780352072934	0.0378473500374043	0.180835007760455	0.0924236352025859	0.0227225472222939	-0.0838904720018321	0.00981665303557925	0.146603352665725	-0.118279951119221	0.329144519589009	0.155911653840989	0.187925355926421	0.206176585529634	0.132093315958568	0.0101696758639946	0.0791695878354681
MElightyellow4	-0.21153902091133	-0.270115594871882	-0.130966158195921	-0.247499974242809	-0.237876997649633	-0.227135917099429	-0.18868113358355	-0.210653253688561	-0.268406281803012	-0.235933964236581	-0.0767463748296776	-0.0401713994047682	0.0451634565810504	-0.011216012927115	0.072067186876168	0.259896878778357	-0.0754977072417183	0.169099271749567	-0.0402538299066755	-0.104079976028817	-0.0806398167025107	-0.0327888429941524	0.0589432738361103	0.0586707072694229	0.0873511703405675	-0.127740470739844	0.258391945648967	-0.0476713356890359	-0.0123395689462388	-0.00232200194498476	0.0244462475897516	0.0984550132680434	0.0909558609192868	0.058135895152038	0.0568348412727227	0.116438387825003	0.0653937647305028	0.168912044591141	0.0829554907297692	0.00887478114231816	0.0546902246398352	0.0544822124119299	0.0781290168128844	0.182100808677764	0.133960182427872	0.0799932628091798	0.249032913368443	0.196133932090822	0.0445538964678043	0.0262129656309281
MElimegreen	-0.246017043473076	-0.266252100680974	-0.164134558880798	-0.24993987552272	-0.253811141916696	-0.24492926852515	-0.221029273780208	-0.23183437421136	-0.254588416314318	-0.245311951312536	-0.0247711487084623	0.0456638880127144	0.0604456612270131	-0.0543339671429633	-0.0205270793746814	0.0154518029446443	-0.114473713966017	-0.0737090114534937	-0.0769569736978804	0.0436077029612118	0.018064464624341	-0.034343616534351	0.0487534370309402	-0.00990435333987411	0.00444255885862068	0.0674513357991681	0.0367886966143505	0.0453405084352369	0.0144614206335214	0.0923116208712737	0.0586816636433381	0.104050385157849	0.062534906685355	0.078287628516295	0.0658452059073674	-0.0211587238626086	0.0990492109091956	0.0188103404244118	0.126301490164325	0.000173427042196127	0.15411127164207	0.235013872380694	0.0912212085343019	0.218008132521344	0.243536507551834	0.210253200651048	0.115369568493085	0.154388680648285	0.12635073784914	0.153256055962996
MElinen	-0.235028016155414	-0.232930925437707	-0.186631010874417	-0.252383151429018	-0.255754111932345	-0.267528809847375	-0.220897409434667	-0.201152787414418	-0.271068373081285	-0.254203688385244	0.0110891238047602	-0.104557383998091	0.0631963153226602	-0.0504014174048777	0.0681759438889332	0.0299983354332241	-0.0210684926668616	-0.0139191897945213	0.14526254349601	0.0434690290495747	0.121583008940696	0.155412216268592	0.0549187094268686	0.0442034461971524	0.0648091671845362	-0.170511033399793	0.0251911519085259	-0.0122936269545206	-0.0109545887430929	0.0540965936685502	-0.01467017973411	0.0987111128065876	0.0880553112398438	0.16461029091718	-0.0542542373472021	0.170651278187233	-0.0435591668370397	0.172350707000007	0.0787699029011316	0.167786415385187	0.147699750777586	0.101025556985624	0.0492664393588267	0.049113259384296	0.0808980227492437	-0.00112933923899278	0.140341159245172	0.141769873213229	0.258381099997775	0.0840611753719841
MEmagenta	-0.217668021969589	-0.242630297985664	-0.101241502109983	-0.241816372479855	-0.251311563882678	-0.231094693702548	-0.180584458223497	-0.170803456322763	-0.24676572739946	-0.245790432085415	-0.14211901442649	-0.0721774013169788	-0.0609820363347306	0.0255140343273924	-0.069014988710525	-0.100354270784328	-0.042406924678766	-0.103799296081078	-0.0193001559721122	-0.0944379797732398	0.0102474326509619	0.0180270853121488	0.0176157030741414	-0.0126918898172577	-0.0140327613365331	-0.0194825137991034	-0.0216918786863689	-0.051383362516546	0.0424237553050416	-0.00485079068952309	0.129728332579707	0.0954366173974389	0.112237113838028	0.173653861444392	0.0792063261198507	0.112055298990976	0.142673830034394	0.126516881487211	0.0861922050967064	0.10581724849716	0.159186389337628	0.164683508627534	0.210569435817111	0.0716446573454136	0.212671455694854	0.259567354965307	0.124276149703017	0.173219064949956	0.193838327664403	0.11142972082426
MEmagenta1	-0.20377476561968	-0.242696458982533	-0.173956531629712	-0.24062586748681	-0.250196058292881	-0.219471851033677	-0.206163351668443	-0.215684526984123	-0.248618541241091	-0.25835220671974	0.0169643383046999	-0.0451757083731978	-0.0399335053033373	-0.0485235758855924	0.00149621381263786	0.0348041399068378	0.245402420559278	0.164497964469236	-0.0801594517010626	-0.0642033913758222	0.00207457690140148	-0.0191707890194346	0.2413273347573	0.0904188262695437	0.239431500635476	0.135598737366625	0.0418810884351373	-0.016756992318202	0.253477664801542	-0.0240914504362779	0.00107247724871442	0.0218204559260819	0.0372394732787145	0.264865370674446	-0.0232317277882493	0.0553323321573003	-0.0109199450908433	0.0328667938117589	0.135051728185892	0.0127245040143531	0.0416067069635751	0.0314610012559749	0.0303026238060251	0.222199207954421	0.0515738280674293	0.0169844675018866	0.0367519491338814	0.119538890662833	0.0353465427483274	0.0175935373393788
MEmagenta2	-0.223080069414517	-0.248302983853853	-0.1279600224307	-0.24563358182186	-0.266468165266404	-0.237974646122379	-0.196694363592293	-0.182040739962517	-0.259856587546421	-0.257597461123668	-0.113041406010724	-0.0351308797275351	-0.0612801004208473	0.0179431596675665	-0.0732731010131596	-0.0206853700206485	-0.0347145608381057	-0.0551482030867288	-0.0341471011912632	-0.108899937941133	-0.0082398778275584	-0.0359539879125184	0.0136720862238632	-0.0105562045080352	0.000675852710294169	-0.0447317255333942	0.0679876701053684	-0.0200654343199456	0.0264814565778454	-0.00436670596638128	0.101483020760836	0.070628905505301	0.151964541685045	0.148200445275967	0.163978896106823	0.112739927709667	0.181383402662305	0.142450853725437	0.0779978595941302	0.0240608124766249	0.135819695463573	0.145081921235876	0.156608290692893	0.141116782947936	0.191824259810242	0.202270950779412	0.208852454248562	0.188028393482131	0.120921055712783	0.113670522292114
MEmagenta3	0.0135859311015091	-0.0142531814696309	0.0591840152907325	-0.0433216901624642	-0.12791812971487	-0.0351737968660581	0.0351729051900454	0.030014557047597	-0.0709375685726964	-0.0891603294132223	0.0522539657784343	-0.129979976885871	-0.0627176727358147	-0.0820831069986589	-0.056202977499296	-0.342809516274046	-0.0022669592378713	-0.278470498491894	0.0286113398121185	0.0120888923464733	-0.111970872103818	0.185626713966279	0.014725112845029	-0.209885216005996	-0.0703205604742768	-0.196919514843287	-0.157815944277769	-0.113312407400338	0.0979495148911496	0.0623115597142873	0.106311929430554	0.0522757265513821	0.052239567082726	0.0631480429720686	-0.169598547660321	0.114236436750649	-0.0110392674097918	0.108548129495375	-0.0013320394200477	0.273950518160127	0.235025508770036	0.180280383004999	0.130600668299683	-0.367385408338203	0.145345189019065	0.24275462150969	0.0572260646832729	0.00933255870113944	0.183269873628724	0.198805456213096
MEmagenta4	-0.230422551779733	-0.266070493734459	-0.203592045269534	-0.255829686314458	-0.277825727423133	-0.285804208584406	-0.227163406908751	-0.223001567080686	-0.260871513575409	-0.26424147973902	-0.0213699973009839	-0.00203479649782001	0.0976043520722261	-0.0908710310309985	0.0764781240718818	0.15838362646719	-0.0410032604034032	0.0714791208411098	0.15545095846732	0.00333953054420318	0.101415855147673	0.0813963413603183	0.054941679085401	0.0234270008215164	0.0328293462188032	0.0284408151104472	0.134968614685572	-0.00554155238806449	-0.0533493392484028	0.0509410692019298	-0.0203998594989332	0.0773333354552073	0.0230587867606294	0.146064872887264	-0.117760468479395	0.179301961297862	-0.0237641487204349	0.16354767198971	0.145694729757464	0.135664680514451	0.141446630835516	0.0658647256487395	0.0400672992097858	0.143722305883289	0.111482586165137	0.0712057768559688	0.0619445596394472	0.098653157320152	0.156823914498311	0.0379437051635011
MEmaroon	-0.226949669949528	-0.250218842909729	-0.143928139535722	-0.256878941275307	-0.253228649639601	-0.232722304985985	-0.221955169885023	-0.202517560238124	-0.252674639916969	-0.250075493266267	-0.0752518360981361	-0.059938411467426	-0.0226610990062413	-0.0383786410870411	-0.0267246966754284	-0.0755471596637688	-0.0579328079998995	-0.0946474002959403	0.00499992465239577	-0.0024477854857762	0.070177298914949	0.0765528767903178	0.0191194615454354	-0.0173394857549295	0.0497248367931555	-0.0766781047485784	-0.00564170078188643	-0.0159524647688461	-0.0246823479659505	0.0424005334086111	0.129351194153527	0.102953491332365	0.0662943108188022	0.16264832978173	0.0459632976823757	0.170622028784965	0.121972629225082	0.137296387014726	0.0864511058061508	0.169257488797331	0.164023080215473	0.170377635780817	0.159203378576653	0.0279907761161929	0.187479195030428	0.23569084866597	0.021103244977001	0.145009109690242	0.220735125299849	0.0975757635475592
MEmaroon4	-0.241921984221293	-0.24870137078563	-0.228431977702983	-0.242735903344632	-0.251351194174239	-0.194774326081091	-0.23822249874819	-0.218067954713204	-0.258206717042716	-0.244603539158367	-0.0486909399809177	0.0365585350239313	0.0813819288337074	-0.129974336672885	-0.0568106515370767	0.14075396040822	-0.041951827503755	0.0525056879120094	-0.0490698786755201	0.0500763909136098	0.0116925508274479	0.0848666668378569	-0.0143739402158283	-0.0374003623802931	-0.0492267421914929	0.141141061981903	0.116336994141719	0.0270655944882935	-0.0324100236741964	-0.00812751364151165	0.129508834411743	0.011261154598106	0.0817769069430043	0.0969926128019311	-0.0733753633376292	0.181153055841178	0.0521427871910088	0.172550631299218	0.114286050289421	0.142662176492604	0.161352744296787	0.156413057053787	-0.0573527303846838	0.15746773617938	0.185500692568103	0.182733629572755	0.0702650615441841	0.0550688519655707	0.165375499038254	0.106890922712402
MEmediumaquamarine	-0.281268769594358	-0.271159226222904	-0.199136879207785	-0.248736556485178	-0.25733516849627	-0.26524192107987	-0.229801600382053	-0.2395659972141	-0.270349639306102	-0.278609766117836	-0.0777341473326033	0.0217128578462784	0.0211141289292043	0.0495458461727031	-0.0534838098333	0.014769234480018	0.0317047385360219	0.0117121662914416	-0.0356164133277486	0.0372039390955192	0.0648754725264175	0.0410205541118877	0.044984632045476	0.0406304649282745	0.0746248515685478	0.0328887008707658	-0.00982227503491897	0.00627445548444773	-0.00345832261284917	0.0222370803312841	0.183792657112031	0.0824061363647326	0.134641577930291	0.150998547165824	-0.0144616965304788	0.125939836617779	0.0591797912896708	0.118486018844353	0.0683186399267807	0.117004133214184	0.140645500309247	0.176924416229342	0.173039928575558	0.107496059293705	0.15279590601223	0.152419985301394	0.0204205905239776	0.0558640922333858	0.197555173779431	0.00255407483615108
MEmediumblue	0.227218345690722	0.222267613745713	0.303512706179158	0.200278827196001	0.219929693020519	0.228269606411278	0.250173062339632	0.259917432444939	0.20989487734921	0.232798186807968	-0.111595746367125	-0.167086476744396	-0.0903388524226944	-0.286718857286722	-0.0910046600692891	-0.0574433057928285	-0.20906100483035	-0.185177214924112	-0.00560054147287471	-0.0993505840845501	0.0289531064022243	-0.016199550668536	-0.00517691671630345	-0.0821666637918263	0.00587074797810923	-0.214010014917755	-0.0942551988954344	0.0284846140633854	-0.234285101985595	-0.0434429420770073	-0.0956761395877111	-0.034199697271373	-0.0135421826555046	-0.00842226019197783	-0.159056468978029	-0.0268615196444172	-0.0797484164951414	-0.0135107397733299	-0.00471398215296464	-0.0183527801072521	0.000198038880145357	0.00384263349807328	-0.0340720267563269	-0.0479647460484592	-0.0517869491746316	0.0771197992985698	0.00714872617118109	0.100924454881091	0.0901605245537225	-0.116141455027124
MEmediumorchid	-0.229227327112283	-0.245170688714506	-0.0840880291437714	-0.236715287428984	-0.259086266839062	-0.232698390007697	-0.186989921930821	-0.161898620098702	-0.242539616122015	-0.251969527382104	-0.148137960353651	-0.0520798726253074	-0.0726675386855613	0.00668123594512879	-0.0846270954534672	-0.0768362133653552	-0.051388162116184	-0.0902538282209442	-0.0581640084742575	-0.113983961713702	0.00363409245501285	0.00311179612093865	0.0441155500224178	0.00576229211278687	0.0088224121941258	-0.0129927660672782	-0.00549879961180129	-0.0402283788694253	0.0620790303908749	-0.00705812385531507	0.119644382839164	0.10461252297867	0.127153382877545	0.174101149259968	0.084337073793718	0.0714416963674306	0.128688376297199	0.0992991855377198	0.0981155518878289	0.092335753617508	0.149208862857923	0.158693641874276	0.217142446865145	0.0915975243541681	0.221689943466615	0.23562159609726	0.175757851112168	0.180061590666273	0.176399334227091	0.104192107973238
MEmediumorchid1	-0.0905329881615193	-0.11487499532575	-0.0100716506880969	-0.132118641156866	-0.155271387466444	-0.107104391949923	-0.0980290081986219	-0.0595400727997529	-0.123260091416596	-0.117362959460382	-0.163037722958271	-0.208265084437787	-0.108014195779059	-0.176258140049032	-0.132560618758536	0.0189718660648572	0.397481813793166	0.252827674708326	-0.164697503957789	-0.0727299998037416	0.0290576034901558	0.0631435763051496	0.145294932359	0.140890788671363	0.0139197661930246	-0.14425623514985	0.0251514110545753	-0.2173495029884	0.247854487494659	-0.0615602205357574	-0.0130172182358145	-0.0198299463302126	-0.0318523199593068	0.278169288419594	-0.125842612506651	0.270105879982959	-0.0240897334636368	0.221250921259077	-0.00234812766321614	0.180562790020649	0.0364328582655314	0.00019773430596785	0.0964998561004174	-0.0360060344451095	0.100754597534212	-0.0542427272470825	0.0178094772383884	-0.0245184678303744	0.199788639788745	0.0524766356737593
MEmediumorchid2	-0.266262691161653	-0.252225523485269	-0.190953449842415	-0.247241524245191	-0.276792276847984	-0.246634365759714	-0.227493590885833	-0.21217582125465	-0.279413092625093	-0.289195966061255	0.0275351623275803	-0.0416040777457153	0.0691502264278634	-0.0847665849963247	0.0316409886882322	-0.00174550810246225	-0.0577879825176262	-0.0505404046394041	0.0967614756212686	0.0161236467290345	0.0899163606580507	0.0962637548494332	0.0571322359509342	0.0283119619911582	0.050527004733661	-0.0317708904873759	-0.0072561614450052	0.116672857571342	-0.0101790537123528	0.0549100640675876	0.0627508571550128	0.0676681712205494	0.0320005204310023	0.136248060621476	-0.0764225927819755	0.10179770156063	0.0153324627650269	0.0932460783238837	0.178617786832608	0.105549196175151	0.169196482225076	0.161516101506121	0.0820294862985154	0.07033584545078	0.102232988648923	0.153514070427089	0.0754397927120349	0.113197440202012	0.252591159332298	0.142251617092964
MEmediumorchid3	0.205630573284649	0.18848796278263	0.340324206992682	0.170692881630567	0.164223969580376	0.199523921079006	0.238322429203722	0.260229286766116	0.175543368639605	0.180335607736872	-0.25877236188056	-0.172882387047505	-0.102365182125983	-0.208718692727565	-0.148157650714441	0.130776656597045	-0.00216910548897189	0.0540528285298584	-0.175475964245186	-0.246389283852657	-0.132882631738565	-0.0663745505093115	-0.00629506893070366	0.0314830787427644	-0.0234376064019214	-0.27456345015525	0.114425678563749	-0.174219613070178	-0.0577444083626327	-0.13301957001759	-0.0652568273518962	0.0169475409532106	0.00731962257206336	0.0651145928410716	-0.08658306395219	0.0946359850930543	-0.0996404503759176	0.0625574457796353	-0.00449299103829911	-0.0822133704554039	-0.0276385344671797	-0.02840430679822	0.0391199437817582	0.0543951940125881	-0.0286900321672831	-0.093524626074317	0.0125825904752921	0.031963635223064	-0.0349542935729873	-0.103822977338665
MEmediumorchid4	-0.246454125306241	-0.257560210714569	-0.156040408483395	-0.249215771172876	-0.258310491826822	-0.239424762046428	-0.21590493092224	-0.229406228720421	-0.243918351241696	-0.251060075868781	-0.0592689591586389	0.0233505003796649	-0.0313995127877612	0.153280389410985	-0.0411207763023387	-0.0717230696340556	-0.0484545601181563	-0.106183627266107	0.0157739257991576	-0.0624331777240637	0.0824165724565002	-0.0533714686898189	0.0587456245310188	0.0180654819619059	0.00697697267483586	0.0935313871911321	-0.0182960514496033	-0.00950925971139562	0.0406493416265084	0.062060747871649	0.107045752230044	0.0831587773187879	0.104947532418677	0.133167304764769	0.0605735933872696	0.0096573330972133	0.0853750135093121	-0.0017213339709963	0.135843873492034	0.00663910489158056	0.170662871138713	0.142700758911464	0.148820111922272	0.231429179966227	0.175676584443701	0.149345834972719	0.105811963667212	0.282580058096009	0.0751347912986313	0.087355769686411
MEmediumpurple	-0.248214050518958	-0.261763224067081	-0.171813952240299	-0.256169392242098	-0.257538574414462	-0.252532773776855	-0.224359502455436	-0.216557066474261	-0.262025066356098	-0.248715575383045	-0.0931225929553808	0.0534997309881203	0.0149312919526913	-0.0956566380996903	-0.0252662613126943	0.151830089337002	-0.0910908550827391	0.0407562669701636	-0.0988981024549951	0.0202972552227501	0.0278663816570938	0.0341408656259736	0.0268899637151919	-0.0228503849197529	0.00825369940201722	-0.01490215936054	0.135448418950652	0.0017394831989262	-0.0237936462265556	0.0383330115375963	0.159846443670406	0.0797540701537114	0.0865860053228143	0.104021504572514	-0.006013583916513	0.144502761710626	0.0756541023682336	0.122248055439452	0.0508781018217183	0.0854633339824184	0.17744844061199	0.192173693714351	0.0926816745823473	0.170712540124561	0.184276551872946	0.206797963557104	0.0922365327787496	0.055326925909475	0.163646413054933	0.0730418284509256
MEmediumpurple1	-0.194664989629908	-0.209613404848909	-0.0948009565114975	-0.226588355797599	-0.233948524097577	-0.194913321911498	-0.168604066415381	-0.156161744667653	-0.220175936212867	-0.214250775769591	-0.107853490931795	-0.0525502662861903	-0.00837304422175957	-0.14536128252797	-0.0944620125302452	-0.12973295172117	-0.065210314353894	-0.136746027481341	-0.0634982508907236	0.0187659474803927	0.0499186777181929	0.0652162194796344	-0.0663799023219915	-0.109818058909931	-0.0336992098048253	0.0325277149902838	0.0032800740137809	-0.0611188170588065	-0.0260036211281494	0.00757870349426291	0.13367840864651	0.055144934670042	0.0574124216774338	0.165469434599411	0.111553731743075	0.19855159543127	0.177080033637551	0.176675177043359	0.102771355869674	0.18303488182267	0.19581639573931	0.17490346889815	0.108516032574737	-0.0109380685144114	0.205823681234788	0.295923814639431	0.076125793405728	0.0589213324485729	0.201084986907696	0.16969257637973
MEmediumpurple2	-0.219866324329052	-0.245079312108954	-0.132277746715252	-0.240902714925745	-0.257122103642529	-0.231639225296482	-0.200209341452244	-0.188446108559603	-0.24494748834844	-0.238192931207942	-0.107933015777632	-0.0530703481009678	-0.044110843406227	-0.0624573677352946	-0.0246740230879632	0.236630345241178	-0.0514236380179676	0.116137471792307	-0.0697432246025379	-0.0999236242939062	-0.0234726600598743	-0.0490284110335714	0.075234605408691	0.115554361129176	0.159143504611654	-0.147778711065783	0.223297110544587	-0.0345623573995647	0.0093179581592994	0.0352858724337501	0.129823439978386	0.163447507183164	0.148806724268399	0.108560466606326	0.0352213321770028	-0.00697628836266806	0.0494015122240106	0.0298270670880542	0.0857274213637319	0.00548681274345092	0.116401784427235	0.117959731455061	0.143201625198155	0.237906958522779	0.127954338431616	0.13187916740398	0.123359283959042	0.16522716538669	0.0608775413932069	0.022166700399268
MEmediumpurple3	0.0833021320328715	0.0826762000114716	0.237503126793454	0.062849854390714	0.0675022137250794	0.0893493142117692	0.140016452721877	0.150804126073719	0.072899338503449	0.0790593755381607	-0.240254518059873	-0.151349078489886	-0.119712276262815	-0.285758762136476	-0.184098365379425	-0.14975822387976	-0.274828361397721	-0.236578148256786	-0.156244726837345	-0.0999641584293968	-0.0929787454975597	-0.00347763566868456	-0.149261828579249	-0.151515319151376	-0.114939299745343	-0.0158432711764315	-0.107864828249731	-0.130230590171468	-0.161129563824001	-0.0453004611261814	0.0373077113435362	0.0488801555806286	-0.031902984762503	-0.00272856247940824	-0.126415610243477	0.0418223883964637	0.0376078156176269	0.0664424949089386	0.117567227992195	0.069036425620408	0.100056383996166	0.169693517135383	0.0462434728906075	0.0966449139168304	0.241315582879178	0.258198978278546	0.138994613415407	0.0848169988671118	0.246218838399483	0.165325666563823
MEmediumpurple4	-0.179766626378939	-0.162659985589308	-0.0799787645303547	-0.155025276091783	-0.134028051766103	-0.126516926636352	-0.135650226991839	-0.107865460248759	-0.17164674687938	-0.171636131316976	-0.133192864454439	-0.0947046875879271	-0.0802038640317432	-0.138000863412559	-0.00516604750568984	-0.054480225989499	0.35500740098261	0.271871191945617	-0.0823540554752438	-0.0471524174993714	-0.0274947878910623	-0.0655945954047365	0.227604918906773	0.195241824838295	0.240320788827615	0.17317948430863	-0.0272044769939131	-0.0750154476903613	0.37492898913145	-0.0928498756182345	-0.0501589934225217	-0.0754469366454127	-0.021170613955287	0.315753985920795	-0.044109286916553	0.193540361774175	-0.00735501552475856	0.145945386666581	-0.0151655464618148	-0.0338304984722012	-0.00977718702521724	0.0135114970012681	-0.0406736184539703	0.0792270400266011	-0.00840917842218289	0.0580985810527953	0.013507440750065	-0.00785161028962102	0.041263469823099	-0.0368654703822517
MEmediumturquoise	-0.2110934468967	-0.207032733682628	-0.179333707405045	-0.234195030067656	-0.20998810995694	-0.239330276790661	-0.211763512897877	-0.222864829264068	-0.244125728191676	-0.21307529936562	-0.0428486539382834	-6.5273501467655e-05	-0.00814178511045172	0.143407599605338	0.0490403660929649	-0.0420809598635532	0.103654786587967	-0.0366244432215593	0.0978759767609434	-0.103089857005297	-0.0874407523645299	-0.0471245613119011	0.0391861250273551	-0.0173691152432162	0.0333808999581387	0.188701861988101	0.00907221240984423	-0.128522696050021	0.137622164088958	-0.0935645937125992	-0.000138504134756647	0.119327208227434	0.0395176009389305	0.141438533767243	0.0843614372517931	-0.0511594084536212	0.131602662654471	0.0344094338552155	0.168009367451824	0.063913556826549	0.0549418710081998	0.101771658203954	-0.0189450333963961	0.290997349989923	0.0808125015532339	0.195349021221978	0.152564709093984	0.329039605736599	0.0406078429612229	0.0193119585643602
MEmediumvioletred	-0.0442132599284634	-0.0918678413989709	0.109825788195598	-0.0938878778760856	-0.108551204970232	-0.0653906481823683	-0.0670946546688951	0.0247252051942661	-0.0900840070335368	-0.0938145129577067	-0.236888190807401	-0.115967762380891	-0.181236622798476	-0.0104863997772874	-0.193836632075436	-0.226563256119139	-0.0475551361066814	-0.203349510762965	-0.0122270391112353	-0.228692543000217	-0.0747017067362155	-0.0124127507643941	-0.0553231306293869	-0.13215021949678	-0.115068247752293	-0.0667156071244232	-0.179203446091094	-0.12563169751846	0.0363563579157991	-0.133287724123988	0.0685894114752675	0.0462860755586693	0.0891731206138458	0.163428001349899	0.146689454523179	0.16634643485202	0.195177097832519	0.213260928894661	0.0718037816100157	0.0717722703219563	0.148256649500302	0.130923809376626	0.164849468004496	-0.0589971413826496	0.255179005724658	0.286188525707099	0.0888834856329393	0.204220839992516	0.254047018566253	0.129216040733087
MEmidnightblue	-0.248254661378372	-0.250970377264513	-0.152408180393216	-0.254326518668016	-0.265001225235218	-0.24656344380506	-0.217252915984799	-0.209263285348052	-0.255406237518021	-0.259065289524105	-0.111199656223858	-0.0245535115142865	-0.0313777005523337	0.00505712562061695	-0.0543585986326582	-0.0589945405856957	-0.0386947725926244	-0.07541856193072	-0.0323566849948313	-0.0475048107039003	0.0372300968417048	0.0408358688277389	0.0365889737719478	-0.00471950312889845	0.00499867242426698	0.0273642810178871	0.00220323760168986	-0.0188729596090944	0.0166103854422546	0.0436356575778023	0.150562706641377	0.103382726485446	0.0822340720650514	0.149740256421921	0.0593920325153634	0.103119576966397	0.126944982497693	0.0934447155736137	0.098621427150577	0.118402020559838	0.157443512668307	0.172421156341383	0.170479871989258	0.100460608521564	0.204400359923733	0.247004338814604	0.0629443125358235	0.137209053398221	0.195396100213051	0.108435305179141
MEmintcream	-0.218088128781763	-0.214508577029497	-0.157689971812556	-0.223332574958392	-0.209797843396924	-0.209920881685426	-0.191826363986679	-0.217268987476319	-0.219976677463333	-0.223544015532203	0.00679067554681827	0.0696644266153724	0.178310431640051	-0.128020846819632	0.00887885070883469	0.234697312081357	-0.0637881735238723	0.133022638719903	-0.0727977957574627	0.0786562982881197	0.0170712387009051	0.0343772543768173	0.00420033439489173	-0.0773991893453612	-0.0568282491684808	0.265946450773996	0.206142656208173	-0.0426367141216989	-0.0200514646261468	0.0264000523723537	-0.0112652626090292	0.0139962817355474	-0.0310687159047113	0.0117649073826732	-0.120056407835647	0.0876704861681756	-0.0329464310959734	0.138063752644894	0.103613614334717	0.0744769090125846	0.183710761255131	-0.0133434852268795	-0.152250387857577	0.245759272637225	0.17914280869085	0.161348898823744	0.164549807850295	0.0605391572832489	0.1447687687689	0.074843098999983
MEmistyrose	-0.238300430826635	-0.247359284960112	-0.192383479249809	-0.232714502907682	-0.215018257377895	-0.24807950763576	-0.221335765857327	-0.224584849309746	-0.260067333235169	-0.225024069701968	-0.105486951574468	0.104324257150736	0.0836839300643323	-0.149843343369953	-0.0191100752230207	0.266963032458022	-0.0188142911350677	0.143375734164772	-0.0757431382249357	-0.0105035359547292	0.0354659674482153	-0.0745333525872652	0.105323401294821	0.0305814969061009	0.0174826938867287	0.24861458092748	0.211498985814247	0.0312499152783401	0.0333410871824849	-0.0114778776277617	-0.0173810379370486	0.0539197820783734	0.104166645247127	0.00957816493420099	-0.0172127336347873	0.0846077305082358	0.0548810270303188	0.120021150403514	0.0504103030462971	-0.0438169797950212	0.0699721129986939	0.105130346622106	-0.00952292864535497	0.201567640062292	0.124042039849605	0.140602324634271	0.17691959037628	0.0815693148798208	0.078613933606054	0.0904065379180458
MEmistyrose1	-0.226119758361295	-0.252122798537495	-0.194797802647856	-0.213056990624077	-0.231961952111865	-0.246495934200952	-0.21016794826927	-0.221716183912243	-0.266062057754875	-0.229144577663269	0.0438010776155889	0.128338926350601	0.123537312495147	-0.141125508280008	-0.076745544800063	0.106833540161401	-0.0351971197028481	0.00319858963140798	-0.103253320529201	0.0831582514682961	0.0465496953101982	-0.0158736439128417	0.113287073615339	-0.0726964604986863	-0.014733184372064	0.273376135301338	0.0750525965925273	0.0181528719731069	0.0995674673371565	0.0154692618805452	-0.00759006387172688	0.065022923741523	-0.0313110986832202	0.141998316379934	-0.118746651548129	-1.85190225206189e-05	0.0321843592584557	0.0354685342423868	0.0875419282571717	0.0927055889030585	0.149418649788101	0.124316827444077	-0.0142304515543017	0.206660059948984	0.149118716125042	0.181494521880841	0.102540187961296	0.102544960096604	0.12413751615111	0.197691680947572
MEmistyrose2	-0.26752091425064	-0.309799656347139	-0.195271128006186	-0.271663144197408	-0.250894397436067	-0.260494066853898	-0.240726165810092	-0.236133024991105	-0.284310736600806	-0.259268347039325	-0.0443573236923175	0.0826997681270239	-0.00651089536374388	0.0084328841556298	-0.0297339371294999	0.0204849211294595	-0.0190006967295536	-0.00608484914044591	-0.0852368196701712	-0.0080389900006572	0.0593994695501435	-0.0043089377186732	0.0983929751043958	0.01421617888705	0.0926132144846574	0.0425083465284205	0.0931612028115616	0.00905510466007082	0.119319962653623	0.0389718660322061	0.0844930931408354	0.048974787010865	0.0933973962738516	0.141768654374416	0.110620669261749	0.060100132878228	0.164483310991532	0.0585609649935272	0.035905849954206	0.0888704081115154	0.112846828646353	0.124856043238714	0.0926603091829362	0.187828880631615	0.159678907695343	0.194232929466663	0.0391369861684006	0.114118732249885	0.104712330329952	0.0828509222528973
MEmistyrose3	-0.211644921057621	-0.210516300462991	-0.185231898301772	-0.214161769087774	-0.24522778293573	-0.189148630088245	-0.200454057593385	-0.182173206868383	-0.250158107409137	-0.234080812233952	0.0419192395696465	-0.0426847909375501	-0.0126338032887651	-0.0807248240064528	-0.00237921258514593	-0.0340260477333273	0.290721173806927	0.190509293006728	0.0523902259312161	-0.0665860858318707	-0.0223373437076946	-0.04841300171443	0.206601678401669	0.172309656142978	0.175817812993936	0.158059594394097	-0.0511827792869695	-0.0286757053313573	0.30471254219038	-0.0521794347097562	-0.0358675480840666	-0.0240400469372155	0.01971709896098	0.314314128614981	-0.0636506811267402	0.108546807455439	-0.025380540969139	0.0830244271814654	0.0968048304964549	-0.0049554752261916	0.0309456664827019	0.0130538230536382	0.0250067754964325	0.0295327571649049	0.0481802586084297	0.0187431495264653	0.0494718980450486	0.147659441720479	0.0956564513719372	0.0448160768987279
MEmistyrose4	-0.231463216080964	-0.244453868893001	-0.163114989851411	-0.247886952904927	-0.237374429162629	-0.241234571966187	-0.220520054344936	-0.213125631421728	-0.251948346328123	-0.242635248198001	-0.0889481621132523	-0.0462279330797394	-0.0487631767059695	0.222492503551574	-0.0237511198411253	-0.0232726653543542	0.0862804949589347	-0.00957079428045439	0.108412673066559	-0.0920515594216683	0.0201629498449321	-0.0791082772984085	0.0860587025213898	0.178857188643147	0.0281172989307484	0.0411508279611796	0.0513902392770154	0.0396682656324282	0.146699474860253	0.0222503376493756	-0.0462607013819845	0.0229586229977807	0.094676552462459	0.137988407188319	0.13522667420193	-0.0192013753056008	0.0918145231893862	0.0569989607793488	0.0506377941817358	-0.0388752499975071	0.0616264032815751	0.114350087599532	0.10113326086321	0.336241904027741	0.0803550997747798	0.121475029314235	0.141599493745451	0.235743053756583	-0.000348773914079212	-0.00422972641555481
MEmoccasin	0.203360374748744	0.176596267403683	0.294730129880353	0.167561868269052	0.152118960669801	0.189520792720849	0.206722061282315	0.238114901250855	0.161323132534301	0.171567374529047	-0.228880866605936	-0.17608861267023	-0.214197740106368	-0.15778191946744	-0.208913993067176	-0.106312003066396	0.194955541843988	0.0836490286411814	-0.212924750683994	-0.206839632294094	-0.142215979697888	-0.164630086790084	0.0876952036037301	0.0670224325472311	0.0844310298291034	-0.00113057011391302	-0.0924949969523381	-0.206350711768228	0.155874592501891	-0.155336285383029	-0.0679062921784478	-0.0841248304389492	-0.113737970812078	0.154007698328437	-0.0631930879415759	0.00687246182075693	-0.0515746216594419	0.00359765998768995	-0.0551178076568946	-0.0847360821971099	-0.018385763042197	4.70049147774853e-06	-0.0197577770485389	0.0410758802789817	0.0616282321946744	0.0477058341225141	0.0591200243759068	-0.0248854916969764	-0.0567777896549605	-0.094960520862277
MEnavajowhite	-0.207507609750209	-0.317676524201196	-0.214296042648254	-0.228300203126194	-0.122865772915115	-0.208614415500277	-0.259380708644553	-0.196426306955356	-0.228938217983395	-0.146653638844047	-0.04273249602874	0.089286646582737	0.0488881094298808	0.0399471909505335	-0.0184915396297867	-0.0421402142294477	-0.171420951776382	-0.172072265604533	0.0466991625849143	0.0741090562822413	0.0531424915485223	0.0327296220937004	0.073660330985235	0.100941956478798	-0.00251923770771417	0.233811666601145	-0.100518557852511	0.046063442479076	-0.055592533754721	0.107519446595103	0.0548007036126066	0.148174436641036	0.116771637991198	0.0910219610299921	-0.0344591830700245	0.0642390310286575	-0.00754795431558396	0.0583363625127088	0.0806762580375217	0.00169033929554508	0.149867252998404	0.209300569327324	0.121593212933623	0.36618183997328	0.128291551474777	0.0345064759715862	-0.0813340596130732	0.044984589540838	0.0823128267313525	0.159940262438775
MEnavajowhite1	-0.262116048067882	-0.254684097468009	-0.190921617693672	-0.273236651534659	-0.271915897091719	-0.240358611118874	-0.249545242669284	-0.219442843128669	-0.270261190180208	-0.265011774163158	0.00970627454094607	-0.00451767534904036	0.075772265274754	-0.122013458576011	0.0152579918368063	0.0332378712551395	-0.0513004759038441	-0.00812102914695229	0.0320177569102662	0.0801212700094708	0.119153368932529	0.096464180309448	0.0696412898072393	0.0324075040399062	0.0609168807489125	0.0548445883444759	0.0119520087842453	0.049488909278914	0.0160408491542708	0.0747171727241381	0.0740926896566614	0.0849606275058104	0.0754314561572567	0.115831126180532	-0.0711434146425166	0.209690771846797	0.0420043188641885	0.173294836494437	0.0880890247748282	0.142019542901783	0.1338406192043	0.147172867067641	0.0357323608553685	0.102221396179691	0.130014153509921	0.155647965267822	-0.0792183972550833	-0.0137274882814513	0.211730475148115	0.0940214987044155
MEnavajowhite2	0.22452703166978	0.199019760729475	0.298775560274984	0.186417686631386	0.189458732972101	0.211525273017321	0.230563372008194	0.251930942165595	0.188518902294121	0.202645732797388	-0.159565251373034	-0.194748611249866	-0.14527556717737	-0.170415777967941	-0.148578398781702	-0.218039372230597	-0.157770465221554	-0.257143927112006	0.0680593443559878	-0.148335757866024	-0.0439981009775115	0.00841834493748595	-0.0645034961411825	-0.0495879511361892	-0.0768576061622889	-0.184998195003451	-0.194188632343829	-0.0390186687122822	-0.1056577469242	-0.0901196148377574	-0.0432651146865366	-0.0235327826817339	-0.037645310077843	0.0661138808977698	-0.140882383534451	-0.0332760586846404	-0.0720089275198272	-0.0659266565010699	0.0608063856932405	0.0918120125146965	0.0726694893632308	-0.0274547462848909	0.058297282725897	-0.0460250879621859	0.0745574085104219	0.0530500751647261	-0.0529987458759873	0.101741222536947	0.141302804003443	0.0116077097637628
MEnavajowhite3	-0.272445814455183	-0.257016405562671	-0.163385069441141	-0.251477333454384	-0.22192612306715	-0.255613173300814	-0.232451942848346	-0.224076774021985	-0.254000549814676	-0.254229717775651	-0.0326133352663557	0.114426345637318	0.0679118235756357	-0.0619092021526615	-0.00794216912574455	0.0153506536546308	-0.101508221562762	-0.0733361260535737	0.012151765077318	0.0887349103937737	0.148378079938996	-0.0393953027491549	0.112352460693918	0.0080306204649327	0.0812924620909821	0.253839975530099	0.00684138684950072	0.0991797142945678	-0.0201593874079582	0.0876409062633639	-0.0381284795214019	0.102630490601764	0.143570570161253	0.0690036204539386	-0.0136270445240777	0.0181999829151317	0.0363530963682683	-0.0390036681020279	0.0521769824397894	0.0124692277612862	0.111231835891483	0.137749215597201	0.0757781826271259	0.215663230685231	0.112645227485355	0.15481516595343	-0.0286486049773064	0.183111029057987	0.154351178873869	0.167014303846875
MEnavajowhite4	0.176910000137043	0.184140934867436	0.314229089072671	0.187495497911823	0.161853303451317	0.170220627566774	0.246739432207255	0.251436615544821	0.174673698850092	0.167247512702242	-0.226932718514729	-0.163817943035663	-0.227933373102623	-0.0719365621279914	-0.178537369112356	-0.132337319381267	-0.107000395427307	-0.171513328143459	-0.0561670670974017	-0.259632013109272	-0.214538012817527	-0.102987907538495	-0.0857800781097262	-0.0324250530562805	-0.0899699985325495	-0.193703145848042	-0.101520582924456	-0.161362368946468	-0.075508790389786	-0.12056038888996	-0.00111329398168797	0.00573357526983307	0.00192346049458932	0.0310441362406049	-0.0261589634589536	-0.043555846093942	-0.0173600330091975	0.0186079818363419	0.0429235522621736	-0.0262150136888433	0.0553845886059168	0.0493313416186716	0.0481223880010944	0.0604000123885659	0.121084337747421	0.115586675320206	0.164771563999998	0.147494872719283	0.0426986556182991	-0.0514862880964866
MEoldlace	-0.223512087626022	-0.253161839450191	-0.138589007791914	-0.253456741352032	-0.257865524622921	-0.231177976850591	-0.215736800315021	-0.204340497502633	-0.262155917102093	-0.253852200522766	-0.0862133478504313	-0.0323428640701746	-0.0394557773241105	0.174958445230044	-0.021394768456323	-0.0726414333546452	-0.0666868380150598	-0.104103533827662	0.0663498085901399	-0.0590331853194153	0.0106305693394021	-0.0307295744077831	0.00844021613066218	0.0474700287795945	0.0328895670282002	0.0121932423281699	0.00623003208964738	-0.0233408918104077	0.058879817072731	0.000925765693453383	0.0784841005202341	0.0875113656300448	0.0921770367259148	0.108682655885235	0.101962915375374	0.0188848571182312	0.144055051946726	0.0455290139831673	0.0796192561335666	0.00469900878018532	0.132895649966923	0.185270136651676	0.157435370434568	0.255146881521294	0.175041299030447	0.225112219548759	0.13483431314004	0.238569955433349	0.0768003831305236	0.0681118443338943
MEolivedrab	0.219323576754002	0.158935289894818	0.166054635431916	0.212530057726859	0.270696886035704	0.196284871008154	0.220536139940357	0.212984516391448	0.187229087021897	0.267022899350534	-0.115591626352455	-0.0915580066705009	-0.00391158826045269	-0.158654695926484	-0.147861251802919	0.0518328984856745	-0.080972934194674	-0.018134921327373	-0.191493200790461	0.0238539095045697	0.0768078167786576	-0.0785928736541976	-0.088791360442238	-0.221447956577945	-0.0696953378177387	0.0312674457159993	0.163142993048555	-0.176282828799075	-0.119881489764548	-0.0761624288413596	-0.0884120353780557	-0.0717052459149778	-0.0843365521403105	0.0383670623861657	0.251213974828514	-0.0897950505522699	0.18044561800482	-0.0536455670454814	-0.149241957351032	-0.170228746264741	-0.0214031850239512	-0.101375203785038	-0.129699437214021	0.0843606474417966	0.0422032673853706	-0.0563934978183589	-0.152216983354797	-0.0344085087361658	-0.167063493628009	-0.0461356277061784
MEolivedrab1	-0.217502952814538	-0.237963092976852	-0.0910822569635345	-0.254420792562175	-0.251114171044565	-0.234813847208691	-0.205200376810523	-0.164285415558478	-0.256111879720246	-0.248389581415738	-0.150161111894179	-0.041528345647359	-0.0880254794589021	0.0615100435720716	-0.061873577116709	0.0244788753378389	0.143221790541342	0.0672103867853646	-0.144486234054186	-0.10944095408297	-0.0608745527221964	-0.0670805129495406	0.0875413154349051	0.06525949092173	0.101965122709533	0.0365608612418985	0.0931706205061606	-0.0899051741669663	0.122778965686702	-0.0597348123285649	0.0820389253866845	0.0828289724623705	0.040528800727211	0.146574929628676	0.195010474031873	0.0170480064345635	0.138751836479599	0.0834416568223292	0.0619255527590138	0.00233611632731807	0.120709808759767	0.116565545456718	0.143782859087448	0.237655071809218	0.133088784523322	0.114508932758358	0.242134995714455	0.195140560497034	0.00472584159186433	0.0714999775015446
MEolivedrab2	-0.222354174190583	-0.251472971769737	-0.170239682210196	-0.228127582503363	-0.212550191583901	-0.241501469277946	-0.196935184689371	-0.207250156273271	-0.23711143192719	-0.215339630473466	-0.108032191766188	0.0770456123098592	0.0236333397834819	-0.102665370127761	-0.0525452195152151	-0.0274338879564895	-0.134790360018635	-0.105835200280881	-0.0629694529705446	0.0265882892146036	0.289712261836955	0.00353721007386386	-0.0070741203496027	-0.0691728531883334	-0.0490512541526097	0.115584005818048	0.0643328062292934	0.00791221491994029	-0.0479416865135872	0.0657766955810124	0.119415403601471	0.050258841576456	0.0118424862059423	0.0760572523464251	0.128945500249626	0.186059837688363	0.168507185640051	0.14385146580421	-0.00666314128943233	0.0964690611708854	0.165530296355816	0.15121143337229	0.0513779810581915	0.155473331862873	0.153030949276247	0.20641552607887	0.006988260057622	0.103644761863279	0.114196274667517	0.19365892838511
MEolivedrab3	0.224560746599652	0.225114420648621	0.307216244339107	0.208895223588969	0.220992588822362	0.228935706293204	0.246963243477133	0.255808812063017	0.217978163674812	0.227048674699205	-0.0880978219634803	-0.168423497515193	-0.0864646587108369	-0.140793977782565	-0.102474750059599	-0.180348743970092	-0.254839290580125	-0.207982554886202	-0.0737339820216069	-0.0340617107316231	0.0734718097109582	-0.0929880244111774	-0.0326797863600499	-0.153023575046133	-0.0545269317814146	-0.070750884465811	-0.13093951487973	-0.064806933654388	-0.132017220511068	-0.0326910121955066	-0.0853415293246296	-0.0793210020456817	-0.0193650137714301	-0.0252076064200049	-0.0830685948294941	-0.105517794288537	-0.0477034834270035	-0.179430982252536	0.0461482218534872	-0.0626280464117339	-0.0255797184451372	-0.0159519549116021	0.018664325356706	0.0683309220721471	0.0297473402861142	-0.034166763483301	-0.0677752696761109	0.0846913758825025	0.161880260656654	0.0862545507891541
MEolivedrab4	-0.158029376035473	-0.172020985729432	-0.163274921654479	-0.0605643057103392	0.0502208969578461	-0.177823744483675	-0.0473825532144435	-0.169099324355292	-0.103562409089844	0.0269353226153074	-0.00857189862718671	0.0818869832691154	0.0580999857128351	0.0323688183396989	-0.161547214419088	0.163430798691425	-0.0895669687428722	0.0712142643423282	-0.112665626435708	-0.0573252118369167	0.0331520713094853	-0.256242649220552	0.105474649117573	-0.157193808796559	-0.144245070224679	0.417187773102343	0.162100242269089	0.046247914794595	0.0542919492122076	-0.0455923234002768	-0.107425355773134	0.0124764353332476	0.027573747949719	-0.0318243342279388	0.101128067933965	-0.0493924319391905	0.0523745088858804	-0.000877163063773935	0.0163835494469425	-0.179368583683988	-0.0404984709992873	0.100789617944948	-0.0875052199927345	0.460384340428944	0.0667589970091765	0.0601676182795452	0.157690154954137	0.26207313365563	-0.118388324676481	0.0795764347773607
MEorange	-0.240137283890245	-0.252126481747751	-0.17318023196272	-0.251948090049651	-0.267686925296374	-0.240673297990719	-0.230009587613822	-0.225405809298916	-0.280124552794976	-0.26565776058722	-0.0846960632030139	-0.0227159801504898	-0.0135137002296912	-0.0183767403064779	-0.00968756754309288	0.0635576605500747	0.214053650943751	0.175322862519674	-0.00868728585730232	-0.0708765731727842	0.0287308039492059	-0.0476222028659709	0.195566692671456	0.168914841516975	0.157505206267131	0.122649290827471	0.0575515126625226	-0.00393673201782616	0.189649967112635	0.00402449901477426	0.0256055839948075	0.0400506584371299	0.0606020197674107	0.228406843977705	-0.0139239341032634	0.112944471387902	0.00128389521483644	0.10132939172214	0.0394451223581336	-0.00720455759693955	0.0366916541383807	0.0726503906174334	0.0615370329867211	0.182712306082762	0.0673547701264093	0.0765655640564897	0.0925160928919882	0.115014442596855	0.0315987018224629	0.00435542806400634
MEorange1	-0.224421487542479	-0.250246716273124	-0.142732817639075	-0.266353104804857	-0.25990504149446	-0.234746119084069	-0.204863828005718	-0.19776341544283	-0.26692246200918	-0.247897517170392	-0.0663334405531299	-0.0347635605540507	0.0116918765266518	0.00552611085865172	-0.0360264397885747	0.267467884935797	-0.010524803537069	0.158051636567432	-0.0560878461800909	-0.0960344500176858	-0.0133382048345614	-0.0817217879373841	0.0988769323872649	0.111239871064209	0.162016286304411	0.0142045764202665	0.252977413048886	0.0108048627039953	0.0580108936372893	0.0199077400997728	0.0595856537664165	0.119316065067358	0.104950411480538	0.0437003822177001	0.0434950724380632	0.0200402195944906	0.0396834339323718	0.102899556644835	0.0500270968786162	-0.0375502945499166	0.0516284164182683	0.122534897603168	0.094129060322401	0.237757672946372	0.0449776454880268	0.045520074139348	0.223023103423481	0.182828377626406	-0.0182721873233573	-0.0103676998004832
MEorange2	-0.234938777889649	-0.284895119472034	-0.206424774388308	-0.176992303794428	-0.178270133302119	-0.26559641814903	-0.19227537341602	-0.233519478988356	-0.249784249535968	-0.176672857114012	0.00731671805514859	0.208656190811499	0.0989451274595583	-0.0823505242508037	-0.0690403224596068	0.072582288226166	0.00380850355217849	-0.0089977091937155	-0.160012387423293	0.015706149928127	0.176213935147131	-0.0531868804550778	0.120281194551984	-0.0619299695766	-0.0328426296023492	0.353752456862948	0.0391138048488967	0.00665320525463103	0.0960300670402909	0.0412266846113944	-0.0111040729003838	0.114958995383019	0.0127950094074251	0.0996825121953564	-0.023224521732813	0.0743557768112296	0.0392754034716765	0.0141869815084069	0.0146564748867538	0.00250805314477966	0.0518753818262497	0.103360030127757	-0.0153188973105153	0.192461070406287	0.171128221799765	0.160338066148914	-0.00449049484051614	0.151903641889629	0.0486272398195896	0.229468710618806
MEorange3	0.20016079792777	0.11880769306405	0.233636808752431	0.139403772541317	0.0849749161069394	0.168409025404535	0.185614834621449	0.202059427341607	0.12449156734027	0.142010049524371	-0.164573593553142	-0.0233589538599785	0.0595328498729073	-0.249795075709003	-0.162417592522717	0.151220786443473	-0.185755731801405	0.000185417902063349	-0.258716808048474	-0.107697451079393	-0.196769104489968	-0.19974804993477	-0.13135428141653	-0.145720137278087	-0.171416794444096	0.102884927173423	0.140505808205721	-0.171462550246649	-0.120499613792466	-0.107396681819888	-0.109834544319001	-0.0587064395565293	0.0384643464117448	-0.0824870563892593	-0.116392353353849	-0.0703551479113618	0.052331114276078	-0.101301078131831	0.0122227548265053	-0.0698439861764856	0.028746508183717	0.0765070545439357	-0.125606561574235	0.177975217224367	0.15026544906183	0.206221517671503	0.100644593014604	0.153976974783002	-0.06139460414861	0.141349979338117
MEorange4	0.276266419295442	0.144743754491433	0.207548172029411	0.205620051905543	0.29749370439114	0.234597329182983	0.213407135630289	0.281514055515332	0.189966327074196	0.304263557731716	-0.127717857920007	-0.0731918235761611	-0.113253850118833	-0.121768876897965	-0.163010225927776	-0.191959618941119	-0.194241295477174	-0.245111676523913	-0.118467381358453	-0.126154865951051	-0.0819634620428945	-0.0328808286768826	-0.104960336126963	-0.127920079685821	-0.0855136202613775	0.0445007247307996	-0.182908173135112	-0.139317546821228	-0.0820324606209302	-0.118445241461852	-0.0539090323568418	-0.0184682826994927	-0.0202566043964958	0.0217743557837399	-0.129062887703127	-0.0468450587534165	-0.0695510766942012	-0.0520230689885069	0.0260787432301969	-0.0590788267648598	0.0496453191293598	0.0262686534616014	-0.00202486596301033	0.0845096469317821	0.067132443503671	0.00749868662141136	0.0103385179087487	0.0572893490659403	0.0565711688470429	0.0750108093836856
MEorangered	-0.243106169570007	-0.267859583132806	-0.135078022994291	-0.256236134820485	-0.267957828214754	-0.25025201622409	-0.210072904316107	-0.206810346090593	-0.258573344821845	-0.256291605554244	-0.0892290966983483	-0.0525518769802779	-0.0674091325601848	0.0252394619650085	-0.0430231173698154	0.0268939719899841	-0.0877611873440387	-0.0532971002247406	-0.0387096236228672	-0.0692462854980984	-0.00975513565922893	-0.0085217730682161	0.0483426438321582	0.074459793397675	0.155735503158643	-0.0585765527055884	0.0625702765348684	-0.00062685211326529	0.0302459899111286	0.0656594902744476	0.114105687899907	0.162734935083613	0.153438131052782	0.12081577873646	0.109674995968858	0.0348983621839376	0.121860686010747	0.0455175239820599	0.0763310844266432	0.0482969335357319	0.110080832840012	0.150235384306432	0.194606074586734	0.205646207129611	0.162390070322513	0.188537943613025	0.0993978218424522	0.187208340463139	0.103969241016331	0.0520525235189882
MEorangered1	-0.259960853981908	-0.276912889664199	-0.178880036972538	-0.236495857041895	-0.234053272730663	-0.245595765418385	-0.201186107148684	-0.228286570724604	-0.241426023597325	-0.23850356804555	-0.0779965607399387	0.0600760927385447	-0.0131294086558863	-0.0363348969521619	-0.0966813179628085	-0.0523023503690389	-0.0130960823256424	-0.0625137214042571	-0.114963405371632	0.0165711114788016	0.102110224754105	0.00427228152315491	0.0598024548238747	-0.0508255068692479	-0.0469464194484784	0.190336043004136	0.0242233173918963	-0.00314965476695045	0.0694889409919721	0.0491018061265484	0.102262011794293	0.0481766571869613	0.0670187957892429	0.110128685224438	0.122112661894864	0.106936528871933	0.183757414153592	0.0939929130763271	0.0499458341571751	0.0796686827963223	0.153533611898165	0.142188172308648	0.0760799466445524	0.175901642606366	0.187688802056104	0.275450587051986	0.0286518264612882	0.0627754014185949	0.101636906062349	0.165350915905559
MEorangered2	-0.074290722674821	-0.0811557140963228	0.0292900552745629	-0.123620088632349	-0.113958771323949	-0.0825343548376914	-0.0570129392514003	-0.0490480405575646	-0.100999778918385	-0.0996358693097491	-0.0536288536391369	-0.0985339035847175	-0.0683520280523808	-0.221514422267295	-0.155953714124718	-0.169624542644667	-0.195287118221401	-0.28962221806248	-0.0238707993733278	0.0339918733977915	0.0763108007360502	0.129075922952368	-0.0346602329798715	-0.099779428664275	-0.0805208947983739	0.00780976371027246	-0.17070028760115	-0.0602485687603737	-0.065971219855042	-0.0112441171058093	0.0903707789919552	0.0246646851249418	0.0283408673214131	0.0928662586262339	-0.227204125509832	0.149426755963963	0.0377380307219881	0.0882122228572031	0.173330464442846	0.247309505811771	0.272189446433788	0.165547257904389	-0.00231530738234834	0.0632994417510329	0.253012623909395	0.258846177623357	0.070461696328362	-0.0402734747625817	0.361592932975518	0.197873974132809
MEorangered3	-0.241303838034381	-0.25218158572674	-0.172406881544815	-0.243526855310297	-0.247922068499156	-0.236502801464354	-0.213200657987607	-0.216670242740636	-0.243652094015942	-0.263131558930278	-0.0160645628873689	0.0577755494875524	0.108222112053271	-0.0988110361010932	-0.0471468843597615	-0.0395754888263625	-0.119109396450044	-0.112764390897701	-0.0352446950805472	0.102858661888473	0.12656495624242	0.0732709170382995	0.0164445856125579	-0.0196125256679534	-0.0121737001689286	0.193175507550265	-0.0244068148759995	0.0319845944777981	-0.0803056532401372	0.0904222286150951	0.127550432687609	0.102627693229773	0.0714731429520968	0.0585806573608542	-0.0495264683608938	0.0854991800886813	0.0229973097128349	0.0582828508980224	0.155068818447416	0.0948906990297939	0.214113859305747	0.11599827397713	0.0965446746101463	0.145580632040732	0.19085489785602	0.164920058145857	0.0404781504233717	0.0833898093665085	0.182494285435344	0.173175662637326
MEorangered4	0.0130577061772946	-0.0328064853618983	0.154388121058424	-0.0327865235175013	0.0112611713571949	-0.0135057514716009	0.0348947923303103	0.0754181959594614	-0.0249308734203867	0.0166559047598787	-0.227411322580511	-0.160305024284771	-0.155635740736079	-0.152866900419989	-0.177220498292586	-0.315377225052207	-0.129508021852185	-0.267823494409151	-0.107735508306726	-0.187470556266246	-0.0950774315038925	0.000153930799800948	-0.0989382718537817	-0.103492889903026	-0.108351898011414	0.0172355374659589	-0.201388142090198	-0.136717772540466	0.0105951907959001	-0.101217192321722	0.0749485363034172	0.044580629330284	0.0508162635375296	0.140301760219459	-0.00847641824237427	0.124754985561345	0.106070179434791	0.100643086166788	0.0904185083660948	0.14232943135186	0.153429506882996	0.165065579192837	0.199361325516272	-0.0421476738419124	0.266491766471915	0.283501591382493	0.0380983343378487	0.16620068430988	0.287196879672335	0.113322017538257
MEorchid	0.200118348137531	0.197597862989167	0.29952204255837	0.18724493807242	0.235590597564425	0.192998886719874	0.233301784010114	0.273331167103465	0.189553481505526	0.236943055390211	-0.113860620209429	-0.136154112507069	0.0287747185806893	-0.236625560546302	-0.0840157237355581	0.113283214375291	-0.196669999493922	-0.0104724062274459	-0.0613668155641081	-0.154551367399473	-0.138881833766777	-0.12442689850263	0.0281832204805844	0.0559782984124545	0.0619844131079234	-0.20119231227853	0.0856515288596536	-0.0126451200280691	-0.213751229721495	-0.048391867305255	-0.0473292512661544	0.0192017916289534	0.0764582532974977	-0.102628208011249	-0.185547280250215	-0.0175507564528425	-0.0757282398305748	-0.0765124021989762	-0.0549780123127765	-0.130573696389708	-0.0765707499945735	0.0368759637919103	-0.030358202613793	0.115687200870524	0.0360988496478002	0.0774030950418263	-0.142817596791542	-0.0750456963205929	-0.0886564635439962	-0.144480288883154
MEorchid1	0.105249085116935	0.0598956006579724	0.145956515859281	0.0839358098716147	0.0895716297781638	0.0915821440819719	0.133601441391083	0.133536047389207	0.0721877706508654	0.0982491979164956	-0.151032187149771	0.0119935757232375	0.397311357619157	-0.240997816943205	-0.0965415826341936	0.21030210854399	-0.170386992216886	0.0586315189571663	-0.163078748530331	0.0106264965686418	-0.133791472914518	-0.0699149263220236	-0.0862772753513878	-0.0880370347199685	-0.137235166027164	0.25138789201714	0.148920090694693	-0.130194278158884	-0.257513696678119	-0.158754961896316	-0.119773257865467	-0.0579087135229259	-0.0274827688782359	-0.148157751591195	-0.277714395633322	-0.0646804771659666	-0.0711662455336947	-0.0326250129803077	0.113041128860257	-0.0761348033972503	0.0173674720577352	0.0155514065500105	-0.210881252873672	0.162793244319011	0.147759660183619	0.100037390104174	0.038424004963765	0.00316971806989176	0.146117878339349	0.123080632699374
MEorchid3	-0.115197582588565	-0.0892383829028407	0.0341954751024065	-0.15225542343486	-0.0826436240174172	-0.0980169666897951	-0.085102771325264	-0.0621482226257981	-0.118475242825673	-0.091068504733979	-0.123031303473577	0.156370626478041	-0.00544292852891255	0.128123527725462	0.0835135126942881	0.0433231259918717	-0.148298145102565	-0.0924813475583727	-0.0307233674679155	-0.121359747183015	-0.2374607660788	-0.23829510516159	0.0360017574987948	0.184173246546387	0.101050199706257	0.168071046817647	0.158836118934555	-0.050589925300466	-0.105352120682824	-0.0229839528040183	-0.143975747136769	0.226430661495644	0.165384647149468	0.0738498537013879	0.242067209600727	-0.260829711208062	0.176540710347287	-0.206965176588661	0.0958881858838137	-0.150981859583832	0.0443898244290945	-0.0987657470098333	0.0325397797723695	0.379240264903055	0.138734686126207	0.00589390337412313	-0.00488876602569973	0.225482196681903	0.0523809725469213	-0.0159090954686047
MEpalegreen	-0.177957352976995	-0.244863698803896	-0.112843580178666	-0.228555239286793	-0.222580102934742	-0.183566125755131	-0.156089622653962	-0.154754992921502	-0.223382440441151	-0.241868409930447	-0.126231771571216	-0.00661716044078261	-0.134695406453542	0.0268654159951321	-0.0302661735013376	-0.13438174097935	-0.0884799612901694	-0.204136212432777	0.0968116873882815	-0.109723888099522	0.0834366397240168	0.0053108430470343	-0.0208191847315716	-0.0277637009304219	0.00435131690195777	-0.0872452440282321	-0.0479864905731421	-0.0186311298984985	0.0557736636481512	-0.0127596166757961	0.0812351308971954	0.0595775493172734	0.0143510667791259	0.230205533652999	0.0830700588937007	0.107907894651933	0.0817936436962652	0.106162545968534	0.1651904515701	0.0805536091343142	0.204032691655145	0.160968331345011	0.192289070004379	0.0974199134148531	0.188171222396571	0.164511176489228	0.0761954997648939	0.271740036621073	0.218088491646372	0.140185762886106
MEpalegreen1	-0.13072522382141	-0.185343154387497	-0.159999871474456	-0.166783166459868	-0.173907813079674	-0.178246587442045	-0.190151335582388	-0.153618996797243	-0.144649395418124	-0.154814239148242	-0.0293675070643726	0.0800558708374284	0.0903917700716045	-0.220721715836173	0.075556001879962	0.259780562415195	-0.134319814760509	0.125357320344235	-0.0492845154284005	0.0467123655816376	-0.148099712345989	-0.0172624411389192	-0.0142490248615739	-0.12724767629272	0.0277991023765068	0.158060208026282	0.233049722744499	-0.0336576277463793	-0.18699810989437	-0.0378650267125452	0.0481772431590555	0.0320014359817064	0.159732444478504	-0.109278248833733	-0.195756662897732	0.0482912688603137	0.0806118549782874	0.100264777935721	0.190259197489192	0.0237380710304443	0.138042874945897	0.195148074181009	-0.124947829527907	0.120019383239971	0.221113559158747	0.244731069274142	0.175508241390466	0.0105391570232482	0.186780213290943	-0.00442609374272643
MEpalegreen3	-0.126866315270406	-0.153318503173708	0.0148773922810846	-0.16972029697345	-0.165412870916375	-0.142656054785169	-0.0962842245695088	-0.0687510430297216	-0.163543571146758	-0.154576644536654	-0.205035072444629	-0.0696586419791449	-0.0968512951004653	-0.0337263526070614	-0.108711083496143	0.275140335060224	-0.0965587272100613	0.118110873942832	-0.0722283998490845	-0.214427436977647	-0.16464526622459	-0.135187398191104	0.145960185869136	0.116130653272447	0.146783657582917	-0.192167600056352	0.27996924440521	-0.0709403107571597	0.0574392240909221	0.00283752060546126	0.0336694976411078	0.207258499875254	0.209479702419718	0.0636759632062005	0.06565543963878	-0.102911387878479	0.0442205649548898	-0.00934374113974941	0.0442837805588909	-0.150159679136994	0.0731653605672378	0.0916319973352104	0.100923033543528	0.324191885364719	0.145459601079965	0.00956546467867418	0.200271682656958	0.222148058763358	0.00278304992725538	-0.0319507518715715
MEpalegreen4	-0.190614856596862	-0.245265640314157	-0.116244540432893	-0.234549315614621	-0.282356444777294	-0.200118243233363	-0.161220849704705	-0.171070840030992	-0.277699364597507	-0.241315762818421	-0.16334130846158	0.00962095028378949	-0.0222691219529738	0.156235324899414	-0.0798638899984763	-0.0989484202441925	-0.124135192463095	-0.124804918751447	0.14686531493344	-0.0645421910889334	-0.0063565263935416	-0.0591830175845948	-0.0629451682619928	-0.00560180175651242	-0.0543475299163362	0.110795609945315	0.0357861023900307	-0.0410058183906414	0.0356072234180502	0.00835611428856219	0.105845319414491	0.0809631211154059	0.0933834468514354	0.0817606445324874	0.170018691840365	0.120626187801413	0.136893779101976	0.15471886368821	0.06740304703069	0.0337652037085766	0.18950287900001	0.119762865094267	0.149412883407138	0.178267939122074	0.136705683731498	0.167260763086442	0.119875147470925	0.26657572117597	0.078449377800296	0.073342558252855
MEpaleturquoise	0.177456593297565	0.146052266423722	0.286233879332725	0.169000987128081	0.209144750984884	0.172622888293654	0.214779960713678	0.235638129813782	0.160138616184068	0.224355262767473	-0.197051478208643	-0.129558835217035	-0.178988001114909	-0.0264614317764802	-0.188055387960145	-0.115574712102167	-0.220107232085179	-0.230020009004152	-0.235244455582935	-0.169710084271972	-0.174934898449178	-0.15816401348625	-0.0816296374849412	-0.11004938296745	-0.0451566061749074	-0.0933856205584281	-0.0225416259555093	-0.102296486212458	-0.0439672753447075	-0.1002379782393	-0.0011176762269134	0.0392520384472844	0.0748763755291744	-0.0102358307245625	0.0745089705681706	-0.176653647632439	0.0726895897021053	-0.0986883654155678	0.0074977318779082	-0.127037022851009	0.0276800614349008	0.0335349539391658	0.0931351124348829	0.159308426952344	0.0991358709238448	0.108572831559172	0.0841992904559302	0.114697091715154	0.0115371081187099	0.040818906448856
MEpaleturquoise1	-0.235303110433039	-0.245841411815804	-0.141216375899007	-0.258604796209172	-0.243290329680403	-0.23712609271765	-0.220924236980962	-0.210184843379039	-0.260976280035917	-0.245134717769578	-0.0234714685392962	0.0406700626756779	0.00948828581739981	0.0326372019142022	-0.0845179742248817	0.00537939587712002	-0.045304662322129	-0.0676853956577082	-0.0777050550139804	-0.0368752079766797	0.0204451521071027	-0.0835992108697909	0.0227163425188288	-0.0413845761107579	-0.0334191235518114	0.222408714640799	0.0468155323799627	-0.0151421918694169	0.0168897142331936	3.66584971756085e-05	0.0409080732038994	0.056760660425116	0.0643212435476509	0.072117065440599	0.12060142046251	0.0222857155052046	0.181362552588694	0.0856390423945324	0.127851507757853	0.0450383943213558	0.115953570160579	0.130399247820978	0.115663844201994	0.23485445288375	0.121900062582177	0.292251321803455	0.199307607664358	0.148295232573852	0.081002632028748	0.133706353028257
MEpaleturquoise3	-0.207627134822981	-0.2165467254462	-0.158201700302905	-0.221439689329868	-0.214046050749256	-0.258413323471476	-0.225722267342785	-0.196599241251204	-0.262731130464464	-0.236176290812038	-0.0354789588833182	0.0958088302089699	0.179567261874864	-0.107145813076018	-0.0310336132918645	0.154032303850078	0.0439613487197457	0.0786172028863257	-0.101805465124088	0.0588270432207605	0.0148564079133946	-0.0738140227877534	0.144918211619094	-0.0262689416535806	-0.0315521162350027	0.258385146939972	0.118894078649929	-0.0072088012358539	0.142193824772003	0.0365597425417547	0.0320125382063656	0.0215954402561338	0.000930260316755695	0.0543856870559922	-0.114321454989647	-0.0384958072035694	-0.0815451620995484	0.100700921554504	0.159341216544727	-0.0410128210472457	0.104033205065477	0.113277877961117	-0.0410686049647193	0.260894289712435	0.121008434364612	0.0610829337611598	0.245154827812281	0.103818150961773	0.0533726145468414	0.170025335268321
MEpaleturquoise4	-0.254924061512686	-0.257738892654937	-0.196171929669197	-0.250431340506157	-0.248744685921276	-0.223451793617069	-0.222473035476252	-0.218966139734912	-0.244876629327307	-0.247567767224195	0.000947919413398557	-0.0583942822900254	-0.0144360504366762	-0.0311227596182538	0.011478599486877	0.0363253236482938	-0.0596839381576911	-0.036533243114535	0.0128539774716297	0.0441119511367111	0.0306696960192846	0.159952033194782	0.0199601246089944	0.0230259364425549	-0.0353335852286984	-0.109498442415811	0.00043430083441051	-0.00185700392501257	0.0246578191250945	0.0365124920059317	0.0569212504182406	0.157700973890671	0.0794940598266358	0.159052236771592	-0.0602493031380015	0.196076092430122	0.00328860303884776	0.21074512165706	0.118395935674278	0.174126683884455	0.151331194245978	0.123827751654479	0.117452169858894	0.0382746568968361	0.0633563577897148	0.0831595358162502	0.208663759906992	0.0908113148712583	0.261666021713294	0.0771809902351325
MEpalevioletred	0.225709200449444	0.199192468966557	0.299714186998887	0.193024987491117	0.16948500931647	0.211837980256952	0.240080252168684	0.256165258276327	0.19247182456268	0.19347897794664	-0.125818591556384	-0.132562375998894	-0.0797705813757014	-0.181618838132671	-0.13009130776697	0.0514476270584437	-0.237299843542085	-0.0820044666153679	-0.0630386091855487	-0.0856394973669387	-0.185140987673989	-0.0830205593039545	-0.103474483512621	-0.0264505340739154	-0.0831111318814987	-0.00633308629370058	0.0109289888774093	-0.212834094866559	-0.068351343084667	-0.0828569104362309	-0.134508506243133	0.0240375961184485	-0.0706261808227952	-0.0248394148970609	-0.239149350951338	-0.0261308180089341	-0.180480588235651	0.0410152594242478	0.0824419830671044	-0.0142478869293297	-0.0246527781481046	-0.0623699336452048	-0.156236829465812	0.0932617295951803	0.0124681567074105	-0.0683946575026442	0.166899770961702	0.133189239438555	0.111527639237604	0.0626760505978425
MEpalevioletred1	-0.229439027433809	-0.244430212914911	-0.153112841082443	-0.263810827195977	-0.237893086736728	-0.24009877594638	-0.210666009196102	-0.202666003303954	-0.271144095100947	-0.248060414312787	-0.0983339818720765	-0.022438903312172	0.0111789654963389	-0.0555322076096668	0.00664727694147122	0.186770677279829	0.16630544139801	0.19227399616661	-0.0355481158460097	-0.10183252792715	-0.0652693889596328	-0.0181093591478144	0.137300541754188	0.113023240970252	0.117524210831379	-0.0998135261365695	0.164002459815639	-0.0256830167978784	0.106892292759272	0.00161065691624539	0.0217896350790844	0.0781610285065342	0.0828828764335788	0.140462250467591	-0.0506101733691087	0.164984736320203	-0.0423249605675778	0.176034466948547	0.0792628218585433	0.0746450487056175	0.0793891522684827	0.0814151477056634	0.0222392992233621	0.192151763708703	0.140099587313878	0.0241071788215591	0.204658808571286	0.126180544415451	0.0147744765045722	0.0100488715878013
MEpalevioletred2	-0.274138846623183	-0.259767962854773	-0.208555066720843	-0.272173062065676	-0.260751160078367	-0.26094637138438	-0.2480302828195	-0.234068350143309	-0.279819204695282	-0.263910939460266	-0.0032846386214889	0.029813939881273	0.0388051890367503	-0.0843929619832491	0.0218585560176351	0.00620622399274706	-0.0973115062554097	-0.0418559542352018	-0.0170817602245872	0.074426793716548	0.109668406035726	0.0695357993399378	0.101268112529651	0.0543599023629036	0.0483104338535565	0.0550146081731462	0.00563686665324559	0.094650717753727	-0.0171053254048203	0.0895294053792918	0.0714321333404194	0.0959148845331882	0.0631214241842645	0.129136623097152	-0.0193527978961506	0.0674990241636757	0.0647027809277065	0.0297685424278167	0.128373453031022	0.108132075856909	0.160249750008577	0.184862071972632	0.120275273067124	0.142261957147373	0.1379041501228	0.171086811291916	0.0238372862542845	0.0731039832159195	0.155810257924893	0.115988754172674
MEpalevioletred3	0.237922735928774	0.23743834216848	0.314875559142516	0.202166841684981	0.18943530917609	0.235737530923332	0.233183767782502	0.274182132755901	0.217943031961489	0.20654303677795	-0.194699368605489	-0.192757596506746	-0.161937549582956	0.0166772992734923	-0.206797394700951	-0.194777722195791	-0.064613525029909	-0.132638432833994	-0.0130822454400338	-0.248889203628173	-0.159300104729494	-0.107578632107232	-0.0578155982737751	-0.09062209036611	-0.0592694908560782	-0.114579060431304	-0.145632049438002	-0.139241137545317	-0.0219226692482795	-0.167826897519003	-0.0662790629774471	-0.0404061204975779	-0.00835553068618687	0.0560778113818043	-0.0437560749012064	-0.00630424032028	-0.0381293375517819	-0.00510193154523987	0.0184667966595321	-0.031987899224485	0.00819670055771328	-0.0255010156898941	0.0319147492965808	0.0290387013951978	0.0367181062772126	0.0659960149655963	0.0618801191678819	0.0809686580138326	0.0272882362769075	-0.0428494991350298
MEpeachpuff	0.154721259255229	0.129415315934617	0.282582065344326	0.118304456170995	0.0838876605368926	0.128739471888028	0.188394090673295	0.209611372920617	0.121682635977487	0.0961170238081045	-0.122330243419544	-0.172080230214346	-0.0301488782609454	-0.193592459476657	-0.0627736419404924	0.262759034781129	-0.0867429999312808	0.154381513693412	-0.0789892759607808	-0.262771100590434	-0.125362321475357	-0.11994875025745	0.00184970439371399	0.0458995519125245	-0.0312717223521312	-0.26966167391639	0.224012857201645	-0.137850374363931	-0.0704848385861386	-0.218888545151127	-0.154385120809381	0.0358825839786821	0.0775728190817876	-0.0073958556244278	-0.154947017604357	-0.084599087712186	-0.176254419446637	0.058570146959064	0.0267355922627951	-0.0488667801171593	-0.0559704354781018	-0.000698645539944816	-0.0782324168961586	0.00365356955200198	0.0302168287255938	-0.0223376870145932	0.325742507708815	0.143492195459334	-0.0464053128322043	-0.0912344232479321
MEpeachpuff1	-0.224464369408517	-0.231664013479585	-0.141008194375593	-0.22916241033059	-0.278604787116763	-0.218481656923533	-0.226573974307175	-0.204520371182567	-0.242254861154075	-0.248739647731896	0.113052852597976	-0.0297259472478853	-0.0235621704575645	-0.0663210128119411	-0.0625454229384903	-0.0934982868335331	-0.0853160985245709	-0.115905302202525	8.5999333651411e-05	-0.00582427980533564	-0.005422680025969	0.112046067057217	0.0326070496354747	-0.0160357037552703	0.0234479601320425	-0.00815192660294113	-0.0895800732962633	0.0186244551709401	0.0226176233893461	0.0392360561446903	0.0265524072805235	0.0592053495915995	0.0869659582688487	0.153994090014759	-0.0124140414943309	0.0563462973785641	0.0499458801855328	0.0798235436407619	0.243358304741741	0.207706108546278	0.161339112696947	0.163865053540697	0.117726709612408	0.0543986932971319	0.179253157949348	0.170864651684955	0.135363669456091	0.125648804936971	0.242107490740426	0.183593884981993
MEpeachpuff2	-0.242235060576402	-0.246063883120711	-0.194195977644876	-0.251721431279045	-0.269217540829367	-0.242532227434788	-0.214368485308475	-0.204993849112795	-0.259255831643459	-0.25503739019783	-0.00650378804091679	-0.0150255415547757	0.00147261733740059	-0.0404904987743569	-0.00137237389287376	-0.0759597047490314	-0.0865804108307591	-0.115976723598572	0.0414357321728409	0.059084072112367	0.081591416008977	0.0227564765867354	0.086131416119652	0.0111286005435359	0.0278175949860893	-0.0843042014495029	-0.0514143884119307	0.0679398507345489	0.0216759896604441	0.0760854222561978	0.0652062014262541	0.117245607727697	0.103415548821581	0.16422117777822	0.0256918580697284	0.0550754594711381	0.0858481206434154	0.0408199454093986	0.15211956689308	0.0896146436514272	0.181693675525377	0.180749161025671	0.193282340965183	0.0701488678246381	0.179194414260999	0.181777389177943	-0.00550142829453846	0.119656628388148	0.236649406997895	0.123221534168424
MEpeachpuff3	0.0403289071730399	0.0497520396339866	0.100236708400318	0.0264332687632825	0.025316897977573	0.0513894670584812	0.0563702658455291	0.0564763917712428	0.0323414798167793	0.0343652775392299	-0.177581008851426	-0.144792758294491	-0.0823000062814947	-0.23751247103979	-0.0690131597333013	-0.131808924183819	0.349810383222145	0.271779946483711	-0.162920036850589	-0.105305678173574	-0.113461946577779	-0.104529058653783	0.261417274657539	0.206387243748133	0.24759506798618	0.128715224606031	-0.130918490797549	-0.166735629505141	0.287405095652856	-0.100588146629934	-0.128191550306319	-0.0520465592250631	-0.124014952632354	0.312547457334934	-0.136749517528006	0.152395382028317	-0.123174108827585	0.125808437823471	-0.0601947644815578	-0.0750115661599869	-0.0528584192734377	-0.0945117664495904	-0.0984769353026791	-0.00202147404216487	-0.0391371303132705	-0.0581110894702848	0.0350035891801821	0.02615249962381	-0.0138372487483451	-0.0922239079934575
MEpeachpuff4	-0.299240578926595	-0.248877429586855	-0.227693680207877	-0.0395363056298859	-0.0833523160486172	-0.21048110103389	-0.0368000798898131	-0.225231256491963	-0.116616517165764	-0.114435422624885	0.0493317827591578	0.20014406422153	0.12059492426076	-0.0635052245324022	-0.0912387142662605	-0.0218277539072222	-0.0716113825974956	-0.0756975637510879	-0.0871189870361053	0.0935698735293766	0.12417505180978	-0.0786242452201815	0.175245393179943	-0.130693148388671	-0.0984045432240738	0.465459995704293	-0.0158165190417879	0.0237952946869366	0.074542070752015	0.0358485513509107	-0.210346769236165	0.072684866184994	0.0728666263231395	0.031693680106625	-0.0194278994272539	-0.019403680561941	0.000150103646680907	-0.0451539891840742	0.0581654334455651	-0.0345521314729004	-0.0121357330740073	0.0829178695100262	0.0087295427729786	0.260824428768998	0.165744666080925	0.150491614565094	-0.0404607577765961	0.12715341073765	0.108145496946571	0.21600898896042
MEperu	-0.241292899912139	-0.300883707625914	-0.215062207843677	-0.245667225573176	-0.232165467878059	-0.257849402751374	-0.222590619123927	-0.241459010541154	-0.255865285244198	-0.24449302720928	0.0206858192048043	0.119226000951493	0.130685025818664	-0.11789986244747	-0.0215532799772813	0.1302502023988	-0.096001673502589	0.0387232164555211	-0.0645371589679526	0.104062206936472	0.0967915089935894	-0.0448970485057689	0.0604684078360383	-0.0573642984582517	-0.027461780141807	0.168605642013102	0.108371451968061	0.0185820315312008	0.0125334331647287	0.0503508899276939	0.0377375318479877	0.0884391824676185	0.0975982454763288	0.0742930595121403	0.0115061225476784	0.0547873167501132	0.102076615457781	0.0472370324635079	0.107034977382825	-0.00489723300653011	0.104256692097371	0.143673069851622	-0.000290883400958741	0.195750241242679	0.194571698968161	0.208252772435855	0.0606124442834945	0.0594623933164989	0.114993001125912	0.130613837683765
MEpink	0.171606066056878	0.136669320423295	0.272256276726656	0.128951565579878	0.121017832824482	0.154281078609505	0.189793798760826	0.213968671032401	0.13035218512883	0.141027050177798	-0.216429874837668	-0.211613584294445	-0.107624665323412	-0.196914698340315	-0.122849688581934	0.215056135910412	-0.110310506507586	0.0740651085160721	-0.0760880070751753	-0.18370747156155	-0.161838586853375	-0.00731296499335748	-0.116739706000771	0.00821201745660157	-0.062933764785616	-0.259345899045689	0.172451677624698	-0.167763394068745	-0.0642467655277512	-0.101568937044088	-0.163054551106343	0.0421884252426497	0.000541754836018904	0.0363815638950819	-0.201797583195441	0.0646406633822374	-0.208291867237285	0.142898835042877	0.0705077509343334	0.0271218500978606	-0.018535506682306	-0.0941005799256247	-0.0669810228854549	0.032753494220316	0.0616170790163485	-0.121167443799292	0.262660315276395	0.102511828963679	0.054522740485137	0.0131619834519552
MEpink1	-0.00332773395798262	0.000216662618817382	0.0727970121332067	-0.00760660316475425	0.0207183688924526	0.0088198471414214	0.0309104412647502	0.031132677276242	-0.00175801151550999	0.0185037739379854	-0.155152365294022	-0.0870101813839921	-0.0659592475575206	-0.382975527601222	-0.133122802473158	0.0472523698695874	-0.256810141464584	-0.0826112390255417	-0.18066657888565	0.0563494642968439	0.0920303776297292	0.0782259235820232	-0.107892978335373	-0.20573789875645	-0.180911399150203	0.104727574419541	0.0373619984290415	-0.0202856670561694	-0.243620709228629	0.00819542048239041	0.12458762231737	-0.0215248899697898	-0.0198311349539623	-0.102172167606308	-0.136962715699721	0.157860805075834	0.165080218033512	0.131551395079273	0.0130531597811172	0.148645951263579	0.198915041518182	0.081253183579874	-0.108589875542363	0.235585456840838	0.209938509831259	0.370949307218533	-0.199272191999277	-0.00465404216970614	0.141393941267823	0.122399599010661
MEpink2	-0.0796064407405301	-0.0389472106994814	-0.00607097272108738	-0.0707653825743639	-0.104184914042688	-0.0697118496100418	-0.0465668115237913	-0.00112599760116206	-0.0807192402961972	-0.114375739102952	-0.16940334212101	-0.0761978515904509	-0.153032257716599	0.00775342784857036	-0.124774601344714	-0.0608323064096424	0.388024745780368	0.250267841674557	-0.0546832166341836	-0.15628250621291	-0.133469376252783	-0.0943920510122498	0.276266494057814	0.232770192603129	0.292767561903018	0.157280131059157	-0.0253869522339322	-0.141379509245352	0.316755520242771	-0.152569868322735	-0.0764579753111567	-0.0726721606634387	0.021959423133826	0.350505930307523	0.0324805752974686	0.0832809000099505	-0.0530915545545001	0.0575031902165305	-0.0302419088121966	-0.0601836872470144	-0.0617830938217207	-0.0278627112677374	-0.0498517465897584	0.192243273438214	-0.0459422282765436	0.00150100995856504	-0.0256336810924922	-0.00370221177981917	-0.0981475241029951	-0.101311336003234
MEpink3	-0.258295903112002	-0.266052700438845	-0.168661323656015	-0.259531872013099	-0.264404347613819	-0.258864127638011	-0.233413833962037	-0.228777657173223	-0.274822596548072	-0.265673193809376	-0.0449584144451667	0.0581953809523917	-0.00605192120855765	0.0383814359581137	-0.0599197537280352	-0.0373300443018579	-0.0213883170196133	-0.062066895173648	-0.052358460277645	0.0223552038412993	0.0451921384340536	0.0112530097402519	0.0290822135154851	-0.0340451476158863	0.00597218777709753	0.0804202369526382	-0.0112551701097528	0.0253995667437342	0.0388184582891916	0.00954781417392344	0.165592188615227	0.127192320957998	0.0708251342692839	0.104299050448427	0.0252921232092348	0.0618244553982965	0.0732470004647304	0.0707851987342585	0.206648970085092	0.086763168056787	0.185663256403793	0.183819023123436	0.16325174604152	0.137340368568914	0.172514322445978	0.162930146439323	0.11461543420432	0.118796447800569	0.103548695004941	0.108304983194353
MEpink4	-0.262210548724752	-0.282518904615204	-0.190456858764623	-0.283165891295907	-0.264606792618079	-0.268621814826574	-0.239394342956096	-0.238988404051955	-0.278227573759565	-0.273109371793052	-0.0455492913887187	0.02626674421537	0.0233901927015602	0.0185933745968214	-0.0421221649607915	0.0146567684239151	-0.00562875393533981	-0.0133099181986623	-0.0295865532964706	-0.00898927375232461	0.0351018922882562	0.0512549212886429	0.0370287036114339	0.0077537322811777	0.0397035816883724	0.0549848715356998	0.02790287847251	0.0220903840392682	0.0636660338325363	0.0259632525034051	0.151563416885799	0.0952086118110207	0.0874347707432115	0.11573466738475	0.018578360751978	0.115274420058751	0.101444832082699	0.105650639964053	0.0348309628016829	0.120864098111356	0.17590052596777	0.181122439852864	0.141927132357157	0.105620578742276	0.151701864296356	0.210262337190548	0.0474109123828381	0.0980787832934143	0.136808713311098	0.0827110594695233
MEplum	-0.253103317166801	-0.24783543907177	-0.179626257837428	-0.234489882836519	-0.249061381242592	-0.233405760014632	-0.233646863283318	-0.23015886895509	-0.251856681489407	-0.242846859267829	-0.0906525256912635	0.0255069562771276	-0.0172613280453727	-0.065821412623911	-0.0469336435397552	-0.0483504400137187	-0.0573281197937982	-0.0754829307172894	-0.0811729999467775	0.0224251288422969	0.0897043309731385	0.0275352118154587	0.00411020145400729	-0.0482278509262897	-0.0161563025989053	0.00995332409598584	0.00723047495905086	-0.00345942154488801	-0.00259392118029138	0.0725008490889067	0.183209234728602	0.0954697917660538	0.0720598256647045	0.102053955548195	0.0586549003713396	0.160312064525842	0.122255255698371	0.146986047936924	0.0879239341263539	0.124851169224078	0.188591065791905	0.157595568118654	0.115897345218491	0.118964291645865	0.21020665305917	0.200170745570714	0.098548826849188	0.0861108131439946	0.189989238172767	0.130655003120462
MEplum1	-0.240367977531261	-0.272646658446258	-0.165640198842077	-0.252275669636412	-0.260055419035317	-0.260113810360243	-0.231478378880225	-0.21333120188089	-0.269487965114799	-0.247086752916591	-0.097310963578851	-0.0640915521602174	0.00321430610340367	0.0344639126181035	0.0164483208750494	0.222982311549421	-0.0579169207548209	0.138134896785355	0.0320377321992754	-0.0600152267891234	-0.0143324655749373	-0.0423378101296405	0.0198150775689646	0.08853844817565	0.0988415423100123	-0.0899519192885581	0.224335261562937	-0.0114021850180416	-0.0152754928072373	0.00690152778941639	0.0947185196552509	0.0966637117377878	0.129625837403007	0.0801938315054001	0.046523004795783	0.0488156213053962	0.0750640368607437	0.0898897836729357	0.0911799276454407	0.026180426360692	0.0989585772981964	0.13310915345964	0.110490243910794	0.181616388540592	0.114553294489854	0.13957494922497	0.17143325928286	0.163219129730142	0.089121491563888	-0.00152595723546482
MEplum2	0.210443469421629	0.19664010619119	0.332347209239621	0.183902632585249	0.183762391644082	0.197314164855984	0.234949302764861	0.261843684458279	0.188943309526023	0.194712488123097	-0.183692463583213	-0.206689491992685	-0.203486131157255	-0.0701541491880734	-0.165081483515654	-0.224081655432801	-0.108077569596476	-0.20916544448078	-0.0967561180601328	-0.17716625649742	-0.140261306033645	-0.110818694129257	-0.0227901116985137	-0.0319566997232922	0.0289105407813213	-0.237287731904715	-0.147501195171953	-0.10970492743456	0.0141885619403701	-0.109760573042401	-0.0269666858027805	0.00965000802779591	0.0367981143974032	0.0139896226551076	0.0170511843875679	-0.0734564418683402	0.0161811075914997	-0.107759308081653	0.00426042671232711	-0.0268316639760292	-0.0156465668349099	0.0545479949670786	0.0808400113592852	0.115103182040222	0.0603786748294946	0.0195373747706572	-0.0162699074345775	0.123904825604416	0.0726218961092601	-0.0314597083427015
MEplum3	-0.252016502489037	-0.249160963620464	-0.172698777201817	-0.266275866619474	-0.280796345266895	-0.253169746556761	-0.229758431319895	-0.223665626312522	-0.259926398605234	-0.270758467043047	-0.0642306774881302	-0.024077635497548	0.0454155865394827	-0.0945440967207408	-0.0321045600332016	0.0525898760428107	0.0231548872602727	0.0301349383257907	-0.0907845998961523	0.041220768103664	0.0504867603551097	0.100967571977433	0.0489234677638788	0.00182260218299209	0.037419014464602	-0.0237922894804354	0.067826616159804	-0.0362203227196815	0.0594024412510844	0.0209379312859206	0.0645089263658821	0.0689484938567975	0.0145993575528106	0.146022884194041	-0.0184227821673824	0.199907323008931	0.0808710581590364	0.196005091567332	0.0856329970036555	0.16470814968495	0.158845623275431	0.141385473534328	0.0834470416500215	0.0486649140815816	0.157998737132619	0.179094806546211	0.121070457608343	0.0376292052601922	0.191216040235688	0.121545046607722
MEplum4	0.204718475504912	0.18602438936733	0.310163654163646	0.183608487552815	0.152114446994838	0.189950727966385	0.224461690769396	0.250692767251645	0.177289008522899	0.171573224469471	-0.213419168178384	-0.202070985034243	-0.17286563328351	-0.156877695246988	-0.224662883083918	-0.0705000161131211	0.131955714058651	0.0495552064308509	-0.199144218132132	-0.24997507908842	-0.207151706687187	-0.117244724145948	-0.00422486490010529	0.0309216915090338	-0.012325231386527	-0.156474468143943	-0.0788913268757934	-0.209537358271545	0.106870553606703	-0.157166210184535	-0.0391369453456612	-0.0612173481837402	-0.0650927728391093	0.107799555953455	-0.0772751140360685	0.042003218017591	-0.0477236865673302	0.0573270987667513	-0.0295796180311096	-0.0779975007270564	0.0128040462104723	-0.0094766886898792	0.0083700754336059	0.0853786342855135	-0.00278010072291035	0.0509719695137548	0.132707033822036	0.0345634603033197	-0.00461185650488867	-0.0544019300710242
MEpowderblue	-0.105317855634737	-0.117392007838143	-0.0518545339627806	-0.126387686989455	-0.116308315904711	-0.125408741032609	-0.108555066308022	-0.0951680360321896	-0.130596918306059	-0.13431244166957	-0.12562134817468	0.024168300312296	0.0165249324506863	-0.245317181975301	-0.0375985691108461	-0.0336425450211888	0.377584619211472	0.28438239395368	-0.159558752085947	-0.039938242056771	0.0094590894877661	-0.0693873128466158	0.132106097340558	0.11048354848439	0.240381024035775	0.241410296316719	-0.0450275059665044	-0.0775233436725268	0.337397753373618	-0.0646743329417856	-0.0602947108207629	-0.0870015030056184	-0.0573829063573357	0.270871959075396	-0.1574330278821	0.224315984065774	-0.0263818564021309	0.178885794366879	-0.0297622645287954	-0.0396341525496916	-0.0139498870553105	-0.00635873786897867	-0.195748566570126	0.101835249036006	0.0546511231000134	0.0604822637778108	-0.0105978812845199	-0.0632749994958453	0.0826051666821632	0.00986563628065623
MEpurple	-0.255257867754342	-0.269993771500617	-0.182300558459001	-0.260347113471969	-0.26271352864406	-0.255871216402911	-0.235126731603111	-0.23089074253559	-0.271599391532179	-0.260126179909971	-0.0898890607759124	-0.00915659184737155	-0.0110909489346124	-0.0475537783134009	-0.0227337090952396	0.00489509672455061	-0.0687115046340749	-0.0612394243200955	-0.0356720686041562	-0.00657628314153109	0.0539730205261228	0.038704129783197	0.0561986067372372	0.0538313303260366	0.0447265229328577	-0.0372701785400339	0.0835462331054846	0.0403497967859018	0.00365713207469733	0.0563510683004383	0.10778012788239	0.130774333870441	0.0822906433454589	0.119315391630895	0.133127821062909	0.0993564324702153	0.162156262044431	0.0867164967474617	0.0948083111515999	0.0642957109525831	0.138484178353399	0.170582980030216	0.147502981754037	0.144511469067821	0.179624766147385	0.213976742222389	0.0570745781584929	0.0870231928699948	0.14056784527696	0.0779174476845773
MEpurple2	-0.261816834865974	-0.273627087504863	-0.203809294926518	-0.269231483594541	-0.275516906070159	-0.265926612092645	-0.242620439635454	-0.243799654572707	-0.282898313516044	-0.25972581575473	-0.0368632824077424	0.0201974190517553	0.0119817489563542	-0.00784596125431888	-0.0199470659416305	0.133249370535551	-0.0311998951516288	0.0598065577398163	-0.0586061967253609	0.0190900708072161	0.0436803102559036	0.0491531592363505	0.0399917477747307	-0.0064385360672874	0.0297221261041311	0.0347722708673681	0.130456781535782	0.0390877820166243	0.00993391124584439	0.0402727915060864	0.107340624578324	0.0265662378912624	0.0397159203209033	0.111909894998982	0.0547189581502333	0.127739837940115	0.137012907498373	0.116871066589926	0.0797704007548374	0.131243169477767	0.133568990220153	0.102080872420587	-0.000365726655786456	0.156898427225874	0.154393034720045	0.229868384073229	0.0494520491580433	0.12693921561925	0.146313825459507	0.0464392420064614
MEred	0.203651278988404	0.117195085140355	0.262868256843079	0.162293206387966	0.231017251441869	0.159768148913965	0.219136371345644	0.244196065858429	0.15413029882147	0.236422739927925	-0.215207334108991	-0.116603484581565	-0.168461055168951	-0.0780447409357758	-0.227245807311298	-0.2001747370396	-0.154340390495213	-0.22868771800391	-0.165524276316521	-0.208871173906629	-0.126665437423072	-0.108722146122135	-0.105713186560318	-0.105436164169984	-0.0985763051262297	-0.0246932079010175	-0.141044570682057	-0.216050374941881	-0.0303339504010948	-0.110777955766886	-0.014256565875559	-0.00398766810615603	0.00988907902243092	0.0160236852982374	-0.045750659646174	-0.0443348516987559	0.00229126468389258	-0.00689182193313794	0.0289345756556062	-0.0427698408914512	0.0924574855488775	0.0697464828129312	0.0710850465103326	0.140709863512608	0.11709229104139	0.136320499707654	0.108246781519631	0.131334438499722	0.0410191486671415	0.0333360789648034
MEred1	-0.257324394418067	-0.293365647923111	-0.198898396902433	-0.226955047287841	-0.243357726710502	-0.25818675463134	-0.215433982747568	-0.226183730425547	-0.268761995221955	-0.251951170016227	-0.0453172106823079	0.0386039687447218	-0.0131127510483307	-0.0663342384517723	-0.0710038606388596	0.124853623906366	-0.00322689931859292	0.064223517637663	-0.139947678486092	0.0527126951812726	0.078081131921445	0.0097059738962998	0.092767056970521	-0.0468995921056854	0.0141254998222975	0.183545378274372	0.12099566812678	0.00150418793135312	0.0441792327824692	0.0445632109235223	0.0226904784997005	0.0809222392711667	0.0468117617465899	0.155374915739525	0.0226312055604604	0.119752233650492	0.140875839414517	0.102077334528233	-0.00376350596912521	0.116448162879172	0.0816196108540559	0.149916878902385	0.0332497470265663	0.0998245576308775	0.169322570800195	0.254856284551365	0.0352907051571782	0.0295197586535862	0.144686529105104	0.154292622895104
MEred2	-0.237203047222487	-0.298595991072066	-0.181118698087207	-0.259940001517619	-0.228417244205495	-0.245090600738622	-0.226887618767854	-0.209612095698032	-0.264847054305411	-0.239233395220788	-0.0657130933140102	0.159992965124347	0.145926710589534	-0.0381619269754105	0.0387395449980444	0.0938303712495709	-0.0908534708999325	0.0396580273523701	0.120675608106384	-0.0339952027507101	-0.0330282754024327	-0.039193039492462	0.101193233586598	0.0605366569191591	0.0102623478580335	0.0755757376637497	0.0950253509832839	0.0275260035835234	-0.118638691116621	0.0554313193417903	0.000962917284270307	0.0271759775073499	0.0582222135085262	0.105839263378926	-0.0729275992058012	0.17050359625764	0.0505600625142828	0.158274392276265	0.0645814109781275	-0.00260873591028164	0.186283585108702	0.0818715471169098	0.023097423798651	0.10900564499495	0.0210423751044909	0.149244928045582	0.219095361645571	0.166672636166443	0.209762576888913	0.0594959919712548
MEred3	-0.135592652175431	-0.154475685850186	0.0266454350816943	-0.165401775167894	-0.174462690161254	-0.150453357473579	-0.0827067135827752	-0.0538828256217955	-0.17372594312161	-0.167951511953514	-0.230470938315653	-0.154754561358949	-0.213531971157797	-0.00804910934130388	-0.159016424228611	0.00807221923203472	0.00499167888066322	-0.0204167038696573	-0.209012625791618	-0.208302839692768	-0.129829932012901	-0.100820473917846	0.0716496043129724	0.073747912902146	0.155932938603135	-0.198794407162152	0.0845755673887887	-0.158126133227348	0.115753235903887	-0.0465107167254389	0.0933485636784582	0.131109334197063	0.212389411251063	0.147604269408903	0.148372840408717	-0.0370546344806333	0.141500373880088	0.0616416393907515	0.0634939885369586	0.0181871858388145	0.109365088142892	0.120439245883525	0.253931641772596	0.188876764348684	0.15606474781779	0.195482730850135	0.229343040984471	0.152857112204311	0.0911473666626752	0.0768206888274978
MEred4	-0.0173622692788695	-0.0438807396128138	-0.000194805978676214	-0.023131307106314	-0.0530873335382731	-0.0613381488829198	0.0128659596379128	-0.018752030660863	-0.0183390038651085	-0.0292549786008463	0.0252940450628485	0.0385321368978276	0.101729764764227	-0.227491826828921	-0.218044194014087	-0.16080310735354	-0.0935715932694495	-0.132697332476187	-0.0475078554067195	0.144226928822392	0.132047584510533	0.131183382459283	0.0255746962944833	-0.137929917643046	-0.155438367383873	0.449244283895243	-0.151591724366386	-0.0352322190920838	-0.162362515086917	-0.0707829732710447	-0.116562682581541	-0.0933867761751614	-0.039327964097477	-0.0506444885065834	-0.173230559613936	0.123013500157423	-0.0429749408055355	0.0502289267745947	0.134378718913614	0.171738059768869	0.020229636514267	0.0567074116023751	-0.0738663074882811	0.118633648093037	0.190844654474718	0.19642527496853	-0.204166953157866	-0.0808429800929292	0.374510903746943	0.236388378877127
MErosybrown	-0.150877087782711	-0.170152383813537	-0.109598375484968	-0.184703620002016	-0.164295846997759	-0.162506223484664	-0.14162523658104	-0.153347335870095	-0.17280400369766	-0.184028812979458	-0.153973867618272	-0.0366018551204138	-0.107895895493103	-0.16215324247415	-0.0130499248298322	-0.0961185584926564	0.343332239915669	0.287120782787608	-0.0843717818752231	0.000786406740396359	-0.0494550419579585	-0.0310749702223737	0.220545926562046	0.141585416165767	0.247046468119092	0.186921452102767	-0.0713879216437672	-0.0161523375477049	0.305858266432314	-0.0448978997064925	-0.0176286881456088	-0.0052315655932157	-0.0187726918947084	0.275020165496362	-0.0570183688952774	0.232067028878962	0.01716434709996	0.197312705415598	-0.00882341220148523	0.00618718332257995	0.0358985701443291	0.0263595056252265	-0.0519499431035451	0.0531580515628452	0.017934812602348	0.0744340184122597	-0.0735058029938802	0.0208283648735683	0.0201524356072053	-0.0157114513633259
MErosybrown1	-0.218782833457898	-0.258632244282803	-0.167686645842946	-0.244875205559676	-0.243342442090242	-0.22906249208235	-0.23145497292854	-0.230840336115557	-0.263849878176551	-0.270370326957261	0.191727092493112	-0.0259111712687083	-0.00101853535439646	-0.073497420328163	-0.00146068439837693	-0.0270423153058933	-0.0672425405956632	-0.0738146248436182	-0.0268371519614633	0.0168696403253205	0.0228848358450093	0.184050767703412	0.0855335326143041	0.00253632544026016	0.0274629864318159	0.0137035391941401	-0.0279823517014171	0.0778038690394566	0.0135558354010688	0.00961562253778518	0.0205648139225251	0.0378203085744776	0.0479515531578723	0.14262673394471	-0.037925588432228	0.0655667117711275	0.0249108963271957	0.0461420541129857	0.207747784007947	0.272146408259886	0.112024884747862	0.140189589361324	0.0849853246343711	0.056430045249412	0.121717309723915	0.134912849620214	0.0508704247888358	0.103351199068031	0.274005892595354	0.131920930790021
MErosybrown2	-0.224574305706206	-0.226732758321698	-0.0960748401987607	-0.229387659584653	-0.267884410017924	-0.259076392119513	-0.202902738788801	-0.1746631710831	-0.293305333416008	-0.238622434347899	-0.0715217474900175	-0.0215256283619052	-0.060767440314628	0.024576536019593	-0.0469665740448361	-0.129164298063481	-0.00876331099303299	-0.121698472029483	-0.0393524316116007	-0.13817207771726	0.0132733490322762	-0.0232769417781549	0.0698555958477156	0.0927057580359193	0.0908849114883507	-0.0745625844584603	-0.00845509489120796	-0.0249396282957374	0.12261896936062	0.0304272125502443	0.109438400424837	0.10387215612411	0.0646637662211428	0.17379867514533	0.166543866761491	0.0539727929186659	0.152261440910785	0.0786127249708619	0.0812274347067317	0.0509432544570598	0.11789777212769	0.135385674594087	0.166184336999363	0.168118603308828	0.182205364779203	0.160761415550147	0.100760369095221	0.255215013376601	0.136851430942	0.0793334478854933
MErosybrown3	-0.245263467030859	-0.249311577006872	-0.154984069452271	-0.244447093898104	-0.229302652465749	-0.258183923187788	-0.235926861118288	-0.223527461027657	-0.24004374575367	-0.254059817058011	-0.0796127095975317	0.0363457468500914	0.00195185855333136	-0.0893124394338563	-0.0640684672853809	0.0834778231471341	-0.0840830030345937	-0.0100025107279403	-0.0844839676146408	0.0149495377675578	0.066050026068659	0.0221709510190098	0.00503120191869035	-0.0171962394405023	-0.0169418630338165	-0.0307056542525001	0.0579028226064557	0.0582822027855691	-0.0267297120406144	0.0269085201252263	0.15442816480585	0.093267806272513	0.098253989158376	0.0404621090925539	-0.0362556625656903	0.0760754216593806	0.130150589308838	0.105557781815522	0.100420736548239	0.0855042905180727	0.14768175229149	0.224576497653795	0.147933840033598	0.140337071949343	0.204194241628852	0.271804181511979	0.144361676081762	0.0745098652731425	0.178662418679039	0.0831897719022663
MErosybrown4	-0.177477549307991	-0.213909503991269	-0.0619056083390979	-0.245546765218204	-0.237338363999354	-0.194032882925288	-0.167830272679469	-0.148267691463216	-0.230737873352034	-0.222783866806641	-0.107696297332478	-0.0973408628256484	-0.037668527267027	0.0394569339224616	-0.0203201579438668	0.22053920930816	-0.148183029959972	0.0701813120827463	0.0183517595431897	-0.101341865629994	-0.0316750357068769	-0.0717953043421688	0.00188960883931417	0.164925078348588	0.215097233889687	-0.23010423753757	0.23222585454615	-0.0552969469803668	-0.0794587198477399	0.00934488917000577	0.0934433395527886	0.166167295738964	0.209712920038618	0.0168863063368378	0.102543944561956	-0.00230213620554286	0.0618901855933999	0.0805338551276371	0.0829636034867915	-0.046454178578342	0.0830866071534516	0.0974563248157427	0.108896484943783	0.248556103423654	0.100173754573754	0.0847754346167892	0.219057135566323	0.198006002798961	0.00934599932013429	-0.00603949905973055
MEroyalblue	0.21128391764694	0.18058955926227	0.302170850948621	0.181762856445004	0.215278446125327	0.20372072508713	0.230297531315605	0.253713397750748	0.183973800519499	0.224432875627427	-0.229692148875628	-0.131500820611682	-0.190594139730324	-0.0657189777191734	-0.18256671825839	-0.201493077838057	-0.221113843252362	-0.251132860916131	-0.111630678051894	-0.173296234066213	0.033984349481832	-0.0923048471574391	-0.040013774241293	-0.0883297150716084	-0.00305576722766671	-0.169547154018763	-0.0986088895761484	-0.0277561832482606	-0.0904322345077596	-0.0576082410217079	0.0494245551490104	0.0763590005812984	0.0457945280707267	0.0301916702622844	0.0021965751309802	-0.0587131517680103	-0.000728857756456181	-0.099193216548528	-0.0337989826784534	-0.100187184558706	0.060899880481359	0.0369166950691588	0.150410941647998	0.120954899676485	0.0263164877498641	0.0456430727718722	-0.0922355967535025	0.0491826887576864	-0.0146202657246924	-0.0896257443802765
MEroyalblue1	-0.233037277020101	-0.203485964502455	-0.152626449246215	-0.23694417199958	-0.244099672084406	-0.214868005119534	-0.264020007639337	-0.242299792325975	-0.262193046592713	-0.2488839682574	0.0531771749511924	0.0502486995893855	-0.114103325984319	0.0251863099865214	0.0355561629386369	-0.0778411270214442	-0.0918655947249675	-0.108920816163738	8.21602379657022e-05	0.0140116999518176	0.0367276367807085	-0.0716727883010752	0.0106938025401252	0.0419492847224439	0.0466249869140014	0.163353016934239	0.0442152412403623	0.0431197247254102	0.00430507823041675	-0.0419656847732444	0.0790685640871703	0.0723329760403426	0.245946102958663	0.0306016899681397	0.182011990827657	-0.0123178033025649	0.180448392389191	0.0455927461105692	0.174870344918419	-0.0288446659607039	0.0652412914134748	0.166146962929472	0.09631264316314	0.228482591560824	0.216268360694191	0.147332066521307	0.112977021954984	0.13333245240933	0.06535836676203	0.0384146165676434
MEroyalblue2	-0.254649248754182	-0.251022643018114	-0.223457466741801	-0.257567563551467	-0.266127901316065	-0.26510837991742	-0.246615062807309	-0.257608830573014	-0.253709608814876	-0.243464560291259	-0.0594778792850235	0.0566007113387691	0.108157714373436	-0.103861779509316	0.0413894174870845	0.199657863790017	-0.0598011138334041	0.12127780900714	-0.0532025324687637	0.0713906705772414	0.0550140833856282	0.0229847028125403	0.0572186146196847	0.0125496951851466	-0.00100746215780394	0.00327100364600405	0.184093098355562	0.0378423803408677	-0.0274151684143311	0.0654418465843461	0.0112203284235507	0.11714277843022	0.0684069774385905	0.0991382440951209	-0.0615757839698345	0.127197940507987	0.00322088545129086	0.134470891083288	0.133877726605266	0.0457335207993933	0.128182496513268	0.139305382799852	0.0820417668633924	0.168242603099351	0.142174179856936	0.0782348871893661	0.116843197487039	0.0639906876666063	0.105836683906393	0.0835221957036056
MEroyalblue3	-0.0381751420619122	0.0112620121428981	0.0618773999555996	-0.0247802000760331	0.0204860020461432	-0.0507997094616621	0.038240623978235	0.0241553106230418	-0.0266736478849481	0.0106017896155893	-0.167461765909354	0.104392706013108	-0.186987108392087	0.223427909234449	-0.101470760996161	-0.343561360979898	0.133453256028462	-0.223313094676757	-0.15211880413287	-0.199747345130038	0.00800126399882122	-0.238933333662107	0.106644938084096	0.163569941580518	0.05646536582817	0.0419818375725502	-0.136207743957779	0.067344691714432	0.278435321154354	0.0356561009403602	0.272990086864165	0.103441432115793	-0.00650792226950599	0.16141566857869	0.240241064019858	-0.216486719552135	0.121376106290459	-0.119639731534177	-0.126785752246329	-0.161262263450326	0.0924419662184934	0.0951141522537867	0.196686122479269	0.13395637234142	-0.00394053619295949	-0.0654028268289272	-0.0712010494402393	-0.0253914336625924	-0.170276815331757	0.0534656261577912
MEroyalblue4	-0.233237869991427	-0.226263627628079	-0.221922559035049	-0.248412153099155	-0.292200552490648	-0.245578769818879	-0.271379056671287	-0.220176737634283	-0.245673478057248	-0.244162902633804	0.0725992195177514	-0.0771558181367637	-0.0638756549728252	0.163245916520849	0.0436234788433195	-0.0548398302992554	-0.0260947380744976	-0.0380657945209022	0.021060463483644	0.0208705471519338	0.0809075517173017	0.0428268636459923	0.0156058677973882	0.148582322422469	0.0762191870596479	-0.0912693243668342	-0.0231419005878397	0.090173192198494	0.0232969025485108	0.00502924194291022	0.0105694132454687	0.0782794136609655	0.0772958746319679	0.150029957578198	0.0394666627317025	-0.00504005815311105	0.0751537006153522	-0.0290870499063594	0.129963394204923	0.166439744916501	0.101294523752258	0.179780154577942	0.155949616342985	0.129104781676114	0.15023742402076	0.137951701580361	0.00835891649481114	0.189842872889738	0.18959167472493	0.0842272935830567
MEsaddlebrown	-0.261143876384688	-0.295322306223816	-0.189294443584137	-0.260271529632382	-0.262046170975327	-0.244527609947867	-0.243904866795	-0.220818873138642	-0.266487188949004	-0.275242629053765	0.0239948687388757	-0.0173332657963883	0.0598340350466574	0.0258300187720364	-0.00977281581655363	0.0659835718787675	-0.105249096566445	-0.03577667698075	0.168166971389762	0.000620903998148153	0.0500297520027888	-0.0383079540135781	0.118020438433179	0.102396633824656	0.088462524806335	0.0133537339490438	0.057357122707337	0.0767511291276309	0.0111084742015001	0.0653331957145405	0.0161774010596	0.142122699113903	0.207842821272672	0.0979726770811201	0.0386676547398239	0.00252134150555139	0.0467479189962501	0.0178292046551185	0.134276415515761	-0.0313605875499958	0.0799825720437095	0.117156859100792	0.162362048138415	0.18029263175417	0.155765940413	0.117855243719758	0.0512392200456264	0.175080259344303	0.101960483687627	-0.0162368753701203
MEsalmon	-0.243183908828178	-0.261094375871312	-0.133881971466031	-0.255047976464318	-0.278845143525977	-0.247800164138087	-0.198448381615697	-0.189469969801839	-0.261119280613134	-0.264294143743902	-0.110184774371774	-0.0277131640704749	-0.0347353506167701	0.0224217233422964	-0.0549447683787829	-0.0768791413628079	-0.0315298183317624	-0.0808868159341836	-0.0217859037734254	-0.0821946955469226	0.0225927279098902	0.0268037263802125	0.0510536281465973	0.00787151721988654	0.0046622128630692	0.0188399749610514	-0.01890602009396	-0.0169078982279066	0.0663474655571871	0.0210252651056734	0.135460875280335	0.089816982098375	0.121473933173236	0.157082892076464	0.0491848321368701	0.0957596856000062	0.121514124780219	0.109503819357576	0.091071931443551	0.0957847721851103	0.158002936100024	0.153536837235724	0.190460451286787	0.0988333404985063	0.194058339734134	0.237950859747563	0.105032053282476	0.152577680635145	0.176817663373792	0.114311415265488
MEsalmon1	-0.2683706784971	-0.263241547440113	-0.198311306259044	-0.2488878072778	-0.258235151367618	-0.244627530652853	-0.229473141643387	-0.236333331025492	-0.268072568011269	-0.260370123003602	-0.0543776000748911	0.0808848148988518	0.0918954645110704	-0.0880943502687029	-0.00713246098954669	0.134401480471926	-0.083115608869971	0.054967357890347	-0.0413922445909095	0.0710158902431867	0.0249541838106639	0.0250845927277499	0.0182209279790744	-0.00239609065322305	-0.0378800591070545	0.129969552235386	0.101612784673779	-0.0237958381027507	-0.00959486886002863	0.0434349093614529	0.103633081815453	0.0649576268956633	0.0119671737450026	0.019195286330099	-0.0537902725054494	0.149395454995748	0.0367474919170071	0.166731416666569	0.0865697564062009	0.0801053556721898	0.176292218502416	0.14102638749031	0.0515521760206011	0.14172699088492	0.153018483827509	0.152354090327022	0.168970288710952	0.0788649814061755	0.155447008443189	0.16249535034029
MEsalmon2	-0.213566216519202	-0.238281257292882	-0.130565705987681	-0.238858398295527	-0.237580020975236	-0.223903312373452	-0.194245255370298	-0.181653640677891	-0.241747917249389	-0.230552378598289	-0.0723193219302388	-0.0281338155946259	-0.0415424033469987	-0.00898575143550794	-0.0679107873497709	-0.0184688742127711	0.300026778988939	0.203050092371951	-0.106012748356583	-0.0790522818032926	-0.0156246760968395	-0.0717378361722663	0.19603264483917	0.14905055491737	0.181925369092295	0.173066491896625	0.019138473468789	-0.0734244625355979	0.258171127055091	-0.0424247794661747	0.0227587671642267	0.0200329883654297	0.0347303676304932	0.302392762241703	0.0287631300794232	0.0418710628327555	0.0351647966302759	0.0633064632771266	0.0145697689861186	-0.0334668991142179	0.0402402217433307	0.0676285327610695	0.0835951402741119	0.148218798058774	0.0859368352230782	0.0940398367066771	0.0841171433586402	0.0823538510841558	0.0250931905922193	0.0347835511148936
MEsalmon3	-0.242267807922805	-0.253514976698928	-0.164912351743745	-0.26203602753699	-0.253621983828848	-0.22939031776222	-0.215252458893982	-0.216381279765638	-0.270242178309071	-0.244501932578636	-0.0670160431997483	-0.0629911092868933	-0.00024246797128036	-0.0216386212116573	-0.00846143794928095	0.0364155281343136	0.0284792884637654	0.0255322846753622	-0.0489853837045027	-0.0616055939689119	-0.0411385519518206	-0.0741340320560435	0.129021595152939	0.133337314642204	0.0791965804664907	-0.0596023998598872	0.132168682590806	0.0362596902794285	0.166779910563302	0.0436810780132622	0.00912073799489779	0.0588675937063972	0.0960128824084741	0.143425502693834	0.218946608525407	0.105971357592458	0.210408204667391	0.107328414067824	0.0111175722424908	-0.0192122545185126	0.0230233049968971	0.101641346462082	0.0859397501484219	0.276755986717468	0.0932550194503416	0.168574870430328	0.1232622848105	0.154347198532482	0.0234859805707795	-0.00520735828094833
MEsalmon4	-0.222186925508834	-0.245112853803756	-0.147762594331503	-0.252805127122162	-0.247188904636589	-0.224651084516658	-0.209565155137218	-0.209667230569724	-0.254818238548479	-0.239418222076376	-0.0678224001445279	0.024484695670174	0.0557139556295822	-0.0143534062794501	-0.0378819116083728	-0.0280694967296337	-0.11566853485509	-0.111312708842475	-0.0514032301754469	-0.0199147142030596	0.0259310045024644	-0.0141631226845885	-0.0142019250482131	-0.0572716861279181	-0.0478778263436646	0.150235940238939	0.00654256421963249	-0.0672412250338261	-0.0371774669295233	0.00330857042351632	0.107277071881997	0.0878632774432434	0.0769120285848854	0.0929393305568685	0.0623523675508692	0.0676948123613716	0.135706467736581	0.0846318014920514	0.164451044923368	0.103664325413677	0.159436332251935	0.20566453605191	0.099701463672488	0.130107966268207	0.205394486616307	0.253935647479645	0.151340521071644	0.139521497237107	0.185726395310367	0.156997886668261
MEseagreen4	0.196474748919464	0.176387275470064	0.289029123703321	0.169856638135638	0.160313190498612	0.18957567205905	0.221308393940204	0.23629804792871	0.171167175974116	0.174285311878462	-0.0890106375780726	-0.150225768715669	-0.173057889695168	-0.19406322906517	-0.0191508666170135	-0.151484186364676	-0.163877773188692	-0.211579220816119	-0.208522012201828	-0.0286575023238153	-0.161474783198864	-0.162862891925001	-0.155393970825095	-0.113108746103957	-0.216523866272683	-0.0905806300161013	0.0393159207310971	-0.0975045577847367	-0.087005871798429	-0.0077070560558535	-0.0337774498205351	-0.0079860981253266	-0.0604835365162935	-0.0779410292922326	0.165906275190261	0.0726093621529141	0.182036965351856	0.0466536301103869	-0.058282094994147	0.123629568089844	0.00127742355658081	-0.048231790991405	-0.0704082224424446	0.0180582968525008	0.0307076861382761	0.212473357048221	-0.042319270727775	-0.0892773030915328	-0.0665562181706278	0.159690410989684
MEseashell	-0.210821173586465	-0.239869964967149	-0.185221947787553	-0.251778791387104	-0.245670448503872	-0.235603847515906	-0.232655692106221	-0.214616736053395	-0.250671117789663	-0.238564726699588	-0.0421702855866701	-0.068218954785382	-0.0134943364714732	-0.139943051321261	-0.0178073155402107	0.0430412023816871	-0.0210324520118339	-0.0194454608949705	-0.0700658732404065	-0.0202469455621594	0.00160159417448625	0.115433006555302	0.0313058087194716	0.0592599030750444	0.0741555012309709	-0.0690193125792864	0.0177865975934411	0.0265298434532263	0.0115921609109888	0.0148270538901349	0.129869714884547	0.0880999618320503	0.117816184671793	0.104759060257228	-0.0142699755539213	0.0393958928989721	0.133322955299641	0.0582582918226445	0.11913253085899	0.168645643585848	0.161096475464481	0.230503797717811	0.0602122989180767	0.131462937789768	0.220583497486071	0.266463726741087	0.0980951053668237	-0.0115214338954575	0.229019776710124	0.060439319549235
MEseashell1	-0.244892287063171	-0.258347235539248	-0.137617527011241	-0.259634568836793	-0.279674228498495	-0.213688048814729	-0.207019992001223	-0.211524568629829	-0.26929386810295	-0.269484401458989	-0.0825942025791531	-0.0238514572876696	-0.0366475711568952	0.0442877350277754	-0.0185822913461743	-0.0357460939899689	-0.108841288434668	-0.0963241409514682	0.0961579327846835	-0.0225291090549554	0.03619050551427	-0.00614477227204159	0.075531190235437	0.0589812590398354	0.0922278414142919	-0.0931668659764513	0.0143064171936937	0.0194858404284125	0.0108196749362608	0.0366830509970179	0.107923707246646	0.128691454596098	0.107088197844098	0.146150029026971	0.0691754391071599	0.000959152309991019	0.093593396712632	0.00674760204697049	0.062083342628818	0.0695284006463793	0.156629793602527	0.15871060233309	0.204495710742629	0.223152807849205	0.144243206902988	0.187533644142654	0.091607087196624	0.192427614544594	0.155150887034762	0.0850409949195984
MEseashell2	0.193252091615002	0.147737624800558	0.289683081962773	0.152855254649603	0.138235373412206	0.169856594234042	0.20475275736457	0.23140705948924	0.147853585177579	0.154302814597657	-0.224166429849323	-0.170605019681933	-0.17863950758584	-0.133688938867393	-0.139743307275668	0.0891568462997039	-0.137775361182712	-0.0124242512745066	-0.217248188472995	-0.187432448645442	-0.199232048260964	-0.142090355630571	-0.027532743942868	0.0395139127329181	0.10065717022965	-0.284314175657086	0.0896584699909621	-0.133372439341663	-0.00976080272174418	-0.00700369750626463	-0.0645847037424585	0.132677442701276	0.113142882527835	-0.016940247790052	-0.0062043902715908	-0.202719792245603	-0.0485577327304976	-0.0560178664052656	-0.0340611774670937	-0.135256338521973	0.00616819650051419	0.0178868191534934	0.0522352627109762	0.230215011119361	0.0043795167326595	-0.004614591250035	0.179930191584108	0.0581081641932733	-0.0844137335212165	-0.085265833937201
MEseashell3	-0.142080066181116	-0.218467985275449	-0.0988131942716093	-0.16024673399738	-0.174366856618051	-0.165455493663039	-0.141013853558344	-0.139347675793494	-0.213648356834266	-0.175727200761523	-0.117639568572037	-0.0820123430648718	-0.0336603088224894	-0.0182764887458625	-0.0500863282966974	-0.0461994860440191	0.235058718393706	0.179669694546746	-0.0568535080719688	-0.229109691791719	-0.0556717687952117	-0.0933003613362164	0.152179073829055	0.110813570065569	0.162244433054151	0.222837467830248	-0.0393027665759623	-0.117359444012724	0.337766060287739	-0.162238382264655	-0.0313307214234444	0.0186830089597574	0.015668838038851	0.303256855683472	-0.0668318116150489	0.125143312548184	-0.038763296487255	0.171572613422789	0.102017174395423	-0.00381995494933462	-0.0639968701187994	0.000109788341915441	-0.0152837262811294	0.152738741181669	0.17049509715552	0.0772195397485967	0.189777041593662	0.122388943579653	0.0631399275011057	0.0381243440659043
MEseashell4	-0.222067863154217	-0.237677032685056	-0.147073006151948	-0.233188565697777	-0.262664204932282	-0.228989368428644	-0.193218845054928	-0.196727545425359	-0.243755966394461	-0.25368161835779	-0.168802359760749	0.0319615401753628	0.010174764133056	-0.052956531833142	-0.0690216020022181	0.00408726812401678	-0.111290613565022	-0.0743552492793312	-0.0817215241848583	-0.00895200859786946	0.105780634602086	-0.0210365533774608	-0.00664335820007412	-0.00880655478623871	-0.0520942472466458	0.159650191427287	0.0690196761576398	-0.0078519906553737	-0.00677088845202505	0.0333730072419515	0.146973140815676	0.120120976437788	0.0319362601913721	0.076760054227466	0.136312035844795	0.102820024137126	0.153027614091527	0.0832608248277228	0.115774848838018	0.0364815415636783	0.165511753110075	0.129745725523965	0.175333544950765	0.277093647836868	0.196492229723899	0.224042820591972	0.0507834317413161	0.0859301534876753	0.0221744244470295	0.144725363973338
MEsienna	-0.0321025187286091	-0.118513092670927	-0.0765762640375222	-0.110024425944949	-0.0478051950406545	-0.0601123635263606	-0.0950410211032223	-0.0233258902935163	-0.134165375176383	-0.0505398757478752	-0.0725863168580693	-0.0984725109043129	0.0781302780995062	-0.0753493236521652	0.0169839648671442	-0.163483987399446	-0.307600376717516	-0.250495760997386	0.057669268706387	0.11688288858936	0.149930840031088	0.165549477233998	-0.0354730778877008	-0.0651175603503218	-0.106773445603215	-0.120816390713887	-0.172415218201963	-0.0241789307595306	-0.25394015795754	0.0942720732869359	0.00027937455939857	0.105907337521707	-0.0803468904202463	-0.0891292773828983	-0.108396857773333	0.21063041784731	-0.185618095378711	0.179691031532286	0.101042359013899	0.139037033647081	0.218211926872787	0.14998485479363	0.0292607771308425	0.117741927087793	0.209038041894825	0.023225171743231	0.0406671798565935	0.251813408573766	0.349630708681317	0.152819859657376
MEsienna1	0.208030211183881	0.196054268328077	0.316915223845377	0.179268247123269	0.198289039268684	0.205957194538783	0.23573322738958	0.257574513375695	0.195278677981381	0.202395906952832	-0.234132975292874	-0.169496097570371	-0.147534684491208	-0.193400500893199	-0.204818870356349	-0.145479839717027	-0.0819287818222073	-0.139149234257303	-0.175032975798075	-0.15937453123957	-0.159366038704601	-0.106789488026649	-0.0826756719325998	-0.155212232920155	-0.0715474025859718	-0.029728556794491	-0.0908355164834924	-0.164809449539939	-0.0187629252470844	-0.165663905943539	-0.0442681538236844	-0.0582601884389039	0.0228529179474445	-0.0161523744144346	-0.0395229857886565	0.038772057700037	0.0585745600925282	0.0580303841375412	-0.0342119951070175	-0.0509981766337097	0.0138683882267226	0.0261554456554201	0.0310155504687396	0.011298863509636	0.0557026567289346	0.17378600988591	0.100369324277203	0.0861993771592227	0.0740509494179851	-0.00701944137177166
MEsienna2	0.180145218782568	0.137852561068964	0.230009289758249	0.157045261134316	0.156721155453132	0.165878778622813	0.19732475840197	0.208583488414861	0.152953262485316	0.175845814787701	-0.181690321245208	-0.0578663868200832	-0.0204083615328495	-0.0852450292692619	-0.0898935152527505	0.0165245451130256	0.113844360661072	0.0564814349951125	-0.185379012433426	-0.236887156352525	-0.2081157736202	-0.255728481946045	0.149551632258905	0.0582272352922861	0.0820915371918345	0.0892549404899952	0.0700929510898332	-0.146893461341409	0.0801962631633336	-0.136231744173525	-0.119460780663112	-0.0870982396722742	-0.0682137220993752	0.0741985574096714	-0.0279694162746779	-0.172054881878887	-0.0573869552893396	-0.0932889126404751	-0.0721561306718954	-0.211873710153489	-0.0865159064378739	0.00751111491766899	-0.137087305643463	0.325147978665383	0.0293744728973757	-0.0816541814960433	0.135678771194575	0.0391953206093839	-0.165424947650009	-0.105206370301146
MEsienna3	-0.108332629905839	-0.141653931940113	0.0712378382200523	-0.120579517501438	-0.116001159625171	-0.124171021339312	-0.0513028432098286	-0.0276356029751944	-0.125606175749088	-0.109360249065034	-0.228122857040628	-0.158268299499146	-0.193608592705271	0.0774644587936134	-0.190782923243511	-0.231852249402455	0.0190901462180711	-0.109845801199687	-0.132835914063082	-0.292391786320098	-0.144244225972968	-0.11836019743153	0.0609035091216471	0.0557604824097605	0.0844575660041063	0.00203354402721687	-0.102246204689042	-0.132812132575474	0.139126751128057	-0.105715095175723	0.0771309994866069	0.103148914708479	0.170315303095427	0.18402722413303	0.0992265321246653	-0.0151119875043291	0.11174536913404	0.0524667127734121	0.137967034910284	-0.032950559638801	0.131468243254526	0.107524461419633	0.219235241886867	0.226934310359618	0.176548322415032	0.150540019793212	0.223500116461809	0.296424116441046	0.087060131510142	0.0484546079424097
MEsienna4	0.216282472140433	0.187846849832437	0.298590643033843	0.185581785878861	0.153758215540499	0.200827795240184	0.234837733057912	0.247984219872732	0.187122729090534	0.178800086416103	-0.0650683230112066	-0.25040327387316	-0.0722989000681914	-0.166817827608414	-0.15740847099161	-0.275068782088781	-0.113033294979105	-0.2350428493688	-0.0220654959877232	-0.0826000897696227	-0.035061931248709	0.0278920767860121	-0.049913081977096	-0.0743893345416324	-0.0451949488481332	-0.143518192936463	-0.296208568409286	-0.078582470150599	-0.0318049593274648	-0.0813239021080653	-0.0909158112060946	-0.068768876344313	-0.0690919341868518	-0.0109709055351073	-0.152833169143247	-0.0129289950898324	-0.107126310044433	-0.0364655219785606	0.119080020961924	0.0792587222297477	0.0358823888164138	0.0202720763786704	-0.02215455169505	0.0259694545534131	0.0154312196988543	0.0660898182729505	0.00597868954806074	0.0785943462579949	0.207279668611841	0.0736997602981318
MEskyblue	-0.222176730146437	-0.303932833434913	-0.223370509218373	-0.233636938218888	-0.221450521105256	-0.245892713651523	-0.215471657830905	-0.214399332335855	-0.259111979936482	-0.228014362487653	0.00344758447313234	0.105199081188149	0.0905254539817143	-0.0646511772186281	-0.0577979462824749	0.132972455530974	-0.0501110113241781	0.0500999766572933	-0.141528699727798	0.0428365221084058	0.0688984612067232	-0.0976377039035882	0.0987653037178038	-0.0504280762505829	-0.0275130403979072	0.238997799530719	0.124188556802213	-0.011227479590125	0.119285380267526	0.0451093912226333	0.00428827389313088	0.100052321007476	0.0268071058970244	0.107268801309377	0.0197845606913651	0.0266263206486826	0.0523976527914059	0.0403967437311424	0.0408221700931242	-0.00717245927903215	0.109759526064768	0.162866556179536	0.0172244697745747	0.211134388007305	0.184400130322458	0.137474042314926	0.0930483037741261	0.166481223132735	0.0543838380953499	0.199982777924804
MEskyblue1	-0.23219637515751	-0.251780059817317	-0.103181856005076	-0.248070601528172	-0.260460750602327	-0.243964675569192	-0.191915346136366	-0.18409293296208	-0.253630446227674	-0.253584934683618	-0.142487211335766	-0.0495313945705324	-0.0740239071061718	0.0105712588694297	-0.0562940140910205	0.110239535353611	-0.0304165079695436	0.038864367007804	-0.0574186061334072	-0.133710533360534	-0.0262667658491912	-0.0493056977764284	0.0745055124715006	0.0812830407261173	0.120017544643099	-0.117216697021642	0.137151626631962	-0.0627116877085064	0.056389654954541	0.0195077707699577	0.1203320295709	0.145124852870939	0.102236877307184	0.128354683301122	0.0839962372582883	0.00780939784154077	0.0991910585665447	0.0673040833268022	0.0733199221521343	0.0514611233224548	0.112247597414486	0.10887733484515	0.183646155161337	0.237984588027344	0.157120115286173	0.153392623174761	0.198598426578358	0.207977649160805	0.0674175701184326	0.0673383648992985
MEskyblue2	-0.234213343503106	-0.262362464514909	-0.179960961402575	-0.233136896170189	-0.23724134811238	-0.25545533870335	-0.208517890010727	-0.239237527505312	-0.242275681421395	-0.231627730362622	-0.0962360000200554	0.0618116392911807	0.0391426344086015	-0.0923449034919739	-0.0833200638615502	0.060410705722737	-0.0819889255723412	-0.00546737798788773	-0.119884525694597	0.016435547841535	0.0958095035826437	0.0134120663228871	0.00863854710436351	-0.0608473173849502	-0.0585935858964084	0.131728576355393	0.105378354508491	-0.0200282475319415	0.000673384611616659	0.0559091284230061	0.115092222463732	0.0891544638980378	-0.00476191463526999	0.102126579679187	0.115377741710216	0.162476315703716	0.147992923426475	0.132680281492305	0.0883052353636075	0.0742022580467428	0.154171308388857	0.152604709504733	0.0670865791438052	0.227043639722809	0.209348475442015	0.213916526897231	-0.00114859769071456	0.0599514143838231	0.115708423772043	0.132061454262466
MEskyblue3	0.163831664353318	0.139810980678521	0.271365993956642	0.132942314861125	0.169856237342771	0.160277429659649	0.193778626043217	0.20356566421599	0.143286859422148	0.169288210122818	-0.248904046357335	-0.131963360838965	-0.131071826088099	-0.281666285730871	-0.197936387376588	-0.156654975944709	-0.214139684923338	-0.230891630849761	-0.245358122891174	-0.115647889186586	-0.0347896568957365	-0.0428129053705544	-0.136662518687243	-0.189023727775733	-0.123497833164414	-0.0883194451531088	-0.0571227602880261	-0.125975812149488	-0.0968519301152891	-0.041257952302844	0.101161276212484	0.0159491942814497	-0.106625251375903	0.0224586595760922	0.0414017803573233	0.048060970388945	0.0875078293341306	0.0271680878532735	-0.0300592170088538	0.0453785345607555	0.11287695619458	0.112950215960356	0.0496065628448177	0.147309868110691	0.128109731307299	0.16223080792004	-0.0646021697133378	0.0381173344689611	0.106359978872711	0.0971836212878503
MEskyblue4	0.224021427535314	0.161496004234259	0.286004940190157	0.186390028385813	0.206501800473618	0.203795187275722	0.223757268954897	0.260404213863104	0.186990067897071	0.219018103817437	-0.206039671173713	-0.152534471843373	-0.154507861358429	-0.0432503742340043	-0.168643978199975	-0.170736762108818	-0.128621747372442	-0.179107525276079	-0.148935371077128	-0.22703200619084	-0.177385991114331	-0.209545398270163	-0.093750157749635	-0.0896270009835022	-0.0469467146678174	-0.0230635256860701	-0.0467860512289349	-0.149813368654382	-0.0389462249820208	-0.159176834792934	-0.036270445729722	-0.046006571626758	0.0162739128720478	-0.00599832123330098	0.0734290646238185	-0.0824869860807485	0.0682665624306801	-0.0267213921949582	-0.00127544923196926	-0.09387403652098	-0.0230391151895199	0.0280480130681879	0.0211335825497757	0.147419985418285	0.131070125308136	0.0694969081387043	0.122823891115608	0.11585998062665	-0.00914320177500704	-0.0129345122317286
MEslateblue	0.186848572758943	0.14778975229503	0.295162482100275	0.129168701636742	0.157169601886727	0.177060176121518	0.204642485543085	0.238189311331098	0.132869845241763	0.170067105901723	-0.25655148915222	-0.160460198710741	-0.110497634190164	-0.206117486511215	-0.200884754555464	-0.120132928768281	-0.209220946082637	-0.190814834329906	-0.184650878493316	-0.0940204005071899	-0.0627533378350734	-0.104011054587865	-0.116706914632792	-0.17240558703588	-0.165485227368983	-0.0907040034903	-0.0821698076375219	-0.133302614054468	-0.129405222731758	-0.121774053786631	0.0310300416296461	-0.024275959261162	-0.0140034730209017	0.010648632841879	-0.054567422589111	0.0737099504511356	0.0552222388784224	0.068513063330998	0.00478647092552542	-0.0145336815677427	0.108763735506788	0.0912092193263509	0.0214239480874091	0.135362548506001	0.172081040076998	0.223015969937022	0.0250256838766736	-0.0547636191299011	0.130390699773285	0.0840622520661879
MEslateblue1	-0.182603703395532	-0.180477763044634	-0.10362883392534	-0.210240084929509	-0.177956332465451	-0.220559191167621	-0.151829620383156	-0.153978125919668	-0.19334161935055	-0.183968739904707	-0.0964411699404126	-0.0970873416224927	-0.0283485791270958	0.145920872355333	-0.0189161297464178	-0.234698621584287	-0.149161536720128	-0.152450035990421	0.196484099123394	-0.113987495286693	0.0091502555768641	0.0076989575793911	0.0278335496631103	-0.121050912490131	-0.122247804442701	0.145772639564057	-0.0298915485955191	0.0246482811507431	0.0117721528173875	0.0153033618472127	0.0511702905552148	0.0340305961330048	0.0682934498411479	0.174007791056071	0.13365867640036	-0.00441997248467493	0.122048703001133	0.0980552133033841	0.0909269823108781	0.0748502115309009	0.192912854116402	0.0656073026698332	0.158508797989595	0.204549106103292	0.0183549095269629	0.176900072416655	0.0980037553269052	0.416648251249609	0.114274120063144	0.049899909245159
MEslateblue2	0.217522216887076	0.172929478517526	0.267309806400693	0.181588719203541	0.208722265566252	0.196698767739743	0.201992816489271	0.249812225293654	0.180273361599043	0.209514081543054	-0.287553521869501	-0.111026463995799	-0.100391044083652	-0.121868967247278	-0.274307558672992	-0.163649269290134	-0.0244850257641225	-0.117999578750726	-0.202405569869138	-0.271630606354541	-0.183105198602404	-0.0434277673002475	-0.0751837326240352	-0.0873311493625352	-0.0453650632582689	0.0639662206753738	-0.134321861867744	-0.197442924621391	0.0154181028523213	-0.117799963889705	0.0805113040415393	-0.0412120833326178	-0.0732405804846541	0.0528511246836292	-0.0743184832664167	-0.0267892924597862	-0.0627521017400491	0.00365409824703928	-0.000264060787579082	0.00425755546994324	0.109614897020828	-0.0162269905776867	0.00430654201127776	0.147370887058234	0.0852457523948621	0.0455602453561015	0.0691624654268518	0.055806297355851	-0.00748012159964203	0.0374897498389411
MEslateblue3	-0.217314412114333	-0.246072221914977	-0.12302505921264	-0.262614523891848	-0.247772186357722	-0.228027064120486	-0.201493426956142	-0.189210367237746	-0.253650814229636	-0.24765087454386	-0.11530073868015	-0.00329824491389481	-0.045718301539879	-0.0242211387498229	-0.0774085636316814	-0.0727763396907235	-0.044465054584078	-0.0887267301218594	-0.0886071283946869	-0.074064593297235	-0.0165742073248114	0.013242500193403	0.0518139393900281	-0.0230975414761408	-0.00742892563592653	0.0653458502056658	-0.00202367063100952	-0.055007614123119	0.07065921482523	0.0121186767952401	0.107797831113754	0.0807718786383527	0.0722093465447083	0.140914524140334	0.10405186072651	0.0903559004648589	0.16417721690332	0.109381306547703	0.0958831471577197	0.0938122892985605	0.139855499921146	0.18666276425664	0.155670323622436	0.0983356100761128	0.222399244651277	0.266589746132544	0.184436683464711	0.116838105233225	0.185070843290483	0.127155439780444
MEslateblue4	-0.199091671219913	-0.212058145365061	-0.152155778221206	-0.223663998565299	-0.220364660376685	-0.209770511591931	-0.193024963359809	-0.196587964981923	-0.221497704417961	-0.226816001188799	-0.0319409101307151	-0.00677178662923827	0.0196593725498233	-0.0729751220013371	-0.0392072849918488	0.00807081532293256	0.320242019509165	0.24987545801593	-0.140514189855714	0.00458665528542788	-0.0766206038650776	-0.0453972977716821	0.194322770292058	0.0684505699895953	0.154674742192373	0.228280597732208	0.00196982863661455	-0.012061888306006	0.245574336209678	-0.141719290449493	0.0039740849366528	-0.0143462856124009	0.00995816238009441	0.258449621496338	-0.0807137056824424	0.153696713576811	0.0118149293725198	0.154774885752729	0.0442795069941223	0.00944623813137282	0.0254640624531087	0.0524857234458517	-0.0132903917673675	0.110605391868535	0.0259092765602753	0.1041684665238	0.098836741995606	0.0140016205862474	0.0707598793932857	0.0862576851487556
MEsnow	-0.0727881005313146	-0.112698638543841	0.0621562591700277	-0.124210564656231	-0.115767514960737	-0.107119331253575	-0.0512740103885027	-0.0207671595123812	-0.122941332642588	-0.0887019411321503	-0.224122826568097	-0.137704998173015	-0.204861680860158	0.0702162809383769	-0.128577972042358	0.231236820078767	-0.0631419966441755	0.127109644173078	-0.0692521324844955	-0.350983436115769	-0.175609741154249	-0.140223823291711	0.0734009185040483	0.131724681901311	0.115775169565298	-0.21546736458334	0.234128113322051	-0.160462783298712	0.0333546289133103	-0.0466676075554217	0.145210579637806	0.129919642666427	0.188173512457652	0.175063601118768	0.0154729077085499	-0.132633222604632	0.0174889020717943	-0.0401169896710897	0.0530556737307987	-0.0392554642949952	0.0907781287435403	0.125029816619455	0.127206025300366	0.245400972118177	0.180734880013922	0.0801145291890967	0.121698148781005	0.2706618296973	-0.0573766636401886	-0.0423843698171957
MEsnow2	-0.22459821464831	-0.254600800480905	-0.126248125882098	-0.259525796098928	-0.260515702570751	-0.242998524045918	-0.217066308912025	-0.207117919198872	-0.262422353711343	-0.267855505107591	-0.0522135185817864	-0.00626982061999584	-0.112012652936921	0.0321416938460436	-0.0243927861552689	-0.101354652132869	-0.0323001902333867	-0.0937821058998207	-0.00106786701079924	-0.0518068270785481	0.0165647785915145	-0.0060513500057785	0.0977059497577356	0.0870919781898433	0.15344825702589	-0.0761447230919411	-0.0255009898803225	0.0258176412057735	0.1470490572044	0.029365489454496	0.0819581646868412	0.102117288112363	0.121263983492964	0.106871630290809	0.114332243961314	0.00393632277701569	0.113441041584935	0.00687899135233278	0.0856333427815827	0.0484447285918346	0.127812194758791	0.132595122702088	0.179275823685608	0.203767655984017	0.176454547025272	0.169840324389003	0.115043717655013	0.230511598014051	0.124530804445521	0.0719523627171245
MEsnow4	0.251360244011343	0.225958854836578	0.279030509720196	0.232929173368588	0.244080957570742	0.243266076833959	0.256132374951105	0.271985737856381	0.22863444020805	0.244760631041894	-0.208895265641751	-0.212197779995222	-0.0983488542557104	-0.179998971873415	-0.186437509021675	-0.123125887188753	-0.0333609139253078	-0.113694854635112	-0.135066538097071	-0.145740160571243	-0.0732080841164515	-0.0230924079311482	-0.126014253659896	-0.0249584511456035	-0.01107537439161	0.00751788387632748	-0.0964029204033033	-0.191952375797725	-0.0346702457657071	-0.115827201333839	-0.10484274230141	-0.0548985571072239	-0.0409830496709348	-0.00932185536518109	-0.0274292192342412	-0.0781162956445593	-0.0452352060350916	-0.0867539121360681	0.0316463827887989	-0.015198449986317	-0.0459055171163556	-0.0371838323960132	-0.0882609058635358	0.0937643469270376	0.0284357709119311	0.0177847896610536	-0.0254365741766659	0.0959596834005587	0.032873127743437	0.00751318107616195
MEspringgreen1	-0.167918572226698	-0.172498842438398	-0.0792514925702262	-0.145852109311551	-0.0929992417611171	-0.157256861576009	-0.150698417725581	-0.132642405891288	-0.172911264605514	-0.101617970944469	0.0406709397023567	0.156500537533552	-0.047221285105352	0.0102073478958226	-0.124984604023211	-0.0248546360414548	-0.0329387919667911	-0.0638755083217937	-0.0240256943727714	-0.0339712739746379	0.161776904855255	-0.261063577036387	0.207480372210986	0.0526060608461191	0.0829028466863783	0.390507738148302	0.0857082327142984	-0.0394414697801536	0.104314470263468	0.00559988836817008	-0.0110283636370787	0.117815897996209	0.210488011441867	0.0533644249792432	0.206035586865471	-0.0695899150942231	0.2114176159219	-0.126529001599795	-0.136591509715395	-0.130880845212	-0.0180247288534538	0.0136475915343987	0.0773519858562595	0.261806052698688	0.147329376773226	0.191794992090753	-0.245103316023257	0.0241847206361778	-0.145860767267439	0.0961208710571446
MEspringgreen2	-0.228925421412359	-0.239401528455092	-0.128359959468999	-0.234156593681559	-0.236244927837831	-0.213969845886343	-0.208798547638288	-0.197304434603792	-0.22861645945912	-0.229406648270842	-0.112503684292538	-0.035806201637513	-0.077679149253286	-0.0688202065391311	-0.0188103084074894	-0.0620344152973839	0.27899760256146	0.184432662271761	-0.111088383993705	-0.0269040379239953	0.103172055102855	-0.0614145790623838	0.136660990186002	0.144496200258394	0.144920961964315	0.19394413170733	-0.0363770225302568	-0.0374609663654262	0.244703473455097	0.00997351525571311	0.0754667068994888	0.0682058335890033	0.0264617192177403	0.276866187098797	0.0380830958854875	0.186589916386041	0.0555978314449654	0.131872684768273	0.0106478823060083	-0.039620400881274	0.0170900629095282	0.0893734285584041	0.0553251429862259	0.144688296838326	0.0737986721930243	0.103985824461933	-0.0347141410649455	0.0695202948195753	0.00964107645734119	-0.00609838561953646
MEspringgreen3	-0.183140871150896	-0.199030441207941	-0.137900163694474	-0.186987953887136	-0.18208767931886	-0.18039596884797	-0.216981763022773	-0.169090555391269	-0.212702934869278	-0.192098417003667	0.288520897132162	-0.0747277583620184	0.0256869578316356	-0.0817353293533868	-0.105712083533058	-0.0915869060771841	-0.0913026546017966	-0.11709407107409	0.00657506035921118	-0.0107460908983417	0.0350126501142183	0.198064671379778	0.121741363114973	-0.0223955918053102	-0.0430241686569293	-0.0288036463675332	-0.0847650662032138	0.119873877144407	0.0614237838766717	0.0141838524188362	-0.0736312031762119	0.0529606623158615	0.0233692257148997	0.121707942455941	-0.066565801713889	0.00168125376008395	-0.0103504445863977	-0.0325908096175216	0.362096241139577	0.294615010193953	0.0749427657970712	0.0587641179087943	0.0741174725754613	0.00543593912846581	0.0918462932715129	0.118550921212643	0.054818603023349	0.0707322484495071	0.277995420615672	0.240731143486459
MEsteelblue	-0.228732226959333	-0.258621114196557	-0.168161776111724	-0.261425224741354	-0.280077184705343	-0.237334310231834	-0.230904050597912	-0.214725326401106	-0.274956605535968	-0.259460030010239	-0.0448953229388504	-0.0456433417183058	-0.030853468151872	0.000153941423252535	0.01364271622283	-0.0590214269008259	-0.0801631580861974	-0.0923514399744098	0.138714738265492	-0.0276211533110681	0.0808087867656427	0.0458102386838344	0.0620102726955748	0.0224141394165037	0.0363031845846657	-0.0613672135849673	-0.0261345422632981	0.0200867049149296	0.0216055526027973	0.0436785790102669	0.0767279155901804	0.108123176932007	0.0452412059073035	0.163920691075618	0.0158248596748618	0.118875796815297	0.0724389566810341	0.105821727668939	0.129961248212549	0.0998540790090652	0.177093637488056	0.148475615094796	0.153466705261101	0.0648360753422823	0.185726268274278	0.180790365345399	0.0715237186041895	0.182070233484389	0.207921629884903	0.0885261554891243
MEsteelblue1	-0.211868745061779	-0.228402648577141	-0.184728638946949	-0.224806733737321	-0.22289690715544	-0.224192593979739	-0.233011178400588	-0.203967427053802	-0.237670491707672	-0.227573809103455	0.0949460917731337	-0.0408914223030493	0.0294061474344006	-0.0385056384090655	0.0395062141648405	-0.0288970392265037	0.104756485452418	0.0327051374861477	0.0878516334448413	-0.0705411969041707	-0.08004958593739	0.179126124290583	0.126944468990898	0.105805402138709	0.0224736207469418	-0.0811790184805332	-0.0458320874002383	-0.00298915667099004	0.0126095397579235	0.0397988462596859	-0.0073657114612835	0.12554848611433	0.121238296232044	0.0669642512002449	-0.124682893397585	0.199490346844484	-0.123229740544052	0.216690008798648	0.184682769211038	0.253152394125057	0.0273132704859486	0.020750764644423	0.0742598974531272	0.0962727949372177	0.145791204148068	-0.0817790827445552	0.271515595981885	0.141701315046608	0.0101585524765666	0.0936020875630913
MEsteelblue3	-0.210164280483266	-0.226520615022373	-0.142880283334367	-0.243248357888219	-0.251636648712972	-0.223226482603042	-0.210140376824286	-0.193365853698251	-0.240135993155404	-0.237163312780558	-0.0643407721015753	-0.0807461487033971	-0.0486633047515799	-0.0776945203086743	-0.00298649841188698	0.0213822010196223	0.326802698590168	0.254239440511263	-0.0444662178857597	-0.0596446320475417	0.00541171444183638	-0.0234798920513217	0.188766742264059	0.171670215541395	0.24169877203122	0.00181848746552566	0.0169079543910431	-0.0463641626836609	0.273577785956784	-0.0105858322546895	0.0255269641473634	0.0269749464129503	0.047964962823561	0.19049360914733	-0.00257678127615404	0.149964201518389	0.0206224111894349	0.124494873443816	0.00128577134258826	-0.0197208483168609	0.0421713488176215	0.0649484376144356	0.0517816073514948	0.104902748657315	0.0693439707795215	0.0889866625547474	0.0421160640651327	0.0617608724378109	0.038969976620779	0.00516637415863276
MEsteelblue4	-0.228336694464687	-0.258243529394497	-0.152579580903575	-0.252667390176794	-0.256222374693557	-0.236454034986383	-0.216987496262764	-0.198825864813544	-0.253826276888483	-0.245100462943719	-0.0503143617156401	-0.026550415340948	-0.033823119550624	0.0482721914698306	-0.0663088552225864	-0.0909121213714851	-0.0754474912962178	-0.118929163270278	-0.0613607059839565	-0.0446176923631824	0.0413171001613229	0.0171761805903201	0.0457261679693386	-0.0246627865323218	-0.027848247231705	-0.0230029430858833	-0.0131139211628205	0.036190721392362	0.013622286556774	0.0274852992932513	0.106487918827157	0.170053070145857	0.079437997503114	0.125256268172778	0.0814469210876045	0.0601674220736242	0.123562999706371	0.0809568129777438	0.135798619314832	0.0820719435219675	0.159082605324779	0.165729371571704	0.182618547725603	0.132648097434804	0.19133364605322	0.208917937771295	0.176636525331054	0.148525455935092	0.184547442557476	0.131065979186377
MEtan	0.204712944066175	0.13249294064489	0.259576048183371	0.166780005250971	0.230445900645363	0.182230929562587	0.206364522549046	0.226082676009342	0.149426365466866	0.234221697337189	-0.184840407386749	-0.126098556010456	-0.0923869924798057	-0.0988902289466813	-0.163346520998379	-0.143010928926124	-0.267706747054221	-0.230101594116587	-0.0973946391036366	-0.182805040304781	-0.0840411691397691	-0.150661890966102	-0.138923748474449	-0.169281691112647	-0.191720784037781	0.165820846945676	-0.0723398366960527	-0.138317343923545	-0.130202391786515	-0.11734089219724	-0.0430560995961562	-0.0582257271021181	0.0234868830178244	-0.0431032454237796	-0.00685764558395469	-0.0227520399784686	0.0255303838490431	-0.0156505164359875	0.0475995264580225	-0.0465049447896308	0.0304071141531603	0.0253247608631469	-0.0144632986197137	0.202374888005636	0.0904956683477253	0.117794892987487	0.0708306017499917	0.141500374315795	0.045595528314999	0.0509294224670223
MEtan1	-0.25993478385375	-0.261723798275643	-0.203593199632167	-0.26851063079935	-0.306341778102193	-0.24626441101581	-0.242363613947214	-0.236560925347436	-0.260517483532674	-0.278905487571818	0.00316581524802264	0.137441193940334	0.128349901493844	-0.0645227625461788	0.0859117307731926	0.138919793467107	-0.0705562417345661	0.0432916863089162	0.0570355714387249	0.000538821751118921	0.0211711098870012	-0.027807837577051	0.0895848094471102	-0.0487554092350805	0.0115054164015775	0.122820734678308	0.120489357878992	0.0124748434377604	-0.0287312250038792	0.0569730106236336	0.0283353945616854	0.085537512885027	0.160998769739368	0.0732886690292577	0.0196771595162457	0.0349865329520052	0.035405513938591	0.057708599054095	0.113022811548054	-0.00819764607235353	0.102504521447234	0.134359438946814	0.0216172638822201	0.171329667880757	0.150368700240325	0.124821598196096	0.134528458800351	0.147096200277484	0.118466011163373	0.0695606134125379
MEtan2	-0.254155075920764	-0.254326238913512	-0.192315177349553	-0.252790661693463	-0.305335749241114	-0.259557276128977	-0.247557050154661	-0.242352389326486	-0.252009302339844	-0.274331386766343	-0.0430796015172291	0.00655480068863952	0.0628204526814552	-0.0790701404757472	0.0167984699681401	0.117642584502295	-0.0414010976265018	0.0452356578717578	0.0509073471306257	0.0224629014827875	0.0598041552783762	0.0859539809849755	0.0681772785536047	0.067411862076405	0.0611169186324173	-0.136043350678935	0.109518396482264	0.0403420385859995	-0.0333767442801981	0.0603355564983395	0.0545389429687235	0.111605078586446	0.0780095653316726	0.146686638525029	-0.0146104741808037	0.172706518041073	0.0555688471924493	0.164877497908626	0.0780106412746108	0.0967731547282322	0.105145613186165	0.188070351431442	0.117230101727261	0.0525139414422985	0.0817375246602667	0.147116186520572	0.130248388393272	0.0406880839671578	0.165950475243319	0.0197517640474322
MEtan3	0.167431691846726	0.145568608409342	0.290112848693803	0.144174568716569	0.144792290738133	0.159382927642764	0.20135104645848	0.227516697261933	0.146433284886653	0.166682134232662	-0.236483039085331	-0.164231222539709	-0.186157575526136	-0.189659477167304	-0.248257679729457	-0.1926460870115	-0.147094969625969	-0.218752952051558	-0.184205621025572	-0.207448495350556	-0.194757671093528	-0.0483081599909512	-0.0947580108222539	-0.0911311749025169	0.00424550205977832	-0.0910000918510433	-0.0691994230902823	-0.189969032527773	0.0546864842650254	-0.124939466220979	0.00491324336347936	-0.0196634418933382	0.0355950563305266	-0.00529271712218706	0.114154919510136	-0.0732159775491458	0.143550622344683	-0.00601240019172814	0.0208055305978122	0.0032476787429648	0.0595347017409979	0.0749362601691408	0.0456755267687552	-0.00865570446051747	0.130914924551368	0.163360271718519	0.158808834100569	0.071803596507162	0.077080279971303	0.0350808592000541
MEtan4	-0.284996976153877	-0.267920585643454	-0.209707817653043	-0.282287886807408	-0.278111577051634	-0.245597319181978	-0.23726536507268	-0.240132284700225	-0.303108814664601	-0.257192617380705	-0.0108126391841137	-0.0159068407087059	-0.00394374795453852	-0.0209400226478035	0.0128273635824303	-0.016982454762054	0.120840286907921	0.0419125104442666	0.0132758001799229	-0.0318023443060718	0.0823098609047195	0.0309900691451952	0.173557616942742	0.142293930448613	0.133199860679998	0.00995394668027449	-0.0148078508974781	0.0727887998170471	0.162998491543575	0.06092078653778	0.0913366659782433	0.0850424042279422	0.0625978683897192	0.179572777409392	-0.00597372312910985	0.0572132354511138	0.0566097190916372	0.0465448988923395	0.0425933478781171	0.063369486049607	0.12884471779024	0.105112673136013	0.130996503751493	0.137706754961463	0.108873726903538	0.141366347961462	0.0131832262980805	0.113633083002249	0.0889613161354205	0.0160627907769259
MEthistle	-0.244716507451397	-0.259628632853127	-0.188066177373914	-0.272729283146565	-0.281193973855631	-0.245540881282386	-0.250100866071695	-0.235385876394669	-0.272170402014723	-0.257996031093719	-0.0182327066509711	0.0230513539048839	0.0609491614271639	-0.125622781146693	0.0189934572808952	0.131631342213486	-0.0276912341672645	0.0640421107428256	-0.0686688874590522	0.0494051814842516	0.0133348859309942	0.057483332103521	0.0136707627833937	0.0116262207118268	0.0674749621449107	0.067674492792439	0.108168710620029	0.0126590864966046	0.00466359009478946	0.0125409299339976	0.0894803090610536	0.0721376862998057	0.100005813570829	0.0915386751269128	-0.0792613852513283	0.0391991898667681	0.0950269321399647	0.0956470649180452	0.0996367262818632	0.0977413260612409	0.13795372425	0.180299793526898	0.0336374473952996	0.0967663076676043	0.171506379365882	0.225045868323644	0.119691920352759	0.0439371351467915	0.200247470871649	0.120136275320112
MEthistle1	-0.224211148362077	-0.260126243330785	-0.120599441631768	-0.260189809722467	-0.277513766543658	-0.241682900124775	-0.192600779533466	-0.184817128177058	-0.263476228135349	-0.256700708535067	-0.125458323611699	-0.0352556178428989	-0.056934330342627	0.037023044739644	-0.0790250778776503	-0.0496417888090808	0.0155293154269644	-0.0550960950603476	-0.08586597114847	-0.0834986336512979	-0.000260062091988699	-0.00530556665522031	0.0367751307854601	-0.0155168516724967	0.0269579995328645	0.0109846773469573	0.0152984126604827	-0.00905377408167647	0.0963529396213575	-0.00587680711217959	0.138367273209365	0.0967419907883965	0.104693747413549	0.149841429532366	0.0450433303876228	0.081780645517483	0.128965071314652	0.113318087245991	0.0784588253561956	0.0899744899929303	0.137420032783676	0.162589870349583	0.19740974580409	0.0943957822930843	0.191129869194524	0.248393265968029	0.143939103605714	0.181038217633619	0.17227598017883	0.0940087753706707
MEthistle2	0.231639117999242	0.162591486015432	0.25627858390713	0.177809621687019	0.174704267334894	0.209035513302398	0.219889711717708	0.253672759431952	0.17076090934083	0.20151947716777	-0.213541733729862	-0.139001010090561	-0.0668190489764599	-0.30599810212014	-0.162988311797089	0.150806196108301	-0.18577210331665	0.036182261975987	-0.216032737207213	-0.0739135516466063	-0.155584314656625	-0.0144710913447201	-0.159813261490528	-0.101353356694611	-0.174276943360202	-0.0317829310232917	0.116837189592283	-0.199493627283585	-0.142016008626177	-0.0764212633045943	-0.0863017191635125	-0.049021909472266	-0.0466701251461539	-0.0454066438932844	-0.120808615149734	0.078110758979	-0.017516648040451	0.0631387492293909	-0.0268638925365846	0.0597878376275587	0.0250338658158721	-0.0374579487708477	-0.125439843103581	0.0283868927224506	0.0875949977413779	0.0818141646785138	-0.00909319316757785	0.00804345006692206	0.0919777400575911	0.098244382613286
MEthistle3	-0.22887211625601	-0.245005413710156	-0.13604833535362	-0.242189995183771	-0.235117721483013	-0.232686953105432	-0.201342149862893	-0.191075787392596	-0.24829417942224	-0.249614370025347	-0.077354419519058	0.0196616107843399	-0.00464633786682564	-0.0271590742284519	-0.0965083735371585	0.181125560038873	0.0206323780546298	0.105675581978076	-0.148620110479174	-0.0568078990075957	-0.0575282053480341	-0.0795912162754928	0.051696149132065	-0.0407519197200499	-0.0255772352894252	0.131547098488514	0.178029780423458	-0.0890197454739486	0.0949358698084923	-0.0458819115912104	0.0296551196764563	0.0410474052892158	0.0556686827034014	0.0812788051545201	0.088756724611963	0.022541456184732	0.160965397282782	0.077830951811766	0.0892466779109029	0.019812260894626	0.0622612437906311	0.166380427325381	0.0587901853125595	0.215245353118122	0.178418721009321	0.2588339792108	0.219786224966219	0.140412448531241	0.0996479908223749	0.109809385816041
MEthistle4	-0.215068834162401	-0.241594458533601	-0.107838686955009	-0.233020173934989	-0.231340658650469	-0.219553121321251	-0.167731289345689	-0.17561179138776	-0.238020451428343	-0.228720372081745	-0.173157746533685	0.00544429099290685	-0.0576535533939168	-0.123614310318236	-0.0691122078020089	-0.0624819510247961	-0.0825977687544267	-0.112539435120613	-0.121987376185541	-0.0555167760162055	0.0320248759965835	-0.0429629338178895	-0.0247398254669447	-0.0263833229078517	-0.00454932850686679	0.0191436981825394	0.0728804125228825	0.0123805099206749	0.0169599730915678	0.038420130273485	0.153413162419512	0.121691707883229	0.0344492859401319	0.0876855013474307	0.1499579702266	0.107414112913561	0.182383751093188	0.13058186517946	0.100858297797515	0.0402500608417872	0.186605093246509	0.185873113997026	0.179995958275536	0.143591513449263	0.208076365363282	0.260852252218037	0.163153388364015	0.125981036518823	0.105784006457883	0.14994403913681
MEtomato	0.13629280436207	0.137436064398462	0.271725576956134	0.153698871391732	0.190561696308691	0.153127410188647	0.189956745132916	0.229739766549645	0.155671502526305	0.204838666255273	-0.217681698568289	-0.124128915116433	-0.221413977979512	-0.0502755825903167	-0.201886740725816	-0.211794092717002	-0.110059975161894	-0.136029760246662	-0.16947326599523	-0.310902654431371	-0.171734904528788	-0.180178568260234	-0.0404518453903669	-0.0735610825803083	-0.0670810455735666	-0.0434144917594958	-0.152136621015732	-0.175212433569771	-0.0213767669626572	-0.120954071495609	0.0372023383518116	-0.0057136856001227	0.0286348577285099	0.0613046881204707	0.0653124060500843	-0.104127864402768	0.0944218995812964	-0.0745205179055338	0.051366746310982	-0.0581290264974236	0.0256097963046205	0.078653356259423	0.10188490992798	0.143704245147839	0.125386828958994	0.0919777321485897	0.168282517218838	0.132338880632428	0.0209686521993652	-0.00785936993620553
MEtomato2	-0.233721425641606	-0.244547512733991	-0.167111437132832	-0.259210301723624	-0.27563769970669	-0.234477811026158	-0.214130017133561	-0.210464254985046	-0.258356741435113	-0.251150667611875	0.00748088776605513	0.029420188225051	0.0881736079332434	-0.133968937424003	0.003895238771102	0.0309493956259387	-0.118667916029097	-0.0745716651104482	-0.00583955060359883	0.0797578318049797	0.0468843081944563	0.0813205724955097	0.0100040260399725	-0.0397764658009028	-0.00294116174480619	0.0603372265660682	0.0074220782182707	0.0552496428165379	-0.0368087995350252	0.0221556519707253	0.0440582942084117	0.0410213930037453	0.0703882433855764	0.0795391188523651	-0.0857116173034282	0.112858089158625	0.101522273628225	0.116668311862397	0.138430885789111	0.129462954316904	0.174093095548846	0.192842315360915	0.0492043331703805	0.0754397470537633	0.171580269340641	0.260220585988378	0.101886786358642	0.0863342818604563	0.258957063503413	0.119535283863102
MEtomato4	-0.242051974224864	-0.267715121185571	-0.186471358694718	-0.229689390901029	-0.245219580238417	-0.245408140455804	-0.20912841427361	-0.216419737881227	-0.247645530810054	-0.224053736845555	-0.01207157492436	0.0904299771759672	0.188544901338853	-0.127976893576409	-0.0217414185722322	0.19627540917283	-0.0776030423909663	0.0942745257290516	-0.0931033325349578	0.0602400375964496	0.0616461661824172	-0.0264938958038722	0.0160464996889721	-0.0705749887914172	-0.0243930756755593	0.235384109563459	0.170202407355264	-0.045736734683948	-0.00301520175721754	0.0281989823386137	0.029046199940407	0.0720476152256188	0.0736208177924883	0.0144331651643992	-0.0312051018773402	0.0651095558126086	0.0827935355686895	0.0563438397341192	0.0621967230887343	0.0326206890979891	0.112390465530144	0.184373293123507	-0.0403457318008672	0.185457924421461	0.16635847116012	0.237402091559292	0.0593066045928432	0.0885401560637536	0.095777919333901	0.129001894548041
MEturquoise	-0.266875637250822	-0.286428909168008	-0.205981193066822	-0.278783320870099	-0.282542721085245	-0.276159739553118	-0.248959380939709	-0.248080145244191	-0.286894199055152	-0.278028820033404	-0.0258059654448468	0.000769133992401346	0.0386526727215766	-0.0512920424040917	-0.00135044688160233	0.0495834447241239	-0.0224178448658574	0.0192278584751535	-0.00616985162640016	0.0151960808242402	0.0697336467767639	0.028646722049863	0.0794064341547973	0.037199170194613	0.0506827224038875	0.0650115694420903	0.0780083011144458	0.0199055261946499	0.0433748979863253	0.0498551940356916	0.0558091390658662	0.0867406652723895	0.0818204625827303	0.12305044441503	0.0333384536265534	0.110847655052714	0.0831081267473768	0.107586047775097	0.108990967030009	0.0826958135314252	0.126206843135954	0.131545750860756	0.0845129527179428	0.170020685163855	0.147989360029306	0.150689950977172	0.0684252183272707	0.129749740679219	0.14413276480925	0.093255800598828
MEturquoise1	0.185582922140305	0.183064406370743	0.252346939760853	0.167987085221428	0.156325773355192	0.18887792213462	0.206544482172879	0.203722299590271	0.176947921585451	0.179446526806884	-0.171366723960907	-0.172871428348525	-0.0976479603447564	-0.272835770855797	-0.151160407588878	-0.0731110801023777	-0.0749937152690694	-0.126563564772922	0.0144013525674147	-0.0113132413208532	-0.0775645842764405	0.0560108271711141	-0.105377420558753	0.0386833527564371	-0.0792077459088785	-0.0958322157701658	-0.142653122438524	-0.109437655032255	-0.179096561107715	-0.0611042435329267	-0.24859454769637	0.0524632266650192	-0.0376552682346065	-0.00740296582526809	-0.255827011240579	0.132971897488489	-0.184918619814482	0.108666370742647	0.0569999085947102	0.110949403839104	0.00693857754937419	-0.0713127701683522	-0.0802165497201526	-0.0567124135417631	0.12499433627396	-0.0655815071928522	0.016240390180913	0.0145319798101123	0.280443102994072	0.0952180888521774
MEturquoise2	0.0745285181697782	0.0286530154531266	0.0727636633029816	0.0558044254938865	0.0443042834015347	0.0559126759975893	0.0716279059210495	0.0894693105307711	0.0445462201680065	0.0591943436490181	0.0616004460731353	-0.0259041062691018	0.178635323219847	-0.280913653366105	-0.0715399582825141	-0.0537822310408819	-0.292272907241659	-0.183805846651215	0.0232767568825841	0.0302150043293833	0.0127479482871626	0.194498217557791	0.0514949405193158	-0.116848797000433	-0.0556026185570833	0.12302464984911	-0.173769832969768	0.0425317632585788	-0.300472953804414	0.00633236860430426	-0.168352439662189	-0.0148102155356441	-0.0255005887232545	0.00362843918256011	-0.298532073125068	-0.0172109802001229	-0.126411034762337	-0.0540583059609567	0.187221888994614	0.259384742555145	-0.0371727417855511	0.0573485320707328	-0.133002871780764	-0.0844954473620489	0.0593699587209458	0.0871498855674949	-0.146854761122991	0.0589981919192155	0.414883985504607	0.212166960019833
MEturquoise3	-0.227604466511616	-0.235553771653251	-0.106497581414378	-0.225197989271796	-0.239615092217759	-0.233948374402817	-0.190999571031056	-0.181209232804352	-0.249176554619768	-0.25202487085395	-0.104724244886488	-0.0855856890388186	-0.0801626836598741	-0.0132762215471912	-0.0894981957914639	0.0748752138644083	-0.071106462101948	-0.00903200176004779	-0.0335798430379718	-0.106424333437228	-0.0453975075239117	-0.0542010555605993	0.0715604626064933	0.116835554524851	0.221137136857022	-0.0872080319198444	0.126068408354614	-0.055602448782144	-0.00170558449754168	0.0272704313380201	0.118841584858281	0.143729727256882	0.136803732669505	0.0936992068888507	0.149872240035385	-0.0515797206151457	0.138771802900806	0.0244514670593869	0.0667580829420055	4.19366286265759e-05	0.115041663318376	0.122477298417957	0.203464018451208	0.240305418275742	0.149715863784213	0.171058805391449	0.16773486767987	0.188196396486966	0.0815335331443803	0.0806666752056634
MEturquoise4	-0.247997675213016	-0.277880633498385	-0.227902912709725	-0.193958286866098	-0.208565910837245	-0.272001277944046	-0.194033977342718	-0.218104302251218	-0.239191048337333	-0.203535762918854	0.00312558444994437	0.0515087687954859	0.0721969789976391	-0.080534156850249	-0.0646309357747896	-0.052295767906613	0.0146532658564557	-0.0413512724249416	-0.115451027993096	0.100770505505194	0.119445147317444	-0.0256338889497423	0.0990992052742148	-0.0395288132177868	-0.00875658627722645	0.324726639614978	-0.0292704076710128	-0.0178909792497301	0.0351996521663406	0.0269629410960375	0.0476671000423	0.0571432425217421	0.0425213944421364	0.109900712484889	0.0147146926923593	0.0191334639537167	0.0813378134836606	0.0145079462382839	0.0866813520776082	0.0143052971367966	0.134217442367352	0.185495911798485	0.0523917503374483	0.24376951627676	0.1738101350725	0.213583768840703	-0.000138196994011371	0.119715180435577	0.103134218375512	0.196934193576271
MEviolet	0.16439003755436	0.145812743758726	0.314148001643311	0.125861271330284	0.128824330875068	0.151952924613306	0.202694946764597	0.227553192843944	0.130539208200532	0.145498861159988	-0.273359035259376	-0.194745315658935	-0.179302483801553	-0.155074630362966	-0.218194567904863	0.0498473750798505	0.0532922980690949	0.0443897719542538	-0.235462733486638	-0.291984523391219	-0.212876939140839	-0.157433320568098	0.000951275101890067	0.0567109285707932	0.0481990813985007	-0.190389328567122	0.0878060367858395	-0.19479018761479	0.078096086238224	-0.14672087170562	-0.0295477686854471	0.0279239119639605	0.0201640652227126	0.113978528173459	-0.0120151000360065	-0.0678831455175655	-0.0272234825387223	0.0553479772025119	-0.0380995591249906	-0.0803763577480069	0.0050494741729558	0.0156287350746318	-0.0142670161695686	0.145349706368232	0.0349827396139953	-0.0612514396319302	0.213816571508178	0.0899984907767888	-0.0415568697805555	-0.0562538953251773
MEvioletred	-0.23835372934026	-0.25217947138578	-0.161142303583268	-0.25417916471534	-0.258767213865341	-0.237600049173821	-0.235465164299806	-0.214622927635023	-0.266514207483879	-0.267084692858089	0.0246495604355849	-0.0528578947413622	0.0118434289291284	-0.0381416850342889	-0.0468166998453801	-0.0374497418171623	-0.0572452984557687	-0.0691591747086384	0.0051406317634955	-0.0110883919428125	0.0177979036591828	0.127377895649105	0.0345408504912102	-0.000639396569344254	0.0586070454650056	-0.091651087775218	-0.0157976937421005	0.0152261516946878	0.0554377141840276	-0.01712253532442	0.0568069038467459	0.094308456235768	0.0607082584462204	0.145293105770701	0.00945714197643908	0.0438023834069232	0.070376918350193	0.0781811568301947	0.16348529414999	0.179161152664735	0.150702608839789	0.225151030550709	0.160262215359668	0.0791665800675364	0.129268944708914	0.191512567428621	0.140445932643377	0.137913327193926	0.20504913440692	0.152204229148304
MEvioletred1	-0.250988193758258	-0.268029145010904	-0.205328831821195	-0.273084068453978	-0.246495394849176	-0.284543510741994	-0.3024353181574	-0.21997777765189	-0.272140361223072	-0.267645168310628	-0.0149647997237664	0.00448744035551001	-0.0289903790417372	-0.0484891438493781	0.0343462054741612	0.00900903546551964	-0.00478434542287989	-0.00919169435989879	0.0345982599825627	0.0508327782313754	0.0518758910096809	0.0468630945212862	0.11811472722906	0.100304842817602	0.109502524752931	-0.0187003119153996	0.018610777116668	0.0977004916929135	0.0896475747048992	0.108466282473486	0.0661430193558565	0.115633787915234	0.0553616092733125	0.190309298811322	-0.0399352712805005	0.12505784046946	-0.00865679359190353	0.112678073953522	0.107145636515716	0.073353778141013	0.154597983779657	0.118782758709364	0.13457096990545	0.109684074360008	0.0703574339491244	0.0607506048651666	0.0254428141216566	0.188853307972086	0.154689836114257	0.0266077551240951
MEvioletred2	-0.100718391547528	-0.106803549900908	-0.0590857923316432	-0.121365823177774	-0.152931205853783	-0.097073641289599	-0.0777222590978781	-0.0883745240942019	-0.119427635370926	-0.116428677961316	-0.115164025426629	-0.000900503110783255	0.158164115407751	-0.338688534303317	0.036168289632374	0.297288852622135	-0.0581908146572807	0.174736365504829	0.0799791075402814	0.00189970978518179	0.0724378870064259	0.119991031797225	0.0144117688712702	-0.0367375340384269	-0.0460554304883515	-0.0680205069341701	0.234296151921553	-0.0558874026200905	-0.0232979654514032	0.0525844404000205	-0.18883903570648	0.0144736180775943	0.0163856199373206	0.126980224305258	-0.362567283805392	0.329119953796936	-0.239907939714536	0.294496297694272	0.0637420740634449	0.127108171361624	0.123769963490615	0.0358105790498757	-0.0267713956586638	-0.0178658365230348	0.0817745190020103	-0.0771158604264284	0.110620708828957	0.0429659284469213	0.109765563435735	-0.0230293724890687
MEvioletred3	-0.202485571974214	-0.27984352061804	-0.154380902220807	-0.221614694442014	-0.235793899281188	-0.22441612810507	-0.199103581349359	-0.198650326977657	-0.249777298944425	-0.243792484864915	-0.0646852175115323	0.148967933615982	0.163312212535564	-0.0904636843252346	-0.0559497643570862	0.143012632342003	-0.132261740729047	-0.050276915423433	0.0460346030409995	0.0768674642251182	0.0949975826977811	-0.0520988774925727	-0.00815874774891075	0.0058125050327068	-0.0660037648116902	0.337537458309802	0.0991146681905701	0.0107526437773728	-0.127627451140049	0.0192834148814284	-0.00578656528698453	0.0409751015464046	0.110286065041798	0.0607639901522505	-0.0338986183651489	0.178950295436774	0.0195203753111425	0.134155635388598	0.0643571500725329	0.00177391229885358	0.108574730503232	0.114519691095733	0.0247391689295526	0.210724527677934	0.1440553340799	0.185155147689218	0.0509571438035904	0.103226014041179	0.104918879485365	0.0937234747659938
MEvioletred4	-0.229744302429894	-0.254255292762498	-0.203514325649506	-0.254435078111947	-0.249746208742029	-0.237585559675871	-0.214977349389743	-0.212618641862772	-0.260562288173972	-0.26739152449564	0.0799838734287342	0.0396244423461013	0.0122202348563167	0.0162543395473389	0.0577112160984912	0.195864135951001	-0.0296722042204016	0.0967102693828153	0.0143021971240436	-0.0812916281031067	0.103972633684742	-0.0887613189502868	0.0995294421318055	-0.0268214017738071	-0.00515873160018167	0.321419120466452	0.170750396509391	-0.0201556256775792	0.0832153031781156	0.0916618805316237	-0.00350104452718358	-0.00141558025677031	0.0594767785150225	0.0875759666589149	-0.0263470134623351	0.0327105904984993	-0.0244859802230389	0.0423103436200287	0.117950234681706	0.0236510160103644	0.114189606475172	0.0253839727270709	0.0181674404791456	0.212425127135531	0.141602959856627	0.00637889063639868	0.139339640977103	0.226810056176484	0.0431153270942577	0.0181336633092653
MEwheat	-0.254979691631378	-0.258006697787309	-0.229217588690713	-0.24080668185414	-0.220228255548322	-0.23248236312924	-0.241236894160372	-0.222053654107666	-0.252265983673866	-0.243769986653771	-0.00240411602211779	-0.00447382688625226	0.0859053176309239	-0.00587532042929579	0.0627371907314795	0.194867800680102	-0.0574879943109719	0.1187328433529	-0.0847743197424557	0.0514559194981787	-0.0228786204714474	-0.0206616761719864	0.0320436506735369	0.170655582167257	0.0676935580133231	0.00912019969700186	0.166105183127688	0.00562860572466904	-0.0187076351927471	-0.01850598719238	0.0287516462162227	0.0516113618108744	0.160468233936211	-0.00291927786151245	-0.0442701835933814	0.0533434182720101	0.116293564641964	0.111069855933208	0.0983143160381339	-0.0252639885298124	0.0545305442075861	0.188712444648199	-0.0397807532272643	0.212333624174121	0.165213445577133	0.253132617396363	0.167783518703189	0.0288524116645998	0.0909370051780766	-0.00324236282654966
MEwheat1	-0.245207119945259	-0.272403838301645	-0.150402741624694	-0.271667712436181	-0.279104381948995	-0.249364984542527	-0.219285430480928	-0.199452328657206	-0.269298297810664	-0.266221224332012	-0.100454308156407	-0.042560271959752	-0.0815252647327606	0.0104252053671841	-0.0368660624089934	0.0662391396026649	0.0495014228256671	0.0397815493153129	-0.0855795999410284	-0.087374146105772	-0.000528768164470037	0.0180757768588796	0.082490340568578	0.109012684263437	0.125075897744731	-0.0838358264860478	0.0965085063228383	-0.0238457119355486	0.111395536187912	0.0351220989557614	0.115603252880874	0.0954840485997551	0.109501126459046	0.156897018943193	0.11646844807287	0.0217908765375851	0.111744667126201	0.043351185940837	0.0866961239970679	0.0684746492591464	0.0919578326993416	0.160682043653098	0.190519440178854	0.182004125484618	0.128286827585955	0.150990903868297	0.136834129475624	0.144004759214688	0.078710542234532	0.0313478597463424
MEwheat3	0.135213468204867	0.140825481058884	0.286815613007748	0.116373956367823	0.130890541119336	0.136203458298275	0.171883350729381	0.197410383565431	0.130358579627268	0.138826248756785	-0.297146317482802	-0.131960551637675	-0.169274203613781	-0.179049697382488	-0.229257967017372	-0.224323583043823	-0.0338006856077039	-0.192716238442086	-0.243815106969453	-0.0825676823154211	-0.0460124803939914	-0.0718677363226859	-0.151263318411091	-0.178419191937399	-0.100461428478788	-0.154230732126723	-0.0910077816133523	-0.122407766420999	-0.0637190491126604	-0.065805369969622	0.0510742943316058	-0.0157757088916606	-0.101778352866438	0.0530525227263282	0.0328469180888137	0.13510495296817	0.156250730507977	0.106602603723626	0.00450675202620987	0.0623080448134511	0.115598448903787	0.0174859095830342	0.0163737602039131	0.114225355761557	0.162534973198682	0.25733880444305	-0.108021775698044	-0.00353663441771305	0.0842855449331124	0.103828663224654
MEwhite	-0.22544389552242	-0.259936514148843	-0.110295784464642	-0.245781214553811	-0.261179007786495	-0.242020657955175	-0.199669092884996	-0.180483083709592	-0.251099146362196	-0.249960081862966	-0.129543671436788	-0.0325363260247712	-0.081853033693604	0.0142236053465978	-0.0518322029498746	-0.0597378136866318	-0.0572861448659087	-0.0870892895714142	-0.039714601736258	-0.112721465475774	0.00787896591064692	-0.0338857698534481	0.0672860703223492	0.0550378134426085	0.0697668094696706	-0.0349458817757949	0.0217779048289876	-0.0165341244776097	0.0552772207669634	0.0256956647505033	0.135218506669886	0.14499267907009	0.14249309285065	0.150190590967468	0.110092070274771	0.010262971720627	0.131882670756566	0.0443941038441189	0.115705028368559	0.0527975351018947	0.133426446307002	0.148066976893757	0.217121385113236	0.203461042947352	0.179913569214123	0.183902174285503	0.129275620652615	0.221236942507012	0.108284768917333	0.0838865734981216
MEwhitesmoke	-0.21713325579776	-0.252728271536902	-0.230730682410505	-0.151893900251019	-0.10399204938616	-0.239034981830703	-0.158527911723704	-0.227357718582728	-0.196678403317814	-0.126882950294072	-0.0447898221088882	0.0774031598516409	0.0386006515665846	-0.0897235003409632	-0.108845097065444	0.161467221158423	0.0468400915971957	0.116728803228272	-0.165878998442326	-0.024323395480553	0.148765011815817	-0.202099490262677	0.0779895605112593	-0.107018645407346	-0.075708194539798	0.313646253060488	0.18522852798818	0.0092523689202004	0.100409459754129	0.0349217684640881	-0.0546787788366497	-0.00215313335406781	-0.0507613981407357	0.0900093037232771	0.127833937849346	0.15620815826228	0.11653844723626	0.162755867374588	0.00846838910006829	-0.0453648838449164	0.0591968333828856	0.0637837992249421	-0.118245946342775	0.25672809344551	0.131872946891117	0.093856095127953	0.133134182862258	0.190986004480839	-0.0398132922318018	0.131739764652705
MEyellow	-0.204567034112631	-0.248254670623435	-0.203563332479247	-0.190803760447795	-0.206166479429483	-0.212187571950642	-0.169101175629625	-0.214398218832878	-0.226295834401034	-0.189667674141269	0.0451002472673098	0.166536963766989	0.22190036276037	-0.205602144159614	-0.0509084829336539	0.089362132402516	-0.0484076829138095	0.00154087077220627	-0.0783201991603927	0.116994293480625	0.136965792912665	0.00279549364355532	0.123314165764365	-0.113153529932317	-0.0585082524956713	0.370631153125442	0.0456629274855608	0.041452061022613	0.00879326876087018	0.0134720119007196	-0.0473936189148709	0.0338978915787983	-0.00444976645142127	0.0333673742116553	-0.136671533940461	0.0784810432390958	-0.00907871240588895	0.0595893680451152	0.0665314808185484	0.0427997852809667	0.0826334112631827	0.126691721151845	-0.0585118356241567	0.208165582492068	0.152660694899938	0.196203764555277	0.0569705870810703	0.0505058256763657	0.125466458048984	0.17752477757158
MEyellow2	0.23267318516465	0.185984239549478	0.304439808540537	0.209624841071167	0.21544336186926	0.225146646493924	0.259643488722225	0.279714575062344	0.202206129330994	0.226857539411703	-0.144187564501476	-0.149132688676095	-0.138900469191364	-0.128017888259411	-0.182287467574148	-0.0632891461212172	0.0913118974126362	0.0375791453587135	-0.221783760630248	-0.226154506417121	-0.174569073536113	-0.141969704395485	0.0740634962507126	0.01198532608467	-0.0112786817062675	-0.0292308204356042	-0.0638948769380096	-0.178170077086178	0.0843368168057827	-0.185534357231976	-0.048788820824686	-0.0389834835587923	-0.0614799709504104	0.0762649394339916	-0.0914197399754249	-0.0457963499798119	-0.0965039044047099	-0.0509127351902563	-0.0492970850126472	-0.133240484957699	-0.0157742786374466	-0.00456404538798347	-0.0377680332183292	0.0599236945558645	0.00319787853905998	-0.0638136363931148	0.0910400014201039	-0.00217932163513168	-0.0248306820041992	-0.06768335624646
MEyellow3	0.22919525399044	0.202469510450207	0.314306485337758	0.212712534666913	0.229129891968266	0.220435193677833	0.246886248059234	0.268215536380398	0.212939431161286	0.235083461800021	-0.191159691990918	-0.169958582928102	-0.141210122605584	-0.0420115787605866	-0.194808453476896	-0.102830211892247	-0.0551053183964144	-0.117328875423785	-0.145989090344868	-0.180839083198341	-0.159083752778157	-0.133145568391656	-0.0925916342483651	-0.123266979666428	-0.0928523446533902	0.0217780595650273	-0.0598880194091548	-0.158666857642989	0.00809025461994906	-0.175759119668232	-0.0785076356427918	-0.093866199043413	-0.107108062996185	0.0139270268032782	0.0234127998926913	-0.0630069969757133	0.00114471204536459	-0.0165231085377515	-0.0129031644012508	-0.100251930184668	-0.0502576954864665	-0.0211619876335532	0.00211224685420862	0.113189508129239	0.0384804925252775	0.0434741694489614	0.0946990376696607	0.123888107384706	-0.00054774423560139	0.025059848182789
MEyellow4	-0.246308112097724	-0.251824099698906	-0.135944290538983	-0.272404885116583	-0.295404478409113	-0.230405845047253	-0.223633684726386	-0.238627168776069	-0.261672725180521	-0.255794452156436	0.0937806888979212	-0.0171240587144015	-0.0455176151792804	0.0482031755853427	0.0180380197226724	0.0178412675263081	-0.0162713656497211	-0.0529846744310895	0.101777672927188	-0.106520236637587	0.0689713670949256	-0.00194017086988765	0.156619787746659	0.0929690506115072	0.0886586324529021	-0.0664076064644053	-0.012310427537527	0.0847472149995297	0.0135265084975367	0.000489722463832609	0.0820117798411023	0.11846034011851	0.0852200769718564	0.100504478896103	-0.0552378331531311	-0.0573644692386626	-0.0138254196874835	0.0251804419376585	0.177899881521693	0.0563505412343742	0.134944305135302	0.156871397408911	0.142628715715212	0.186909227342646	0.119829938963118	0.118192927986343	0.114901747154697	0.237726799816232	0.162751786059165	0.0515161246819039
MEyellowgreen	0.198903271263874	0.145321725754729	0.23914338498662	0.167547227700314	0.224769645985118	0.171056368577996	0.203527663979452	0.21099057611448	0.154187408792223	0.233800096441365	-0.0813882687485552	-0.103672920355999	-0.0159391468870328	-0.284726204495411	-0.169282812276935	-0.2027175090065	-0.235039485509522	-0.292447542978995	-0.170187646175518	-0.0590679394792885	-0.0298154061357856	0.0642074741141824	-0.0762376529524204	-0.123429050654132	-0.0896139431582159	0.0272405159077771	-0.204570994646223	-0.029913022150115	-0.121649084333927	-0.0532222621328221	-0.062894452899637	-0.0414176293294557	-0.0159174344621827	0.030969533086639	-0.184960776706039	-0.0588016518275622	-0.073100689996556	-0.107505654562426	0.0764466405062833	0.0683030217528269	0.0511053195719186	0.0756825734877563	-0.0302943940746502	0.13268291089223	0.0991473882169143	0.0890410807982699	-0.102724531746216	0.109841716631837	0.164618667464061	0.0820038956552586
