module	Bger_1	Bger_2	Bger_3	Bger_4	Bger_5	Bger_6	Esin_1	Esin_2	Esin_3	Esin_4	Esin_5	Esin_6	Pame_1	Pame_2	Pame_3	Pame_4	Pame_5	Pame_6	Pful_1	Pful_2	Pful_3	Pful_4	Pful_5	Pful_6
MEaliceblue	0.112161725538148	-0.173221712832564	0.072634623310141	-0.196937101194808	0.0681933967949729	0.0978066941196877	-0.288804840198612	-0.27246896774978	-0.255320682225246	-0.184241608445621	-0.303234922376963	-0.256887425024672	0.34070850456905	0.0719205984322978	0.28262516223006	0.307194266940808	0.21215715084697	0.0449563414214664	0.235847186526291	-0.0254056801836937	0.212077256122077	-0.00832875262576445	-0.181254944386549	0.0878237303923044
MEantiquewhite	0.206131586558657	0.4222514529671	0.313240210004499	0.350837339608296	0.229145976381215	0.216336603103736	0.0238113695545881	0.0767107301710581	0.06342097520856	0.0791780213184891	0.0558099908065337	0.112672429292165	-0.231866488522649	-0.250734093986509	-0.268195896308356	-0.225354281316582	-0.244005040955159	-0.147811401686906	-0.116247141650327	-0.139685713711931	-0.170601373429102	-0.0938887850714635	-0.117006503457744	-0.144149964878167
MEantiquewhite1	0.273520300599942	0.135600593379146	0.314949565800257	0.11649694343594	0.47626578946319	0.473864468909644	0.0305900368969676	-0.152968500553478	-0.128602304885233	-0.00292087094903561	0.0591468966869632	0.00244964370383158	-0.048603859976805	-0.212398514024121	-0.0716049651322238	-0.241071274261562	-0.229139792807395	-0.218542254194264	-0.0840558131811794	-0.223732933027045	0.0258814649169501	-0.0870010734017529	-0.0924694485945295	-0.115654098804205
MEantiquewhite2	0.115869898513495	0.000886403649624697	0.0193275795063927	-0.0460844723606511	0.230934702965408	0.147992402958444	-0.151464112865879	-0.387871455267154	-0.224823403285723	-0.139440355080324	-0.324459741906028	-0.408049732308025	0.201575084890718	-0.0861963542036286	0.134493389629868	0.0437153055773875	-0.0073169981557304	-0.267147418547002	0.184832785186506	0.125504928894845	0.0735903544285634	0.228140985292053	0.30790481972829	0.22808540275855
MEantiquewhite3	0.0135071526384254	-0.0153846601395176	-0.0964152393603103	-0.150631027514497	-0.176543672418668	-0.0533817900766631	0.291704889501277	0.422762180645949	0.306557381778574	0.300541116003434	0.263373847714413	0.365397549177055	-0.0804583155099796	-0.234709557973782	-0.180963407776802	-0.250158346999435	-0.201769339081397	-0.158443933040184	-0.0714615857146477	-0.166058602463546	-0.135387681130502	-0.0345092252081085	0.0793850222333093	-0.036952755284396
MEantiquewhite4	0.000354518110268098	0.0162857135053838	0.0879372201917057	0.0510299519095842	0.0113851760384984	-0.0753227309593211	-0.287772885392941	-0.249115427121533	-0.32048927588706	-0.317273269629889	-0.353460408627979	-0.375324165246263	0.296629127382802	0.120723442861329	0.238774607970404	0.230143800330781	0.199354790620866	-0.0501317370301738	0.184307629270579	0.149287007963351	0.190726481105942	0.106613971383523	0.0630194008736374	0.0823170603765054
MEaquamarine	0.258651377768105	0.140859197133399	0.176554337903333	0.0856627557509616	0.434094476402448	0.408347657915654	-0.293017638536596	-0.23903369342702	-0.175839675208075	-0.290225655566334	-0.283214201505397	-0.310923176659633	-0.000552128218918417	-0.0892599015028067	-0.0357146190308542	0.00749272917358697	-0.0943000729179392	-0.000210873568780478	0.169379252743154	-0.00937341771097887	0.167783723980268	0.068966678476336	-0.0438641654235164	-0.0522629679703931
MEaquamarine1	-0.0183201150145437	-0.330321020101356	0.0742640681388222	-0.221004604375592	0.102212238335115	0.149975449346665	0.117787910310028	0.0345304382493302	0.0346951615585685	-0.000318607401171608	-0.0585918750507497	0.0533272278243908	0.206926289958076	0.276647382617264	-0.164036897136893	0.176463358034797	0.474770296208488	0.300474134911741	-0.337869651816209	-0.15887693384786	-0.281521946208173	-0.105535642979048	-0.211793439756155	-0.113883221805538
MEaquamarine2	0.388593803651522	0.392622932397552	0.0804452200496212	0.120079379544606	-0.10824719461997	0.0907826736316708	-0.238161354709117	-0.2147336780351	-0.306678313436384	-0.206511357134003	-0.230994433514003	-0.237511920816801	-0.141647234168642	-0.164883374229864	0.125846930716644	-0.273197892662886	-0.00796049410454346	0.147094543051595	0.197572142699669	0.180083019739728	0.252632942916137	0.055236980470326	0.0183496433183034	0.08118703524394
MEaquamarine3	-0.229549970141266	0.0872894720325383	-0.214310637586052	-0.169694830535296	-0.355134537296842	-0.314191229535131	0.429472056178025	0.0630143272947226	-0.141701782352303	0.350810322532907	0.217896514001358	0.0417005569685	-0.100085815408718	0.00215102595403326	-0.0441278378516595	0.287292166023659	0.0703980408937756	0.115526530079699	0.289924231553831	-0.162937369137843	-0.0634846010583708	-0.14509680849727	0.0656734106503496	-0.0808332347626463
MEbisque	-0.190797901998571	-0.17066749611707	-0.00640642038954551	0.418415816672159	-0.161356457141361	-0.256590637792471	0.520496835113615	0.261913644694412	0.119898200583716	0.175171862524185	0.00633398595700271	0.115899623109008	0.106973039680774	-0.161039086705707	-0.180799811049999	-0.162104455650756	-0.11065074067512	0.275424124236332	-0.146998425955464	-0.0672554628139327	-0.201137552328333	0.00677242993507942	-0.0927922098984465	-0.0987029039895057
MEbisque1	-0.175608630771667	-0.15729259783202	-0.100979220613591	-0.177983170084428	-0.316071871237621	-0.335175067320209	0.274749343100138	0.23385697404112	0.234255928905223	0.373916872127973	0.300857049335474	0.371833570608771	0.11876145187042	-0.117455511769068	0.0450247900324762	-0.114427853175159	-0.0594663421468621	0.0849943737551487	-0.18483258876082	-0.153560530581231	-0.156979079557558	-0.0129855092193812	0.0156649882501849	0.0089026310426818
MEbisque2	-0.257235096667444	-0.156870290035281	-0.0223128977674251	-0.026132476197078	0.0297478764098675	-0.208513210948124	0.434811794753472	0.306768060432822	0.411069571039849	0.231852724405931	0.0361573625582889	0.285925400719501	0.133370446751508	-0.00553358520796911	-0.257755285563069	-0.01701574921219	-0.257589464974128	-0.111968045199175	-0.0703806426673728	-0.177016022723861	-0.264119866153086	-0.011347857464923	0.0358756222368609	-0.0617883685269716
MEbisque3	-0.451146455815776	-0.180286514413454	-0.296590118873876	-0.274688704775841	-0.308484347870664	-0.254497629921544	0.0583697404564819	0.159567064773062	0.0282083562758445	0.0094684052032967	0.315706989907035	0.296471509619078	0.30473669048098	0.129132452447122	0.175888986334122	0.071055516872454	0.138579464949568	0.151037285405149	-0.127063616171622	0.0624742123512646	-0.00284380541993348	0.0343168039807381	-0.102590265336703	0.0631779795432173
MEbisque4	-0.254646734672172	-0.135914670605858	-0.175062112475361	-0.219402963974324	-0.311028976725823	-0.294479816161103	0.203443134696064	0.214086368658741	0.146155053489274	0.150198201317526	0.197154362048047	0.215711747040078	-0.112056118431119	0.309382069384301	-0.125812803662767	0.0949391365074063	0.331465870632485	0.338645015751335	-0.118164904813532	-0.0966330601052886	-0.222951537561184	-0.0457342686672975	-0.0207358588720506	-0.06855713279738
MEblack	0.252893357336697	-0.0424663652487443	0.136108699845178	0.0441840849657151	0.348816334908452	0.331912139493455	-0.328051708304691	-0.321343921097368	-0.317168848501395	-0.317980344727358	-0.241372936072142	-0.294608779632544	0.111278041592836	-0.0617926282777582	0.120462358795752	0.110765053513621	0.0150864814428932	-0.0717640943962156	0.164620385866067	0.0998297731777621	0.188780012726227	0.0240467773893103	-0.00351132740094715	0.0512774526051979
MEblanchedalmond	-0.418495052428486	-0.101121510369814	-0.254803117999357	-0.117306211412383	-0.404608352857151	-0.398005941983355	0.0798536449952035	-0.0266075883971943	-0.0600202223466059	0.0840939367468278	0.058322710937519	-0.0482205859977624	-0.123227795337658	0.0987898595592326	-0.0954948462829835	0.0945251797317967	0.203515169424307	0.283538901932677	0.245756095126696	0.221433086112255	0.1501570604262	0.180295915633127	0.156044059765144	0.191585605021763
MEblue	-0.314357034600153	-0.182422187763011	-0.168207658319238	-0.216502351945008	-0.321099300740391	-0.316218936568722	0.306107106697997	0.239736541250312	0.283173218812865	0.331995463762076	0.249628564012714	0.32334732328336	0.0168676253815023	-0.0789212659526818	-0.0129419135872152	-0.126783758499553	-0.167783021074221	-0.0634557096220775	-0.0143441909931201	0.0225589402594828	-0.0438432466084493	0.0477785539563361	0.112294240353915	0.0933929985032818
MEblue1	0.148805591397716	0.155127629752231	0.266164892886159	0.0946615285913634	0.398140473057663	0.378726167460679	-0.294390938843301	-0.00793527691482216	0.102243706193098	-0.0184331725056396	0.341545119971991	-0.102126751930502	-0.120287534827116	-0.165378455038829	-0.0583995866965903	-0.0464003221791865	-0.27086763296331	-0.196151809654529	-0.111765673574893	-0.165511087139015	-0.194451050452963	0.209435401131818	-0.234250103281949	-0.108501114440073
MEblue2	-0.243936793838221	-0.255969995863496	-0.270167017879142	-0.230987808166641	0.0233042669149894	-0.00621126684588131	-0.206152045957858	-0.247929642361715	-0.149695769315883	-0.0871293992918609	-0.248840148171337	-0.321979535172154	0.283389070585058	0.159768563566915	0.217039980761869	0.240510584671094	0.166944090695348	0.138606434911415	0.211991198593349	0.179896778727862	0.148935633716316	0.148314124691355	0.112776109217036	0.237522585811584
MEblue3	0.0625811926231074	-0.178499104547134	-0.0248057496943486	-0.156413201699235	-0.00171157787106353	-0.111043336242382	0.341498722933078	0.216016849487507	0.335966484405279	0.312372167392813	0.326519629449529	0.369684857681056	0.0751899414211365	-0.116835235511182	-0.056533178815775	-0.108460225932539	-0.124114878375198	-0.251519884901928	-0.252797166087161	-0.240655854506665	-0.252990873371065	-0.0494426445819969	-0.0246657407093308	-0.0893411925465056
MEblue4	-0.190823001847289	-0.129820090930189	-0.253875938759371	-0.264630483874035	-0.250426262115293	-0.228878916120408	0.309018759331625	0.317211261073621	0.275609392958249	0.322252790784591	0.251741377408517	0.264418334165146	-0.026344872221232	0.0827775040183105	-0.0429700572346158	-0.0665785481307266	0.123134473684754	0.175786455464455	-0.0401764728796916	-0.0822934047851073	-0.290235787246519	-0.0733339028743009	-0.0084204337112934	-0.173142176159197
MEblueviolet	-0.0415397062873707	-0.111786028136132	-0.10261692145052	-0.153919675407173	-0.261139008508599	-0.325189648188059	0.248726384217097	0.305069541714098	0.380511101708986	0.32215466098098	0.197369589797831	0.346490130733142	-0.00659217820617168	-0.218971748281038	-0.0853189680436099	-0.249944407519847	-0.270038094701612	-0.0903116766579578	0.0273434898332598	0.0459225840315684	-0.0849684765624935	0.0316473278425787	0.0641667698810977	0.0329349572099471
MEbrown	-0.255326145148672	-0.195407121896529	-0.246697792859937	-0.226857289255442	-0.190156149578245	-0.226209091122598	0.158656994095065	0.163200283458717	0.151240755902584	0.124699859454703	0.128820594466453	0.143716277533084	8.78960459404533e-05	0.391522671242729	-0.0803266075889867	0.123583065979379	0.389720317192041	0.38225054088358	-0.0918613354011656	-0.134371830486191	-0.145357311724548	-0.0723036179194872	-0.166477710422277	-0.126147252850198
MEbrown1	-0.293379658546231	-0.0978078596533341	-0.184366077737138	-0.143450886863363	0.0368147826580103	-0.110635151227204	0.428025506607382	0.284665725312463	0.238129839920705	0.217381334389671	0.313748777721123	0.336949387715927	-0.0857754712097799	-0.148602532598593	-0.232963496949639	-0.243884232184299	-0.128577305274722	-0.118593181267503	-0.144294834533321	-0.0611236477121091	-0.15448548990522	0.102675095107154	0.14628110420481	0.0432682720252092
MEbrown2	-0.255730104088265	-0.272017957531328	-0.196525101681934	-0.212815067021618	-0.273543488173838	-0.279091809889718	0.0508027369875864	-0.0432469898099069	-0.0287566026609009	-0.0608000656336971	-0.0946534438321531	0.000895936093054994	0.281055055711373	0.300483157582201	0.196940954908942	0.270398881808005	0.36406540468489	0.361845828511611	-0.128196577665358	0.112265366699185	-0.111580021898442	0.0765113911155275	-0.107708086274028	0.0494006020588137
MEbrown3	0.366712172400879	0.115918767379557	0.131183137981666	0.187862685663895	0.337109356529346	0.307539848210133	-0.329621883613439	-0.264003064909108	-0.193668841838078	-0.304365842916679	-0.326345765131273	-0.251021967566297	0.143929710873474	-0.0314525384170752	0.0824509514682714	0.0938589217081556	-0.0284932574830404	-0.113839334600001	0.102205497869408	0.0757607760416733	0.132042257406856	-0.0733253222188874	-0.152332299018248	-0.0081039658211885
MEbrown4	-0.249356953127901	0.143071765911894	-0.230693984285356	0.0564872099880128	-0.385275034853052	-0.107801629064903	-0.111621516056743	-0.170058058378761	-0.107547387226368	-0.0481903234631195	-0.241217482547291	-0.133962848215668	-0.187013826373698	0.364058620334688	0.195700568142689	0.2329940928982	0.324383285584133	0.386717231520941	0.0266518885197748	0.19177843845617	0.0887752198810476	-0.020431911987075	-0.0745670598687425	0.0571196942111296
MEburlywood	-0.0445171251793358	0.177064111012806	-0.129661909030048	-0.0157689830973552	0.114301095422119	-0.205194756864882	0.302169693020176	0.137307584112797	0.289328236629622	0.264989988386479	0.288041060814484	0.413684548622777	-0.286799398927688	-0.130882391301213	-0.232963872192656	-0.289287081042143	-0.0250583253431702	-0.131609513511868	-0.141788326238372	-0.172407272789222	-0.253648572578396	0.00452162794974385	0.0812083668805731	-0.0130287847552266
MEburlywood1	-0.400703816171789	-0.296506979566896	-0.217098117705692	-0.237749470007331	-0.16955546316811	-0.352325002423495	0.153761889484982	0.0450785741279728	0.087160061536748	0.299238235389903	0.0524349559412686	-0.00619655205404705	-0.0461179526623272	-0.115693012257099	0.103569533597592	-0.0467415655824606	-0.107468238518437	-0.0253618289101502	0.189989319625972	0.287520068086943	0.239066442572557	0.0961626039032046	0.102802453646739	0.364733861113953
MEburlywood2	0.14816609924362	0.0155160590449593	0.147024331425808	-0.124783921538372	-0.113784765000521	-0.185304759794758	0.171609074115092	0.444297456084308	0.271941562500851	0.283542382017782	0.0715326619481763	0.322276074667386	-0.232571843720363	-0.312372603333828	0.121651802347434	-0.130419944771874	-0.0794371031400421	-0.0671759378093768	-0.00259891899488584	-0.371324530205155	-0.135996653221742	-0.125342006684162	-0.180666409471455	0.0642218942911213
MEburlywood3	-0.608859512990175	-0.225982556236704	-0.0217926509391185	0.0204335916331037	0.0590350127118149	-0.128652900708998	-0.142059685728539	-0.117486404909573	-0.250377563862147	0.0263253702006591	-0.0330058800094498	-0.148505455840967	-0.149866914688502	0.0394908803769962	0.00659765951098178	0.134785476857317	0.139365704453992	0.0492669719071735	0.413938959421854	0.25195548744844	0.106681960214663	0.12024602812332	0.288141568684887	0.170324854368972
MEburlywood4	0.233014053078324	0.237900935755922	0.268617679063158	0.22325905221946	0.0757074540523901	-0.215076872345763	-0.225761463202609	0.3730398550724	-0.206657072282367	-0.229314672075506	-0.275604185939023	-0.275582093391667	-0.109485426600197	-0.163114630099954	-0.0288011461509086	-0.212873513540427	-0.164384179910888	0.117351417927842	0.107473617725047	0.227440726710307	-0.0872227906284421	-0.0622101803499807	0.179366202967512	0.212917231945367
MEchartreuse2	0.204122781907535	-0.016283914189215	-0.0998811444797512	-0.152787377294566	-0.206223652573423	-0.142659522935989	-0.370937471548243	-0.252501593486626	-0.310114858250985	-0.203740161271386	-0.0758283173747353	-0.316819773797304	0.168749403894769	-0.0260587825701081	0.248949469904588	0.215806892042062	0.194329704843003	0.091255267558909	0.272430656778921	0.232161083228439	0.0262593154198492	0.270049904269695	0.124088874741037	0.125633215183524
MEchartreuse3	0.320659880631669	-0.082318121826204	-0.0977034493459072	0.135567435439464	0.293974209499898	0.285644741168621	-0.279135854602555	-0.295692517162102	-0.313339972373284	-0.324432160492569	-0.218664960841842	-0.222464660486228	-0.136347835243196	0.0551276277100766	0.0630691636234828	0.152770903373394	0.138984785557984	0.0547028697859205	0.322072199857554	0.0997651312556717	0.146639805118108	-0.102608533028092	-0.0736034288793397	0.0773327412594733
MEchartreuse4	0.331891311024325	0.411695451089026	0.331933825117152	0.345119412836859	-0.0722428467780435	0.139375572786891	-0.229417983331994	-0.19890753713826	-0.24740264278185	-0.16223604171813	-0.341185948703444	-0.247458194266352	0.0289752192363281	0.0275349247250358	0.0618113299627986	-0.0791862842455466	-0.0321017197781329	0.24217469769552	-0.00152074342954805	-0.0570592498179442	-0.175241621963801	-0.0109486459380273	-0.0596970830645445	-0.0059052015183176
MEchocolate	0.0368651095805342	0.22404137223543	0.163018360138258	0.285837543935654	0.286392563291637	0.291805597578242	-0.273078090433515	-0.267962929290399	-0.209978870573357	-0.196046446719986	-0.16730947176796	-0.178690599618324	-0.14782321907706	0.105380884170991	0.0728044430591404	0.418603298120494	0.04011455114077	-0.0986311480377599	0.267931116954473	-0.127048722623884	-0.151663618622288	-0.142504193692621	-0.0916689523255034	-0.140388577422968
MEchocolate1	0.25502694465599	0.361893351368854	0.344362240638195	0.223412302647184	0.057480206435316	-0.148367164988681	0.0638543612856512	0.211882848074187	0.159841786176045	0.223197652145193	0.125924789416883	0.114163386948941	-0.0684261898622277	-0.226906071642319	-0.152529475609988	-0.256381603440514	-0.31599478461377	-0.217655266274192	-0.217981164714147	-0.18537408060931	-0.255127670126215	-0.105977842549943	0.0610154049990721	-0.0513339603602004
MEchocolate2	0.0284307617266377	-0.105502135026803	0.0996594899909362	-0.145798728737256	-0.204200655291078	-0.303329692507804	0.423900108618415	0.198795135148234	0.14474931214873	0.0928335703689992	0.213037334931995	0.404340405813513	0.0531643401216301	-0.0333347337099364	0.111289932711684	-0.0621831275937365	-0.200285705967194	0.0135998560828152	-0.237217317719323	-0.229701384370521	-0.235400568934386	0.295436257457607	-0.135115848304911	-0.187166606958244
MEchocolate3	-0.409472039690168	-0.169832688849856	-0.230171448750051	-0.223953449556662	-0.353510777602478	-0.420251325040071	0.149219036939898	0.122591198950083	0.256270015924898	0.252317045529069	0.0314314296388135	0.135356062336094	-0.0381221174613649	0.249064577956725	0.0217642107074356	0.0396668670553233	0.2127837906717	0.273956641671394	-0.0823058336194166	0.043003134347185	0.00179110192014833	0.127748736494714	0.0366812090229023	-0.026025378596314
MEchocolate4	-0.200138340699286	-0.0599316932653758	-0.142067158665189	-0.134700642085282	-0.0831589392919091	-0.0727489426762525	-0.122409132962266	-0.220368027616527	-0.211765126502161	-0.160973774905634	-0.0881654198020611	-0.170383515319487	0.125916047448776	-0.163312968778875	0.137284156685108	-0.0383562847978504	-0.101232055599984	-0.202437926872341	0.36396875931104	0.279183042915122	0.235163160370561	0.319952143094752	0.358108946718173	0.352573693296952
MEcoral	-0.347207652363968	0.0156191217434878	-0.18052698582152	-0.0590253087213174	-0.453077642094793	-0.243783858286218	-0.128010870262844	-0.166422758234088	-0.0833915961473298	-0.126834833492107	-0.0992771281911203	-0.0400573312884728	0.289649853949046	0.321752706717308	0.308205802871001	0.235743392138757	0.162954933274828	0.212862277614118	-0.0646024605853581	0.102365947423101	0.0805559072424605	0.0683739712879887	-0.0534668144911426	0.247601325718186
MEcoral1	0.0638562035598006	-0.13631672119565	0.0940402254720043	0.0141812423552171	0.189707987359361	0.072250567830652	0.343225495985446	0.201686730000095	0.282324247207035	0.238037110913955	0.256776121418277	0.280038573232195	-0.115892147333521	-0.232745971488569	0.0164649319022351	-0.212104593418824	-0.186689373484494	-0.420826585739513	-0.177201534873656	-0.0992913285359332	-0.302597403635111	0.0102517429694332	-0.173523023426235	-0.0056524970742034
MEcoral2	-0.289083699578319	0.105912059351304	-0.339498867765102	-0.0617760652807853	-0.396089913611773	-0.390586795375106	0.0588586269586451	0.338577029852383	0.216464847213961	-0.123180868256917	0.173845491561748	0.138468550161421	-0.103664768146119	0.179973389256881	-0.0728259256214676	-0.00654834130828832	-0.0845963313040786	0.0364418285456104	0.0361152980353678	0.16162170068497	-0.0456724689805677	-0.0815328550359728	0.315989049890287	0.232789028751918
MEcoral3	-0.278169188518472	-0.15324957569048	-0.122885215908464	-0.116326764604106	-0.154241502619022	-0.187172780133147	-0.257596869308853	-0.164800831784555	-0.219938803805452	-0.153539865814761	-0.149464948766093	-0.292873120446631	0.177747565741906	0.126263227694441	0.273882829289941	0.119914438276539	0.00289270693696208	0.0302079616902939	0.306062017293181	0.191682130106605	0.24887526025988	0.201868842035441	0.239575246883112	0.331287241191732
MEcoral4	-0.280691496005028	0.0413368670228537	0.124383127260291	-0.0622337913313691	-0.162090293231796	-0.131328715622801	-0.0537355825687358	0.00225798642002485	-0.129147394014191	-0.0379632306757324	-0.0364685875584839	-0.014990777552532	-0.0866966654049474	-0.196828372060708	-0.0952791069591651	-0.27761529325048	-0.289824761729136	-0.169635943672369	0.339850329657691	0.259716455072948	0.241202791693196	0.294009164702337	0.340379675771433	0.381393614036698
MEcornflowerblue	-0.282782467548922	-0.133942154055844	-0.289409941194565	-0.146363406738081	-0.29836899231366	-0.118859251754022	-0.13812904460213	-0.0951966722559269	-0.0567853069663328	-0.142708609179285	-0.179500122240057	-0.0888199102190843	-0.135431546002611	0.0719989645344629	-0.0344255910702557	0.091643816209296	0.0699845131926316	0.160839497588419	0.422412029836949	0.282666402782846	0.279130524636891	0.215888297441546	0.328056448869513	0.218102521048219
MEcornsilk	0.0349488238770697	0.120876680341501	-0.0458366318462553	0.190521381336353	0.109364843613912	0.158602230175293	-0.382490707198128	-0.293728157058964	-0.282409618490126	-0.27287034803874	-0.38363083290356	-0.320659655670929	-0.041493587965252	0.101916168325907	0.00462081562269543	0.151171441951475	0.142570136013214	0.183017602810812	0.290151729882791	0.249535586771372	0.0946029843068483	0.039890667103202	0.161154032506958	-0.00982558546745012
MEcornsilk2	-0.382860655303874	-0.168345342912869	-0.246439539797689	-0.232063010916756	-0.355177902842518	-0.259134849425524	0.255099895598703	0.117062789501081	0.257646438302679	0.275697258857822	-0.0250901724650055	-0.0503019085253949	0.121052763734504	0.20962392737707	0.0391669891077472	0.0790051892706026	0.243182008060729	0.260297109185957	-0.0980192177806498	0.0704476387586037	0.128252949554274	0.096697317328676	-0.130183142591635	-0.205616532076532
MEcyan	0.261142203466017	0.117926932473945	0.0879038488104406	0.101778700331887	0.229884286465181	0.253900478317327	-0.304858169376019	-0.331908691654619	-0.328547596999668	-0.20997789968207	-0.32941808158173	-0.333070863689961	0.200782639385135	0.0753196452226865	0.160879761456028	0.19114246305025	0.145315520603832	-0.0385926106240669	0.0544143964109792	-0.00777606139761282	0.221011257103493	0.00322705364408412	-0.129178865953314	-0.0913003457822224
MEcyan1	-0.05083236684703	0.303161873634508	0.231135045035285	0.24762744238752	0.124662909675539	0.252888313120394	-0.165636580408639	-0.358904253756072	-0.286433858346752	-0.211179811072529	-0.220264015405565	-0.377317152712973	-0.13071468190872	0.142023270884058	0.0637168187147393	0.334272002414672	0.0969076409520555	-0.0845869013894749	0.242676711519579	-0.0554882031512062	-0.008003958965816	-0.0699842206868784	0.00977693556485279	-0.0295029592515438
MEcyan3	0.384786554506518	0.239981835756561	0.505903926478178	0.316817228914796	0.224209641873911	0.277693782100608	-0.0746638320460895	-0.130477737628239	-0.0908656679651649	-0.160502063292592	-0.0594907761770915	0.0240136484792805	-0.09076823055023	0.0372926043591968	-0.198842020695615	-0.233799148012552	-0.218691180989729	-0.142621321335931	-0.114835108493426	-0.177939265010484	-0.0887739465102972	-0.129115541914526	-0.0920282578415123	-0.0072851240055721
MEcyan4	-0.0390944633023185	0.215151335405872	0.0100129494312899	-0.223312583081627	-0.469051327210728	-0.391896512001457	0.0762013389733921	0.229074309475591	0.177065457672201	0.148018492500769	0.164312380933772	0.295256202197153	0.074049725359322	-0.0916043305440643	0.141558476640168	-0.11444255315755	-0.32372076955212	-0.060714303614369	-0.127292000249705	-0.0503515993196905	0.0234451644038136	-0.0991243714880904	0.110878284539748	0.325580695988628
MEdarkblue	-0.0807665649567442	-0.175536248847157	-0.187237075834252	-0.22200089216206	-0.196012492268411	-0.285684361090805	0.361564554720273	0.258580442596917	0.272139159574746	0.324254742124181	0.367441922560753	0.324804036992668	-0.0480961224450132	0.000529574165309025	-0.00553890579852905	-0.169612935899867	0.0860000669381093	0.0313704886811492	-0.0466680362077412	-0.0744182323156641	-0.20829121354653	-0.0408799520494348	-0.205555768401535	-0.0803861865303582
MEdarkcyan	0.0774783073703504	0.298718831761442	0.141339397929041	0.229424435547873	0.04270307220881	0.107252540517643	-0.251568364343853	-0.1688596847466	-0.175682496119103	-0.20549005925934	-0.34411503025125	-0.2977491917537	0.257358646073209	0.201592007456412	0.0789803808753422	0.148636647756317	0.146305238328039	0.301705282351188	-0.0717632088801002	0.091341009740684	0.110434932836386	-0.210289069525153	-0.239517168734243	-0.268236457139392
MEdarkgoldenrod	-0.159278542629029	0.0238230342255815	0.0795345990144955	-0.0315705741808273	0.38808167687353	0.277547689638642	0.193144161703292	-0.202783446862919	-0.260336578128412	-0.278609367681499	-0.366975647628584	-0.398035254833768	0.0479982052132105	-0.10545910903907	0.0243079097630498	-0.0250506894949381	-0.024378152590598	0.0388915762466659	0.242297422758827	-0.0950593877471097	0.291674602679493	0.144899974792685	0.0185169007459518	0.176818997161333
MEdarkgoldenrod1	0.199659646384511	0.273530234142497	0.108158777504107	0.144540035460256	0.0893865835382489	0.0212637175091336	-0.224779879862748	-0.16247010067619	-0.305363284043934	-0.326438962457563	-0.116857165963017	-0.192834121171078	-0.299889764260851	-0.242311890630859	-0.0459893087094338	0.132617924304344	0.0512923952293936	0.139869895723123	0.450091559726893	-0.0816360965605628	0.132658571660097	-0.139242592131778	0.229166380594634	0.165577444690778
MEdarkgoldenrod2	0.335258606675908	-0.0995261590856442	-0.227331418666164	-0.211966001648693	0.140993577922745	0.14214563821302	0.220627501222934	0.284608674965852	0.0522848226283445	0.113304828918216	0.395064845130315	0.260968554583807	0.0560582557425435	-0.137948477853988	0.0281822112989125	0.00848226873710268	-0.0901012058815211	-0.166745353766282	-0.181839021724727	-0.129838500722107	0.0748108650299834	-0.306495906748565	-0.226689196720493	-0.3343094082515
MEdarkgoldenrod3	-0.0454521904321347	-0.140147931831826	-0.0419686305364732	-0.276338509885998	-0.0150392234677367	-0.111276828692494	-0.29051090511385	-0.1434617865938	-0.0428101602322684	-0.278584815549667	0.0206125387797411	-0.08876821993603	-0.134996149501105	0.378238170736689	0.240935325176769	0.326571688241179	0.434109312788127	0.322891554210937	0.0115463777172363	-0.0775788594674084	0.122218452875833	0.117157964541746	-0.148072077922245	-0.139275095905222
MEdarkgoldenrod4	0.175626540065866	0.222036451642633	0.179573241379093	0.174316955053043	0.0385759271103381	-0.0230843685007772	-0.0451951148391234	0.0554236877950965	-0.139164671948028	-0.129273465283202	0.0607395849092707	0.03208908964096	0.0812361619562215	0.23736212957559	0.050599052582685	0.125902727950443	0.362887729905946	0.265801538906611	-0.268822180546705	-0.271922998077456	-0.440798115739327	-0.266115876728284	-0.23090130230197	-0.246892724508924
MEdarkgreen	0.106220974005828	0.288517501658253	0.195220942687591	0.284974151884448	0.204844229220375	0.149954437915604	-0.297322183311085	-0.215633635127419	-0.283595057157721	-0.332532519200994	-0.219655625966685	-0.264608504527293	-0.145255269547464	-0.0742137740859517	-0.142894994312807	-0.043623115938052	-0.141076306959746	-0.0836955633871035	0.269426395964812	0.194302069709274	0.135172308214389	0.0597987513891878	0.233771931499504	0.121902855373055
MEdarkgrey	0.341288356642124	0.405058695603068	0.383742650017098	0.368951335155384	0.259216147600603	0.203278694250332	-0.0743670472237807	-0.0280563294825415	-0.115322484711444	-0.1089860459126	-0.0582788278657579	-0.0444486574204713	-0.183630375720021	-0.156665301625646	-0.192395706578595	-0.239889301700356	-0.119729901540423	-0.114041771358282	-0.125757580463315	-0.160014893520761	-0.190808122805765	-0.137438913126756	0.11450801494506	-0.0262126331571507
MEdarkmagenta	-0.487034859157574	-0.174870408034546	-0.226533452052967	-0.00306413148094113	-0.315693427456199	-0.331386126936109	-0.0227612063891394	-0.0763497118322723	-0.144352504735799	0.0790924779917143	-0.0170851498932739	-0.0978573756869872	-0.124099383839654	0.15030922577032	0.0677326274813202	0.133794989373125	0.0870772633796681	0.157665586570511	0.34736830244839	0.211897985531209	0.143091440008351	0.137783141998207	0.288017985257644	0.217256711685001
MEdarkolivegreen	0.256265345483416	0.293109651224243	0.291176579434712	0.352892744533955	0.0724143560974832	0.10652371214635	0.0753784525889988	0.164618477285204	0.104219650686762	0.06344962753528	0.235677336363078	0.256031310356638	-0.15847442505135	-0.189605555907244	-0.20914741427007	-0.236581097425898	-0.231381694410773	-0.142161683956741	-0.207338995077205	-0.203508065064571	-0.266657221076882	-0.174037860680961	-0.0995360472229414	-0.153327183591481
MEdarkolivegreen1	-0.149102169205614	0.0485672025763251	-0.0563428563576212	-0.0771342843755909	-0.267638369249783	-0.279651825163882	0.197669168960714	0.278026936785183	0.310503359293384	0.298687028238923	0.310111143714503	0.284167220348657	-0.0771731496033897	-0.152076345806831	-0.174845720250588	-0.306157465773664	-0.26130296517859	-0.194288102681999	-0.0637793000432831	0.0697976611630654	-0.126592964640913	0.0888755050920472	0.163070934920581	0.13660935723837
MEdarkolivegreen2	-0.346284103300619	-0.109399261517477	-0.173183403985737	-0.201128318908394	-0.334894979439726	-0.396129575250221	0.309960170991959	0.265997871168114	0.311422205238169	0.226925406671953	0.24126504250611	0.291859236400597	-0.133372883575749	0.0431133722687908	0.00221691538198977	0.0167635677272953	-0.120905312197965	-0.000427450713277575	-0.0857583920369172	-0.00685944919424585	-0.0536604848786694	0.037403204809499	0.0910955931293873	0.123981028705136
MEdarkolivegreen4	0.0299492764101547	0.164807808392257	0.0697514651516633	0.0694752504611498	-0.155043135937047	-0.12875815280676	0.226703723298755	0.194274558390889	0.15610312958406	0.107458869252433	0.245903942930838	0.227631540921624	-0.125800713142101	0.150750041997591	-0.164043163834202	-0.0464142881414312	0.263556981935316	0.293561471518996	-0.240125959262023	-0.32126003528531	-0.400273743308419	-0.18673169779445	-0.13829295828186	-0.293184212452124
MEdarkorange	0.292940209747488	0.424327138301188	0.422661007987905	0.363097420705395	0.125768603453318	0.085430911906936	0.0551314678037892	0.0198051465412565	0.00609781448143418	0.0716828965943092	-0.0534843041665549	-0.0283084792818077	-0.234269105469524	-0.17899071890507	-0.172818812322745	-0.284929124433277	-0.153399196235869	-0.00906065112452563	-0.172196216211962	-0.138320461429643	-0.318474096500886	-0.0780310779708112	0.0461715408624692	-0.0908319143328107
MEdarkorange2	-0.124169543015283	-0.18739547662917	-0.0360457453515249	-0.110387408937913	0.104410949915243	0.0414823136087481	-0.248153338189282	-0.30031323317662	-0.213569320461909	-0.278666456869139	-0.227894665002038	-0.271338660409893	0.236082215757007	0.0776886549854164	0.12365250446683	0.0459776674914157	0.00556291371955082	-0.0942066371561803	0.339196226961645	0.148189501074135	0.399831690458047	0.242461889184242	0.0512130256378451	0.276390931938829
MEdarkorchid1	0.376917428111699	0.317962092328867	0.194428301044093	0.330837272127698	0.330511108156371	0.318747382534013	-0.117655224098895	-0.151605855812937	-0.140187493649401	-0.164933536040494	-0.253339299768835	-0.0832025438654819	-0.0679122373272628	0.0924243448526018	-0.0296484956516692	-0.12519546382073	0.0635468062268947	0.130203754551652	-0.118119337117437	-0.179508662742449	-0.181731692241927	-0.201951240473635	-0.0829168496161989	-0.257670557706537
MEdarkorchid2	-0.314504567481994	-0.268091036171799	-0.391109895862493	-0.210641835661714	-0.305380262013426	-0.372398045537591	0.132521742943343	0.0317232987791246	0.150569987662492	0.189520508987382	0.178260417616231	0.0583313199503575	0.0143640675115026	-0.0643572465414336	-0.0469147625523741	-0.0635675707920522	0.0288488351121581	0.061263146942587	0.34236600111947	0.220503203309766	0.18410808982868	0.150423399132209	0.205401738702446	0.088759465017128
MEdarkorchid3	-0.34733874541969	0.0340619263577477	-0.101651726008094	-0.0537138626526887	-0.449190885743552	-0.435849342056388	0.0403732333172279	0.0644847849937715	0.254115764841198	0.20961604817215	0.25171581302335	0.0547367567854485	-0.04268713203642	0.0971568397564007	-0.126071810903253	-0.085038998262485	0.119614913772056	0.186139416519648	-0.13984919148931	0.217528095295143	-0.237412187383786	0.160889878312482	0.219855451747699	0.10851495906134
MEdarkorchid4	0.415524561015872	0.173015470766948	0.134939197012633	0.201723272979835	0.349182932364979	0.342889159937628	-0.190649162501976	-0.191764145476397	-0.125783942187834	-0.146310997438976	-0.193343231285459	-0.158863535365967	0.258957296976082	0.0275604597044812	0.126044103454795	0.0521632843857279	-0.0415449309743507	-0.16852787120088	-0.0593962967880052	-0.259078107429511	0.0501528818808569	-0.093934591378027	-0.273941323260656	-0.229014485191796
MEdarkred	0.0187231793086042	0.0318193718487002	-0.0174287323542024	0.071667142443951	0.0706624817736191	0.034845451160214	0.255205445503414	-0.0113445577375946	-0.110062004367766	-0.362324836636593	0.431396224668394	0.25205102916552	-0.250440335619192	-0.251555967392996	-0.280105420123451	-0.191226290450679	-0.290229878639731	-0.26145657577044	0.102558566073833	0.157173982286719	0.0996890803871754	0.19756182328024	0.10118690199891	0.201633919193352
MEdarksalmon	0.401692526697848	0.239136928985493	0.227958825061449	0.342495141193134	0.304408902790094	0.128005810042994	-0.262754033003985	-0.184275152588296	-0.166345081385526	-0.202232404154716	-0.231940508147953	-0.178229009138998	0.0930190177257026	0.146583669579875	0.120815439188108	0.217406525132354	-0.188286748267741	-0.207748261130667	-0.0475497632221087	-0.186103993301832	-0.0385479277607413	-0.118583848239293	-0.128225292241105	-0.0807007638140895
MEdarkseagreen	-0.10245279414792	-0.140397207906712	-0.0822859867769753	-0.198025561900054	-0.0688471217657351	-0.036327681546118	0.262500927341595	0.270730299280981	0.30523303596383	0.175981609452825	0.322452291286607	0.339621196194069	-0.0527946037663358	0.162706025397951	-0.107381524603488	-0.0170807833321574	0.19873182119995	0.159892700400805	-0.26003166137665	-0.230960256113577	-0.222609044195776	-0.196971889795271	-0.258539099894774	-0.223144689397069
MEdarkseagreen1	0.18113094050338	0.301001454355607	0.183622987726048	0.266544624871927	-0.224373468795538	-0.308484666261757	0.206421124045628	0.232765803333424	0.202803787588209	0.0942526846812431	0.214001823924936	0.248870091916438	-0.170870386222463	-0.144825096160715	-0.20254611152112	-0.393881370103428	-0.0253533582118343	-0.0539794830154524	-0.140217256708603	-0.0781410385128109	-0.301631971394574	0.0126008068870553	-0.0521560271698173	-0.0475558957557824
MEdarkseagreen2	-0.050279446853531	0.251374282829773	0.325342942313739	0.235569125508707	-0.13748424106868	-0.287369283664705	-0.228970015481012	-0.276376795127912	-0.236204842107767	-0.238236227020092	-0.263713751194857	-0.255082713839588	0.278296342069517	0.0740038430028852	0.243199531119759	0.242106506352305	0.237092509850346	-0.055440781541103	0.152037244242217	0.0309114263902949	0.0655598108134977	0.0110511375915359	-0.0505716222745665	-0.0668149819107611
MEdarkseagreen3	0.0285924680584489	0.0700273692091056	-0.0184017982407482	0.0878038611283188	0.3580639275897	0.336683863694795	-0.33775149008763	-0.306834080438812	-0.38119207064257	-0.336738397964377	-0.124214050008116	-0.31548646636095	-0.0359615746661019	0.0393061713258665	0.00182854778518242	0.135095904893286	0.163272917526026	0.163313447096377	0.208586710153475	0.105850999974509	0.122435002943565	0.111423389864042	0.00322536996068335	-0.0789300227940801
MEdarkseagreen4	-0.357060293807204	-0.200930058365176	-0.269041106105979	-0.250089765104126	-0.328568086202486	-0.458571649372396	0.239112933604417	0.180220427108469	0.227364134309585	0.265259686220232	0.116166173391011	0.13016320527565	0.126368871192405	0.102802514138804	0.056892348712053	-0.000243781336996818	0.130741854179008	0.209753201275168	0.0511852430468823	-0.0181330868199996	-0.148338877474926	0.03991505868656	0.138284543053697	0.0167465103953475
MEdarkslateblue	0.250403190516602	0.222071291859701	0.26023382067721	0.265055250122956	0.436308006459113	0.325116377778601	-0.156059791210204	-0.174886276544843	-0.136603137360228	-0.151367840466008	-0.120669967574486	-0.137567852071642	-0.175962586063495	-0.164462068982862	-0.200951982235669	-0.259362526002798	-0.249362291847592	-0.230356934176589	0.0975390485267258	0.0687248507220872	0.142775773672225	0.0734803217967126	0.0459515090178558	-0.0300461866133717
MEdarkturquoise	-0.225130809065509	-0.0625136735548953	-0.0850396102527609	0.0147117164106322	-0.246307404071874	-0.316876055913673	-0.316467290750677	-0.159043872868876	-0.191276003046357	-0.181507799617127	-0.246445247789549	-0.203631063808771	0.172679716665835	0.204442471914289	0.256061883776471	0.142946757715018	0.0922381933553121	0.207182994486298	0.306440984493579	0.0839092076616301	0.321958376823771	0.119177152229273	0.195116783209288	0.117372591998673
MEdarkviolet	-0.280288876753748	0.0321100315251274	-0.0993460262186377	0.0503583159081629	-0.424144179007355	-0.412499446719832	0.297338043843756	0.288543019880895	0.0803725479915798	0.279407582986536	0.13703846816735	0.131513928599236	-0.210373467961853	-0.0980208996140378	-0.204097815150622	-0.18664468756517	-0.123282923091226	0.116942751934499	0.0930028611464354	0.13306640276426	-0.0508798094146679	0.0732685585405984	0.212926903999403	0.163688714209312
MEdeeppink	-0.280001599889408	-0.045130603544901	-0.189668374483699	-0.142459398131048	-0.483303643244257	-0.16875689814827	0.0490374433458148	0.0165971381609109	0.102566131527351	0.0130809798088702	0.0827107146647675	0.0327217695160009	0.0449837623995748	0.400808125914623	0.0973326269623934	0.225583295505483	0.341871644214921	0.366005625204094	-0.215876934201001	-0.00564508721857575	0.0259264797397691	0.055034073023248	-0.203217143366964	-0.120200127759698
MEdeeppink1	-0.198610447626915	-0.261332009088461	-0.145557263025958	-0.284258875325564	-0.196085585781571	-0.357304677116833	0.0477964191782303	-0.115731072033227	-0.0985429462399993	-0.0800091881398495	-0.197826534360986	-0.185547605432548	0.125488812386956	0.0868702161166329	-0.044453787160676	0.0372229340107654	0.17062386860961	0.103996239942196	0.173635668502566	0.368718856217192	0.182906296793363	0.261060397581178	0.290862180956516	0.316078101037378
MEdeeppink2	0.242212267449106	0.174645876634252	0.139052673910396	0.135781332777981	0.259720924417598	0.264162637670341	-0.325798706510216	-0.321812231937366	-0.331121242499942	-0.224797813112815	-0.426271681355289	-0.307815415109347	0.0774154986246197	0.00774744492287162	-0.00222204150839739	0.112414840227064	-0.00492040618106181	0.057415698541505	0.17062399139514	0.118218099932409	0.140615318255407	0.0543679151560081	0.0234918035469001	-0.0331267852471666
MEdeepskyblue	-0.334398490309877	-0.0327127650410987	-0.333163390136281	-0.128484025199046	-0.344753779488624	-0.344770067897992	-0.095638773637321	-0.0891627389128848	0.0591318038436199	0.256176156701098	0.015543036379832	-0.0169738207297018	0.0838528921274509	0.138401595085548	0.0564820182465952	0.0582325007062221	-0.154421986373494	0.136777128782857	0.172223786706914	0.232731086702292	-0.160147904857695	0.198570206569562	0.227660230841323	0.398845299890702
MEdeepskyblue3	-0.222701382573105	-0.219212217677466	0.0833196060858948	-0.214244520619856	0.367811337305941	0.272747153334186	-0.256675102148091	-0.253520586584311	-0.12548736212698	-0.209773814342531	-0.207133352828251	-0.282432720866023	0.133635373325449	-0.0409443796161696	0.208829250674117	0.120360297662613	0.0975774103287673	0.0951069781188328	0.232003002667524	0.0163239384587559	0.389347047323632	0.00548737415578194	-0.107672516863879	0.117249186805166
MEdeepskyblue4	0.0735873294889737	-0.0182043792702714	-0.120176608444613	0.0944008204012393	0.245707988569314	0.348791503699294	-0.225397086373044	-0.287380830734611	-0.128732285629139	-0.128464289278739	-0.305412330614147	-0.292586189712142	-0.0388432728391952	0.252242785495085	0.146496176709486	0.219543648093215	0.290544028439189	0.318729856348498	0.0881662290837299	-0.0650162337084651	0.0650736084331158	-0.116316909325171	-0.263671149012934	-0.153082409818664
MEdodgerblue	-0.271168637200729	-0.101654551479142	-0.214095350223516	-0.116267300645393	-0.356914274712329	-0.288670190965108	0.29852523203581	0.27773387204243	0.350359219002265	0.336205035073981	0.169248123617864	0.311701628737339	-0.0384489423735662	0.0337120267169457	0.0103533310991718	-0.000477296289373548	0.0214558786241129	0.0231470424825472	-0.207260676710694	-0.024765562764333	-0.113553593285984	-0.214998105819725	0.108429522841524	0.00740357019589486
MEdodgerblue1	-0.0768901577170738	-0.0876177689677964	0.0051082991465341	-0.0132618515236763	-0.31768948321128	0.184242295026532	0.110763390129429	0.29591309745659	0.113718605700023	0.0364707756732857	-0.128802586582523	0.256251877681541	-0.154609091126426	0.101545991432448	-0.306901797912269	-0.256664266389344	-0.0488784130400329	-0.132540271339483	0.190094412206198	-0.337301920454696	0.0475052876110585	-0.0417751323602374	0.534923385545902	0.0263953230152922
MEdodgerblue2	-0.130467158578722	0.0694423494156182	-0.0885327724612704	0.187758897233237	-0.0266947519506012	-0.00798033601735817	-0.278334934283146	-0.392373151682463	-0.363763372607648	-0.272488892736894	-0.239846290874906	-0.2974986280926	0.122404876386263	-0.021401087829876	0.126573921003169	0.234909281964507	0.141961953454571	0.16134468811527	0.262345407546413	0.144668592328379	0.273074305211089	0.158860913687082	0.11589397807646	0.120142212693427
MEdodgerblue3	-0.243633073408352	-0.137494847435277	-0.0381235764268436	-0.251395259652579	0.132463211081842	-0.102247656688658	0.362012340574565	0.241055347113655	0.305519381570042	0.362660513421778	0.255155270819651	0.383263339958229	-0.0516467273131408	-0.0821485727485668	-0.0300842261272827	-0.231589451139032	-0.207608500374362	-0.116450629042847	-0.193474501857988	-0.139578501243888	-0.120871524623177	-0.0795953960031731	0.0391093796474785	-0.0552963401020775
MEdodgerblue4	0.240872563828884	0.277260808495187	0.45236330272879	0.0985361271898411	0.319226891214523	0.208695241292933	-0.026382302008405	-0.0943659305914225	-0.0798388897269677	-0.0343311118795907	-0.0971585447966746	-0.00495836973552735	-0.1212936877648	-0.0703219071905846	-0.232519256891236	-0.311230906931401	-0.33999469038589	-0.0495223142542117	-0.188690743617473	0.0651878860663325	-0.180797080238194	0.0639704323212348	0.284890128230636	-0.179597645355981
MEfirebrick	0.399525563435314	0.164754806966346	0.1892826698719	0.231632448791095	0.447981003551721	0.389475401356074	-0.0587538836722388	-0.141452114561171	-0.147364339342412	-0.183094762117306	0.0499246989692498	-0.0483796090084459	0.0636433924989975	-0.152608474111504	-0.0532701531850229	0.0590897348526711	-0.072995948466764	-0.279419495053726	-0.0606451395184701	-0.22335124027233	0.0114358171042828	-0.227067541242092	-0.153576293283031	-0.204766543563138
MEfirebrick1	-0.260990330175719	-0.162410587971455	-0.270542108229088	-0.183346278711359	-0.450283497036779	-0.121558498493746	0.0658877826228416	0.0529691552839939	0.0939678129896316	-0.130892949655726	0.119883316575024	0.0939246902841457	0.0348961411981059	0.35792857438434	0.196318052911983	0.266486686456157	0.326363706469487	0.357045539403488	-0.137541942779313	-0.0147256162799276	-0.0310761597108411	0.0408216327483397	-0.139722415635238	-0.103402706648343
MEfirebrick2	-0.267171930263855	-0.285309196773018	-0.209746534969994	-0.278118740632189	-0.239870574763015	-0.262408417895864	-0.113471749296614	-0.130741067185809	-0.122430490344937	-0.0814368223444857	-0.0436130508363898	-0.0811990261181666	0.298528418351354	0.28467293662689	0.215755675818512	0.22893693392236	0.298816217504236	0.360198858694997	0.0268098498809956	0.149826834408052	-0.0310562828750337	0.110028463153975	0.0907160964356482	0.0822835995023528
MEfirebrick3	-0.362238718929447	-0.0812359345206603	-0.178985736657682	-0.126081462515461	-0.484787754613959	-0.468311428220256	0.0676508312111511	-0.0717870768620655	-0.0447056766605421	0.210978225622806	0.0512894559783328	-0.0462142799976169	0.271826375656803	0.147203231193994	0.18972232268288	0.155885088145035	0.0711951658650807	0.0683967464687254	-0.0743942073733771	0.0636500676304942	0.0850816874631698	0.090506392986406	0.235447631720057	0.229909053726131
MEfirebrick4	-0.17834089149115	-0.0854320949207943	-0.148761458373825	-0.157074467962219	-0.34965159631215	-0.244050495619815	0.139560375151849	0.0206077641590619	0.0432957634754272	0.0713902128743418	0.0737367483820111	0.0872452991136466	0.185177820576032	0.322177530938262	0.115235386698205	0.265129949714923	0.408841718418278	0.378205843997405	-0.207052880109129	-0.149257043800582	-0.186482882155311	-0.0866150634284027	-0.123240942586414	-0.194644596739651
MEfloralwhite	-0.248574617792582	-0.156695711586221	-0.291988314811391	-0.228195295380772	-0.302207283275012	-0.363195497906001	-0.0242991318336522	-0.0748922478266686	-0.0127980282478652	-0.0509706765564008	-0.160829975113516	-0.127159790693487	0.227738688530582	0.239613019015156	0.203054839546004	0.151486249473648	0.27948379690289	0.374547134964395	-0.0459285290326353	0.263960288110893	0.0959801028995666	0.114537138209518	0.0108372492798061	0.126496593123747
MEforestgreen	0.0489685618464718	0.357150966515139	0.261734732432785	0.41604875543892	0.199291620210315	0.297998439100993	-0.138113394419673	-0.0852279920839814	-0.128431197206411	-0.31187268852364	0.117387967822517	-0.103753589497159	-0.313645048189753	-0.199890358744907	-0.206062331772573	0.157941147213659	-0.0139705871574724	-0.204275719611011	0.230417541737972	-0.107988832947272	-0.0706048940979028	-0.111582024639642	-0.0208335644050427	-0.0706875090223371
MEgoldenrod1	-0.373089124194776	-0.0413041698763512	-0.129785625693771	-0.0698144414817582	0.249692002255798	0.0520552573880138	-0.147283266702249	-0.0899185971656392	-0.105216585347658	-0.294890041143773	-0.182768898336087	-0.0233214980013968	0.100556363841912	0.432846452863087	0.191713244556851	0.266549970111828	0.355683717190731	0.259890136332702	-0.0323440588763739	-0.118382724066907	-0.234081858937117	-0.129208396528143	-0.0754314220702413	0.137853563881313
MEgoldenrod2	-0.00123459077123543	-0.132650412258841	-0.185115338100665	-0.120093501366544	0.0375122458674756	0.0811619282212205	0.294557751141024	0.353304892690482	0.314955250950569	0.233605890517078	0.138702983404745	0.262032866313361	-0.270592722707788	0.0918838523351595	-0.153113761126972	0.0180058512943538	0.193837290647546	0.112831203765212	-0.272567493135927	-0.19561274504819	-0.328474752173512	-0.145333683791199	-0.0601452577964132	-0.26745774887094
MEgoldenrod3	-0.233458752006378	-0.286674866896928	-0.334871100583415	-0.299224133332627	-0.230907213327562	-0.0866700298877716	-0.116342261041103	-0.165329818925733	0.014631548458339	-0.0665541421887072	-0.0674484291368134	-0.025301643699854	0.117682754640565	0.333729415818152	0.250881197473964	0.178679602618025	0.296843955151785	0.328449206156423	0.00859149745829581	-0.0925667171317539	0.114104348870661	-0.0106286748528994	0.332668656388943	0.0397155999763932
MEgoldenrod4	0.252751895671641	0.293075523614735	0.278652467393008	0.117665603336858	0.196317221031269	0.158256879820932	-0.244207387433523	-0.252828206863508	-0.218727359971552	-0.242912669208458	-0.373252846930366	-0.329596906342813	0.324853161194648	0.142205676231678	0.0708868134547979	-0.00692710928664575	0.0332397745065768	0.0742090184628254	-0.0596010911344085	0.0994449587465448	0.0498196633991608	-0.00844640493491043	-0.163572690509609	-0.191305984248883
MEgreen	-0.209335826876737	-0.278774596893295	-0.239436697110761	-0.243416501153673	-0.153234245391209	-0.168497069965491	0.284789443722405	0.310676051174221	0.297988886061706	0.280251469663202	0.266760197233452	0.287239310427647	0.00063448954366653	0.140547529303866	-0.0377257183723032	-0.0557287102650519	0.185256290282673	0.17617997825706	-0.145476714734947	-0.13492524122478	-0.169503782084873	-0.101908253603661	-0.162223764498364	-0.13013652349475
MEgreen1	-0.285919589086937	-0.188989659956948	-0.2094386548573	-0.280518345776556	-0.26061440469174	-0.268596952817266	0.367925756824658	0.167614891781676	0.284509223190458	0.334420204890629	0.297491994587493	0.274961384351554	0.0668011947652031	0.00738380218164483	-0.0675965923796545	-0.0792883329772253	0.054305555243881	-0.0294557869355976	-0.116223659955583	-0.0516169113156561	-0.218962137609177	0.109049048400493	0.040815539858748	0.051942432283202
MEgreen2	0.142905222474604	0.166899212684779	-0.102599956507438	-0.000273551989164761	0.286978398101346	0.304185816682063	-0.206993232316897	-0.147838722773627	-0.26875044473759	-0.216021453600416	-0.233862641715184	-0.234423444378136	0.0253344931711577	-0.00367400142464361	-0.0350224757261754	-0.012564290824503	0.194786374309853	0.355020932332312	-0.294513175209996	0.257098432593085	0.3105565631317	0.0365164736073277	-0.117002453620981	-0.206742074263477
MEgreen3	-0.178756162751783	0.0278902547199005	-0.0523346575192179	-0.0404880209251496	-0.31874735166617	-0.238807758273859	0.279664383082278	0.316487732500168	0.327710940123676	0.309682513822637	0.303732883609318	0.342999672953238	-0.20166129711155	-0.310377516866473	-0.134879768717164	-0.104648293083138	-0.0342676130538195	0.0508509210819984	-0.0581438288306536	-0.0358613501970478	-0.169154374424071	-0.00363852128566257	0.0183901687558504	-0.0956429559433033
MEgreen4	-0.305546286683514	-0.211618773110859	-0.328653130255369	-0.305444905510779	-0.215364815150944	-0.439979457587989	0.249250710622331	-0.000795594507206409	0.121901816143788	0.317293911112471	0.252935615698792	0.259310282463606	0.0993167105820235	-0.0263469531341689	-0.0940837697606907	-0.0257397399898727	0.0268214184875139	0.0958054831099033	0.239935760176355	0.0895337785369797	0.110642011846283	0.0579098712658029	0.0139540404040696	0.0189620152414747
MEgreenyellow	-0.15814754445553	-0.065386850588835	-0.215252177870092	-0.0955359003229852	0.0570296803203237	0.109162092005356	-0.339775133794094	-0.205842881167233	-0.27163174023499	-0.291605968780758	-0.205699522743561	-0.268018395788116	-0.0559876280946722	0.127175824280057	0.0243426519428067	0.0787637970751525	0.161507938742214	0.207548850520587	0.364632848297971	0.2440370427006	0.284592953999889	0.225152180219762	0.0808458841370397	0.208091999599106
MEgrey60	0.192696362575282	0.378662161450634	0.340612122955994	0.311735146094651	-0.139619868296234	-0.2101539160671	0.0298848540622169	0.121859286050985	0.0641704793076937	0.0219097679114042	0.0615782195288131	0.0860263826566797	-0.237044531278766	-0.155791153877981	-0.211294402086461	-0.382571474754298	-0.29131390878921	-0.156606979861489	-0.125925112673951	0.0473933907171871	-0.185796815103645	0.0535712169016136	0.182042316418117	0.203976456157864
MEhoneydew	0.0477615584485976	0.104610333874352	0.0519547038540863	-0.0137498331990701	-0.239124315827944	-0.295096334887603	0.249967590598405	0.309489508483103	0.283048688460677	0.265730229750406	0.256593716089257	0.35736126755664	-0.176544853535075	-0.109476999555664	-0.241737917901706	-0.289423618806186	-0.0547765272404809	-0.0496440595518911	-0.147462716615369	-0.0836139679921359	-0.316526939715953	0.0260530792415404	0.117648810239039	-0.0530414017670254
MEhoneydew1	-0.249543763695043	0.0619861370193735	0.0307457397715001	-0.0629270194411705	-0.320826162935517	-0.3330235703977	0.244534380094596	0.20167889724371	0.213524859365571	0.384046379461743	0.233672255203332	0.258894909675436	0.00929739500430277	-0.165724232678252	-0.158311491371684	-0.282471013994407	-0.195240176007542	-0.126957088118307	-0.100168820998183	0.0121852090312171	-0.146547302030874	0.163757501607271	0.188659771956451	0.138757206234178
MEhotpink1	-0.335971975495122	0.0310608159444175	0.164842406987591	0.206111295648415	-0.11655263510516	0.245068501744455	-0.106559647825431	-0.0403504222344449	-0.124278675177591	-0.134071300565638	0.108435900388456	0.0053750179226248	-0.155985528133765	-0.360986976557536	-0.126863626473448	0.0494066661272803	-0.144564399074188	-0.315468312126692	0.42841095106211	0.242358971000354	0.110052800525663	0.0650316268029352	0.359863496786093	-0.0543649521713763
MEhotpink2	0.301850928623587	0.0198403944992847	0.134004839672861	0.0798358951292579	0.385950560835836	0.450705376417172	0.0196044940492327	-0.219061713838254	-0.266389516726481	-0.338407197771324	-0.271575204057246	-0.261886751972583	-0.0290010176573681	-0.0853498065440133	0.0331386896341949	0.122188541426916	0.000871330146885338	-0.202674129426998	0.136569205369367	-0.00766036779740011	0.193736985444921	-0.00606380995147301	-0.185307716584425	-0.0049200089219475
MEhotpink3	-0.0946578259660786	-0.0315877651549847	0.163756188849632	-0.21653952483931	0.342209686106976	0.264796656984413	-0.279327467864295	-0.294470357681541	-0.266871503702902	-0.291066611338198	-0.174966104129965	-0.275708822172672	0.0915488746442474	-0.121820178222898	0.124965385411892	0.0294607974080891	-0.0388234299516585	-0.0380392435401269	0.284768194900499	0.0633087803250321	0.324511085865666	0.206272055385871	0.105952919493549	0.122328209188766
MEhotpink4	-0.271305657526737	-0.24258227251592	-0.357313463688556	-0.353084328332918	-0.261194338848659	-0.244399814196016	0.0305643136921013	0.127289812886251	0.256771980200252	0.300851528279202	-0.0652211528503488	-0.188886982604074	0.192023486268399	0.0949928954809685	0.152259097594474	0.0685256478831375	0.194813167061447	0.240688354483879	0.0168740957611073	0.225864731513629	0.205827190194314	0.00973604555264535	-0.0936101670585273	-0.0394841692300492
MEindianred	-0.145088240603214	0.102265537995495	0.105623636521111	0.293500372361409	0.181955212453856	0.349076474891496	-0.215023094624382	-0.0493308763304849	-0.0947153743296757	0.00854417303178041	0.0608879594786063	-0.0943309513631459	-0.371389192275356	-0.131295417715105	-0.354322355915062	0.277685794614781	-0.00496321296459306	-0.00952427158291202	0.318533398755666	0.200087334432745	-0.239057770854724	0.0400918822407975	0.0606818641386673	-0.289892882357757
MEindianred1	0.212072210616232	-0.276615205877674	0.0938900432908656	0.0529013075938623	0.268218885848611	0.219421837915892	-0.207307664939077	-0.263839338230727	-0.228094590183339	-0.0291287664247853	-0.27168842757142	-0.409777856451439	0.13915933961992	-0.0312237449525301	-0.101183704018429	-0.152688119447593	0.133053064154824	-0.0690881382658772	0.208556997105038	-0.0530192776876873	0.0532433321082917	0.208469979623113	0.399469263408966	0.105198572764963
MEindianred2	-0.403240279411369	-0.210726506163792	-0.165520240353608	-0.166423440366256	-0.312301741697395	-0.453119447583095	0.158311671426626	0.115798017824422	0.284442992355583	0.252387952359277	0.0177914411578746	-0.0124723232824191	-0.0604536539874917	0.0416109344407394	-0.00508328050612348	-0.118197181097799	-0.0858631037878102	0.091809070225655	0.13005519561167	0.113554965064385	0.0963227014494346	0.127413943461021	0.313563370706298	0.250338942154173
MEindianred3	-0.410447978098026	0.0723943296250689	-0.102330554355464	-0.0250088583642418	-0.46209891369514	-0.540377334035297	0.0941969356647616	0.0593577919839173	-0.0680747298663749	-0.0737581985249569	0.0680978821651067	0.172758311823317	-0.12589973740316	0.0139481532366455	0.069152821786987	0.251684651906206	-0.0425476950415536	0.188761829251244	0.126755932320198	0.082641418855183	0.186270231468976	0.138657409079142	0.138742435039608	0.187123865177851
MEindianred4	0.00642868576233578	0.092641099189238	0.0560797427793572	-0.180220750395865	-0.29600116443578	-0.422628955659948	0.0381193953672606	-0.0106485060305021	0.175760225900445	0.426340944142726	-0.237266664882034	-0.18707053592175	0.330297875477689	0.0162876247400193	0.238626192936649	-0.0255688936417972	-0.151564329901481	-0.246438487648476	0.117317844798264	0.159626884424233	-0.0635367120874079	0.16108488997892	-0.177872658039482	0.180206253147376
MEivory	-0.0514324365550629	-0.051175154595588	-0.165697085453832	-0.0441107020557282	0.257301058969279	0.23207366061226	-0.285140374295642	-0.292148563160599	-0.302360670597407	-0.267650067020743	-0.274760209197183	-0.379179972728072	0.209082387415069	0.139930612916458	0.0924424646683352	0.176854387221172	0.219807166330023	0.215286999817782	0.129263686926741	0.139825637799834	0.234142688345928	0.084926305054367	-0.0031712848026835	-0.0141105356147063
MEkhaki	0.361153474596179	0.0798228582573521	0.0991130654664892	0.00541778126683262	0.319810735117133	0.156704043452252	-0.18501501206516	-0.277891926482636	-0.239027994522589	-0.222385467951288	-0.154157251576829	-0.177264891345756	0.270614640957432	0.289791758156254	0.30309380498505	0.0854055243945946	-0.407005823003197	-0.112778226336892	-0.0585318259286764	-0.101585261903468	0.0216603501754421	-0.0528509614302718	-0.0295850440524936	0.0254916497742495
MEkhaki1	0.0793836773708306	0.409209464712291	0.229903785488908	0.359691150629281	0.0550251180653527	0.272551275860257	-0.198135515050883	-0.237556135438938	-0.079097284846894	-0.245281041338616	-0.332224486065351	-0.205766684419119	0.00211314721917329	0.14614263335864	-0.00794617635892452	-0.143063455139849	0.00229129503218891	0.121328048116111	-0.33044756565851	0.139337662390232	0.177222398474997	0.0117892470464982	-0.182001655793453	-0.0444689036542204
MEkhaki2	-0.158000807234668	0.268300912380018	0.116917441880113	0.341300478328508	0.00383702929070237	0.0105132466545376	-0.199014160556645	-0.215015321227649	0.111339124847552	0.202320782838785	-0.298345668345836	-0.234983285606759	-0.319225863274099	0.412869634789265	-0.114133410048426	0.0356498998269749	-0.0468740022255695	0.108048523711452	-0.0997255735255244	-0.0802963778772226	-0.211746080745986	-0.104947093827762	0.288404978629101	0.182805591319137
MEkhaki3	-0.288345907500265	-0.274747057128817	-0.345563751490896	-0.258535527583434	-0.2682855629852	-0.326352034026521	0.16207825874316	0.0373112051673645	0.154941962722528	0.16808048989664	0.128037981316717	0.0447954023071674	0.200900957039251	0.296209922628364	0.0877599036233013	0.137188054482184	0.292684388754292	0.316950317178726	0.0317377844444556	-0.079875148832209	-0.0917290217870699	0.0490331150577434	-0.132831068511497	-0.0414446635159854
MEkhaki4	0.225341969581009	-0.0431414490366939	0.177275920267465	0.0382666489567538	0.450377297471797	0.400779707187223	-0.195416459585333	-0.285801940520713	-0.161937647628303	-0.33220558976315	-0.0445343266388	-0.3527183100783	0.132583148381482	-0.0145264082600972	0.0831580499306039	0.0704401114827051	-0.0287784211064669	-0.130036976293141	0.160287465166253	-0.111238988434766	0.183635085082592	0.0639142024408175	-0.187918971545998	-0.0978041170569414
MElavender	-0.0809836130721095	0.135847808330042	0.0172567951917857	0.0760815309970348	-0.29679872945275	-0.250901979832698	0.21728290904579	0.295735945979927	0.23631745997579	0.199576030994775	0.324232381948577	0.289620461187034	-0.156954713594045	0.0668631021155728	-0.07724282673458	-0.0277881550699883	0.156916245081731	0.171503130808796	-0.301615513464552	-0.161848166185717	-0.317012322496225	-0.176328122121918	-0.20267573544719	-0.137083924185081
MElavenderblush	0.0682483856428237	0.219149678030309	0.184204221014042	0.213161779125263	0.0335732475101477	0.0606931726020777	0.079197378539654	0.32775213979732	0.229340594340078	0.146811733617162	0.370200841626597	0.216085103548511	-0.104935134244672	-0.015003057982621	-0.163324654842392	-0.18004271526886	-0.0985727811490015	-0.0597406469695705	-0.304773804863228	-0.228849205177614	-0.277916071683046	-0.179667917500892	-0.337548841129474	-0.198043444582613
MElavenderblush1	0.0385787096586384	-0.182999743416721	0.0820592903565608	0.327178649267109	0.125336085640832	-0.106692902516018	0.414997020236634	0.22966222057041	0.310859057459148	0.125569470722434	0.0988661496916753	0.227610775790574	-0.0859433098725825	-0.223428284930521	-0.229694421373563	-0.289148700854435	0.0154951697621923	0.076169085148863	-0.144534208754915	-0.246581001113806	-0.248792094144729	-0.0721312680915826	0.0325776125895216	-0.275013361825714
MElavenderblush2	0.278325741317588	0.368230271882433	0.387047477369109	0.278302775296263	0.151084476855918	0.11177952616888	-0.0399810241021558	0.0127377862934187	-0.0162844334973165	0.0015875845618307	-0.0202897357701601	-0.116106720243211	-0.292501485273723	-0.267698025086413	-0.247292389664356	-0.310261726731524	-0.241367643931416	-0.111540083625335	-0.0812844736759962	-0.0359290845935698	-0.0942075443860352	-0.000564584691313092	0.323901817576078	-0.0376885020489961
MElavenderblush3	-0.34382934062555	-0.227008142048484	-0.315118096141413	-0.285407090319862	-0.293953440166297	-0.269634581056009	0.262840624102604	0.229882600589673	0.239022290421719	0.288692711522213	0.186455386028239	0.136261827083895	0.0512874639921949	0.208937585323785	0.017609543748456	-0.0291826446138376	0.164402232951971	0.267289469398644	-0.0197460794552119	-0.0681077067931378	-0.140294171935983	0.0212263922034065	-0.0515267022538711	-0.0301001319571437
MElemonchiffon2	0.319657830935098	0.405764442043624	0.215158408097842	0.408335517174824	-0.128993427043478	-0.122868821226033	0.223808718487298	-0.034015353250264	0.13117388720407	0.0678732864932305	-0.180703765372231	0.121570513694159	-0.020777752436964	-0.262982167414561	-0.0255520380786462	-0.294785618034919	-0.194567353724824	-0.207226205582634	-0.0220342658868295	-0.0593438171353461	-0.15607092964651	0.0212930393161323	-0.302604887835225	0.0978907592221727
MElemonchiffon3	0.359692644017099	-0.187474117628338	0.213478295719042	-0.108026766998172	0.271997219955268	0.370916276165596	-0.316785167357708	-0.215235571924216	-0.300370754249212	-0.324055688811119	-0.203942307430727	-0.257804087209886	0.179144678677359	0.0222789006810435	0.140671562425813	0.138585894062542	0.0404886669244976	-0.022385182933378	0.0433470135728399	0.111857464365381	0.114869774269506	-0.0740357270711268	-0.0689833850685784	0.0717703658464669
MElemonchiffon4	-0.286072824958762	-0.0935129003408089	-0.181133204058181	-0.195419617913408	-0.245678234684019	-0.27178210083176	-0.0271539216858121	0.0328171976006241	-0.0723400078962378	0.0300165044441433	0.0280059048906131	0.042957660956736	-0.168165224696594	-0.0217193978626092	-0.257604623957128	-0.206346680558467	0.0557163540173281	0.0462527514351728	0.256456271497573	0.326477277147694	0.205570831965538	0.349385814623252	0.344170822393305	0.309101348471809
MElightblue	0.289041361861592	-0.00324776135535194	-0.03145183643483	0.336958817215492	0.342954725365053	0.0950153638145521	-0.263206440761263	-0.28819300293092	-0.314375494893029	-0.177044740253786	-0.354995519497335	-0.246859092765261	0.190660473134281	0.106106071810706	0.139238859001934	0.281006672692426	0.0739888639739406	0.0438711541504768	0.023990849741079	0.0361647712313373	0.0819703417214334	-0.111142084749293	-0.117549540515936	-0.132902811557295
MElightblue1	-0.208887924340309	0.116940761713521	-0.030751608952282	0.0174693718393231	-0.415766568131662	-0.46532014867378	0.363722771158398	0.284374293939543	0.0852165393448218	0.241624343874881	0.105427291059584	0.196309014940759	-0.127297000648569	0.0160523843997955	-0.0944562893781095	0.0887032624439856	0.0709529184263093	0.163538100795794	-0.214195878372125	-0.231027261089355	-0.129837394343076	-0.0769471082507558	0.0640859135767482	0.18007021466656
MElightblue2	-0.137570291294629	0.089158440370904	-0.0701443738155222	0.284442794327091	-0.143115505526988	-0.207237464774125	-0.184662232015557	-0.191998523900902	-0.154000010430764	-0.193289180372439	-0.254104165847359	-0.253060096000934	-0.183481980660615	0.0695316437857772	-0.0775875419752899	0.0693401222718973	0.0186342299670033	-0.0860438858209988	0.427378056043401	0.404289109342444	0.240864636118819	0.109376304463778	0.227078279132094	0.196201636612914
MElightblue3	-0.203559465251261	-0.0647868062263433	-0.158969244158656	-0.122732250545963	-0.301805910934168	-0.414312110718614	0.198029867061896	0.217074364073257	0.239733404754627	0.227455956758004	0.270617121259134	0.281403971821247	-0.194098136100523	-0.139221612688179	-0.1637687489391	-0.199739631215495	-0.176873618586802	-0.0465701057625102	0.136148343993183	0.140009123836347	-0.022786028452622	0.222695673621326	0.23738178969036	0.0386740527108556
MElightblue4	-0.160141666208979	-0.176239356950056	-0.107860442314475	-0.0788840271704049	-0.131804142088232	-0.179580552873924	0.380115855963181	0.200749557802539	0.199720706607023	0.0451281200309009	0.483818167182935	0.353751393154687	-0.142083354831933	-0.186052728975372	-0.163377097025581	-0.198931679074214	-0.293214968137378	-0.10115618783182	-0.103192817078682	0.0390086710286602	0.0929167542573323	0.132515875783126	-0.0745634933535803	0.169357412104248
MElightcoral	-0.291525364189387	-0.021471336238051	-0.27072315275072	-0.0985837267194885	-0.375481772042178	-0.351184748303501	-0.135583440978906	-0.0778045445511474	-0.0749529333357895	-0.0412232990916329	-0.00883472397196753	0.00760619563347888	-0.254604197415136	0.333414446230356	0.198393298111561	0.25633973132956	0.284716719455719	0.30176144939701	0.11937275613022	0.128401127503672	0.0896678388712208	-0.00702446146332494	0.117527001013546	0.171797137374889
MElightcyan	-0.358177164400253	-0.225265533753999	-0.283663092361202	-0.199569727136967	-0.348706813089393	-0.31351956994614	-0.059030136536741	-0.0880616416924453	-0.00823278628154262	-0.0168066553341481	-0.126891222086762	-0.0755566534394962	0.322872551569477	0.180765835272623	0.287602996521538	0.226863000414201	0.0915949882941516	0.0966534039784866	0.144855759715302	0.222836641007906	0.155571802270831	0.0778763821134522	0.0648279809030467	0.231159653998072
MElightcyan1	0.256271439036657	0.355341555187841	0.278740714322384	0.264961300256783	0.0706208033436341	-0.00565674462910422	-0.0493753462207685	-0.0163876958772278	-0.0271290832798694	-0.0397275339449934	-0.0551991657204865	-0.0402717668981807	-0.20850338273752	-0.294363207012727	-0.202527189610857	-0.381110122852132	-0.359533372485582	-0.285693111284969	0.0834942730246223	0.0839719173802787	0.0161125698190744	0.161332944958675	0.196933855523456	0.197696349701013
MElightgoldenrod1	0.0401961576351953	-0.264910145062976	-0.0859695451091353	-0.0858334150267098	0.263988158088775	0.253632561780656	0.226238654767025	0.23540397207738	0.245359938260287	0.306359208279446	0.342589489278083	0.234999994508498	-0.132901061332451	-0.18209153845694	-0.0330720205503177	-0.0673554157099604	-0.126444034816709	-0.251516131241895	-0.00433165193352225	-0.229733463672943	-0.00925142242001751	-0.192122524057646	-0.285947734125994	-0.197288031158129
MElightgoldenrod2	-0.0579913793667388	0.127827607374127	-0.016012503626985	0.042315257286421	-0.246407988144054	-0.356990331591218	0.285384169369729	0.330053186565518	0.160328634913967	0.304356822589317	0.310438283798363	0.36452502828583	-0.142572632359064	0.0154696740183986	-0.2367529157023	-0.202454642246809	0.0371604529464274	0.084536512118872	-0.140479091263835	-0.0985378537235191	-0.195610022003079	-0.113845951629142	-0.20760461032639	-0.0471357072838333
MElightgoldenrod3	0.101294913093894	0.0472527481215706	-0.0042086201828385	0.295703061735849	-0.195532152539855	-0.275273876643117	-0.219273694995089	-0.12999420368791	-0.170791814445146	-0.232088054580569	-0.285360806398285	-0.268431605487219	-0.120982391682206	-0.0870982674875456	0.090658918629243	-0.0443098642657043	-0.155948674927155	0.0759831925806499	0.283744678020161	0.294977261712528	0.30360996958397	0.227473700142602	0.254347506286369	0.214248077415802
MElightgoldenrod4	-0.289841034554179	-0.0341178754281262	-0.215236554417024	-0.0941284374496737	-0.436648849587499	-0.242998470768897	0.234440935443504	0.13678836919901	0.308720844740727	0.360125065794549	0.13511210342158	0.151538202386271	-0.0881228691254233	0.17673152393577	-0.0080431901001617	0.0594512927792751	0.154718260488843	0.263430203229504	-0.143386666290429	-0.0247038187624573	0.0157995016565583	0.0365775162957187	-0.167738197119179	-0.288467855768261
MElightgoldenrodyellow	0.332644869608141	0.0166535788633245	0.113068805704259	0.0247900000653064	0.331929361405453	0.363421923934892	-0.291993383096187	-0.35220367168908	-0.214395663289333	-0.327038278352641	-0.246169205133122	-0.189333639781852	0.169599222578262	-0.0337760211958476	0.181279233026898	0.154550396484407	0.0786797434693938	0.0353329719290089	0.00784147887176526	0.0116410518528663	0.165493436960742	-0.00957791615850587	-0.183502380843582	-0.138935915214567
MElightgreen	0.331888884081828	0.0368354864874948	0.181904487509394	0.0868583863295121	0.325296707772001	0.313977452949031	-0.233969326373833	-0.312440050727194	-0.307904375850189	-0.259056710105508	-0.354698632333125	-0.272898671930976	0.126811775023103	-0.0480676222477805	0.123730481190185	0.135463451940849	0.0727992487319267	-0.128318777363322	0.0953619036169413	0.00631316493526673	0.189142509898855	-0.0113365938723404	-0.100193009455031	0.00249982979291228
MElightpink	-0.280051090329194	-0.251003476480531	-0.25272881462949	-0.299080364987583	-0.170006514555276	-0.209390922137147	0.34561781491376	0.246763694021552	0.297430565547063	0.16213237378024	0.350063844334371	0.374557744100451	-0.00183096631626626	-0.0767605602368983	-0.0797522740197866	-0.0826501050037947	-0.0404581075555006	-0.0704824397157433	-0.0506770720631276	0.134750179378855	0.0630935060188737	-0.0140296134591548	-0.146270312523238	0.050762911917566
MElightpink1	-0.1322764247712	-0.0819042268743735	-0.141002074207099	-0.155030106919272	-0.215628768522845	-0.125859253483709	0.180384612807139	0.260054886273987	0.219357329706585	0.16680296701145	0.361384316965561	0.250159778059113	-0.0718306144160335	0.18293986852286	-0.0791194694959411	0.0517872462359959	0.327035925720047	0.261331534817771	-0.214328402407715	-0.155375468057073	-0.230731425249666	-0.155863324054122	-0.20821952249589	-0.29406938516557
MElightpink2	0.149434204404965	0.23671307269284	-0.0424086768888157	0.0780661071566345	0.287545989379897	0.251787381001038	-0.240421329335276	-0.210162195019616	-0.402356570157267	-0.338834589546084	-0.258019589284397	-0.267101653122789	0.277286848256342	0.00283259954432653	0.0624898946232186	0.0206281420038704	0.134350137586451	0.2173219036284	-0.0827099038879752	0.248668756410819	0.115474940257761	-0.0791791710424299	-0.0403044048750737	-0.121101893786837
MElightpink3	0.0713960052889498	0.0215028704459114	0.106997902057329	-0.13988861521829	0.277966590707904	0.159543600554305	0.273466428115749	0.200048624364585	0.300871900563341	0.314747245202318	0.143448891251931	0.192351322760031	-0.289204898218048	-0.304399533634397	-0.172697549805318	-0.270161443391495	-0.348437314575069	-0.273251558186771	-0.0548744381555843	-0.102657171330012	-0.0893723393365566	0.0180751426223273	0.00523667935289047	-0.0407083414360324
MElightpink4	0.247386737764843	0.319706505980796	0.267452535168735	0.325903398669015	0.273427654261644	0.220067122150015	-0.272510960971173	-0.313876672459872	-0.239179341878565	-0.301068963174405	-0.241463812971971	-0.315328126884947	-0.0499428098979309	-0.0101674963464845	-0.0686747127419733	-0.0757864287963463	0.0328055640439663	-0.0539485617785875	0.115435853679359	0.115175443030781	0.0725787796185602	0.0369683676385146	-0.0837498844211116	-0.00121018968286109
MElightsalmon3	-0.169599700664937	-0.245771759576313	-0.258554465713755	-0.458760044927939	-0.026921466971623	0.270972689358199	0.11144939002866	0.140821437418874	0.021332965003605	0.1826893770533	-0.034657655601764	0.199949822263364	-0.0979725257969953	-0.112886055872976	-0.258842630409861	-0.118065064479475	-0.0665960889007131	-0.0897714419266595	0.450450363668096	0.136696000149033	-0.0349345854975174	0.322807724107159	0.072838152010188	0.0633255652800453
MElightsalmon4	-0.352552814432752	-0.190612302351797	-0.17023619192437	-0.164181502353198	-0.432191307455879	-0.289806697606381	-0.179705628529126	-0.0254790119016293	0.0822186812087086	-0.137897051246523	-0.00828585044053601	-0.0773184256265826	0.294757333340378	0.241075746247583	0.34344134387668	0.260778293455451	0.0277255347270668	0.136771671912247	0.143664460397309	0.117740808928293	-0.000690878078735174	0.141013375832618	0.0352380819199968	0.204532330101177
MElightseagreen	-0.212457139287555	-0.128434529592223	-0.159816402391368	-0.169513791207332	-0.266808981849436	-0.18536441645524	0.166231674745756	0.191919279589515	0.144620972181699	0.106382251492052	0.198475844336872	0.239824998863504	-0.0458167049029886	0.302340934741762	-0.0900516232954337	0.234353313672133	0.371217376962861	0.316087055842497	-0.254180909040348	-0.10347911217713	-0.161808847181245	-0.0947000476754446	-0.216944441529282	-0.182076755843625
MElightskyblue	-0.373966713407916	0.21544880099875	0.0196421126038223	0.20486767660271	-0.427072836180744	-0.330941193838087	-0.122023715025492	-0.0494498017678252	-0.0540344009804145	0.150245401246526	-0.074347193277855	-0.329679004235243	-0.00954287370187943	0.253301039095214	-0.0990885310780285	-0.00496541363908149	0.0391595724269306	0.143414937989787	-0.015639340709975	0.193270529162688	-0.0419238235019478	0.131303368394121	0.302166829591976	0.27985457323196
MElightskyblue1	-0.0731399430449465	-0.00448225667401503	0.151663145979274	-0.0277554885784885	0.143990216530562	-0.0408760318046141	-0.143780456228784	-0.102602554756778	-0.183090653655289	-0.0946042728094261	-0.231162393855341	-0.201564036693039	-0.1548241753534	-0.228117905311093	0.0486997782176722	-0.116607546546278	-0.357428648606506	-0.100580789292434	0.213980086147126	0.206228555544507	0.260843181601605	0.319271868010207	0.492677792482657	0.223262528696819
MElightskyblue2	0.489045190936597	0.404984844170206	0.2821018492199	0.230862475800149	0.194140333448836	0.169960836653512	0.0847780182159339	-0.0903906585288979	0.0711986729879175	-0.0101770432013623	-0.0487602660097463	0.023821733054912	-0.140324443598517	0.00431146274350904	-0.181804531542854	-0.135921386519136	0.0163349476270492	-0.0491714212635031	-0.189996782969056	-0.253823806253106	-0.142771611430967	-0.205942166646457	-0.252086015174566	-0.270370231720353
MElightskyblue3	0.0492025538924402	0.204917701159622	0.0312073265979394	0.160027536205506	0.0102205247817091	-0.128692310137554	-0.251616660482701	-0.266028689737444	-0.313499380248896	-0.162351221140261	-0.179154176056863	-0.332307460102072	-0.152896151886648	-0.00811837387049061	-0.107662783129514	-0.00688749143866447	-0.17213019099152	0.00792115199213018	0.2639371779237	0.272055141545922	0.229814926248013	0.296016306622131	0.339737773916052	0.216286768337464
MElightskyblue4	0.345114892923539	0.276690187887199	0.179876449695354	0.22066080393735	0.453912185363252	0.2875795658737	-0.247788072063961	-0.10374421457645	-0.174425707123743	-0.25760811733264	-0.260180789580879	-0.245738083340463	-0.220361518919661	-0.047822286529324	0.0406055020064577	0.0355707022931067	0.0794203533075891	0.120320734723582	0.0504296897337183	-0.0613468295256533	-0.0906737315142112	-0.127045076941412	-0.136537795048207	-0.116908845248243
MElightslateblue	-0.146100728043128	-0.214908173865065	-0.273872356434595	-0.341140530619355	-0.394441229005021	-0.181650506448005	0.338384350549697	0.272937302882042	0.274012233709517	0.189877674638108	0.164018184122369	0.26020767161803	0.0622471524847171	0.0902195233190261	-0.25719209098611	-0.141811409039055	0.0563000617303159	0.149353278937877	-0.019371899444469	-0.0836945509379964	-0.00798577512265279	0.148837693954362	0.0657016709688804	-0.00992754896949316
MElightsteelblue	-0.126369198437276	0.269767037260074	-0.00707024677858489	0.0954013983036635	-0.0474047250906145	0.0120965692534836	-0.31823431293104	-0.209195915263988	-0.295914041317736	-0.251802249375428	-0.401721104194181	-0.343022122214187	0.0720336741681037	0.180504038572321	0.0121742020806355	0.0569797595437841	0.0518343883684502	0.156885327260439	0.124734024908809	0.350436977206086	0.0885791978319132	0.0822749297109249	0.264122574355141	0.182909816779206
MElightsteelblue1	0.229235528623448	-0.117855151150179	0.0126713605139331	-0.0674840411968983	0.433439427879421	0.371300257570016	-0.285217542284172	-0.302563366313916	-0.179235475221295	-0.273972047774551	-0.214720505028733	-0.386745768608363	0.170583228026015	0.108584869384734	0.0670151853786021	0.0326960488054556	0.093301651311791	0.0515172882740522	0.101350934859112	0.0270844189317245	0.207790337171867	0.0309234270685911	-0.119625712638237	0.00992564641758627
MElightyellow	0.0802235155944123	0.178159516868373	0.107212862822443	0.0212645822133265	-0.240374537582521	-0.290391388950062	0.223275677927967	0.250175264310093	0.226425256030807	0.201949981981007	0.291837437505255	0.356052963223704	0.0523333024909835	-0.265212036799535	-0.08888426377668	-0.338533574527465	-0.332890481418747	-0.154908071330391	-0.143732387150023	-0.0751015420982483	-0.167519461283753	0.00509483454907873	0.0761860001679241	0.027356549232052
MElightyellow2	0.298109226871411	0.397636743522428	0.335277627533707	0.420706998179605	0.262874180142986	0.20859018750574	0.0250772287026854	-0.149243382310434	-0.0702773882302548	0.0371118034225865	-0.232571168647828	-0.0947821179979476	-0.160618543084087	-0.032809681831885	-0.176080047269783	-0.218740177192079	-0.0124175730605845	0.00951603646633505	-0.239761127953315	-0.109463710477481	-0.223009027128569	-0.157062021623453	-0.028239726256868	-0.0898243392829162
MElightyellow3	-0.42408915078885	-0.0729985359253345	-0.083921247329808	-0.0135617207672311	-0.29058853258856	-0.164390215213536	0.0978984243441234	0.22700921490099	0.114064769542693	0.130352173958516	0.304837881524197	0.178311743878826	-0.269845587199842	-0.173250511851602	-0.218294869595739	-0.0846968717223084	-0.187281544643484	-0.183200598481643	0.30425254020154	0.250975421184785	0.0906750253509041	0.0986192055370156	0.263170713200673	0.105952272483672
MElightyellow4	-0.361234412461116	-0.25524029098782	-0.211260661335221	-0.210563905563275	-0.0915628528918441	-0.218417428421942	-0.079864304121951	-0.0434217120420117	0.204545345147609	0.000969490392149039	-0.179057486399296	0.157130746272174	0.139601739263089	0.287866624593742	0.532983727220304	0.243114892052231	0.218822729645575	0.120137659257236	-0.0298536425735283	-0.0255760701323896	0.00446075326290386	-0.193238837155992	-0.0582747453283571	0.0479326423077337
MElimegreen	0.431915388520094	0.312302284536405	0.150190054265701	0.285125789943531	0.278210489663418	0.211706608052716	-0.185816452323165	-0.19332265626023	-0.21148270290701	-0.161572262075253	-0.214354494425873	-0.265465999543673	0.132306647855934	0.0231029733251866	0.0489790493357357	0.171506685761524	0.0019421909418804	-0.250122880329184	-0.0399869097339493	-0.116655410631475	0.101297793408121	-0.109312341168586	-0.218369075040521	-0.182124771171326
MElinen	0.307724586878706	0.0821163993457436	0.183192416413918	0.0961064508183658	0.311107890523416	0.258461901258406	-0.331827466654181	-0.23351699312929	-0.214506777725951	-0.35740399022448	-0.337928019524266	-0.297041834421484	0.173798914207159	-0.073477006627227	0.169412844233576	0.0900659830179505	0.0502719265260235	-0.161434479926445	0.056699971384834	0.0302202762569966	0.20175401168123	0.0367226521593094	-0.0611748456452333	0.0206551891729213
MEmagenta	0.328217310162789	0.217300902905507	0.293699795131751	0.234623775825154	0.387212263997475	0.389875208961329	0.0596346774820618	-0.0252728821682861	0.0285396044647113	0.00238544262550648	0.0740050962925754	0.0989656259626051	-0.11024729628848	-0.203993263276004	-0.129268418717448	-0.187609745256845	-0.182177400048335	-0.223113167621888	-0.157126112393039	-0.234432628087199	-0.154137352916906	-0.185472180716601	-0.119827076963161	-0.201782179357273
MEmagenta1	0.15522930348425	0.0471767413167373	0.133351319999892	0.232978715940982	0.274477141090481	-0.369923775433203	-0.1889545528725	0.246465165192504	0.134058866798414	0.163987966165609	-0.163177343487091	-0.126664793909819	-0.29186353817001	-0.187152264577945	-0.23124474979238	-0.265257053182725	-0.251814379808802	0.208456475035287	0.0459177419413956	0.207117160274408	0.132162152155575	-0.169673892528054	0.0131369372670607	0.251210657099928
MEmagenta2	0.358527558851333	0.115759951552112	0.207419027338556	0.179158753794009	0.254154340165287	0.306434780674074	-0.231872418691607	-0.318868912483848	-0.251055363968475	-0.348452089730156	-0.283686797806278	-0.218589796615525	0.207824819671965	-0.0364861635628307	0.137201691719776	0.133569400024806	0.122123099678184	-0.176755593886294	0.0217189956693483	-0.038801599086221	0.0885580561885844	-0.0419460582397246	-0.0993497671493054	-0.0865859141077724
MEmagenta3	-0.110317187005089	-0.0926444829379686	-0.0813610902268033	-0.144389198286913	-0.133846905940122	-0.128762925397698	-0.297563136956789	-0.225575056012685	-0.296353073850247	-0.186866910897448	-0.265444233906972	-0.243904480483612	0.0482060813704207	0.00289326205570919	0.114704319206134	0.18935985417382	0.13419735804006	0.14329503571138	0.370807626050096	0.246243088894999	0.309099696260581	0.247475517018825	0.205543543693249	0.195203299427074
MEmagenta4	0.300680666353899	0.247372505305036	0.320116959985236	0.200194679317745	0.382982961069814	0.409731923677599	-0.181238135294093	-0.151062020410753	-0.139242357406753	-0.149283011729308	-0.144165603369253	-0.0880287582596089	-0.024824439940043	-0.148838865356286	-0.0641284463352808	-0.200008530465176	-0.272918536871533	-0.299495570514606	0.0509760509973497	-0.0464420873307155	0.0513470568523749	0.0329068563928217	0.0618514275713707	-0.148484724239837
MEmaroon	0.273126143735533	-0.0356480565445117	0.0205573985017997	-0.0847677673614636	0.31691375419854	0.292965045795957	-0.260767786895638	-0.307037214939895	-0.262091723791068	-0.315879081654138	-0.290483576836619	-0.353162109685448	0.142064883412662	-0.0443838554491923	0.160572856106091	0.107749152802503	0.0562149865089151	-0.106889366643351	0.199384600870142	0.137784365482356	0.214146133301892	0.0250259724926956	0.0099179194115025	0.104687327180735
MEmaroon4	0.00365743412382984	-0.0915624903694663	-0.238432387148627	-0.347557688366838	-0.216969341790798	-0.0549437739526162	0.0400666358336768	0.113030486084632	0.0254239196651983	0.241579647998403	-0.0893267761509515	0.114429726513766	0.027892582524872	-0.353827843262444	0.329664079888717	0.305616650761421	0.142764625544047	-0.286626606392969	0.375927253554309	-0.00159916068585759	0.138895638324067	0.00696476973542233	-0.267208164933574	0.0821407825017856
MEmediumaquamarine	-0.143853920023592	0.0450410076590739	-0.0147713270109771	-0.0363843306702726	0.035932456075714	-0.0433191686604489	0.324760779835197	0.316557986997039	0.354147881245597	0.252668951205887	0.381208064861797	0.342583475419196	-0.205793519221381	-0.102287163661757	-0.204280964326608	-0.182657036135872	-0.103267971297339	-0.0785135766107711	-0.168153717946754	-0.108499756201447	-0.0412295946858312	-0.198678045760119	-0.22238073358512	-0.198829777501208
MEmediumblue	-0.274213518077732	-0.261096771807882	-0.32805153851705	-0.275213784900217	-0.274091772380741	-0.233392901007816	0.314643809915511	0.343890600473451	0.30496420627558	0.287251484785194	0.228756427884037	0.268038887690355	-0.0095988130612861	0.0468942677873554	0.0202577187405875	-0.0498907357259787	-0.0460587856729132	0.0931248936171947	-0.045296718507112	-0.0421103354815447	-0.0759660546639268	-0.0116125444296889	0.0297912145123333	-0.0110192374477092
MEmediumorchid	0.273626533304064	0.193177059653383	0.345783384051652	0.164249417518936	0.3984122212962	0.304324155413657	-0.140206667387676	-0.214318288954579	-0.146681466528461	-0.0838213473236269	-0.226258138467808	-0.262218115579845	-0.0240167140531782	-0.127289059076988	-0.0136330084393336	-0.201515944401079	-0.269790520249989	-0.311791341197676	0.0557098706971971	-0.0538319791746022	0.0643759436090533	-9.41052478835584e-05	0.144362882027669	0.131445228510912
MEmediumorchid1	-0.390918970854683	-0.142515145621714	-0.2392423509105	-0.196794623353458	-0.1252542896333	-0.391437588352401	-0.0649436211017686	0.0225750487580022	0.0303196269825609	0.141656001475995	-0.0680244173006274	0.0243395152208138	-0.231776795226587	0.0470795903642321	0.00892256508132796	-0.04492846631939	-0.133267189416472	0.178220219542336	0.227250307353213	0.305287400875589	0.300194408993496	0.273941246177371	0.275714823325274	0.19360270394069
MEmediumorchid2	-0.332026051641397	-0.0660079172674357	-0.188059967498783	-0.135849378813418	-0.342477960610915	-0.285793145293143	-0.139018379648728	0.146631657548902	0.140040067729904	-0.0680164789174256	0.0855757735640019	0.039538569502135	0.0995113779128658	0.319277640236575	0.246569465136014	0.301608915980157	0.358656680133099	0.299905463795686	-0.117810644939819	-5.38803165395264e-05	-0.201517368623069	-0.0883388856890689	-0.112225006162461	0.039879453882862
MEmediumorchid3	0.0812586387261882	0.362817732162512	0.236504649829987	0.317214566232604	-0.35156404739988	0.212549841261675	-0.197439910832535	0.0881624396896714	-0.0165838300426847	-0.126138693108584	0.162497879527683	0.134841868754265	-0.335472632201524	0.128648715482434	0.120867569998718	0.216802356877292	-0.0372259377741045	-0.033935332056296	-0.0521320141681256	-0.263231071427536	-0.0537965465803216	-0.0395051310478921	-0.328073930996656	-0.227067180906892
MEmediumorchid4	0.197163402793728	0.0789320890045666	0.206773829425004	0.0842071553705723	0.463072396454233	0.460429686815587	-0.202298218693784	-0.197848908337728	0.0565590647625873	-0.360041036492227	0.227670878291018	-0.22669724597392	-0.0566712969822931	-0.0884148055278343	-0.0423957876990834	-0.0787063859686269	-0.152263344844699	-0.148877876213969	0.0587794270491869	-0.189376555601828	0.0839033760732275	0.105289269051457	-0.168822641618326	-0.110366471136851
MEmediumpurple	0.20516604399695	0.0866679147252664	0.0646564186787656	0.250044483005302	0.0483516815909237	-0.0996752619331525	-0.236720209034288	-0.362220465310504	-0.346607546052588	-0.296092696192007	-0.184634055537696	-0.340858348286347	0.257229642733382	0.0724396551509846	0.258161719697516	0.183344745366939	0.165455995641158	-0.194262969135547	0.227802166898183	0.0165044435713074	0.164043844301421	0.0525966214654546	-0.0566341236151037	0.0652402982736761
MEmediumpurple1	-0.42956523600252	-0.0407895520206824	-0.112422064858467	-0.0214761368458045	-0.415903082840419	-0.382741006774088	0.115858242943001	0.13791381894701	-0.0157135658351887	0.142324330663635	0.0385403308964557	0.0145789587058405	-0.180654605984168	0.0646869217991912	-0.223375110475972	-0.102977193170241	0.0567227895233123	0.119618238442749	0.23264858762225	0.18247332934188	0.00339559217796633	0.252582612806744	0.307812385187258	0.256461415750259
MEmediumpurple2	0.076868706561211	0.169885031612129	0.0973756608533881	0.146684759882311	0.0602610646831737	-0.156218090318609	-0.214657232368079	-0.0978265156999558	-0.143208405823583	-0.144872070379076	-0.352134698162066	-0.325641690919337	-0.163571605196402	-0.183913205278514	-0.0206509264978473	-0.21046960655428	-0.075481988948603	-0.0664878360531518	0.259108920489244	0.332304736173605	0.318903079861963	0.112433775667553	0.253742773528732	0.327565362886194
MEmediumpurple3	-0.282948314608115	-0.222217933684972	-0.341152073929405	-0.306094084072872	-0.122457472182197	-0.200394591243171	0.354394812654087	0.25348330301826	0.25387896540647	0.211242262607058	0.326153349801522	0.352704845068399	-0.00368747340445985	0.05564635959576	0.0251599742367314	0.033100591346124	0.023869632996683	0.136079651933018	-0.0898709474749899	-0.0787874989328748	-0.0980219517897953	-0.0620857668433882	-0.118714121278653	-0.0992815192192174
MEmediumpurple4	-0.520501641532752	-0.149255554507087	-0.15666398648987	-0.150149954825762	-0.481843879468598	-0.305994702887389	0.109258720991191	0.14475362999431	-0.0134431850975103	0.192781557266796	0.0852551158524108	0.0990685266525237	0.0253132795542072	0.20538348638265	0.0319902823573468	-0.0716805391217172	0.0699624085305939	0.256978251866126	-0.0953504838970648	0.0852799172030867	0.210125434376881	0.175745174766034	0.0860944011805751	0.166893740853017
MEmediumvioletred	-0.209641206163831	0.202944008099532	0.0104606714611571	0.105153453589329	-0.182140710950538	-0.281439378735289	-0.0914645227502933	-0.12731020519861	-0.101287103890488	-0.165920372040667	-0.0905545473190015	0.00135734039929015	-0.137561323907269	0.275864774854948	-0.0424621379439948	0.284489976536691	0.506679318172468	0.473465220021152	-0.19308419471903	-0.0545609328271949	-0.0623787879543258	0.0450051264824629	-0.0495986132706717	-0.116015851945829
MEmidnightblue	0.129279764962401	0.0307400689587625	-0.0122086984335622	0.0482338027068425	0.160880305439975	0.183036816791297	0.269478828909771	0.303977830306776	0.252006392684615	0.215360768188875	0.256261467882886	0.332516254785801	-0.1928471218286	-0.0950871976486889	-0.2414840317291	-0.247922756224154	-0.074583304977703	-0.0212517065078091	-0.226522519097709	-0.261173755300549	-0.292942059265821	-0.127930708617063	-0.208091144934693	-0.179727297052552
MEmintcream	-0.207617670795234	-0.375906661171058	-0.295152061568539	-0.321343547270026	-0.0123532732070762	-0.204325025210663	-0.0319746601092548	-0.04234912733876	-0.116334458289499	0.0369401124376848	0.0168253549025767	-0.182116965564383	-0.0418455929442668	-0.101571232791892	0.0256523198038749	0.112589860390343	0.0349726342067374	0.0987467939914606	0.352650221623103	0.339463055472072	0.233204654293233	0.0636062663362051	0.251526026009277	0.366712976794089
MEmistyrose	0.459821417108725	-0.268335613660266	-0.120437767524042	-0.143587966206994	0.310859837240882	0.365957770001988	0.0542901674048531	0.0415328910015491	0.0262141217635519	0.0753664686848118	-0.17215519580942	0.0726813703952698	0.179969532814533	-0.0853556450538691	0.148307310372872	0.0758994702141491	0.14721358950575	-0.130991848530502	-0.123306247947401	-0.177155759717778	0.0795295930973074	-0.171478984850661	-0.257492999809001	-0.387345510496305
MEmistyrose1	0.378925481267326	0.43100934549144	0.310689296350887	0.312334795068945	0.154001436235239	0.00985774323884756	-0.17337372828016	-0.0234667321481215	-0.166910543714863	-0.282762006569246	-0.0492155825970126	0.132383058139285	-0.0834245832600383	-0.201801176626208	-0.0168697380388779	-0.19537850216798	-0.334227373057441	-0.140419369380262	-0.0768014074963388	-0.138989394880464	-0.129725327424475	0.0235594177238014	0.118945788484789	0.141659103640927
MEmistyrose2	0.280348348451258	-0.0284924074629703	0.203169744018269	0.0536143332022699	0.440081724333207	0.408933604848329	-0.309988028081296	-0.236366268968869	-0.325040448717363	-0.22767673409771	-0.13684767027169	-0.141252076892507	0.06851959851496	-0.188343072080517	0.0573697087339628	-0.093170210361787	-0.0884813237982409	-0.208271248973341	0.121521424215775	0.0143292370882404	0.0973394245418627	0.0538832584814674	-0.00667839160614019	0.191497474882832
MEmistyrose3	-0.0991723574563471	-0.360628076146099	-0.314603044455993	-0.400801603531798	0.30820682986902	0.2331334584626	-0.0381725562016158	0.0345918180190215	0.212492941874301	0.1526199624775	0.0631446722608599	-0.313826748628833	0.159440812003405	0.142495706914575	0.0849464424177963	0.0846238827510492	0.114796790553304	0.0630709017967789	-0.00363634361196989	-0.053810317578129	0.329779705028941	0.0154460616982868	-0.243545326010914	-0.170593612505742
MEmistyrose4	-0.109265380230724	0.157672791679086	-0.0349652267686477	0.069154447335504	-0.233093323322826	-0.172152037729488	0.163651863353232	0.199297085929504	0.183946180559331	0.0703778102844381	0.289576000172163	0.160321391053473	-0.170862280049505	0.231265006226878	-0.0629744582219415	0.0526172582483989	0.309887380271171	0.324128218400571	-0.211761317096127	-0.190891277227621	-0.357047659497423	-0.142439748973887	-0.274456323405099	-0.251986400990463
MEmoccasin	-0.293855931075019	0.0346318550002632	-0.112796076309577	0.0735118914213128	-0.332559123843045	-0.296619620443504	-0.122729529542102	-0.18511354529972	-0.0266279235372047	-0.157955136233612	-0.172190468901101	-0.119795192743389	0.25020889084806	0.337053803467838	0.282494033796386	0.376656979191201	0.213357719400932	0.244971510715451	0.0936721320453979	-0.0488089358432449	-0.119016882765838	-0.0349728937021698	0.199680378420745	-0.0831979340680601
MEnavajowhite	0.347250370800972	0.0987552258519761	0.288994512703976	0.0942321158157343	0.437463291974993	0.438693614270181	-0.0667646518966328	-0.194493617854055	-0.171311453603063	-0.0337849840746337	-0.18100823669055	-0.15357605484722	0.074962598244176	-0.121959506467742	0.081945494455037	-0.014092334303971	-0.137956249311182	-0.25355647570024	-0.0845813844598551	-0.153836557891548	0.129912380895587	-0.177246043116906	-0.271857824219429	0.023815769424394
MEnavajowhite1	-0.327869262646951	-0.0345268628800591	-0.135524072282662	-0.141711849744965	-0.497657713103312	-0.2425097363174	0.201152806445999	0.201034534747945	0.139967394120019	0.0959120360430649	0.225118922303583	0.258724815393907	-0.0139336305148876	0.297004984417414	0.0393778121584026	0.0176001040973433	0.0960908662926489	0.216995282025424	-0.308050832783068	-0.0840726352774662	0.122225582191806	0.139072926271249	-0.157822461921018	-0.10659900903702
MEnavajowhite2	-0.127008926543174	0.0324610802349763	0.0372339534047033	0.0316590869390185	-0.116819410455638	-0.0939180898213437	-0.356566971985956	-0.270540985660937	-0.262792679045037	-0.24801478770267	-0.341336909978272	-0.252426531073594	0.298416343296193	0.239832757831483	0.137725048348973	0.201572645615718	0.274978326039244	0.349593907905096	0.126270521242739	0.0786621525115206	0.0695148755989741	0.102627844634591	0.0706880464088928	0.0181887022545
MEnavajowhite3	-0.297109039332643	-0.224200990432631	-0.355877257265349	-0.228899818721574	-0.35744244179088	-0.245432710407445	0.160549701500257	0.169771564997345	0.275403039866526	0.304940527126621	0.117000930559171	0.130134148227907	0.215182833029856	0.178493074045723	0.0892768792076016	0.044224647845824	0.0923312805784749	0.120915427805034	-0.178126661768067	0.00103577500450213	0.206377711950876	0.0371771924140797	-0.229643701585135	-0.0260821128560726
MEnavajowhite4	0.338067639176369	0.0744122815581507	0.16843400087093	-0.164430900518802	0.474540389419035	0.36401738653802	0.160827844343645	0.00221214279679612	0.0703265188330769	0.107934713053105	0.135657292088768	0.177322090134241	-0.0423923968401302	-0.153849929724227	-0.233991183873301	-0.241291788996479	-0.0827256346737031	-0.141585558147364	-0.190207999835501	-0.275396399377763	-0.205779393055853	-0.116503471816878	-0.0232501423019839	-0.202347499650155
MEoldlace	-0.245405278457399	-0.211187390036076	-0.0900207856257413	0.0324261505879424	-0.235579639535062	-0.326670335842615	0.289315560089005	0.313124619736234	0.285292299506038	0.28907440073094	0.290766881809674	0.351178318302968	-0.17569729276584	-0.0256101087079661	-0.0984042347384387	-0.187815936992788	-0.00318624745563248	0.0362102680780394	-0.199998213578343	0.0759619946907582	-0.195924506630442	-0.0037844914914097	-0.0395265166985045	0.0754604850246547
MEolivedrab1	-0.0454026444274818	0.174794901082575	-0.149491589425037	-0.151020208127279	-0.117764317048666	0.00930439059978156	0.147441621387862	0.0565200842751992	0.203940158662681	0.19988918513339	-0.104905627662069	-0.162018254731935	0.0822800385933297	-0.0259370800435918	-0.0208180655776671	0.0221536486407103	0.171819388664625	0.464464259219674	-0.365084786471604	0.0282261012024431	0.283898633585999	0.0408270626421922	-0.467640294587845	-0.275476605587288
MEolivedrab2	-0.0827256811179534	-0.118684428172617	-0.00767510650845623	0.00180819749613059	0.000505018714210971	-0.145061278024847	0.356287770058882	0.320472775753507	0.224239583134933	0.110111738898316	0.417788564284236	0.287413871110715	0.00228360070643355	-0.0714702189940027	-0.117470264793187	-0.0935190686807984	-0.219013898047668	-0.429975607895961	-0.0469443140989017	0.0389692590931544	-0.1316923545097	-0.0526172226773211	-0.33933333687295	0.0963024011438404
MEolivedrab3	0.252082685138972	-0.00308984243867462	0.121313665335799	0.0489577048797139	0.2038378529671	0.134876972789764	-0.338362591203874	-0.310944666677237	-0.320330078970505	-0.292957129441899	-0.329871490801351	-0.283736276297217	0.264575600890491	0.0607121396100792	0.21746448036213	0.226207253717545	0.205490911923472	-0.0103873890914391	0.0456632041615106	0.00905987630167892	0.206849514729843	0.0340881241301506	-0.0756707251667794	-0.0658297968492716
MEolivedrab4	-0.344829004375413	-0.175282909618226	-0.217452807260641	-0.10511048325098	-0.276549530249814	-0.177142943223406	-0.134983188409254	-0.0119448588962986	-0.248874840597144	-0.139485123837313	-0.0314294511365874	-0.251183374302242	0.0335416718624919	0.212626005440996	-0.010011253433459	-0.0152290889900888	0.140427860059098	0.237926948118174	0.296990474940679	0.291728559049834	0.230020683989879	0.176184570977083	0.210792306788229	0.309269776354401
MEorange	-0.304652013231861	-0.0931523788354677	-0.245527967524335	-0.184788494297498	-0.299414108086269	-0.357753557082091	0.281693938901636	0.30247962437932	0.211027992774056	0.210715311861894	0.314203871780908	0.341454152492989	-0.0584816901201612	0.0070562385084461	-0.12578499259148	-0.0631407638875046	0.0575689867772073	0.0709834872059088	-0.135242602411234	-0.0150700464601286	-0.162331867446652	0.122495809030304	-0.0144585075743555	0.140119575836369
MEorange1	-0.0739412910154194	0.214304128704997	0.178738041094456	0.303084017197667	0.131632720033716	0.172204182796182	-0.475068958843474	-0.258746932233204	-0.314248828501151	-0.117132467975798	-0.116985762184941	-0.299601800200188	-0.0510084592928556	0.0461086377402877	0.133435802324709	0.348831126027428	0.035481753233789	0.00867301773896686	0.330656242320966	-0.0568872596157403	0.0118069738551402	-0.0862957900650039	-0.00571851642310533	-0.0593205767174234
MEorange2	0.236468561350794	0.22064352487596	0.246576718990888	0.189797569954989	0.435582971494867	0.390021655454536	-0.00355118474705936	-0.0553376522087352	-0.2065530471173	0.0658894612194525	-0.0257954457579789	-0.141726771180647	0.0683390676712625	-0.211796525792908	0.0172377257018313	-0.0794455965348606	-0.0520960184324535	-0.0461150545865249	-0.155974683424759	-0.237368952349135	0.127765677765438	-0.139539716756982	-0.350755166500352	-0.292267119090322
MEorange3	-0.253284409232285	0.276166265485481	-0.128220126073402	-0.0222118505696047	-0.358420438262048	-0.403974397133836	0.0373643318821653	0.136023678849394	0.0948278455762756	0.205449001909012	0.23748698810579	-0.179005055617083	-0.174004667339481	0.143283701278287	-0.202404886350644	-0.0208284427686262	0.0545529987472073	0.219263713940248	-0.165765812475237	0.0900488575973746	-0.24571330067154	0.187995653855464	0.181924704175956	0.289445645091133
MEorange4	-0.31404055964486	-0.208011541448795	-0.380251034850002	-0.163035842165054	-0.279571361335056	-0.239145676139247	-0.189982756654246	0.274276910619817	-0.00781608295666843	-0.234319887949321	0.115192793854891	0.044945606802153	-0.0244983942662064	0.144688295731458	-0.0963621306179322	0.021902166190187	0.121308336885869	0.172172569277534	0.245550371409315	0.246662909219101	0.0984161954024218	0.104226370086357	0.237238621395883	0.310454121152397
MEorangered	0.311698677158829	0.35395006857709	0.350213975886326	0.252780637458022	0.0879711991313809	-0.017270598938302	-0.201699849919685	-0.198041764772687	-0.130072935437294	-0.0593058043472842	-0.000493926243135286	-0.227695175113932	-0.0890104127424294	-0.0980940586487271	-0.0609242909922594	-0.269707845473751	-0.415365077584631	-0.233626793051674	0.0379400791120898	0.056358009944481	0.0145632338402596	0.111499417308188	0.177560983324322	0.246772251524802
MEorangered1	0.26319130511186	0.257449161681712	0.35092843752923	0.200689311443817	-0.111178751419098	-0.394640864498461	0.134930230875911	-0.0832666638424085	0.291038934231028	-0.0128548777736731	0.0315994094472406	-0.248100742839522	0.114889423266071	-0.115877695299122	0.118448820504687	-0.312091879079987	-0.385486502536406	-0.132130569167934	-0.0286892394116677	-0.0870624936041912	-0.0439353294969991	0.105143290490073	-0.081135302102093	0.168142586489932
MEorangered2	0.366689660815754	0.0222479095033845	0.149410379225387	0.053436832303578	0.349272331681819	0.37751972565254	-0.249354293345134	-0.335757753588504	-0.246589768391532	-0.291629826218805	-0.277133565178261	-0.187593851336221	0.0852038819443042	-0.160400248773869	0.099745278992854	0.12420955120477	0.0360799407990757	-0.103960942577425	0.0915396329442276	0.0705490337566781	0.201954625088378	-0.0380804360699134	-0.128226907973154	-0.00913119045993093
MEorangered3	-0.495869407983549	-0.157139181309594	0.19132228388821	0.239154341188605	0.293460177324196	0.0116865916494565	-0.228161965113117	-0.0799948554384153	-0.337810816979076	-0.106931177920827	-0.00581543154136381	-0.0986585635579272	-0.207148224551392	-0.0656037748910285	-0.122662130682822	0.0378051473031599	-0.0431768672858889	0.0124319741427889	0.350090329127286	0.172307998804057	0.148458506659305	0.057830223369162	0.311772572280804	0.122652251517971
MEorangered4	0.270574616224781	-0.0309869479225996	0.0815527688205071	0.0595631829264905	0.415791024203166	0.434639731355044	-0.161607997474541	-0.246009062262662	-0.23062260383022	-0.341875225752447	-0.329746627422217	-0.282961896175134	0.136263237657611	-0.0676862771051721	0.0557093709441229	0.0597856760547225	0.0446620693932684	-0.0319374915181996	0.153495451955591	-0.0140973681255482	0.202173714806176	-0.0441965935812444	-0.0582192455466098	-0.0742635076248885
MEorchid	0.290654392578958	0.418692827344077	0.40424969367493	0.36979337593485	0.162846194481943	0.100184539214734	-0.221014934379252	-0.218912764059633	-0.200073640905573	-0.128737851166644	-0.211588447247686	-0.158687315136899	0.0992851373148731	0.104696008857953	0.0912955655380849	0.0185943912311693	-0.132693832485509	-0.0879457666925753	-0.17285336694565	-0.252741778702627	-0.0479350555512801	-0.156603629647574	-0.0689033589937594	-0.00160038425691084
MEorchid1	0.0905052740437316	-0.00623922841765134	-0.0608329028456175	-0.072544793762842	-0.24700528705563	0.179302560670503	0.298557011622177	0.260766170924629	0.0926264715354821	-0.185771609470938	0.327160865022328	0.344058434115626	-0.199802796849914	0.0671406534349217	-0.354187304535681	-0.232322984855854	0.0281331374450211	0.014142701661824	-0.175959606234474	-0.0617039555766584	-0.364623068680504	0.0555555039312466	0.256032420981168	-0.0529876671028933
MEpalegreen1	0.259158179993516	0.156701060282758	0.127363343840236	0.0223095967152495	0.167233501643471	0.13678424014276	-0.365281760876561	-0.263671182599919	-0.282409000212874	-0.280540332500763	-0.395782071332418	-0.320473746535186	0.0593010764892576	-0.0619108894802625	0.154420757606377	0.047110695904752	0.0742484002556237	0.045222919664131	0.042792985989522	0.291850301973462	0.0332786233376998	-0.0443621989562398	0.113463001379918	0.283192497275493
MEpalegreen3	0.189226891280954	0.0574301155105503	-0.0102225092903338	-0.0566321869799789	0.330409865433961	0.284212341846706	-0.329094272201233	-0.278365946524679	-0.21414333967617	-0.425890776402308	-0.180226829069579	-0.144952922010336	-0.118281040062178	-0.124163524730606	0.122758339708469	-0.022830798333299	0.0742250035655639	-0.128130436534163	0.271702817815469	0.176236334083045	0.307685137279357	0.0314821881479624	0.00418939394895906	0.183376153193868
MEpalegreen4	0.156552550833344	0.220102605085231	0.00883641661014536	0.289860161458734	-0.063819467086233	-0.103322153515148	-0.342394846275635	-0.250791472505283	-0.127640706626685	-0.113844648025789	-0.363646754138006	-0.14922865244873	0.338779775827102	0.20482751599795	0.240470158138207	0.125619514611177	0.140394045386582	0.163366301085378	-0.0433047202009117	-0.288756985524286	0.220009967260712	0.0499998414514612	-0.192942137574823	-0.119126309824493
MEpaleturquoise	-0.354854500098374	-0.170871600139863	-0.294330448506556	-0.252976703398513	-0.300425465155143	-0.245661178889132	0.206174402469911	0.223703345398683	0.200765413802852	0.144019841575524	0.20033448752537	0.175546444405557	-0.0340390811294928	0.297593518145271	-0.0856739371405927	0.0611669661521164	0.305728013916179	0.29451014239861	-0.128868086237401	-0.0534018440844751	-0.0728585515692646	0.00864566532324627	-0.114710216976781	-0.00951662778773224
MEpaleturquoise1	0.0642090790388297	-0.0764453383894222	0.142542847354553	-0.0711422273346891	0.4151405571369	0.301577270840429	-0.299236049880317	-0.271026189742684	-0.22957826971874	-0.256466508016334	-0.159972362633593	-0.324438272454883	0.185239620777833	-0.0558911060202046	0.155045393012732	0.105870159845593	-0.00731112972419955	-0.186009233392965	0.226392255650627	-0.0713830456046574	0.297511547614337	0.0946335799461333	-0.107237514654908	0.12797493634963
MEpaleturquoise3	0.2705334140482	0.282866419621127	0.188577910159089	0.08070619458539	0.189843229644501	0.187334664499418	0.0501612719992809	-0.0106895185119	-0.233872014500407	-0.31206880673544	-0.207527111228945	-0.27856921639143	-0.14946715885275	-0.202549779913685	0.0710248199947036	-0.236879588812441	0.194601362943024	0.205731108820435	-0.0444224313766096	0.266152985974936	0.252285321318112	-0.268194122670882	-0.121161089456726	-0.174417865157
MEpaleturquoise4	0.394130596260373	0.356444117952104	0.399060897146554	0.203433805415961	0.238450695658987	0.0647522206712864	-0.244882422748094	-0.309290591012937	-0.191452761754937	-0.228268359288614	-0.153917739446914	-0.20640367487227	-0.0377670349596774	-0.0744574681230626	-0.00708074437602202	-0.201906884982808	-0.210085485284436	-0.115580970624633	-0.0339306785319054	0.115393581113294	0.115062201633363	0.10868249239223	-0.00133200934186528	0.0209462171040258
MEpalevioletred	0.01265081720861	-0.0411613788626002	0.0670933332117347	0.0565053283497264	0.0564323763902565	-0.132590072372314	-0.171654081132308	-0.108972777554102	-0.0190066859680856	-0.190767174828055	-0.083129419854803	-0.0469049781481183	0.416441843480192	0.354798404206602	0.272513835728968	0.220266642011556	0.325368036969599	0.272472257471686	-0.186190562000094	-0.231009772701512	-0.288633539022001	-0.189965198184887	-0.125663528106113	-0.238893706293939
MEpalevioletred1	-0.346447957830446	-0.278857666131558	-0.309073495444452	-0.290990819969435	-0.291480554701755	-0.246998147918695	-0.0759134359376668	0.010355499126454	-0.0252965099388113	-0.129748199427954	-0.00780303966928562	-0.0361190014712546	0.22184171340884	0.0909428583937463	0.240267367425962	0.207235236461469	0.17494954585543	0.183011141036243	0.345722679689132	0.0347574005994376	0.278953504234386	0.16335668135459	0.0472043322442142	0.0401308686114129
MEpalevioletred2	0.202546511515255	0.000264246688727795	0.127018535638727	0.0059745139381887	0.310671465107183	0.292676497990192	-0.0904779800052198	-0.278017592582423	-0.389642932998703	-0.280457573066144	-0.256731702681812	-0.371834904243679	0.145431570529071	-0.0747601629935512	0.183530044063357	0.17575840447779	0.077338719455007	-0.219917465635017	0.199159811200163	-0.000576659461485254	0.214086120703138	-0.0239332335479742	-0.0349746760785286	0.0868684419877354
MEpalevioletred3	-0.58902738852827	-0.108172065253794	0.0614666700706828	0.182492513188993	-0.0894785197941031	-0.245147550018615	-0.0524958934154622	-0.107804922423287	-0.333015140835353	0.0054936153041591	0.101390804379034	-0.111953651005615	-0.0888213933827062	-0.0242266578994345	-0.137406473498364	0.0401420668604836	0.00901406148336135	0.113669611657444	0.325292508688988	0.176703081863245	0.158589216648841	0.169403864417814	0.332248609401196	0.211643032090762
MEpeachpuff1	-0.236443289956172	0.414640144428477	0.152803186870497	0.359659550398426	0.0258679841964182	0.10484624986851	0.193901445167346	0.198963586791873	0.113555973996839	-0.0847147867101275	0.0666995278194887	0.111487936880214	-0.379510619001392	-0.093511451729341	-0.313327875630281	-0.0933905902284918	-0.279949478459813	0.0304173152686591	0.101792012291231	0.0620649934276295	-0.274925202340553	0.0640003870666268	0.00166185834626623	-0.246588858762327
MEpeachpuff2	0.0601828627806956	0.166361906985401	0.103247745140783	0.0299505271255302	-0.129083798575251	-0.389585241845824	-0.193258220214984	0.272573524399749	0.169783498069909	-0.227287416779745	-0.135452450293627	0.406246671348635	0.288544433830151	-0.0540730213975597	0.0313697864214508	-0.111084358838637	-0.0907048603598576	0.14523799520868	-0.129577709063284	-0.0907241126680446	0.0879009443942251	-0.238071128878949	0.325648325668671	-0.298145902458119
MEpeachpuff3	0.203030048498684	-0.0857490900989683	-0.0200787531753555	-0.012592584364355	0.380698934465038	0.233790330023076	-0.273062349302288	-0.334264523018366	-0.318944403805	-0.35617880981819	-0.237118877143166	-0.316761047348122	0.158181632327589	0.0743541025336114	0.0526033684563982	0.174444957458117	0.136897497175646	0.0632858727729283	0.200870819729421	0.084649805103381	0.178495780585285	-0.0637566425622818	-0.0201868525957204	0.0973907841026364
MEpeachpuff4	-0.149123287229006	-0.213730907968274	-0.0592725385393688	-0.124573771880752	-0.111465771146542	-0.142273622849316	0.356269880956793	0.297973612514049	0.332140524278223	0.310553692373646	0.244017967489921	0.41292451385226	0.0917153037094995	-0.0368356955886203	-0.0947379729878508	-0.0562189192476422	-0.0542901956611165	-0.0930238820943914	-0.170280277332494	-0.299271145406999	-0.224099774489922	-0.10442486487626	-0.120778939910688	0.00880607203485034
MEperu	-0.25080731586918	0.258002934269279	-0.119734693287695	0.048795783916706	-0.413888725210757	-0.43606384743472	-0.12978464152826	-0.14621042707522	-0.075163452845509	0.054128035994249	-0.131100033073282	-0.264349634244621	0.158531930270884	0.230098198777611	0.0387527075566119	0.0178698991622987	0.121794028506355	0.172538728989958	-0.00435916962310929	0.323865387212295	-0.00219521803978748	0.0693259989363003	0.307392860925482	0.172560663714111
MEpink	0.285402457997323	0.203509297638872	0.220200476806642	0.248494026821022	0.304159407495425	0.306059645655775	-0.324151728822552	-0.277079511166394	-0.251725921125109	-0.262969638775645	-0.317269548389634	-0.352593893378999	0.0661630785655344	0.0172993274849255	0.00717143414613093	0.0596765413551122	-0.0190501182592244	-0.0609403695025251	0.047422808652381	0.0189378863751855	0.150451664530749	-0.00265592430530767	-0.060907546952576	-0.00560385284710985
MEpink1	-0.0565323045448188	-0.110494162810359	0.0125812526708584	-0.0234838376315014	-0.0429541576900307	-0.103169447577978	0.373566653338676	0.212783798443949	0.158523643214077	-0.271690998628268	0.482854835072805	0.485264773577461	0.00280133125751659	-0.164945289027273	-0.0748628912049806	-0.156012635593056	-0.252769873874347	-0.257749417429192	-0.084989297699838	-0.055646788847457	-0.0563317485537771	0.0845187836459026	0.00294557512539052	-0.10420779523376
MEpink2	0.319494138401021	0.136277766958601	0.324314109297843	0.244296617211943	0.384275648302987	0.22123077050483	0.0246039881039054	-0.0152547076783182	0.0925862597615145	-0.0145308910649681	0.0112144051167459	0.103425770489471	0.189856228755416	0.0234399502188129	-0.0444103613507169	-0.176121782960521	-0.252633551638339	-0.24266886922321	-0.238860428642831	-0.299431609007792	-0.180908619088328	-0.225654351899108	-0.212782559154239	-0.171757921414722
MEpink3	0.288810617986821	0.290833227555422	0.352535732608256	0.276925687448157	0.275426546730673	0.226948402703216	-0.259188522091033	-0.178696760528127	-0.187536888520013	-0.104739075268591	-0.237869583174793	-0.249131282641775	-0.0886332395352563	-0.104222771402758	-0.126172846830963	-0.177458075742716	-0.300777066343359	-0.181088052373793	0.0834012633466069	0.0403049330429304	0.101809193063333	0.100975817508949	0.145215494200914	0.0123272482579011
MEpink4	-0.166897165148768	-0.118556489080458	-0.213921920930219	-0.154304105031373	-0.0639935098710689	-0.0630940489163246	0.300586355524877	0.246502571707576	0.3074402786877	0.408685324322675	0.28956244392262	0.385698843382746	-0.0324855992916713	-0.0961346216066143	-0.0986890599454483	-0.22765645375147	-0.00699675158634871	-0.160722284755354	-0.0412508179031392	-0.106381093310751	-0.304892945946331	0.000510852479255778	0.0768247063388576	-0.15983450929097
MEplum	-0.112640656760914	0.10505541027302	0.161487582618276	0.0510196891706114	-0.0214425448429726	-0.147571036056894	0.289633234076369	0.241172991748439	0.322282414304772	0.355253399145014	0.0873900158946589	0.232949007157408	0.113836259654163	0.104604141879137	0.0288653006202487	-0.212335677289399	-0.0579315091671867	-0.104373689982955	-0.41542516239807	-0.238894180116675	-0.295952462137685	-0.0916747454477667	-0.23941011629251	-0.155897666049086
MEplum1	0.350235340963673	0.121006933723832	0.171320351815838	0.232204885315967	0.291509468945434	0.273703845778215	-0.252255322505503	-0.248064651266195	-0.246511155605534	-0.291024755036411	-0.287929005278117	-0.282041636054753	0.151864368708967	0.132769975029542	0.134554094158818	0.229771245638538	0.00338630424118097	-0.168220382285667	-0.0510390063562548	-0.0965900585032769	0.0864446416154571	-0.0667079230301712	-0.143926021827988	-0.0444615381855919
MEplum2	-0.247837094833218	-0.219162619870197	-0.253766511390401	-0.293785602287255	-0.361011574665015	-0.36536468406727	0.248622014355801	0.279104825914877	0.243253993460513	0.238775536079957	0.270466231652488	0.31619350414567	0.115637443966774	-0.0431668026056768	0.094506603015209	-0.0535449584935751	-0.0390452557025562	0.0631274198871724	0.0461639615857706	0.017912297289141	-0.0407030115869619	0.0154498540735847	-0.0851587918227734	0.0533332218979422
MEplum3	-0.146131795761002	0.00876972536059419	-0.0927428606069967	-0.0391121867292979	-0.102164923520928	0.026817320018974	0.29605586287607	0.285037880766462	0.172316344197259	0.213512142599725	0.400664797562315	0.339044833565432	-0.24302827185362	-0.257948496933869	-0.281749527536134	-0.262978946564183	-0.29295006274565	-0.183615102012047	0.16747720462756	-0.00995506898341044	0.024236748872247	0.0718287539009385	0.00665142329410887	-0.100035794394549
MEplum4	-0.179326498381803	-0.154211384331749	-0.143119896427553	-0.15450667320548	-0.0264934583023816	-0.0507439056078008	0.324288803199384	0.308022316854852	0.297873069370688	0.263139877182526	0.338320776783406	0.430409865007323	0.00279241397089931	-0.143535577132482	-0.00344417178480802	-0.0524247766966578	0.0132400277302276	-0.0129124138667584	-0.171746108789729	-0.177785807457104	-0.319597788331357	-0.144997555053833	-0.145449823013179	-0.097791311716627
MEpowderblue	-0.267240960260868	0.0449570840567387	0.0105067517101171	0.0620785027484886	-0.240030259674187	-0.230317118849786	0.305226801238186	0.336815875693924	0.328192802986999	0.251559210504954	0.388056120050892	0.284380089312649	-0.241836626252855	-0.0554533756169113	-0.242916253781899	-0.130951044494654	-0.0688663271755577	-0.018131535705634	-0.145887436572858	-0.0956053155110128	-0.146107776730787	-0.069314948891755	-0.0592671693065941	0.00015291052240768
MEpurple	0.245767073385664	-0.0658358418452335	0.0787448218295408	-0.00613099064195337	0.295732090072925	0.306577592366935	-0.241732272398222	-0.316028981055538	-0.323327029477912	-0.305050474689803	-0.335295884373164	-0.317578618271283	0.188561871538146	0.0168472384261336	0.167700699890706	0.144269376083862	0.108538062797325	-0.0821917106078653	0.133429814499762	0.0487953087981333	0.21839141489299	0.031846637827743	-0.0514958857494052	0.0594656867005111
MEpurple2	-0.351830148325866	-0.0537876607751775	-0.144782194098301	-0.102316031186111	-0.133424929235141	-0.0893321054327448	0.322763626498427	0.239347378315894	0.293081255744278	0.175535918922195	0.376972349440347	0.258129977833386	0.00176555247465046	0.0965504895849945	-0.0760985158459627	0.0108104563279553	0.158134782668536	0.18457298626821	-0.300362908959165	-0.117553109009641	-0.183196624991891	-0.120500924421275	-0.266912977122582	-0.177566644675014
MEred	-0.295847227263117	-0.0126474558360027	-0.150422109730256	-0.0990414084545799	-0.33997721609565	-0.353830906215207	0.299239133587695	0.243936391751964	0.317522851342857	0.29361119033309	0.289688032352568	0.304712271677196	-0.0818868944753363	-0.0209039432067203	-0.118587637851977	-0.154395091239404	-0.00148242885011173	0.0319216495392202	-0.134880277374623	-0.00135120548135675	-0.205276987801032	0.0120613201858773	0.133051114970617	0.0447868341342888
MEred1	0.155656654647499	0.488845492212924	0.253163364601157	0.377074926691678	-0.00574835815420656	-0.0534172555434704	-0.289725180852871	-0.289548567886226	-0.170429688557986	-0.199500540288903	-0.34019631941702	-0.242870677992583	-0.0370350419994089	0.0877734443933729	-0.0587075848077974	-0.0819481744643644	0.0535647224469647	-0.0369687073352252	0.0981652550050331	0.0872749644891252	-0.162074270831319	0.16287291893106	0.070216167152805	0.133562457559759
MEred3	-0.133730497028088	-0.134387081448041	-0.090696514677287	-0.167378243629034	-0.153890841831629	-0.242853095003705	0.184660716816762	-0.179316078677015	-0.0936821961036672	0.137858844681484	-0.229870417471039	-0.290767100893067	0.301709990887063	-0.14680243534537	0.243600604575744	0.164545767621175	-0.0573710995045061	-0.29118030241499	0.0957304119527187	0.179795680653529	-0.00866953733679541	0.236861849081859	0.355469204558113	0.320362370535787
MEred4	-0.171261579239027	0.0396606751234096	-0.0821540867326279	-0.117085532120593	0.303201533499004	0.191145292371818	0.0852007085804183	0.0396023913383328	0.183020523626337	0.2058052747718	0.211782274072438	0.264416714214276	-0.0974531017987085	-0.292299745975768	-0.0792129419746883	-0.332994789178342	-0.39156400293003	-0.355433500129429	0.213185467648061	-0.175365999464153	0.124813318587872	0.0728050169366227	-0.0175310214815012	0.177717110254481
MErosybrown	-0.438957059894381	-0.141674218886564	-0.199883020406007	-0.268602317345436	-0.357457957477065	-0.328809416287227	0.0665425194973083	0.152510617567142	0.15122092888445	0.188751170730523	0.243318750933846	0.216015132826222	-0.0937852822557967	-0.0113970592747667	-0.0609329371006614	-0.057725096233211	-0.0953733497653696	-0.0312172400902601	0.211181829372869	0.220631337332139	0.0455463531982314	0.19932637159721	0.125631939255761	0.265138003821043
MErosybrown1	-0.372532115623237	-0.13681395109979	-0.143891852727291	-0.101333767772649	-0.342017422112527	-0.394173335621956	0.261823027519598	-0.00108906949448604	0.0696913692214203	0.296183405819933	0.2130021734232	0.235053118476045	0.181760838027387	0.311323316735382	0.180145615897332	0.093511533441351	0.0146638554447979	-0.0716845854178542	-0.227052863865457	-0.00912916124228721	-0.183963504046095	-0.0142846337189245	0.0188299051893941	0.121978103546713
MErosybrown2	-0.0147266240781658	0.00497848570621958	-0.0570932497878523	0.119991496642466	0.010084864952796	0.0429877626476018	0.335597765797506	0.156221865216009	0.0984721229403282	0.297213324117861	0.53347543490633	0.201868665229273	-0.244487687175524	-0.220294679699762	-0.222744042121911	-0.342693491455495	-0.255248155259881	-0.210693646616467	-0.142060828059848	-0.013046544512418	-0.0906463776735912	-0.0202102118750501	0.0680841805092281	-0.035030430349652
MErosybrown3	0.339212648735652	-0.0768382110449512	0.113602614660504	-0.0375196349195287	0.263585526178657	0.332475674721095	-0.346315856097315	-0.270946486458232	-0.217454520417734	-0.316225935304256	-0.265662431917011	-0.340662434044983	0.218770448770905	0.00215227162849017	0.147460379457785	0.104018504997731	0.121026788263712	-0.0505978527262083	0.0979568297587148	0.0573185128507633	0.184492956222868	-0.0183740038223848	-0.0971809317359982	0.0557051422417242
MErosybrown4	0.312156806573614	0.130523732783636	0.14378785960061	-0.0215628550796559	0.47073699719369	0.284029583254886	-0.0109015276520054	0.0875402745868442	0.0516717630724066	0.116417196957987	-0.300900361419348	-0.193621751775325	-0.11996689011544	0.0724726824110291	-0.0618334248379351	-0.203383191767795	0.22756570558107	0.201062846915775	-0.24738906749072	-0.240655486911076	-0.12982714613095	-0.200220899367157	-0.252308361427811	-0.115394484956328
MEroyalblue	-0.367596948228951	-0.172431070704491	-0.128878471617883	0.035247626854968	-0.0828522629367059	-0.136389272640782	-0.120581493386545	-0.184507794468573	-0.218769733539076	-0.108733181874615	-0.256636892607764	-0.231744283581118	-0.131700075763865	0.0544810313187648	0.00639215184025329	0.227573967135271	0.1177677619745	0.149479668991555	0.445361865897224	0.284932679925991	0.212517672578996	0.154483480992621	0.27451747874723	0.178066095092995
MEroyalblue1	-0.196440224155758	-0.0995815414997298	-0.14576923735396	-0.128249088829101	-0.229758077618106	-0.268290004943017	-0.218166678863854	-0.244985274219971	-0.186662538019819	-0.112453933004684	-0.239800609262457	-0.194240023076984	0.0891104731197914	0.320915053861197	0.155127661214668	0.132117117385049	0.23141469572126	0.354339074920328	0.0415786935683341	0.0969722306294484	0.279848446892688	0.107503833752018	0.262422734815139	0.193047214967522
MEroyalblue2	0.295566868564766	-0.110756780661516	0.0718581115140975	-0.128401117456575	0.253424413346364	0.189659751959615	-0.325910023263134	-0.289280887744207	-0.312760711695508	-0.31867324850914	-0.337624107617783	-0.110159183172515	0.123955437562865	-0.121749499083951	0.22618804479109	0.215844183284251	0.0871545822657035	-0.0821112600623892	0.235728471297178	0.177676394833082	0.0984576728652023	-0.00557119506027015	0.0131475209805196	0.154336561062258
MEroyalblue3	0.280297099724601	-0.226780713089099	-0.0706230540577518	-0.154203722465038	0.22004654803724	0.267965908500458	0.159671131335317	0.111464454945575	0.170192441699932	0.112987411854737	-0.130665492906774	-0.0216087610884596	-0.0389774134375388	0.225550263335036	-0.144638765973325	-0.0936175495727217	0.414911011191979	0.238908664904833	-0.282607838158127	-0.2086071964934	-0.105892971140455	-0.195768549233421	-0.254036714399196	-0.2739661935144
MEroyalblue4	-0.223927144542247	0.195702775563225	-0.0280204582425611	0.146139687945174	-0.283185723900508	-0.301624152613491	-0.00652043495958832	-0.0661435755273678	0.317915496838381	0.165519331923659	-0.256662081169883	-0.181685461718334	-0.186933083332474	0.209702686730496	-0.158461887801841	-0.166206529256062	-0.0917286955187994	0.154306587985924	-0.100428194517478	0.245042903875142	-0.163080049984492	0.16168831151294	0.374098678592006	0.244491012118184
MEsaddlebrown	0.0129880395754041	0.191312287543227	0.0458913691388603	0.135781186358756	-0.241820972556896	-0.133496352717264	0.248979844617866	0.281473870446844	0.261268162770167	0.232654159274445	0.273419910896698	0.312214544955573	-0.187447113879968	0.0151382629412341	-0.213046129702319	-0.117594558876378	0.0584922464214599	0.12628385223398	-0.303908088782625	-0.209508530506774	-0.333029056449648	-0.14449308079808	-0.152559916889787	-0.158993936014775
MEsalmon	0.262285798225582	0.342243007865001	0.288239232701314	0.246937044232212	0.0721174811002949	-0.00547640200471	-0.252306449529678	-0.280205314212178	-0.227945739522484	-0.2260744749774	-0.240478082073537	-0.320344109677829	-0.0649797733330539	-0.0876620289065214	0.0246975337781105	-0.0757371396633162	-0.184947411541362	-0.19784753210094	0.149059587774193	0.148451991675845	0.0859921369928952	0.0743879992286949	0.239632485023303	0.229960158945563
MEsalmon1	0.216243990906403	0.240097638972057	0.255838839645166	0.20976611287159	0.404467459517926	0.350451994245878	-0.074765821908535	0.0610022447376118	0.0215008357195946	-0.0308655320466504	-0.143367177854268	-0.0445969558613273	-0.244765837053789	-0.198232776585342	-0.25049640501127	-0.353332357105614	-0.308187911999273	-0.238661754206031	0.0741328895107841	-0.031005490815802	-0.041583942522616	-0.0409592680424367	0.127573434462049	0.0397457904238949
MEsalmon2	0.207039721879733	-0.0615972126753979	0.0117403701509685	-0.0198093865057614	0.26193196787113	0.241324218372527	-0.281261020087939	-0.294834281326748	-0.276975957558168	-0.305683123926904	-0.325945323527122	-0.364494427609121	0.287579514127106	0.113723936648691	0.159613948368359	0.156904957129083	0.177859918897994	0.0554325886738291	0.0712390823568651	0.070051710386689	0.211352028352506	0.0556758042506475	-0.0989363957428198	-0.0519326385061476
MEsalmon4	-0.261657432686486	-0.0576142726386705	0.0259368544446778	-0.0425252068482967	-0.190443728543675	-0.339367672123704	0.288359858153225	0.145713770111203	0.142950168201738	0.266819100731375	0.187822117446884	0.239715082813658	-0.106328435197324	-0.231787229182437	-0.197857757577606	-0.298372852729483	-0.311809642800439	-0.138899346511486	0.135983329000509	0.0973067878937044	0.0195057203041829	0.166593829524386	0.313484263907271	0.146472694306791
MEseashell	0.0854238836226348	0.240761416488654	0.329795768454931	0.0964549968277696	-0.0954593439572956	0.067363126307358	0.078330247930281	0.0400741556119896	0.252439744819558	0.0396898824836866	0.107561051830504	0.117098718326704	0.0887675683657369	-0.318437803241495	-0.119172884977494	-0.42918520393519	-0.285692457131343	-0.374336243392136	-0.135731541446713	-0.183769655642716	-0.143135301523979	0.13889213864217	0.235619099741915	0.166648635794474
MEseashell1	0.207468123427623	0.308940931455753	0.214071489639285	0.285822751058974	0.239844373406308	0.287259333252688	-0.249934279589456	-0.124793489967281	-0.360243404669622	-0.239348754298373	-0.0753200784200294	-0.170655013614783	-0.388936596268342	0.0322006763443608	-0.222896309083373	-0.0365037177582608	0.115067875571215	0.122412979681624	-0.00586483773014554	0.0727606438384885	-0.199463034972345	0.0552415462770089	0.118903165826852	0.0139656265918286
MEseashell2	0.351526977008003	0.114445407546183	0.174553631290538	0.167682171035554	0.415981522234446	0.411039017590468	-0.223376916065079	-0.25609052138105	-0.191834270279446	-0.148087975538629	-0.23928394249458	-0.283425714389052	0.126048125056203	0.00820514011604124	0.06260713798747	0.100069473834779	-0.00397425871494986	-0.145066475270144	0.0502180418629403	-0.0886610816373562	0.0850934470175981	-0.118922163905725	-0.195595746950015	-0.173151025954204
MEseashell3	0.176039404728431	0.235759445164289	0.311637339288412	0.346506008176701	-0.200493994070336	-0.0212910582883708	0.208118149572118	0.29988701310926	0.159844665216184	0.147076164762508	0.130151562198398	0.139422202355043	-0.244739274421409	-0.235479150403629	-0.170999039410881	-0.235175727439146	-0.302500775172381	-0.156909971416892	-0.236432374772667	-0.132463266819608	-0.193464582907995	-0.0618099513790517	0.0793692082808997	-0.0420519963498752
MEseashell4	-0.253256238958763	0.0425178908135466	-0.106695832303829	0.018710042382291	-0.40971729214956	-0.372858925794993	0.188004406005008	0.199388278312133	0.187587312154067	0.171148285691066	0.404609339645623	0.331643981809186	0.0676338382278705	0.0330921146012408	-0.12011534541479	0.00808187161327715	0.171137727958533	0.151815359704838	0.0413294049776872	-0.152318342415002	-0.215787377974986	-0.057460685878598	-0.142765672099765	-0.185724140906078
MEsienna	0.243348593349586	-0.0481251836254468	0.238532269879821	0.180722912062714	0.531347110914029	0.459967643251323	-0.199880270144583	-0.193472587463009	-0.147466371414923	-0.09198413711749	-0.0501470176012479	-0.14579854498883	0.0596074836675356	0.0478164570776097	0.020413097944169	-0.00855801011901875	0.0786156471827719	-0.150054608099622	-0.142463196130772	-0.250337742365205	-0.0381911198102717	0.0227268728654965	-0.300211956135631	-0.116407343179007
MEsienna1	0.0219885704622767	-0.200779299842767	0.0308565026296201	-0.0952333317869817	0.121112152653287	-0.0573045696375831	-0.217295368791332	-0.27382490009551	-0.285965926111321	-0.330128651653753	-0.259329219260201	-0.238814758345479	0.265049643911766	-0.0168783035237573	0.289247282411344	0.268188269276357	0.155465551791758	-0.0739456812073493	0.333780635460913	0.193040171232722	0.167416971706387	-0.0320806121318479	-0.0103035107966066	0.24573838164806
MEsienna2	-0.367457768138554	0.0081075879008268	-0.0947652742152303	-0.0880398477752026	-0.375066638932065	-0.388018161634025	0.230837900839088	0.240243170431256	0.258294881896841	0.289517626119082	0.274115928767267	0.348331555785818	-0.136573058516521	-0.0540750703650081	-0.110681259141256	-0.0576549736825798	-0.0618740841778603	-0.000897529673220188	0.0300670015332818	-0.00933164836348571	-0.162267033051905	0.0239655754476665	0.170185550100089	0.0330355688456975
MEsienna3	-0.274847229462077	-0.189820766709948	-0.0528495531970214	-0.0670306991506048	-0.208189021272899	-0.166820480097775	0.0554856369430482	0.0746615097466061	-0.0638784409136172	0.0481335209462616	0.247012478330007	0.20597699048509	-0.216030603668803	-0.225468477324227	-0.215201729373066	-0.206421722581887	-0.234749167228317	-0.113315285764006	0.286826004122198	0.259045771469609	0.200547118449452	0.252778572911083	0.325643430076113	0.278512143264778
MEsienna4	-0.190280722912847	0.119648335053617	-0.210210355290606	0.0333910989483627	-0.457847026679799	-0.266460256126633	-0.00306653172687986	0.0457571837731374	0.021960876957211	0.0148459323266541	0.00332036292384263	0.0860155136700827	0.192374619256622	0.346988041120099	0.234269577142807	0.295278513991719	0.20782636053095	0.312148588468281	-0.235249697812959	-0.171009380316656	-0.169356318480977	-0.0374733008572349	-0.234101083300565	0.0612296693417699
MEskyblue	-0.206464999724522	-0.0697542615175389	-0.142449140321729	-0.125977731821975	-0.233572927594301	-0.100409573206019	0.297989905403877	0.248340894452159	0.242186624642328	0.196087838553254	0.325847712045406	0.278775030129038	-0.0721214452548491	0.159505286563345	-0.15006504098118	0.017926575314538	0.247420428326946	0.252002920170188	-0.290144585731333	-0.17651541065645	-0.180143427799172	-0.134192421825878	-0.157511702700876	-0.226760546465254
MEskyblue1	0.219737081442985	0.382437222963989	0.346472047849982	0.263265571701894	0.147075450741017	0.220542889762826	-0.327324336753265	-0.112921257886212	-0.0884630637309311	0.0887489004704659	-0.371463991483876	-0.288963419695577	0.0618273373720421	-0.141023680479842	-0.00678603617889825	-0.217723376876457	-0.256444461601797	-0.10128326173558	-0.0311322241562427	-0.0715008273601353	-0.0213009553778822	0.0780322271319821	0.152263274725819	0.0759288891536959
MEskyblue2	0.0431816225112892	0.296333584524094	-0.173301637280521	0.128089423252692	-0.320679813636066	0.132386389339761	0.261181756424171	0.263516493840698	0.256607725305839	0.199223416913414	0.182258069424885	0.350309216985252	-0.210264613362473	-0.0282296523968291	-0.221980635854774	-0.155742146957357	-0.0246990017655822	-0.0062697766858057	-0.391521056495649	-0.149265569041538	-0.137613026917916	-0.0819701210859017	-0.134060270739282	-0.0774903763024015
MEskyblue3	-0.303058560374703	-0.267666295391503	-0.241956916837543	-0.232974065894512	-0.246758760087651	-0.28326397226638	0.0721115739183318	0.0966997259618419	0.0950474304314842	0.0657412506572316	0.0511201941842089	0.115108504741444	0.124705472266844	0.387468350181648	0.14589309115783	0.231723359693967	0.35087952786513	0.35009357692235	-0.0920235375798688	-0.0584983066712148	-0.123744751216735	-0.0233731885676672	-0.137892403383547	-0.075381299710989
MEskyblue4	0.0931826057246904	-0.151977882563958	0.0231580297728473	0.035941757347714	0.043607145127333	0.0884910018631591	-0.236401569316718	-0.172361360801901	-0.219713407330867	-0.232531151364406	-0.265934413999484	-0.352225228398678	0.449238169120673	0.259389635207838	0.239537119489313	0.246582501038544	0.206822922446874	0.113911665672458	-0.11334288767321	-0.0734209359842559	0.267500838667413	0.0212624507496832	-0.180171722475324	-0.0905452823197395
MEslateblue	0.357467995395026	-0.0164154742753555	0.16895379086816	0.0537954682305029	0.356334049217794	0.353834393288503	-0.243993210283817	-0.272757760830823	-0.26197457327662	-0.261874852194757	-0.248631899045398	-0.327075170700018	0.197327330899646	0.0217675099722572	0.117576287839611	0.139510138101894	0.0855757630325972	-0.110968919726259	0.0441196937170967	-0.122362247996242	0.149249731431313	-0.0221748825619287	-0.123411904879346	-0.0338712562238363
MEslateblue1	-0.332600123774392	-0.101100316165732	-0.227102344426713	-0.168900736954824	-0.352703376265234	-0.214219470504967	0.0802489342065202	0.000530631197974226	0.0483444273889698	0.0921371932248685	-0.063267787073221	-0.136295537838901	0.15493920320314	0.349921146039026	0.125225057916821	0.221171214935811	0.414461015293526	0.413345328796092	-0.12637718862908	0.0256960324368293	-0.0973834551845932	-0.0138206661404929	0.00222376379726976	-0.0944729454786958
MEslateblue2	-0.226477193790849	0.0478717469129607	-0.0642121452221119	0.0226929658788484	-0.183243483335795	-0.246581594518576	-0.280035114753331	-0.253583068847445	-0.256820730420143	-0.240522605041176	-0.235861175365175	-0.225215902879173	0.253793552348899	0.100348089898853	0.288280381078358	0.288751918137842	0.169631488882673	-0.0179044166513423	0.238535497300997	0.204405371473632	0.233221900033477	0.145206943613893	0.0869200588093182	0.150797516455367
MEslateblue3	-0.0704345098367554	-0.080928281545193	-0.0230068983100849	0.00988366235161826	-0.141856237629569	-0.275318971131631	0.260855062771762	0.17385334342476	0.145547617365655	-0.317169960459625	0.444362552272231	0.393970912883265	-0.127604189655034	-0.172029352888947	-0.208221087392609	-0.159362056836331	-0.224417795480946	-0.253877933206001	0.0694605940501496	0.0857210364086228	-0.00277247815736838	0.17699685033665	0.113893239465198	0.182454881200186
MEslateblue4	-0.0512856000397037	0.0751597705182863	0.0552976617633747	-0.0823404711493529	0.0597985892722032	-0.0183273983381149	0.289609396878645	0.334233731305256	0.265394022756513	0.207752132740157	0.302056328771428	0.352896546916516	-0.165347840789908	-0.307969721260031	-0.194391481877095	-0.231490627342001	-0.322581400757373	-0.241861180362331	-0.0815849204672021	-0.117142666754734	-0.172610556385259	-0.114890392791523	0.0996468823877065	0.0599791950045453
MEsnow	0.329715115942031	0.0154718001631471	0.16422395792022	0.186971707867167	0.352531533270607	0.407899532068375	-0.351581603603695	-0.147148302044236	-0.172065949787232	-0.242632681015118	-0.311930852598597	-0.309075070634017	0.141459020600931	-0.00570279338641865	0.127745672455122	0.125506964776374	0.0768265703606597	-0.0997999282882786	0.0455864425491313	-0.183607643645417	-0.0324745590538236	-0.00379109524008049	-0.0735623289717548	-0.0405655097050959
MEsnow2	0.221186917475347	0.178142991473504	0.0356798737473224	-0.0282789380681846	-0.337591677088888	0.157362536622154	0.250530521798356	0.271668440032228	0.27697962155853	0.203055978311991	0.286225224554023	0.360642957483745	-0.112315130739737	-0.0859613263868745	-0.128040884186669	-0.17309611017751	-0.179887765806354	-0.192985983604355	-0.144225367130998	-0.169530818255086	-0.209895311472393	-0.161373638918534	-0.105421919748306	-0.212870191473309
MEsnow4	-0.0265311583109081	0.254346764946452	0.0293835310211701	0.187209139165182	0.130191545450174	0.13103888414014	-0.269519827587716	-0.0828978863679663	-0.116624455877727	-0.251601124449539	-0.154573521797081	-0.259340182372503	-0.0879037241086556	0.326028112013255	-0.208469237933254	0.174563876025125	0.419184775109368	0.424923216666424	-0.039535428799145	-0.118224141914159	-0.146353869470043	-0.0758787634353912	-0.146149644916064	-0.0932668771971397
MEspringgreen3	-0.1997139199044	-0.228563964083187	-0.179942726184135	-0.324816239834096	0.0470472076283489	-0.0271877518102546	0.337981950945017	0.342237312396963	0.332148871416185	0.161057026107291	0.297823858830372	0.297512744904846	0.0873762610570692	0.00944385103478956	0.0918138446397957	0.00237536303919856	-0.0199803201239713	-0.097411398582589	-0.158966383116823	-0.0547970757990031	-0.0447509461752644	-0.138284229132715	-0.316349942460937	-0.216053394792503
MEsteelblue	0.342437325861849	0.388681634697736	0.372108553489914	0.355244375763647	0.207306890566579	0.181775046386731	-0.0418398183662098	0.0597393111248185	0.00607350259793975	0.0615159553885717	-0.000105991170235173	0.0382910051697099	-0.0557002319213717	-0.196997765673082	-0.18274662691631	-0.235489948356555	-0.182690848168546	-0.258678761231454	-0.180485073078032	-0.154863846959511	-0.243550093640687	-0.0978987211632368	-0.0307370965457423	-0.151388777856522
MEsteelblue1	0.0495113569783124	0.0796578211789459	0.116401485901135	-0.256451833351939	-0.341448720413148	-0.36838048548105	0.427466741995234	0.272906510076469	0.285236471860017	0.202822384082967	0.20795763604939	0.104239435777853	0.0243609674037985	-0.0986500366827631	-0.0446941464170072	-0.339045117933264	-0.244582914001346	0.0333680022721805	-0.0236012904521893	-0.0820193342684769	-0.130885231208397	0.0780400651848139	0.0783203155200784	-0.0305300840716183
MEsteelblue3	-0.380652446853139	0.132825970027068	-0.118647493777849	0.043807466017931	-0.312232856275566	-0.386861019982022	0.0315130681616342	-0.014503905870784	-0.0175490581878471	0.0301635390148125	-0.177747142800398	-0.239763511799121	-0.16021216432133	0.102768942242172	-0.172904274180181	0.00440413649933327	0.153717392412385	0.323490638628769	0.166736311554132	0.242748869691741	-0.00447388410492298	0.325107340276415	0.168065591470597	0.260198492156171
MEsteelblue4	0.41905097884477	0.175384488188324	0.219657024299247	0.340351522805303	0.352987471888833	0.376299061915399	-0.17110561615897	-0.199797833338828	-0.23020651968414	-0.107360406423996	-0.117172436543287	-0.025209029960946	0.067549288075689	-0.225339498879972	-0.169939184676222	-0.101772639511556	-0.205333229142471	-0.0497818295940146	0.0870389492272461	0.0343373221908436	-0.163340661037791	-0.0746131702574127	-0.0517876094369599	-0.179896442789088
MEtan	0.277388569481058	0.260721657197041	0.34129866411707	0.240877536220309	0.248999300740064	0.264127805710744	-0.263708971996973	-0.274693646402819	-0.185223592600906	-0.258070010767481	-0.212872589371001	-0.262549281238598	-0.0501123850996628	-0.118402903860261	0.00676095108293132	-0.105468090013313	-0.257539860152891	-0.146367008068775	0.121970779598936	-0.0768714421372356	0.137955528959784	0.106607088255427	0.0805106545174544	0.1246612458291
MEtan1	-0.486903707283788	0.160111699268571	0.0681860079027476	0.29588628979549	-0.0819824581118111	0.105946857133188	0.030038762545133	0.0520642912940516	0.0401236818717449	0.120903170639435	0.191310545179815	0.0274691333819345	-0.324256895089026	0.0426153216403915	-0.259510290157232	0.328825313302927	0.137163594618509	0.159931244367789	0.196683400522467	-0.0324444881002078	-0.0891857079058415	-0.235095162824181	-0.0827509380333501	-0.365129665958761
MEtan2	0.0415803419377143	0.0910768230347923	0.202843249163195	0.141487875788704	0.373898805591676	0.321910816742212	-0.172538209217711	-0.171762612085581	-0.221692663781971	-0.232194189607048	-0.296036404667544	-0.208793724257601	-0.0318122006322152	-0.22063068468002	0.0380856179031442	-0.165542556980279	-0.266660944802476	-0.222294312895899	0.302415996846481	0.0971343986620028	0.185350584129938	0.126888480510803	0.135309371349859	0.15197614194782
MEtan3	-0.421748507621832	-0.32688531027138	-0.29799556771286	-0.112924612558912	-0.282161705673218	-0.325576951680693	0.00436962907694375	-0.0625300916866846	0.0760367032473442	0.0810435763810966	-0.0317212730566477	-0.00180496561735784	-0.000727780979794208	0.23098092537959	0.16467463681287	0.283988447074031	0.132466115941746	0.120340824309329	0.304193934759273	0.0865702815928828	-0.0297756472419099	-0.0648800503249431	0.24635150771346	0.227715882137661
MEtan4	-0.139387801565053	-0.0116728501690034	-0.143382878408342	-0.158370118338681	-0.245859122162257	-0.13426148286481	-0.240475492145591	-0.239385276710962	-0.251445444211626	-0.2032483404328	-0.163290371505439	-0.204232525310524	0.394448547275831	0.24078514310767	0.201368099021761	0.216200292457064	0.292077974222174	0.337783591261446	-0.0604917760053891	0.102583612567152	0.165016277826377	0.147611578129444	0.0440667010151525	0.0535616629464076
MEthistle	0.284831623624981	0.052724678841013	0.105087275647576	0.0117547891044057	0.244785768545567	0.27716638120019	-0.332463214319859	-0.266586302605052	-0.306999947011407	-0.347693914971672	-0.261965763190906	-0.314406317006343	0.237569348091957	0.0640420654648356	0.202506905847595	0.162106070130356	0.126318662713306	-0.113919630675275	0.0540339790786925	0.0107614421797158	0.190616891130201	0.0261300356399974	-0.0803581487730138	-0.0260426786868608
MEthistle1	0.250598783989823	0.337451806673439	0.243455911787759	0.339047748019454	0.313923763518537	0.301809088027604	0.00176523222246277	0.148625593894824	-0.0274936889468684	-0.000920555359994482	0.0964803179118462	0.0767145060679612	-0.206175397398969	-0.0918533563778171	-0.256816172868022	-0.246280388254694	-0.0843910658589695	-0.0358911149944007	-0.172376248973628	-0.169247031987814	-0.281646587381138	-0.198054498518533	-0.145050796323812	-0.193675848869049
MEthistle2	-0.34200480962577	-0.165366859171616	-0.184810828099472	-0.162113516366817	-0.32647350004367	-0.410689840369104	0.237437140416049	0.258160470081966	0.344606300506648	0.248574961883877	0.247029497663921	0.211236819594864	-0.139602138959793	0.0183714119384436	-0.0900736246610104	-0.0827182882311204	-0.0317285121289385	0.0114317740345546	0.095969535880354	0.0796356784262846	-0.118849929005333	0.00994540200520498	0.111003892652982	0.181028961577499
MEthistle3	-0.0379639899216748	-0.0287578477509537	-0.169167218407982	-0.101934242339332	-0.265115705746105	-0.321277784917512	0.259906855928755	0.275936664400709	0.268924794124856	0.225263756133816	0.260125358106674	0.364566370294593	-0.162806458875349	-0.134209698400312	-0.0895326395428482	-0.127537820430303	-0.0260271329520982	0.0673792312669518	-0.199819888836041	0.052317988214148	0.354382036036499	-0.114132534431462	-0.151183791430473	-0.199336300524554
MEthistle4	0.0268404545020329	-0.129387356670585	0.12543993322574	0.029415683669726	-0.252591161227687	-0.378480503233126	-0.265107100476145	-0.133314196116366	-0.114239138574295	-0.240920162320869	-0.287500785095836	-0.113010633263427	0.129701204375184	0.00305466752433164	0.474473083257431	0.0882266087479746	0.151827768589378	0.209631314565282	0.22751908198417	0.115209307999821	-0.0187707113337832	0.00135499046042738	0.00108251905733273	0.349545130353283
MEtomato	0.183071031946756	0.198628109843653	0.0985312146368175	0.0273200068033624	-0.484896092145657	-0.299954251879527	0.0613911665901386	0.0952850533087542	-0.0736449223194631	-0.0871403102273786	-0.0898837452040222	-0.0367031178941484	0.118038664964299	0.0213846677140542	0.0435572136186575	-0.0245585881983602	0.219024985975131	0.436207030169963	-0.23369633365852	0.185443718357606	0.238694675755671	-0.348387138822935	-0.162694062216505	-0.0850189771183443
MEtomato2	0.21127178830499	0.339843228467127	0.31990188440197	0.30284958542655	0.307606036851724	0.22944988142273	-0.261214808303932	-0.216606629472116	-0.159026020870066	-0.190861940372418	-0.30789712291815	-0.230553346552111	0.0171544398944609	0.0259287452954612	0.0716803642650929	0.117488358010802	-0.018088917169754	0.115373389405567	0.0351377493490084	-0.0247149210452926	-0.135675076522585	-0.164021363896677	-0.0953079755374597	-0.289717328434919
MEtomato4	-0.287592449849174	-0.0596634916470337	-0.315697928218059	-0.338504917284076	0.0151678313384959	-0.00894403671743552	-0.161217300609076	0.0358169511144552	-0.254618790164589	-0.0598712540386497	0.0608257391887863	-0.0238273190176399	0.257152302479216	0.138562998036772	0.158946847106296	0.0855042288893152	0.250494099364449	0.354222116056994	-0.13923104259986	0.297729873510525	0.324710257949944	0.0343281730764347	-0.104388885117975	-0.259904002848122
MEturquoise	0.317963770394581	0.0608707046002072	0.156253436005495	0.0663638597757713	0.346013375181752	0.350852941771626	-0.287986726940378	-0.285261936808142	-0.264094379915762	-0.30918871620895	-0.263041000316467	-0.269160419044588	0.18196513480072	-0.0248737833049247	0.156383974279833	0.141214850496789	0.0616092691667101	-0.136074778263307	0.0686946131925216	-0.0392880776128334	0.170909440294844	-0.0350526852397456	-0.109867065478847	-0.055205800826904
MEturquoise2	0.133453080125878	-0.29474009502976	-0.14505307120616	-0.210664759298743	0.245442589200808	0.271045441123621	0.356345238849919	-0.114471924341308	0.339652104790878	0.0863107998893996	-0.259791750466604	0.263460527532878	0.035517245625058	-0.22824698637568	0.00931907662034088	0.0389792117245461	-0.0662868918664963	-0.268689353111494	0.0988589763469805	0.145391503921653	0.124668332564948	-0.184070320925087	-0.270831694151438	-0.105597281544139
MEturquoise3	-0.0980813397994836	-0.403938764058388	-0.354332613831386	-0.464298652741782	0.212695290770173	0.124165751551787	0.169872841173711	0.242660940607346	0.288173787336915	0.236086203599689	0.234093813289159	0.0329403701056698	-0.0629431064766153	0.0102061955203334	-0.0627748238626459	0.0760946106759384	-0.0753843476047115	0.0337318167931174	-0.025656567446232	-0.0629128347428604	0.195798783524463	0.098758506566456	-0.24390507468234	-0.101050786268314
MEturquoise4	-0.192701168466804	-0.203431884714379	-0.333983994383971	-0.148456382717687	0.193375162934157	0.0475225145958144	-0.233799091075368	-0.262808436393599	-0.285413403737029	-0.0981955354373437	-0.0642708792290573	-0.189401979335084	-0.138784869907425	0.00620721384984174	0.0886143119297356	0.113101739375607	0.14817945322262	0.0725983655882727	0.37686278949535	0.320218041077756	0.290253266578674	0.119648026747035	0.267708021750307	0.106958718252575
MEviolet	0.187758837941368	0.0790515621786567	0.130976563675583	0.132876749273736	0.140788188537396	0.0531116173055075	-0.375321298705694	-0.32919302735936	-0.337745163577997	-0.317172233321455	-0.284190898860719	-0.322355016064901	0.268959116541194	0.0982971299955827	0.209427244729121	0.186277669465851	0.156591609503303	-0.0877240115826203	0.0820860515880634	0.0717876914120942	0.208206335268066	0.0632473408719556	-0.0205268433612014	0.00478478454646908
MEvioletred	0.346151082660741	0.335686230664179	0.272393723232349	0.388417666808643	0.182971358370224	0.076347560642895	-0.396149691932958	-0.123915769229985	-0.223544887611591	-0.19698806488989	-0.22942231930965	0.00415847141608807	-0.0351803861332548	-0.0887977673473072	0.0405034219993339	-0.193858611892127	-0.180360866044562	0.0204112878738879	0.0321632886800158	-0.0848536931574098	-0.112230189170921	-0.170702256297266	0.195084200843155	0.141716209825404
MEvioletred1	-0.193624667753082	0.0911697069753818	-0.230137827601801	-0.0434817578474094	-0.298080789590259	-0.361955482524473	0.166942600523121	0.206134700924764	0.189473962554032	0.20745659591334	0.310089311222671	0.352792319130187	-0.0177985341362743	0.163414220555174	0.15400661032841	0.0575016624847718	0.0117720313672845	0.236774217169413	-0.186674073475031	-0.257698025243309	-0.150248428811463	-0.0843590505224424	-0.251325364421696	-0.072143937221311
MEvioletred2	0.269956197613848	-0.0774872943257802	-0.0119747017061034	-0.00501428554889585	0.301245252460391	0.317359476397375	-0.32874524847604	-0.311488797030915	-0.242637461110898	-0.277289801583649	-0.268379355833063	-0.337443466188362	0.170702146332135	0.0338074935696545	0.100867527237015	0.0790973710414274	0.0570127450906463	-0.0110111256020152	0.176234092950622	0.181696178712229	0.270488549268102	0.0548045178758746	-0.105182318998712	-0.0366176921448887
MEvioletred3	-0.0699091888648448	0.0295380889561964	-0.0607406608746361	-0.0179136249987783	-0.186602272034187	-0.0320727289665405	-0.101508678775933	-0.0689216365839017	-0.195567204217463	-0.0294836689743205	-0.0805715557816521	-0.069234313503063	-0.300962343899903	-0.147044874811706	-0.188746067274889	-0.348570036235356	-0.0551379277156813	0.0597457172817243	0.328871848397418	0.358534892445893	0.166270544358171	0.375785338816153	0.261020630155233	0.373219723102069
MEvioletred4	-0.23189670923813	-0.163921204405472	-0.248479751216598	-0.270883019892588	-0.354777038288584	-0.373180722498709	0.153793418426774	0.110127105191453	0.180865170596902	0.324287982091874	0.11533768675205	0.144288758734515	0.172959699942663	0.214332995421117	0.282113055247089	0.164219746455956	0.121255169085794	0.19903929814536	-0.13729903032634	-0.0993754791596945	-0.00947557276160388	0.00658156169251265	-0.16949406746152	-0.130419052534823
MEwheat1	0.153584264363804	0.325003288758546	0.217081396371791	0.337188014024265	-0.0582258825856276	0.140709289839271	-0.323214040434478	-0.321578430087875	-0.145990579304481	-0.150729569271692	-0.274493407000605	-0.236801257552346	0.0574092543154626	0.109764667808796	0.203792846169791	0.283338727546322	0.122037257188885	-0.269239841055515	0.000267708530357458	-0.0758868728335655	0.114627042799052	-0.0550728474419074	-0.22708226000517	0.0735112298569222
MEwheat3	-0.271772713202329	-0.318243911968891	-0.283376972993538	-0.219989963783634	-0.219025843867575	-0.315397423414188	0.00411942716371817	-0.107350151961358	0.0197559883990905	0.0925651790799194	-0.109635686302094	-0.0900664559490075	0.0102190469222143	0.00102350178044905	0.1101665370682	-0.0331372021077735	-0.0132407029218231	0.0356347628573816	0.253673036248983	0.273374947403139	0.309796863721158	0.26131551408823	0.259230796795568	0.350361426944162
MEwhite	0.164038026344144	0.154498887647699	0.176274778604703	0.108473310108288	0.119001984614186	-0.00106077719913558	0.25268179176396	0.239829351928439	0.324769722542241	0.252894487111501	0.191832690066177	0.223154205661238	0.0562233351481968	-0.0654774167884057	-0.101335740520852	-0.260539739408214	-0.264476725839355	-0.207001183708772	-0.274892998864279	-0.240139691212084	-0.259513397833624	-0.204876066858015	-0.190079699545793	-0.194279133762243
MEwhitesmoke	0.0828423553224061	0.196880905260009	0.278161703475554	0.0903220138714275	-0.214094673177249	-0.266600483628766	0.232306438861988	0.122877714611264	0.335257194725705	0.155682716431575	0.267910094392972	0.387483474399152	-0.147982776526036	-0.0721557476438524	-0.237975529659236	-0.246209504155228	0.0240469365954871	-0.0702977621572223	-0.153199931447715	-0.264482125923603	-0.218498217272397	-0.0967890484776186	-0.0348559461521778	-0.150629801726442
MEyellow	0.15554892503096	0.103404730683449	0.0624318712583939	0.0589956357465384	0.147718429912343	0.0487652860728121	0.278449702221413	0.340433107968146	0.307787993514739	0.210165527108905	0.269751715388972	0.287331266709677	-0.168982215409674	-0.197817894823666	-0.190415673246851	-0.252820366782733	-0.226386733804889	-0.196131617027788	-0.204173500780239	-0.211265018051917	-0.21212036039374	-0.157044542234879	-0.118005223033479	-0.13562104602649
MEyellow2	0.218400131548347	-0.027441772522068	0.0519926882313548	0.00267833200453613	0.194993758429272	0.16505173229699	-0.258707239047244	-0.3807855999391	-0.272576882979054	-0.301849830151115	-0.292333469056836	-0.34925983706563	0.253567045451234	0.0469024027236778	0.245056114993128	0.241983074149976	0.164025882199567	-0.119306023517378	0.130454977071157	0.0527630565257944	0.228584762438356	0.00398365910036334	-0.0145744234500447	0.0163974605647152
MEyellow3	-0.56428428294996	-0.148434705115143	-0.303885309188057	-0.2538967143351	0.00343868013087844	-0.0947086428880524	0.0276672764060577	0.184557317733832	-0.0361016145913971	0.0415584124858784	0.276386568891847	0.181281346195464	-0.180240656023145	0.0420396600750628	0.10097474555454	0.38103070922442	0.0815426960938593	0.0105409783725369	0.361505610414211	-0.0100568666261173	-0.0585294337509553	-0.109277674307498	0.0639629469150742	0.00292895128176102
MEyellow4	-0.415892893024193	-0.287614038248764	-0.266242738340152	-0.266859920660199	-0.230280618692764	-0.284685756737051	0.00899445864435468	0.101531887077648	0.100962399031847	0.0279479131840431	0.172822902841102	0.0214116216132595	-0.0145269249047943	0.301361194486248	0.0482899585900486	0.216295314149247	0.348352738914186	0.363373308616061	0.0514468954762827	0.0826118937971643	0.0546603435117408	0.00796610589707158	-0.0835563373153369	-0.0583697079070503
MEyellowgreen	0.246811140203283	0.0883867678112135	0.186294913279676	0.118078532943361	0.413036973743734	0.384538645426135	-0.277760996410658	-0.264847211157285	-0.282088295230732	-0.161088307542809	-0.279444403395744	-0.321118934863787	0.118907627366967	-0.0541229584246551	0.0740173831068745	0.0579163619751768	-0.0270786128423313	-0.155245196803883	0.131015310811157	-0.113844422951342	0.179462983562724	0.018896776855593	-0.122355518946218	0.0416314414835482
