user_genome	classification	closest_genome_reference	closest_genome_reference_radius	closest_genome_taxonomy	closest_genome_ani	closest_genome_af	closest_placement_reference	closest_placement_radius	closest_placement_taxonomy	closest_placement_ani	closest_placement_af	pplacer_taxonomy	classification_method	note	other_related_references(genome_id,species_name,radius,ANI,AF)	msa_percent	translation_table	red_value	warnings
Bger_bac_bin001	d__Bacteria;p__Bacillota_A;c__Clostridia;o__Christensenellales;f__Aristaeellaceae;g__Avichristensenella;s__	N/A	N/A	N/A	N/A	N/A	N/A	N/A	N/A	N/A	N/A	d__Bacteria;p__Bacillota_A;c__Clostridia;o__Christensenellales;f__Aristaeellaceae;g__Avichristensenella;s__	taxonomic classification fully defined by topology	classification based on placement in class-level tree	N/A	59.76	11	0.89077	N/A
Bger_bac_bin002	d__Bacteria;p__Bacillota_A;c__Clostridia;o__Christensenellales;f__Aristaeellaceae;g__Avichristensenella;s__	N/A	N/A	N/A	N/A	N/A	N/A	N/A	N/A	N/A	N/A	d__Bacteria;p__Bacillota_A;c__Clostridia;o__Christensenellales;f__Aristaeellaceae;g__Avichristensenella;s__	taxonomic classification fully defined by topology	classification based on placement in class-level tree	N/A	93.86	11	0.8958	N/A
Bger_bac_bin003	d__Bacteria;p__Bacillota_A;c__Clostridia;o__Christensenellales;f__Aristaeellaceae;g__;s__	N/A	N/A	N/A	N/A	N/A	N/A	N/A	N/A	N/A	N/A	d__Bacteria;p__Bacillota_A;c__Clostridia;o__Christensenellales;f__Aristaeellaceae;g__;s__	taxonomic classification fully defined by topology	classification based on placement in class-level tree	N/A	57.66	11	0.7911	N/A
Bger_bac_bin004	d__Bacteria;p__Bacillota_A;c__Clostridia;o__Christensenellales;f__;g__;s__	N/A	N/A	N/A	N/A	N/A	N/A	N/A	N/A	N/A	N/A	d__Bacteria;p__Bacillota_A;c__Clostridia;o__Christensenellales;f__;g__;s__	taxonomic novelty determined using RED	classification based on placement in class-level tree	N/A	76.15	11	0.71282	N/A
Bger_bac_bin005	d__Bacteria;p__Bacillota_A;c__Clostridia;o__Christensenellales;f__;g__;s__	N/A	N/A	N/A	N/A	N/A	N/A	N/A	N/A	N/A	N/A	d__Bacteria;p__Bacillota_A;c__Clostridia;o__Christensenellales;f__;g__;s__	taxonomic novelty determined using RED	classification based on placement in class-level tree	N/A	85.36	11	0.71561	N/A
Bger_bac_bin006	d__Bacteria;p__Bacillota_A;c__Clostridia;o__Christensenellales;f__;g__;s__	N/A	N/A	N/A	N/A	N/A	N/A	N/A	N/A	N/A	N/A	d__Bacteria;p__Bacillota_A;c__Clostridia;o__Christensenellales;f__;g__;s__	taxonomic novelty determined using RED	classification based on placement in class-level tree	N/A	90.11	11	0.71079	N/A
Bger_bac_bin007	d__Bacteria;p__Bacillota_A;c__Clostridia;o__Christensenellales;f__Pumilibacteraceae;g__;s__	N/A	N/A	N/A	N/A	N/A	N/A	N/A	N/A	N/A	N/A	d__Bacteria;p__Bacillota_A;c__Clostridia;o__Christensenellales;f__Pumilibacteraceae;g__;s__	taxonomic novelty determined using RED	classification based on placement in class-level tree	N/A	81.15	11	0.82081	N/A
Bger_bac_bin008	d__Bacteria;p__Bacillota_A;c__Clostridia;o__Christensenellales;f__UBA1242;g__;s__	N/A	N/A	N/A	N/A	N/A	N/A	N/A	N/A	N/A	N/A	d__Bacteria;p__Bacillota_A;c__Clostridia;o__Christensenellales;f__UBA1242;g__;s__	taxonomic novelty determined using RED	classification based on placement in class-level tree	N/A	24.65	11	0.80991	N/A
Bger_bac_bin009	d__Bacteria;p__Bacillota_A;c__Clostridia;o__Christensenellales;f__UBA3700;g__;s__	N/A	N/A	N/A	N/A	N/A	N/A	N/A	N/A	N/A	N/A	d__Bacteria;p__Bacillota_A;c__Clostridia;o__Christensenellales;f__UBA3700;g__;s__	taxonomic classification fully defined by topology	classification based on placement in class-level tree	N/A	65.2	11	0.73921	N/A
Bger_bac_bin010	d__Bacteria;p__Bacillota_A;c__Clostridia;o__Christensenellales;f__UBA3700;g__;s__	N/A	N/A	N/A	N/A	N/A	N/A	N/A	N/A	N/A	N/A	d__Bacteria;p__Bacillota_A;c__Clostridia;o__Christensenellales;f__UBA3700;g__;s__	taxonomic classification fully defined by topology	classification based on placement in class-level tree	N/A	88.78	11	0.74143	N/A
Bger_bac_bin011	d__Bacteria;p__Bacillota_A;c__Clostridia;o__Christensenellales;f__UBA3700;g__;s__	N/A	N/A	N/A	N/A	N/A	N/A	N/A	N/A	N/A	N/A	d__Bacteria;p__Bacillota_A;c__Clostridia;o__Christensenellales;f__UBA3700;g__;s__	taxonomic novelty determined using RED	classification based on placement in class-level tree	N/A	40.28	11	0.757	N/A
Bger_bac_bin012	d__Bacteria;p__Bacillota_A;c__Clostridia;o__Lachnospirales;f__Anaerotignaceae;g__Anaerotignum;s__	N/A	N/A	N/A	N/A	N/A	N/A	N/A	N/A	N/A	N/A	d__Bacteria;p__Bacillota_A;c__Clostridia;o__Lachnospirales;f__Anaerotignaceae;g__Anaerotignum;s__	taxonomic classification fully defined by topology	classification based on placement in class-level tree	N/A	51.48	11	0.93776	N/A
Bger_bac_bin013	d__Bacteria;p__Bacillota_A;c__Clostridia;o__Lachnospirales;f__Anaerotignaceae;g__;s__	N/A	N/A	N/A	N/A	N/A	N/A	N/A	N/A	N/A	N/A	d__Bacteria;p__Bacillota_A;c__Clostridia;o__Lachnospirales;f__Anaerotignaceae;g__;s__	taxonomic novelty determined using RED	classification based on placement in class-level tree	N/A	85.6	11	0.87876	N/A
Bger_bac_bin014	d__Bacteria;p__Bacillota_A;c__Clostridia;o__Lachnospirales;f__Lachnospiraceae;g__CHH4-2;s__	N/A	N/A	N/A	N/A	N/A	N/A	N/A	N/A	N/A	N/A	d__Bacteria;p__Bacillota_A;c__Clostridia;o__Lachnospirales;f__Lachnospiraceae;g__CHH4-2;s__	taxonomic novelty determined using RED	classification based on placement in class-level tree	N/A	60.06	11	0.90781	N/A
Bger_bac_bin015	d__Bacteria;p__Bacillota_A;c__Clostridia;o__Lachnospirales;f__Lachnospiraceae;g__CHH4-2;s__	N/A	N/A	N/A	N/A	N/A	N/A	N/A	N/A	N/A	N/A	d__Bacteria;p__Bacillota_A;c__Clostridia;o__Lachnospirales;f__Lachnospiraceae;g__CHH4-2;s__	taxonomic novelty determined using RED	classification based on placement in class-level tree	N/A	85.68	11	0.90379	N/A
Bger_bac_bin016	d__Bacteria;p__Bacillota_A;c__Clostridia;o__Lachnospirales;f__Lachnospiraceae;g__;s__	N/A	N/A	N/A	N/A	N/A	N/A	N/A	N/A	N/A	N/A	d__Bacteria;p__Bacillota_A;c__Clostridia;o__Lachnospirales;f__Lachnospiraceae;g__;s__	taxonomic classification fully defined by topology	classification based on placement in class-level tree	N/A	37.28	11	0.88629	N/A
Bger_bac_bin017	d__Bacteria;p__Bacillota_A;c__Clostridia;o__Lachnospirales;f__Lachnospiraceae;g__;s__	N/A	N/A	N/A	N/A	N/A	N/A	N/A	N/A	N/A	N/A	d__Bacteria;p__Bacillota_A;c__Clostridia;o__Lachnospirales;f__Lachnospiraceae;g__;s__	taxonomic classification fully defined by topology	classification based on placement in class-level tree	N/A	48.6	11	0.88558	N/A
Bger_bac_bin018	d__Bacteria;p__Bacillota_A;c__Clostridia;o__Lachnospirales;f__Lachnospiraceae;g__;s__	N/A	N/A	N/A	N/A	N/A	N/A	N/A	N/A	N/A	N/A	d__Bacteria;p__Bacillota_A;c__Clostridia;o__Lachnospirales;f__Lachnospiraceae;g__;s__	taxonomic classification fully defined by topology	classification based on placement in class-level tree	N/A	78.97	11	0.8711	N/A
Bger_bac_bin019	d__Bacteria;p__Bacillota_A;c__Clostridia;o__Lachnospirales;f__Lachnospiraceae;g__;s__	N/A	N/A	N/A	N/A	N/A	N/A	N/A	N/A	N/A	N/A	d__Bacteria;p__Bacillota_A;c__Clostridia;o__Lachnospirales;f__Lachnospiraceae;g__;s__	taxonomic classification fully defined by topology	classification based on placement in class-level tree	N/A	92.71	11	0.82728	N/A
Bger_bac_bin020	d__Bacteria;p__Bacillota_A;c__Clostridia;o__Lachnospirales;f__Lachnospiraceae;g__;s__	N/A	N/A	N/A	N/A	N/A	N/A	N/A	N/A	N/A	N/A	d__Bacteria;p__Bacillota_A;c__Clostridia;o__Lachnospirales;f__Lachnospiraceae;g__;s__	taxonomic novelty determined using RED	classification based on placement in class-level tree	N/A	85.94	11	0.80832	N/A
Bger_bac_bin021	d__Bacteria;p__Bacillota_A;c__Clostridia;o__Lachnospirales;f__Lachnospiraceae;g__;s__	N/A	N/A	N/A	N/A	N/A	N/A	N/A	N/A	N/A	N/A	d__Bacteria;p__Bacillota_A;c__Clostridia;o__Lachnospirales;f__Lachnospiraceae;g__;s__	taxonomic novelty determined using RED	classification based on placement in class-level tree	N/A	86.51	11	0.90111	N/A
Bger_bac_bin022	d__Bacteria;p__Bacillota_A;c__Clostridia;o__Lachnospirales;f__Lachnospiraceae;g__;s__	N/A	N/A	N/A	N/A	N/A	N/A	N/A	N/A	N/A	N/A	d__Bacteria;p__Bacillota_A;c__Clostridia;o__Lachnospirales;f__Lachnospiraceae;g__;s__	taxonomic novelty determined using RED	classification based on placement in class-level tree	N/A	91.48	11	0.89436	N/A
Bger_bac_bin023	d__Bacteria;p__Bacillota_A;c__Clostridia;o__Lachnospirales;f__Lachnospiraceae;g__;s__	N/A	N/A	N/A	N/A	N/A	N/A	N/A	N/A	N/A	N/A	d__Bacteria;p__Bacillota_A;c__Clostridia;o__Lachnospirales;f__Lachnospiraceae;g__;s__	taxonomic novelty determined using RED	classification based on placement in class-level tree	N/A	94.3	11	0.89582	N/A
Bger_bac_bin024	d__Bacteria;p__Bacillota_A;c__Clostridia;o__Lachnospirales;f__UBA5962;g__WRBA01;s__	N/A	N/A	N/A	N/A	N/A	N/A	N/A	N/A	N/A	N/A	d__Bacteria;p__Bacillota_A;c__Clostridia;o__Lachnospirales;f__UBA5962;g__WRBA01;s__	taxonomic novelty determined using RED	classification based on placement in class-level tree	N/A	50.45	11	0.87683	N/A
Bger_bac_bin025	d__Bacteria;p__Bacillota_A;c__Clostridia;o__Oscillospirales;f__Acutalibacteraceae;g__;s__	N/A	N/A	N/A	N/A	N/A	N/A	N/A	N/A	N/A	N/A	d__Bacteria;p__Bacillota_A;c__Clostridia;o__Oscillospirales;f__Acutalibacteraceae;g__;s__	taxonomic classification fully defined by topology	classification based on placement in class-level tree	N/A	53.45	11	0.85063	N/A
Bger_bac_bin026	d__Bacteria;p__Bacillota_A;c__Clostridia;o__Oscillospirales;f__Acutalibacteraceae;g__;s__	N/A	N/A	N/A	N/A	N/A	N/A	N/A	N/A	N/A	N/A	d__Bacteria;p__Bacillota_A;c__Clostridia;o__Oscillospirales;f__Acutalibacteraceae;g__;s__	taxonomic novelty determined using RED	classification based on placement in class-level tree	N/A	31.88	11	0.83272	N/A
Bger_bac_bin027	d__Bacteria;p__Bacillota_A;c__Clostridia;o__Oscillospirales;f__Acutalibacteraceae;g__UMGS263;s__	N/A	N/A	N/A	N/A	N/A	N/A	N/A	N/A	N/A	N/A	d__Bacteria;p__Bacillota_A;c__Clostridia;o__Oscillospirales;f__Acutalibacteraceae;g__UMGS263;s__	taxonomic classification fully defined by topology	classification based on placement in class-level tree	N/A	40.52	11	0.88813	N/A
Bger_bac_bin028	d__Bacteria;p__Bacillota_A;c__Clostridia;o__Oscillospirales;f__Ruminococcaceae;g__JAAYCI01;s__	N/A	N/A	N/A	N/A	N/A	N/A	N/A	N/A	N/A	N/A	d__Bacteria;p__Bacillota_A;c__Clostridia;o__Oscillospirales;f__Ruminococcaceae;g__JAAYCI01;s__	taxonomic classification fully defined by topology	classification based on placement in class-level tree	N/A	28.44	11	0.94669	Genome has more than 21.7% of markers with multiple hits
Bger_bac_bin029	d__Bacteria;p__Bacillota_A;c__Clostridia;o__Oscillospirales;f__Ruminococcaceae;g__JAAYCI01;s__	N/A	N/A	N/A	N/A	N/A	N/A	N/A	N/A	N/A	N/A	d__Bacteria;p__Bacillota_A;c__Clostridia;o__Oscillospirales;f__Ruminococcaceae;g__JAAYCI01;s__	taxonomic classification fully defined by topology	classification based on placement in class-level tree	N/A	59.5	11	0.91893	N/A
Bger_bac_bin030	d__Bacteria;p__Bacillota_A;c__Clostridia;o__Oscillospirales;f__Ruminococcaceae;g__JAAYCI01;s__	N/A	N/A	N/A	N/A	N/A	N/A	N/A	N/A	N/A	N/A	d__Bacteria;p__Bacillota_A;c__Clostridia;o__Oscillospirales;f__Ruminococcaceae;g__JAAYCI01;s__	taxonomic classification fully defined by topology	classification based on placement in class-level tree	N/A	94.84	11	0.92545	N/A
Bger_bac_bin031	d__Bacteria;p__Bacillota_A;c__Clostridia;o__Oscillospirales;f__Ruminococcaceae;g__Ruminiclostridium_E;s__	N/A	N/A	N/A	N/A	N/A	N/A	N/A	N/A	N/A	N/A	d__Bacteria;p__Bacillota_A;c__Clostridia;o__Oscillospirales;f__Ruminococcaceae;g__Ruminiclostridium_E;s__	taxonomic classification fully defined by topology	classification based on placement in class-level tree	N/A	80.71	11	0.89048	N/A
Bger_bac_bin032	d__Bacteria;p__Bacillota_A;c__Clostridia;o__Oscillospirales;f__Ruminococcaceae;g__;s__	N/A	N/A	N/A	N/A	N/A	N/A	N/A	N/A	N/A	N/A	d__Bacteria;p__Bacillota_A;c__Clostridia;o__Oscillospirales;f__Ruminococcaceae;g__;s__	taxonomic classification fully defined by topology	classification based on placement in class-level tree	N/A	45.1	11	0.78491	N/A
Bger_bac_bin033	d__Bacteria;p__Bacillota_A;c__Clostridia;o__Oscillospirales;f__Ruminococcaceae;g__WRAV01;s__	N/A	N/A	N/A	N/A	N/A	N/A	N/A	N/A	N/A	N/A	d__Bacteria;p__Bacillota_A;c__Clostridia;o__Oscillospirales;f__Ruminococcaceae;g__WRAV01;s__	taxonomic classification fully defined by topology	classification based on placement in class-level tree	N/A	39.46	11	0.85991	N/A
Bger_bac_bin034	d__Bacteria;p__Bacillota_A;c__Clostridia;o__Oscillospirales;f__Ruminococcaceae;g__WRAV01;s__	N/A	N/A	N/A	N/A	N/A	N/A	N/A	N/A	N/A	N/A	d__Bacteria;p__Bacillota_A;c__Clostridia;o__Oscillospirales;f__Ruminococcaceae;g__WRAV01;s__	taxonomic classification fully defined by topology	classification based on placement in class-level tree	N/A	43.71	11	0.87298	N/A
Bger_bac_bin035	d__Bacteria;p__Bacillota_A;c__Clostridia;o__Oscillospirales;f__Ruminococcaceae;g__WRAV01;s__	N/A	N/A	N/A	N/A	N/A	N/A	N/A	N/A	N/A	N/A	d__Bacteria;p__Bacillota_A;c__Clostridia;o__Oscillospirales;f__Ruminococcaceae;g__WRAV01;s__	taxonomic classification fully defined by topology	classification based on placement in class-level tree	N/A	66.32	11	0.86213	N/A
Bger_bac_bin036	d__Bacteria;p__Bacillota;c__Bacilli;o__Lactobacillales;f__Enterococcaceae;g__Enterococcus_A;s__	N/A	N/A	N/A	N/A	N/A	N/A	N/A	N/A	N/A	N/A	d__Bacteria;p__Bacillota;c__Bacilli;o__Lactobacillales;f__Enterococcaceae;g__Enterococcus_A;s__	taxonomic classification defined by topology and ANI	classification based on placement in class-level tree	GCF_018917525.1, s__Enterococcus_A raffinosus_A, 95.0, 87.66, 0.336; GCF_000406965.1, s__Enterococcus_A avium, 95.0, 86.36, 0.278	49.77	11	0.99205	N/A
Bger_bac_bin037	d__Bacteria;p__Bacillota;c__Bacilli;o__Lactobacillales;f__Enterococcaceae;g__Enterococcus;s__	N/A	N/A	N/A	N/A	N/A	N/A	N/A	N/A	N/A	N/A	d__Bacteria;p__Bacillota;c__Bacilli;o__Lactobacillales;f__Enterococcaceae;g__Enterococcus;s__	taxonomic classification fully defined by topology	classification based on placement in class-level tree	N/A	71.16	11	0.98087	N/A
Bger_bac_bin038	d__Bacteria;p__Bacillota;c__Bacilli;o__Lactobacillales;f__Lactobacillaceae;g__Weissella;s__Weissella cibaria_A	GCF_004521965.1	95.0	d__Bacteria;p__Bacillota;c__Bacilli;o__Lactobacillales;f__Lactobacillaceae;g__Weissella;s__Weissella cibaria_A	99.84	0.967	N/A	N/A	N/A	N/A	N/A	N/A	ani_screen	classification based on ANI only	GCF_000193635.1, s__Weissella cibaria, 95.0, 93.71, 0.838	N/A	N/A	N/A	N/A
Bger_bac_bin039	d__Bacteria;p__Bacillota;c__Bacilli;o__Lactobacillales;f__Streptococcaceae;g__Lactococcus;s__Lactococcus petauri	GCF_002154895.1	95.0	d__Bacteria;p__Bacillota;c__Bacilli;o__Lactobacillales;f__Streptococcaceae;g__Lactococcus;s__Lactococcus petauri	98.2	0.874	N/A	N/A	N/A	N/A	N/A	N/A	ani_screen	classification based on ANI only	GCF_934191625.1, s__Lactococcus sp934191625, 95.0, 90.35, 0.734; GCF_018403745.1, s__Lactococcus formosensis, 95.0, 92.64, 0.776; GCF_029024465.1, s__Lactococcus garvieae, 95.0, 92.36, 0.759	N/A	N/A	N/A	N/A
Bger_bac_bin040	d__Bacteria;p__Bacillota_C;c__Negativicutes;o__Acidaminococcales;f__Acidaminococcaceae;g__Phascolarctobacterium;s__Phascolarctobacterium faecium	GCF_003269275.1	95.0	d__Bacteria;p__Bacillota_C;c__Negativicutes;o__Acidaminococcales;f__Acidaminococcaceae;g__Phascolarctobacterium;s__Phascolarctobacterium faecium	98.92	0.85	N/A	N/A	N/A	N/A	N/A	N/A	ani_screen	classification based on ANI only	GCA_900551745.1, s__Phascolarctobacterium sp900551745, 95.0, 94.18, 0.565	N/A	N/A	N/A	N/A
Bger_bac_bin041	d__Bacteria;p__Bacillota_C;c__Negativicutes;o__Acidaminococcales;f__JAISLQ01;g__;s__	N/A	N/A	N/A	N/A	N/A	N/A	N/A	N/A	N/A	N/A	d__Bacteria;p__Bacillota_C;c__Negativicutes;o__Acidaminococcales;f__JAISLQ01;g__;s__	taxonomic novelty determined using RED	classification based on placement in class-level tree	N/A	68.22	11	0.77328	N/A
Bger_bac_bin042	d__Bacteria;p__Bacillota_C;c__Negativicutes;o__Acidaminococcales;f__JAISLQ01;g__;s__	N/A	N/A	N/A	N/A	N/A	N/A	N/A	N/A	N/A	N/A	d__Bacteria;p__Bacillota_C;c__Negativicutes;o__Acidaminococcales;f__JAISLQ01;g__;s__	taxonomic novelty determined using RED	classification based on placement in class-level tree	N/A	92.87	11	0.77502	N/A
Bger_bac_bin043	d__Bacteria;p__Bacillota_I;c__Bacilli_A;o__Erysipelotrichales;f__Erysipelotrichaceae;g__Breznakia;s__	N/A	N/A	N/A	N/A	N/A	GCF_030814225.1	95.0	d__Bacteria;p__Bacillota_I;c__Bacilli_A;o__Erysipelotrichales;f__Erysipelotrichaceae;g__Breznakia;s__Breznakia pachnodae	92.54	0.73	d__Bacteria;p__Bacillota_I;c__Bacilli_A;o__Erysipelotrichales;f__Erysipelotrichaceae;g__Breznakia;s__	taxonomic classification defined by topology and ANI	classification based on placement in class-level tree	N/A	33.17	11	0.99847	Genome not assigned to closest species as it falls outside its pre-defined ANI radius
Bger_bac_bin044	d__Bacteria;p__Bacillota_I;c__Bacilli_A;o__RF39;f__UBA660;g__;s__	N/A	N/A	N/A	N/A	N/A	N/A	N/A	N/A	N/A	N/A	d__Bacteria;p__Bacillota_I;c__Bacilli_A;o__RF39;f__UBA660;g__;s__	taxonomic classification fully defined by topology	classification based on placement in class-level tree	N/A	57.89	11	0.79677	N/A
Bger_bac_bin045	d__Bacteria;p__Bacillota_I;c__Bacilli_A;o__RF39;f__UBA660;g__;s__	N/A	N/A	N/A	N/A	N/A	N/A	N/A	N/A	N/A	N/A	d__Bacteria;p__Bacillota_I;c__Bacilli_A;o__RF39;f__UBA660;g__;s__	taxonomic novelty determined using RED	classification based on placement in class-level tree	N/A	50.82	11	0.73457	N/A
Bger_bac_bin046	d__Bacteria;p__Bacillota_I;c__Bacilli_A;o__RF39;f__UBA660;g__;s__	N/A	N/A	N/A	N/A	N/A	N/A	N/A	N/A	N/A	N/A	d__Bacteria;p__Bacillota_I;c__Bacilli_A;o__RF39;f__UBA660;g__;s__	taxonomic novelty determined using RED	classification based on placement in class-level tree	N/A	85.14	11	0.72753	N/A
Bger_bac_bin047	d__Bacteria;p__Bacteroidota;c__Bacteroidia;o__Bacteroidales;f__Azobacteroidaceae;g__JAJBTS01;s__	N/A	N/A	N/A	N/A	N/A	N/A	N/A	N/A	N/A	N/A	d__Bacteria;p__Bacteroidota;c__Bacteroidia;o__Bacteroidales;f__Azobacteroidaceae;g__JAJBTS01;s__	taxonomic classification fully defined by topology	classification based on placement in class-level tree	N/A	83.42	11	0.96944	N/A
Bger_bac_bin048	d__Bacteria;p__Bacteroidota;c__Bacteroidia;o__Bacteroidales;f__Azobacteroidaceae;g__JAJDGO01;s__	N/A	N/A	N/A	N/A	N/A	N/A	N/A	N/A	N/A	N/A	d__Bacteria;p__Bacteroidota;c__Bacteroidia;o__Bacteroidales;f__Azobacteroidaceae;g__JAJDGO01;s__	taxonomic novelty determined using RED	classification based on placement in class-level tree	N/A	98.73	11	0.95917	N/A
Bger_bac_bin049	d__Bacteria;p__Bacteroidota;c__Bacteroidia;o__Bacteroidales;f__Azobacteroidaceae;g__;s__	N/A	N/A	N/A	N/A	N/A	N/A	N/A	N/A	N/A	N/A	d__Bacteria;p__Bacteroidota;c__Bacteroidia;o__Bacteroidales;f__Azobacteroidaceae;g__;s__	taxonomic classification fully defined by topology	classification based on placement in class-level tree	N/A	68.06	11	0.89476	N/A
Bger_bac_bin050	d__Bacteria;p__Bacteroidota;c__Bacteroidia;o__Bacteroidales;f__Bacteroidaceae;g__Bacteroides_H;s__	N/A	N/A	N/A	N/A	N/A	GCF_010500955.1	95.0	d__Bacteria;p__Bacteroidota;c__Bacteroidia;o__Bacteroidales;f__Bacteroidaceae;g__Bacteroides_H;s__Bacteroides_H sp010500955	83.69	0.269	d__Bacteria;p__Bacteroidota;c__Bacteroidia;o__Bacteroidales;f__Bacteroidaceae;g__Bacteroides_H;s__	taxonomic classification defined by topology and ANI	classification based on placement in class-level tree	N/A	96.15	11	0.98642	N/A
Bger_bac_bin051	d__Bacteria;p__Bacteroidota;c__Bacteroidia;o__Bacteroidales;f__Bacteroidaceae;g__Bacteroides_H;s__	N/A	N/A	N/A	N/A	N/A	GCF_010500965.1	95.0	d__Bacteria;p__Bacteroidota;c__Bacteroidia;o__Bacteroidales;f__Bacteroidaceae;g__Bacteroides_H;s__Bacteroides_H sp010500965	81.45	0.209	d__Bacteria;p__Bacteroidota;c__Bacteroidia;o__Bacteroidales;f__Bacteroidaceae;g__Bacteroides_H;s__	taxonomic classification defined by topology and ANI	classification based on placement in class-level tree	N/A	62.26	11	0.97544	N/A
Bger_bac_bin052	d__Bacteria;p__Bacteroidota;c__Bacteroidia;o__Bacteroidales;f__Bacteroidaceae;g__Bacteroides_H;s__	N/A	N/A	N/A	N/A	N/A	GCF_010500965.1	95.0	d__Bacteria;p__Bacteroidota;c__Bacteroidia;o__Bacteroidales;f__Bacteroidaceae;g__Bacteroides_H;s__Bacteroides_H sp010500965	84.08	0.314	d__Bacteria;p__Bacteroidota;c__Bacteroidia;o__Bacteroidales;f__Bacteroidaceae;g__Bacteroides_H;s__	taxonomic classification defined by topology and ANI	classification based on placement in class-level tree	N/A	52.33	11	0.98202	N/A
Bger_bac_bin053	d__Bacteria;p__Bacteroidota;c__Bacteroidia;o__Bacteroidales;f__Bacteroidaceae;g__Bacteroides_H;s__	N/A	N/A	N/A	N/A	N/A	GCF_010500965.1	95.0	d__Bacteria;p__Bacteroidota;c__Bacteroidia;o__Bacteroidales;f__Bacteroidaceae;g__Bacteroides_H;s__Bacteroides_H sp010500965	84.3	0.217	d__Bacteria;p__Bacteroidota;c__Bacteroidia;o__Bacteroidales;f__Bacteroidaceae;g__Bacteroides_H;s__	taxonomic classification defined by topology and ANI	classification based on placement in class-level tree	N/A	42.84	11	0.97288	N/A
Bger_bac_bin054	d__Bacteria;p__Bacteroidota;c__Bacteroidia;o__Bacteroidales;f__Bacteroidaceae;g__Bacteroides_H;s__	N/A	N/A	N/A	N/A	N/A	GCF_010500995.1	95.0	d__Bacteria;p__Bacteroidota;c__Bacteroidia;o__Bacteroidales;f__Bacteroidaceae;g__Bacteroides_H;s__Bacteroides_H sp010500995	85.27	0.344	d__Bacteria;p__Bacteroidota;c__Bacteroidia;o__Bacteroidales;f__Bacteroidaceae;g__Bacteroides_H;s__	taxonomic classification defined by topology and ANI	classification based on placement in class-level tree	N/A	91.56	11	0.97932	N/A
Bger_bac_bin055	d__Bacteria;p__Bacteroidota;c__Bacteroidia;o__Bacteroidales;f__Bacteroidaceae;g__Bacteroides_H;s__	N/A	N/A	N/A	N/A	N/A	N/A	N/A	N/A	N/A	N/A	d__Bacteria;p__Bacteroidota;c__Bacteroidia;o__Bacteroidales;f__Bacteroidaceae;g__Bacteroides_H;s__	taxonomic classification fully defined by topology	classification based on placement in class-level tree	N/A	60.3	11	0.94972	N/A
Bger_bac_bin056	d__Bacteria;p__Bacteroidota;c__Bacteroidia;o__Bacteroidales;f__Bacteroidaceae;g__Bacteroides_H;s__	N/A	N/A	N/A	N/A	N/A	N/A	N/A	N/A	N/A	N/A	d__Bacteria;p__Bacteroidota;c__Bacteroidia;o__Bacteroidales;f__Bacteroidaceae;g__Bacteroides_H;s__	taxonomic classification fully defined by topology	classification based on placement in class-level tree	N/A	63.5	11	0.96786	N/A
Bger_bac_bin057	d__Bacteria;p__Bacteroidota;c__Bacteroidia;o__Bacteroidales;f__Bacteroidaceae;g__Bacteroides_H;s__	N/A	N/A	N/A	N/A	N/A	N/A	N/A	N/A	N/A	N/A	d__Bacteria;p__Bacteroidota;c__Bacteroidia;o__Bacteroidales;f__Bacteroidaceae;g__Bacteroides_H;s__	taxonomic classification fully defined by topology	classification based on placement in class-level tree	N/A	76.94	11	0.95655	N/A
Bger_bac_bin058	d__Bacteria;p__Bacteroidota;c__Bacteroidia;o__Bacteroidales;f__Bacteroidaceae;g__Bacteroides_H;s__	N/A	N/A	N/A	N/A	N/A	N/A	N/A	N/A	N/A	N/A	d__Bacteria;p__Bacteroidota;c__Bacteroidia;o__Bacteroidales;f__Bacteroidaceae;g__Bacteroides_H;s__	taxonomic classification fully defined by topology	classification based on placement in class-level tree	N/A	78.25	11	0.93673	N/A
Bger_bac_bin059	d__Bacteria;p__Bacteroidota;c__Bacteroidia;o__Bacteroidales;f__Bacteroidaceae;g__Bacteroides_H;s__	N/A	N/A	N/A	N/A	N/A	N/A	N/A	N/A	N/A	N/A	d__Bacteria;p__Bacteroidota;c__Bacteroidia;o__Bacteroidales;f__Bacteroidaceae;g__Bacteroides_H;s__	taxonomic classification fully defined by topology	classification based on placement in class-level tree	N/A	78.33	11	0.95417	N/A
Bger_bac_bin060	d__Bacteria;p__Bacteroidota;c__Bacteroidia;o__Bacteroidales;f__Bacteroidaceae;g__Bacteroides_H;s__	N/A	N/A	N/A	N/A	N/A	N/A	N/A	N/A	N/A	N/A	d__Bacteria;p__Bacteroidota;c__Bacteroidia;o__Bacteroidales;f__Bacteroidaceae;g__Bacteroides_H;s__	taxonomic classification fully defined by topology	classification based on placement in class-level tree	N/A	94.54	11	0.95727	N/A
Bger_bac_bin061	d__Bacteria;p__Bacteroidota;c__Bacteroidia;o__Bacteroidales;f__Bacteroidaceae;g__Bacteroides_H;s__	N/A	N/A	N/A	N/A	N/A	N/A	N/A	N/A	N/A	N/A	d__Bacteria;p__Bacteroidota;c__Bacteroidia;o__Bacteroidales;f__Bacteroidaceae;g__Bacteroides_H;s__	taxonomic classification fully defined by topology	classification based on placement in class-level tree	N/A	94.82	11	0.97296	N/A
Bger_bac_bin062	d__Bacteria;p__Bacteroidota;c__Bacteroidia;o__Bacteroidales;f__Bacteroidaceae;g__;s__	N/A	N/A	N/A	N/A	N/A	N/A	N/A	N/A	N/A	N/A	d__Bacteria;p__Bacteroidota;c__Bacteroidia;o__Bacteroidales;f__Bacteroidaceae;g__;s__	taxonomic novelty determined using RED	classification based on placement in class-level tree	N/A	59.66	11	0.8946	N/A
Bger_bac_bin063	d__Bacteria;p__Bacteroidota;c__Bacteroidia;o__Bacteroidales;f__Bacteroidaceae;g__;s__	N/A	N/A	N/A	N/A	N/A	N/A	N/A	N/A	N/A	N/A	d__Bacteria;p__Bacteroidota;c__Bacteroidia;o__Bacteroidales;f__Bacteroidaceae;g__;s__	taxonomic novelty determined using RED	classification based on placement in class-level tree	N/A	60.42	11	0.91493	N/A
Bger_bac_bin064	d__Bacteria;p__Bacteroidota;c__Bacteroidia;o__Bacteroidales;f__Bacteroidaceae;g__;s__	N/A	N/A	N/A	N/A	N/A	N/A	N/A	N/A	N/A	N/A	d__Bacteria;p__Bacteroidota;c__Bacteroidia;o__Bacteroidales;f__Bacteroidaceae;g__;s__	taxonomic novelty determined using RED	classification based on placement in class-level tree	N/A	69.61	11	0.89604	N/A
Bger_bac_bin065	d__Bacteria;p__Bacteroidota;c__Bacteroidia;o__Bacteroidales;f__Bacteroidaceae;g__;s__	N/A	N/A	N/A	N/A	N/A	N/A	N/A	N/A	N/A	N/A	d__Bacteria;p__Bacteroidota;c__Bacteroidia;o__Bacteroidales;f__Bacteroidaceae;g__;s__	taxonomic novelty determined using RED	classification based on placement in class-level tree	N/A	96.96	11	0.91164	N/A
Bger_bac_bin066	d__Bacteria;p__Bacteroidota;c__Bacteroidia;o__Bacteroidales;f__Bacteroidaceae;g__;s__	N/A	N/A	N/A	N/A	N/A	N/A	N/A	N/A	N/A	N/A	d__Bacteria;p__Bacteroidota;c__Bacteroidia;o__Bacteroidales;f__Bacteroidaceae;g__;s__	taxonomic novelty determined using RED	classification based on placement in class-level tree	N/A	97.91	11	0.89614	N/A
Bger_bac_bin067	d__Bacteria;p__Bacteroidota;c__Bacteroidia;o__Bacteroidales;f__Bacteroidaceae;g__UBA1794;s__	N/A	N/A	N/A	N/A	N/A	N/A	N/A	N/A	N/A	N/A	d__Bacteria;p__Bacteroidota;c__Bacteroidia;o__Bacteroidales;f__Bacteroidaceae;g__UBA1794;s__	taxonomic classification fully defined by topology	classification based on placement in class-level tree	N/A	96.5	11	0.91485	N/A
Bger_bac_bin068	d__Bacteria;p__Bacteroidota;c__Bacteroidia;o__Bacteroidales;f__Dysgonomonadaceae;g__Dysgonomonas;s__	N/A	N/A	N/A	N/A	N/A	GCF_010501105.1	95.0	d__Bacteria;p__Bacteroidota;c__Bacteroidia;o__Bacteroidales;f__Dysgonomonadaceae;g__Dysgonomonas;s__Dysgonomonas sp010501105	86.38	0.418	d__Bacteria;p__Bacteroidota;c__Bacteroidia;o__Bacteroidales;f__Dysgonomonadaceae;g__Dysgonomonas;s__	taxonomic classification defined by topology and ANI	classification based on placement in class-level tree	N/A	73.94	11	0.98914	N/A
Bger_bac_bin069	d__Bacteria;p__Bacteroidota;c__Bacteroidia;o__Bacteroidales;f__Dysgonomonadaceae;g__Dysgonomonas;s__	N/A	N/A	N/A	N/A	N/A	GCF_014196915.1	95.0	d__Bacteria;p__Bacteroidota;c__Bacteroidia;o__Bacteroidales;f__Dysgonomonadaceae;g__Dysgonomonas;s__Dysgonomonas hofstadii	81.2	0.182	d__Bacteria;p__Bacteroidota;c__Bacteroidia;o__Bacteroidales;f__Dysgonomonadaceae;g__Dysgonomonas;s__	taxonomic classification defined by topology and ANI	classification based on placement in class-level tree	N/A	83.36	11	0.98527	N/A
Bger_bac_bin070	d__Bacteria;p__Bacteroidota;c__Bacteroidia;o__Bacteroidales;f__Dysgonomonadaceae;g__Dysgonomonas;s__	N/A	N/A	N/A	N/A	N/A	N/A	N/A	N/A	N/A	N/A	d__Bacteria;p__Bacteroidota;c__Bacteroidia;o__Bacteroidales;f__Dysgonomonadaceae;g__Dysgonomonas;s__	taxonomic classification fully defined by topology	classification based on placement in class-level tree	N/A	26.63	11	0.96576	N/A
Bger_bac_bin071	d__Bacteria;p__Bacteroidota;c__Bacteroidia;o__Bacteroidales;f__Dysgonomonadaceae;g__Dysgonomonas;s__	N/A	N/A	N/A	N/A	N/A	N/A	N/A	N/A	N/A	N/A	d__Bacteria;p__Bacteroidota;c__Bacteroidia;o__Bacteroidales;f__Dysgonomonadaceae;g__Dysgonomonas;s__	taxonomic classification fully defined by topology	classification based on placement in class-level tree	N/A	55.0	11	0.97013	N/A
Bger_bac_bin072	d__Bacteria;p__Bacteroidota;c__Bacteroidia;o__Bacteroidales;f__Dysgonomonadaceae;g__Dysgonomonas;s__	N/A	N/A	N/A	N/A	N/A	N/A	N/A	N/A	N/A	N/A	d__Bacteria;p__Bacteroidota;c__Bacteroidia;o__Bacteroidales;f__Dysgonomonadaceae;g__Dysgonomonas;s__	taxonomic classification fully defined by topology	classification based on placement in class-level tree	N/A	78.99	11	0.94442	N/A
Bger_bac_bin073	d__Bacteria;p__Bacteroidota;c__Bacteroidia;o__Bacteroidales;f__Dysgonomonadaceae;g__Dysgonomonas;s__	N/A	N/A	N/A	N/A	N/A	N/A	N/A	N/A	N/A	N/A	d__Bacteria;p__Bacteroidota;c__Bacteroidia;o__Bacteroidales;f__Dysgonomonadaceae;g__Dysgonomonas;s__	taxonomic classification fully defined by topology	classification based on placement in class-level tree	N/A	82.92	11	0.92562	N/A
Bger_bac_bin074	d__Bacteria;p__Bacteroidota;c__Bacteroidia;o__Bacteroidales;f__Dysgonomonadaceae;g__Dysgonomonas;s__	N/A	N/A	N/A	N/A	N/A	N/A	N/A	N/A	N/A	N/A	d__Bacteria;p__Bacteroidota;c__Bacteroidia;o__Bacteroidales;f__Dysgonomonadaceae;g__Dysgonomonas;s__	taxonomic classification fully defined by topology	classification based on placement in class-level tree	N/A	84.05	11	0.94718	N/A
Bger_bac_bin075	d__Bacteria;p__Bacteroidota;c__Bacteroidia;o__Bacteroidales;f__Dysgonomonadaceae;g__Dysgonomonas;s__	N/A	N/A	N/A	N/A	N/A	N/A	N/A	N/A	N/A	N/A	d__Bacteria;p__Bacteroidota;c__Bacteroidia;o__Bacteroidales;f__Dysgonomonadaceae;g__Dysgonomonas;s__	taxonomic classification fully defined by topology	classification based on placement in class-level tree	N/A	85.12	11	0.95125	N/A
Bger_bac_bin076	d__Bacteria;p__Bacteroidota;c__Bacteroidia;o__Bacteroidales;f__Dysgonomonadaceae;g__Dysgonomonas;s__	N/A	N/A	N/A	N/A	N/A	N/A	N/A	N/A	N/A	N/A	d__Bacteria;p__Bacteroidota;c__Bacteroidia;o__Bacteroidales;f__Dysgonomonadaceae;g__Dysgonomonas;s__	taxonomic classification fully defined by topology	classification based on placement in class-level tree	N/A	85.32	11	0.92929	N/A
Bger_bac_bin077	d__Bacteria;p__Bacteroidota;c__Bacteroidia;o__Bacteroidales;f__Dysgonomonadaceae;g__Dysgonomonas;s__	N/A	N/A	N/A	N/A	N/A	N/A	N/A	N/A	N/A	N/A	d__Bacteria;p__Bacteroidota;c__Bacteroidia;o__Bacteroidales;f__Dysgonomonadaceae;g__Dysgonomonas;s__	taxonomic classification fully defined by topology	classification based on placement in class-level tree	N/A	91.88	11	0.94897	N/A
Bger_bac_bin078	d__Bacteria;p__Bacteroidota;c__Bacteroidia;o__Bacteroidales;f__Dysgonomonadaceae;g__Dysgonomonas;s__	N/A	N/A	N/A	N/A	N/A	N/A	N/A	N/A	N/A	N/A	d__Bacteria;p__Bacteroidota;c__Bacteroidia;o__Bacteroidales;f__Dysgonomonadaceae;g__Dysgonomonas;s__	taxonomic classification fully defined by topology	classification based on placement in class-level tree	N/A	93.19	11	0.94706	N/A
Bger_bac_bin079	d__Bacteria;p__Bacteroidota;c__Bacteroidia;o__Bacteroidales;f__Dysgonomonadaceae;g__Dysgonomonas;s__	N/A	N/A	N/A	N/A	N/A	N/A	N/A	N/A	N/A	N/A	d__Bacteria;p__Bacteroidota;c__Bacteroidia;o__Bacteroidales;f__Dysgonomonadaceae;g__Dysgonomonas;s__	taxonomic classification fully defined by topology	classification based on placement in class-level tree	N/A	93.66	11	0.95978	N/A
Bger_bac_bin080	d__Bacteria;p__Bacteroidota;c__Bacteroidia;o__Bacteroidales;f__Dysgonomonadaceae;g__Dysgonomonas;s__	N/A	N/A	N/A	N/A	N/A	N/A	N/A	N/A	N/A	N/A	d__Bacteria;p__Bacteroidota;c__Bacteroidia;o__Bacteroidales;f__Dysgonomonadaceae;g__Dysgonomonas;s__	taxonomic classification fully defined by topology	classification based on placement in class-level tree	N/A	94.76	11	0.93228	N/A
Bger_bac_bin081	d__Bacteria;p__Bacteroidota;c__Bacteroidia;o__Bacteroidales;f__Dysgonomonadaceae;g__Dysgonomonas;s__	N/A	N/A	N/A	N/A	N/A	N/A	N/A	N/A	N/A	N/A	d__Bacteria;p__Bacteroidota;c__Bacteroidia;o__Bacteroidales;f__Dysgonomonadaceae;g__Dysgonomonas;s__	taxonomic classification fully defined by topology	classification based on placement in class-level tree	N/A	97.06	11	0.91457	N/A
Bger_bac_bin082	d__Bacteria;p__Bacteroidota;c__Bacteroidia;o__Bacteroidales;f__Dysgonomonadaceae;g__Dysgonomonas;s__	N/A	N/A	N/A	N/A	N/A	N/A	N/A	N/A	N/A	N/A	d__Bacteria;p__Bacteroidota;c__Bacteroidia;o__Bacteroidales;f__Dysgonomonadaceae;g__Dysgonomonas;s__	taxonomic classification fully defined by topology	classification based on placement in class-level tree	N/A	97.2	11	0.93027	N/A
Bger_bac_bin083	d__Bacteria;p__Bacteroidota;c__Bacteroidia;o__Bacteroidales;f__Dysgonomonadaceae;g__Dysgonomonas;s__	N/A	N/A	N/A	N/A	N/A	N/A	N/A	N/A	N/A	N/A	d__Bacteria;p__Bacteroidota;c__Bacteroidia;o__Bacteroidales;f__Dysgonomonadaceae;g__Dysgonomonas;s__	taxonomic classification fully defined by topology	classification based on placement in class-level tree	N/A	97.89	11	0.96025	N/A
Bger_bac_bin084	d__Bacteria;p__Bacteroidota;c__Bacteroidia;o__Bacteroidales;f__Dysgonomonadaceae;g__Dysgonomonas;s__	N/A	N/A	N/A	N/A	N/A	N/A	N/A	N/A	N/A	N/A	d__Bacteria;p__Bacteroidota;c__Bacteroidia;o__Bacteroidales;f__Dysgonomonadaceae;g__Dysgonomonas;s__	taxonomic classification fully defined by topology	classification based on placement in class-level tree	N/A	97.97	11	0.97064	N/A
Bger_bac_bin085	d__Bacteria;p__Bacteroidota;c__Bacteroidia;o__Bacteroidales;f__Marinifilaceae;g__JAIRKS01;s__	N/A	N/A	N/A	N/A	N/A	N/A	N/A	N/A	N/A	N/A	d__Bacteria;p__Bacteroidota;c__Bacteroidia;o__Bacteroidales;f__Marinifilaceae;g__JAIRKS01;s__	taxonomic novelty determined using RED	classification based on placement in class-level tree	N/A	94.68	11	0.92765	N/A
Bger_bac_bin086	d__Bacteria;p__Bacteroidota;c__Bacteroidia;o__Bacteroidales;f__Marinifilaceae;g__JAISHE01;s__	N/A	N/A	N/A	N/A	N/A	N/A	N/A	N/A	N/A	N/A	d__Bacteria;p__Bacteroidota;c__Bacteroidia;o__Bacteroidales;f__Marinifilaceae;g__JAISHE01;s__	taxonomic classification fully defined by topology	classification based on placement in class-level tree	N/A	96.62	11	0.91435	N/A
Bger_bac_bin087	d__Bacteria;p__Bacteroidota;c__Bacteroidia;o__Bacteroidales;f__Marinifilaceae;g__Odoribacter;s__	N/A	N/A	N/A	N/A	N/A	N/A	N/A	N/A	N/A	N/A	d__Bacteria;p__Bacteroidota;c__Bacteroidia;o__Bacteroidales;f__Marinifilaceae;g__Odoribacter;s__	taxonomic classification fully defined by topology	classification based on placement in class-level tree	N/A	96.05	11	0.91485	N/A
Bger_bac_bin088	d__Bacteria;p__Bacteroidota;c__Bacteroidia;o__Bacteroidales;f__Marinilabiliaceae;g__WRMI01;s__	N/A	N/A	N/A	N/A	N/A	N/A	N/A	N/A	N/A	N/A	d__Bacteria;p__Bacteroidota;c__Bacteroidia;o__Bacteroidales;f__Marinilabiliaceae;g__WRMI01;s__	taxonomic classification fully defined by topology	classification based on placement in class-level tree	N/A	43.48	11	0.92821	N/A
Bger_bac_bin089	d__Bacteria;p__Bacteroidota;c__Bacteroidia;o__Bacteroidales;f__ML635J-15;g__Bact-19;s__	N/A	N/A	N/A	N/A	N/A	N/A	N/A	N/A	N/A	N/A	d__Bacteria;p__Bacteroidota;c__Bacteroidia;o__Bacteroidales;f__ML635J-15;g__Bact-19;s__	taxonomic classification fully defined by topology	classification based on placement in class-level tree	N/A	95.45	11	0.93143	N/A
Bger_bac_bin090	d__Bacteria;p__Bacteroidota;c__Bacteroidia;o__Bacteroidales;f__P3;g__;s__	N/A	N/A	N/A	N/A	N/A	N/A	N/A	N/A	N/A	N/A	d__Bacteria;p__Bacteroidota;c__Bacteroidia;o__Bacteroidales;f__P3;g__;s__	taxonomic classification fully defined by topology	classification based on placement in class-level tree	N/A	67.92	11	0.77662	N/A
Bger_bac_bin091	d__Bacteria;p__Bacteroidota;c__Bacteroidia;o__Bacteroidales;f__P3;g__;s__	N/A	N/A	N/A	N/A	N/A	N/A	N/A	N/A	N/A	N/A	d__Bacteria;p__Bacteroidota;c__Bacteroidia;o__Bacteroidales;f__P3;g__;s__	taxonomic classification fully defined by topology	classification based on placement in class-level tree	N/A	95.91	11	0.77328	N/A
Bger_bac_bin092	d__Bacteria;p__Bacteroidota;c__Bacteroidia;o__Bacteroidales;f__Paludibacteraceae;g__JAIRTG01;s__	N/A	N/A	N/A	N/A	N/A	N/A	N/A	N/A	N/A	N/A	d__Bacteria;p__Bacteroidota;c__Bacteroidia;o__Bacteroidales;f__Paludibacteraceae;g__JAIRTG01;s__	taxonomic novelty determined using RED	classification based on placement in class-level tree	N/A	43.69	11	0.92052	N/A
Bger_bac_bin093	d__Bacteria;p__Bacteroidota;c__Bacteroidia;o__Bacteroidales;f__Paludibacteraceae;g__JAIRTG01;s__	N/A	N/A	N/A	N/A	N/A	N/A	N/A	N/A	N/A	N/A	d__Bacteria;p__Bacteroidota;c__Bacteroidia;o__Bacteroidales;f__Paludibacteraceae;g__JAIRTG01;s__	taxonomic novelty determined using RED	classification based on placement in class-level tree	N/A	75.99	11	0.90641	N/A
Bger_bac_bin094	d__Bacteria;p__Bacteroidota;c__Bacteroidia;o__Bacteroidales;f__Paludibacteraceae;g__QVMH01;s__	N/A	N/A	N/A	N/A	N/A	N/A	N/A	N/A	N/A	N/A	d__Bacteria;p__Bacteroidota;c__Bacteroidia;o__Bacteroidales;f__Paludibacteraceae;g__QVMH01;s__	taxonomic classification fully defined by topology	classification based on placement in class-level tree	N/A	81.25	11	0.94322	N/A
Bger_bac_bin095	d__Bacteria;p__Bacteroidota;c__Bacteroidia;o__Bacteroidales;f__Paludibacteraceae;g__QVMH01;s__	N/A	N/A	N/A	N/A	N/A	N/A	N/A	N/A	N/A	N/A	d__Bacteria;p__Bacteroidota;c__Bacteroidia;o__Bacteroidales;f__Paludibacteraceae;g__QVMH01;s__	taxonomic classification fully defined by topology	classification based on placement in class-level tree	N/A	81.75	11	0.94764	N/A
Bger_bac_bin096	d__Bacteria;p__Bacteroidota;c__Bacteroidia;o__Bacteroidales;f__Paludibacteraceae;g__QVMH01;s__	N/A	N/A	N/A	N/A	N/A	N/A	N/A	N/A	N/A	N/A	d__Bacteria;p__Bacteroidota;c__Bacteroidia;o__Bacteroidales;f__Paludibacteraceae;g__QVMH01;s__	taxonomic classification fully defined by topology	classification based on placement in class-level tree	N/A	93.7	11	0.94062	N/A
Bger_bac_bin097	d__Bacteria;p__Bacteroidota;c__Bacteroidia;o__Bacteroidales;f__Paludibacteraceae;g__QVMH01;s__	N/A	N/A	N/A	N/A	N/A	N/A	N/A	N/A	N/A	N/A	d__Bacteria;p__Bacteroidota;c__Bacteroidia;o__Bacteroidales;f__Paludibacteraceae;g__QVMH01;s__	taxonomic classification fully defined by topology	classification based on placement in class-level tree	N/A	96.96	11	0.94127	N/A
Bger_bac_bin098	d__Bacteria;p__Bacteroidota;c__Bacteroidia;o__Bacteroidales;f__Paludibacteraceae;g__;s__	N/A	N/A	N/A	N/A	N/A	N/A	N/A	N/A	N/A	N/A	d__Bacteria;p__Bacteroidota;c__Bacteroidia;o__Bacteroidales;f__Paludibacteraceae;g__;s__	taxonomic novelty determined using RED	classification based on placement in class-level tree	N/A	51.54	11	0.90397	N/A
Bger_bac_bin099	d__Bacteria;p__Bacteroidota;c__Bacteroidia;o__Bacteroidales;f__Paludibacteraceae;g__;s__	N/A	N/A	N/A	N/A	N/A	N/A	N/A	N/A	N/A	N/A	d__Bacteria;p__Bacteroidota;c__Bacteroidia;o__Bacteroidales;f__Paludibacteraceae;g__;s__	taxonomic novelty determined using RED	classification based on placement in class-level tree	N/A	68.86	11	0.90418	N/A
Bger_bac_bin100	d__Bacteria;p__Bacteroidota;c__Bacteroidia;o__Bacteroidales;f__Paludibacteraceae;g__;s__	N/A	N/A	N/A	N/A	N/A	N/A	N/A	N/A	N/A	N/A	d__Bacteria;p__Bacteroidota;c__Bacteroidia;o__Bacteroidales;f__Paludibacteraceae;g__;s__	taxonomic novelty determined using RED	classification based on placement in class-level tree	N/A	92.55	11	0.9063	N/A
Bger_bac_bin101	d__Bacteria;p__Bacteroidota;c__Bacteroidia;o__Bacteroidales;f__Rikenellaceae;g__Alistipes_A;s__	N/A	N/A	N/A	N/A	N/A	N/A	N/A	N/A	N/A	N/A	d__Bacteria;p__Bacteroidota;c__Bacteroidia;o__Bacteroidales;f__Rikenellaceae;g__Alistipes_A;s__	taxonomic classification fully defined by topology	classification based on placement in class-level tree	N/A	85.62	11	0.92729	N/A
Bger_bac_bin102	d__Bacteria;p__Bacteroidota;c__Bacteroidia;o__Bacteroidales;f__Rikenellaceae;g__Alistipes;s__	N/A	N/A	N/A	N/A	N/A	GCF_900760675.1	95.0	d__Bacteria;p__Bacteroidota;c__Bacteroidia;o__Bacteroidales;f__Rikenellaceae;g__Alistipes;s__Alistipes sp900760675	86.98	0.552	d__Bacteria;p__Bacteroidota;c__Bacteroidia;o__Bacteroidales;f__Rikenellaceae;g__Alistipes;s__	taxonomic classification defined by topology and ANI	classification based on placement in class-level tree	N/A	83.71	11	0.9959	Genome not assigned to closest species as it falls outside its pre-defined ANI radius
Bger_bac_bin103	d__Bacteria;p__Bacteroidota;c__Bacteroidia;o__Bacteroidales;f__Rikenellaceae;g__JAJQAW01;s__	N/A	N/A	N/A	N/A	N/A	N/A	N/A	N/A	N/A	N/A	d__Bacteria;p__Bacteroidota;c__Bacteroidia;o__Bacteroidales;f__Rikenellaceae;g__JAJQAW01;s__	taxonomic classification fully defined by topology	classification based on placement in class-level tree	N/A	67.41	11	0.95306	N/A
Bger_bac_bin104	d__Bacteria;p__Bacteroidota;c__Bacteroidia;o__Bacteroidales;f__Rikenellaceae;g__JAJQAW01;s__	N/A	N/A	N/A	N/A	N/A	N/A	N/A	N/A	N/A	N/A	d__Bacteria;p__Bacteroidota;c__Bacteroidia;o__Bacteroidales;f__Rikenellaceae;g__JAJQAW01;s__	taxonomic classification fully defined by topology	classification based on placement in class-level tree	N/A	72.35	11	0.95133	N/A
Bger_bac_bin105	d__Bacteria;p__Bacteroidota;c__Bacteroidia;o__Bacteroidales;f__Rikenellaceae;g__JAJQAW01;s__	N/A	N/A	N/A	N/A	N/A	N/A	N/A	N/A	N/A	N/A	d__Bacteria;p__Bacteroidota;c__Bacteroidia;o__Bacteroidales;f__Rikenellaceae;g__JAJQAW01;s__	taxonomic classification fully defined by topology	classification based on placement in class-level tree	N/A	75.95	11	0.94886	N/A
Bger_bac_bin106	d__Bacteria;p__Bacteroidota;c__Bacteroidia;o__Bacteroidales;f__Rikenellaceae;g__JAJQAW01;s__	N/A	N/A	N/A	N/A	N/A	N/A	N/A	N/A	N/A	N/A	d__Bacteria;p__Bacteroidota;c__Bacteroidia;o__Bacteroidales;f__Rikenellaceae;g__JAJQAW01;s__	taxonomic classification fully defined by topology	classification based on placement in class-level tree	N/A	78.89	11	0.95179	N/A
Bger_bac_bin107	d__Bacteria;p__Bacteroidota;c__Bacteroidia;o__Bacteroidales;f__Rikenellaceae;g__JAJQAW01;s__	N/A	N/A	N/A	N/A	N/A	N/A	N/A	N/A	N/A	N/A	d__Bacteria;p__Bacteroidota;c__Bacteroidia;o__Bacteroidales;f__Rikenellaceae;g__JAJQAW01;s__	taxonomic classification fully defined by topology	classification based on placement in class-level tree	N/A	83.12	11	0.94924	N/A
Bger_bac_bin108	d__Bacteria;p__Bacteroidota;c__Bacteroidia;o__Bacteroidales;f__Rikenellaceae;g__JAJQAW01;s__	N/A	N/A	N/A	N/A	N/A	N/A	N/A	N/A	N/A	N/A	d__Bacteria;p__Bacteroidota;c__Bacteroidia;o__Bacteroidales;f__Rikenellaceae;g__JAJQAW01;s__	taxonomic classification fully defined by topology	classification based on placement in class-level tree	N/A	91.02	11	0.95076	N/A
Bger_bac_bin109	d__Bacteria;p__Bacteroidota;c__Bacteroidia;o__Bacteroidales;f__Rikenellaceae;g__JAJQAW01;s__	N/A	N/A	N/A	N/A	N/A	N/A	N/A	N/A	N/A	N/A	d__Bacteria;p__Bacteroidota;c__Bacteroidia;o__Bacteroidales;f__Rikenellaceae;g__JAJQAW01;s__	taxonomic novelty determined using RED	classification based on placement in class-level tree	N/A	94.38	11	0.91547	N/A
Bger_bac_bin110	d__Bacteria;p__Bacteroidota;c__Bacteroidia;o__Bacteroidales;f__Rikenellaceae;g__Tidjanibacter;s__	N/A	N/A	N/A	N/A	N/A	GCA_934663885.1	95.0	d__Bacteria;p__Bacteroidota;c__Bacteroidia;o__Bacteroidales;f__Rikenellaceae;g__Tidjanibacter;s__Tidjanibacter sp934663885	86.03	0.436	d__Bacteria;p__Bacteroidota;c__Bacteroidia;o__Bacteroidales;f__Rikenellaceae;g__Tidjanibacter;s__	taxonomic classification defined by topology and ANI	classification based on placement in class-level tree	N/A	95.97	11	0.98894	N/A
Bger_bac_bin111	d__Bacteria;p__Bacteroidota;c__Bacteroidia;o__Bacteroidales;f__Rikenellaceae;g__Tidjanibacter;s__	N/A	N/A	N/A	N/A	N/A	N/A	N/A	N/A	N/A	N/A	d__Bacteria;p__Bacteroidota;c__Bacteroidia;o__Bacteroidales;f__Rikenellaceae;g__Tidjanibacter;s__	taxonomic classification fully defined by topology	classification based on placement in class-level tree	N/A	50.05	11	0.94065	N/A
Bger_bac_bin112	d__Bacteria;p__Bacteroidota;c__Bacteroidia;o__Bacteroidales;f__Rikenellaceae;g__Tidjanibacter;s__	N/A	N/A	N/A	N/A	N/A	N/A	N/A	N/A	N/A	N/A	d__Bacteria;p__Bacteroidota;c__Bacteroidia;o__Bacteroidales;f__Rikenellaceae;g__Tidjanibacter;s__	taxonomic classification fully defined by topology	classification based on placement in class-level tree	N/A	66.4	11	0.94174	N/A
Bger_bac_bin113	d__Bacteria;p__Bacteroidota;c__Bacteroidia;o__Bacteroidales;f__Rikenellaceae;g__Tidjanibacter;s__	N/A	N/A	N/A	N/A	N/A	N/A	N/A	N/A	N/A	N/A	d__Bacteria;p__Bacteroidota;c__Bacteroidia;o__Bacteroidales;f__Rikenellaceae;g__Tidjanibacter;s__	taxonomic classification fully defined by topology	classification based on placement in class-level tree	N/A	82.8	11	0.94075	N/A
Bger_bac_bin114	d__Bacteria;p__Bacteroidota;c__Bacteroidia;o__Bacteroidales;f__Rikenellaceae;g__Tidjanibacter;s__	N/A	N/A	N/A	N/A	N/A	N/A	N/A	N/A	N/A	N/A	d__Bacteria;p__Bacteroidota;c__Bacteroidia;o__Bacteroidales;f__Rikenellaceae;g__Tidjanibacter;s__	taxonomic classification fully defined by topology	classification based on placement in class-level tree	N/A	91.28	11	0.94021	N/A
Bger_bac_bin115	d__Bacteria;p__Bacteroidota;c__Bacteroidia;o__Bacteroidales;f__Rikenellaceae;g__Tidjanibacter;s__	N/A	N/A	N/A	N/A	N/A	N/A	N/A	N/A	N/A	N/A	d__Bacteria;p__Bacteroidota;c__Bacteroidia;o__Bacteroidales;f__Rikenellaceae;g__Tidjanibacter;s__	taxonomic classification fully defined by topology	classification based on placement in class-level tree	N/A	93.25	11	0.9392	N/A
Bger_bac_bin116	d__Bacteria;p__Bacteroidota;c__Bacteroidia;o__Bacteroidales;f__Rikenellaceae;g__Tidjanibacter;s__	N/A	N/A	N/A	N/A	N/A	N/A	N/A	N/A	N/A	N/A	d__Bacteria;p__Bacteroidota;c__Bacteroidia;o__Bacteroidales;f__Rikenellaceae;g__Tidjanibacter;s__	taxonomic classification fully defined by topology	classification based on placement in class-level tree	N/A	94.78	11	0.95744	N/A
Bger_bac_bin117	d__Bacteria;p__Bacteroidota;c__Bacteroidia;o__Bacteroidales;f__Rikenellaceae;g__Tidjanibacter;s__	N/A	N/A	N/A	N/A	N/A	N/A	N/A	N/A	N/A	N/A	d__Bacteria;p__Bacteroidota;c__Bacteroidia;o__Bacteroidales;f__Rikenellaceae;g__Tidjanibacter;s__	taxonomic classification fully defined by topology	classification based on placement in class-level tree	N/A	95.19	11	0.93612	N/A
Bger_bac_bin118	d__Bacteria;p__Bacteroidota;c__Bacteroidia;o__Bacteroidales;f__Rikenellaceae;g__Tidjanibacter;s__	N/A	N/A	N/A	N/A	N/A	N/A	N/A	N/A	N/A	N/A	d__Bacteria;p__Bacteroidota;c__Bacteroidia;o__Bacteroidales;f__Rikenellaceae;g__Tidjanibacter;s__	taxonomic classification fully defined by topology	classification based on placement in class-level tree	N/A	96.03	11	0.93669	N/A
Bger_bac_bin119	d__Bacteria;p__Bacteroidota;c__Bacteroidia;o__Bacteroidales;f__Rikenellaceae;g__Tidjanibacter;s__	N/A	N/A	N/A	N/A	N/A	N/A	N/A	N/A	N/A	N/A	d__Bacteria;p__Bacteroidota;c__Bacteroidia;o__Bacteroidales;f__Rikenellaceae;g__Tidjanibacter;s__	taxonomic classification fully defined by topology	classification based on placement in class-level tree	N/A	97.34	11	0.94024	N/A
Bger_bac_bin120	d__Bacteria;p__Bacteroidota;c__Bacteroidia;o__Bacteroidales;f__Rikenellaceae;g__WRDF01;s__	N/A	N/A	N/A	N/A	N/A	N/A	N/A	N/A	N/A	N/A	d__Bacteria;p__Bacteroidota;c__Bacteroidia;o__Bacteroidales;f__Rikenellaceae;g__WRDF01;s__	taxonomic classification fully defined by topology	classification based on placement in class-level tree	N/A	67.33	11	0.92359	N/A
Bger_bac_bin121	d__Bacteria;p__Bacteroidota;c__Bacteroidia;o__Bacteroidales;f__Rikenellaceae;g__WRDF01;s__	N/A	N/A	N/A	N/A	N/A	N/A	N/A	N/A	N/A	N/A	d__Bacteria;p__Bacteroidota;c__Bacteroidia;o__Bacteroidales;f__Rikenellaceae;g__WRDF01;s__	taxonomic classification fully defined by topology	classification based on placement in class-level tree	N/A	76.82	11	0.91438	N/A
Bger_bac_bin122	d__Bacteria;p__Bacteroidota;c__Bacteroidia;o__Bacteroidales;f__Rikenellaceae;g__WRDF01;s__	N/A	N/A	N/A	N/A	N/A	N/A	N/A	N/A	N/A	N/A	d__Bacteria;p__Bacteroidota;c__Bacteroidia;o__Bacteroidales;f__Rikenellaceae;g__WRDF01;s__	taxonomic classification fully defined by topology	classification based on placement in class-level tree	N/A	79.92	11	0.92472	N/A
Bger_bac_bin123	d__Bacteria;p__Bacteroidota;c__Bacteroidia;o__Bacteroidales;f__Rikenellaceae;g__WRDF01;s__	N/A	N/A	N/A	N/A	N/A	N/A	N/A	N/A	N/A	N/A	d__Bacteria;p__Bacteroidota;c__Bacteroidia;o__Bacteroidales;f__Rikenellaceae;g__WRDF01;s__	taxonomic classification fully defined by topology	classification based on placement in class-level tree	N/A	81.19	11	0.91844	N/A
Bger_bac_bin124	d__Bacteria;p__Bacteroidota;c__Bacteroidia;o__Bacteroidales;f__Rikenellaceae;g__WRDF01;s__	N/A	N/A	N/A	N/A	N/A	N/A	N/A	N/A	N/A	N/A	d__Bacteria;p__Bacteroidota;c__Bacteroidia;o__Bacteroidales;f__Rikenellaceae;g__WRDF01;s__	taxonomic classification fully defined by topology	classification based on placement in class-level tree	N/A	82.78	11	0.91501	N/A
Bger_bac_bin125	d__Bacteria;p__Bacteroidota;c__Bacteroidia;o__Bacteroidales;f__Rikenellaceae;g__WRDF01;s__	N/A	N/A	N/A	N/A	N/A	N/A	N/A	N/A	N/A	N/A	d__Bacteria;p__Bacteroidota;c__Bacteroidia;o__Bacteroidales;f__Rikenellaceae;g__WRDF01;s__	taxonomic classification fully defined by topology	classification based on placement in class-level tree	N/A	86.14	11	0.91463	N/A
Bger_bac_bin126	d__Bacteria;p__Bacteroidota;c__Bacteroidia;o__Bacteroidales;f__Rikenellaceae;g__WRDF01;s__	N/A	N/A	N/A	N/A	N/A	N/A	N/A	N/A	N/A	N/A	d__Bacteria;p__Bacteroidota;c__Bacteroidia;o__Bacteroidales;f__Rikenellaceae;g__WRDF01;s__	taxonomic classification fully defined by topology	classification based on placement in class-level tree	N/A	89.57	11	0.9254	N/A
Bger_bac_bin127	d__Bacteria;p__Bacteroidota;c__Bacteroidia;o__Bacteroidales;f__Rikenellaceae;g__WRDF01;s__	N/A	N/A	N/A	N/A	N/A	N/A	N/A	N/A	N/A	N/A	d__Bacteria;p__Bacteroidota;c__Bacteroidia;o__Bacteroidales;f__Rikenellaceae;g__WRDF01;s__	taxonomic classification fully defined by topology	classification based on placement in class-level tree	N/A	93.62	11	0.91264	N/A
Bger_bac_bin128	d__Bacteria;p__Bacteroidota;c__Bacteroidia;o__Bacteroidales;f__Rikenellaceae;g__WRDF01;s__	N/A	N/A	N/A	N/A	N/A	N/A	N/A	N/A	N/A	N/A	d__Bacteria;p__Bacteroidota;c__Bacteroidia;o__Bacteroidales;f__Rikenellaceae;g__WRDF01;s__	taxonomic classification fully defined by topology	classification based on placement in class-level tree	N/A	94.34	11	0.91664	N/A
Bger_bac_bin129	d__Bacteria;p__Bacteroidota;c__Bacteroidia;o__Bacteroidales;f__Rikenellaceae;g__WRDF01;s__	N/A	N/A	N/A	N/A	N/A	N/A	N/A	N/A	N/A	N/A	d__Bacteria;p__Bacteroidota;c__Bacteroidia;o__Bacteroidales;f__Rikenellaceae;g__WRDF01;s__	taxonomic classification fully defined by topology	classification based on placement in class-level tree	N/A	95.09	11	0.91383	N/A
Bger_bac_bin130	d__Bacteria;p__Bacteroidota;c__Bacteroidia;o__Bacteroidales;f__Rikenellaceae;g__WRDF01;s__	N/A	N/A	N/A	N/A	N/A	N/A	N/A	N/A	N/A	N/A	d__Bacteria;p__Bacteroidota;c__Bacteroidia;o__Bacteroidales;f__Rikenellaceae;g__WRDF01;s__	taxonomic classification fully defined by topology	classification based on placement in class-level tree	N/A	95.35	11	0.92025	N/A
Bger_bac_bin131	d__Bacteria;p__Bacteroidota;c__Bacteroidia;o__Bacteroidales;f__Rikenellaceae;g__WRDF01;s__	N/A	N/A	N/A	N/A	N/A	N/A	N/A	N/A	N/A	N/A	d__Bacteria;p__Bacteroidota;c__Bacteroidia;o__Bacteroidales;f__Rikenellaceae;g__WRDF01;s__	taxonomic classification fully defined by topology	classification based on placement in class-level tree	N/A	96.74	11	0.92039	N/A
Bger_bac_bin132	d__Bacteria;p__Bacteroidota;c__Bacteroidia;o__Bacteroidales;f__Rikenellaceae;g__WRDF01;s__	N/A	N/A	N/A	N/A	N/A	N/A	N/A	N/A	N/A	N/A	d__Bacteria;p__Bacteroidota;c__Bacteroidia;o__Bacteroidales;f__Rikenellaceae;g__WRDF01;s__	taxonomic classification fully defined by topology	classification based on placement in class-level tree	N/A	97.58	11	0.92045	N/A
Bger_bac_bin133	d__Bacteria;p__Bacteroidota;c__Bacteroidia;o__Bacteroidales;f__Tannerellaceae;g__DFXE01;s__	N/A	N/A	N/A	N/A	N/A	N/A	N/A	N/A	N/A	N/A	d__Bacteria;p__Bacteroidota;c__Bacteroidia;o__Bacteroidales;f__Tannerellaceae;g__DFXE01;s__	taxonomic classification fully defined by topology	classification based on placement in class-level tree	N/A	96.92	11	0.9634	N/A
Bger_bac_bin134	d__Bacteria;p__Bacteroidota;c__Bacteroidia;o__Bacteroidales;f__Tannerellaceae;g__JARXWG01;s__	N/A	N/A	N/A	N/A	N/A	N/A	N/A	N/A	N/A	N/A	d__Bacteria;p__Bacteroidota;c__Bacteroidia;o__Bacteroidales;f__Tannerellaceae;g__JARXWG01;s__	taxonomic novelty determined using RED	classification based on placement in class-level tree	N/A	83.63	11	0.96496	N/A
Bger_bac_bin135	d__Bacteria;p__Bacteroidota;c__Bacteroidia;o__Bacteroidales;f__Tannerellaceae;g__JARXWG01;s__	N/A	N/A	N/A	N/A	N/A	N/A	N/A	N/A	N/A	N/A	d__Bacteria;p__Bacteroidota;c__Bacteroidia;o__Bacteroidales;f__Tannerellaceae;g__JARXWG01;s__	taxonomic novelty determined using RED	classification based on placement in class-level tree	N/A	90.55	11	0.94835	N/A
Bger_bac_bin136	d__Bacteria;p__Bacteroidota;c__Bacteroidia;o__Bacteroidales;f__Tannerellaceae;g__QVMG01;s__	N/A	N/A	N/A	N/A	N/A	N/A	N/A	N/A	N/A	N/A	d__Bacteria;p__Bacteroidota;c__Bacteroidia;o__Bacteroidales;f__Tannerellaceae;g__QVMG01;s__	taxonomic classification fully defined by topology	classification based on placement in class-level tree	N/A	65.06	11	0.96485	N/A
Bger_bac_bin137	d__Bacteria;p__Bacteroidota;c__Bacteroidia;o__Bacteroidales;f__Tannerellaceae;g__QVMG01;s__	N/A	N/A	N/A	N/A	N/A	N/A	N/A	N/A	N/A	N/A	d__Bacteria;p__Bacteroidota;c__Bacteroidia;o__Bacteroidales;f__Tannerellaceae;g__QVMG01;s__	taxonomic classification fully defined by topology	classification based on placement in class-level tree	N/A	76.05	11	0.94937	N/A
Bger_bac_bin138	d__Bacteria;p__Bacteroidota;c__Bacteroidia;o__Bacteroidales;f__Tannerellaceae;g__QVMG01;s__	N/A	N/A	N/A	N/A	N/A	N/A	N/A	N/A	N/A	N/A	d__Bacteria;p__Bacteroidota;c__Bacteroidia;o__Bacteroidales;f__Tannerellaceae;g__QVMG01;s__	taxonomic classification fully defined by topology	classification based on placement in class-level tree	N/A	89.55	11	0.96378	N/A
Bger_bac_bin139	d__Bacteria;p__Bacteroidota;c__Bacteroidia;o__Bacteroidales;f__Tannerellaceae;g__QVMG01;s__	N/A	N/A	N/A	N/A	N/A	N/A	N/A	N/A	N/A	N/A	d__Bacteria;p__Bacteroidota;c__Bacteroidia;o__Bacteroidales;f__Tannerellaceae;g__QVMG01;s__	taxonomic novelty determined using RED	classification based on placement in class-level tree	N/A	54.84	11	0.93549	N/A
Bger_bac_bin140	d__Bacteria;p__Bacteroidota;c__Bacteroidia;o__Bacteroidales;f__Tannerellaceae;g__;s__	N/A	N/A	N/A	N/A	N/A	N/A	N/A	N/A	N/A	N/A	d__Bacteria;p__Bacteroidota;c__Bacteroidia;o__Bacteroidales;f__Tannerellaceae;g__;s__	taxonomic classification fully defined by topology	classification based on placement in class-level tree	N/A	98.03	11	0.91738	N/A
Bger_bac_bin141	d__Bacteria;p__Bacteroidota;c__Bacteroidia;o__Bacteroidales;f__Tannerellaceae;g__Tannerella;s__	N/A	N/A	N/A	N/A	N/A	N/A	N/A	N/A	N/A	N/A	d__Bacteria;p__Bacteroidota;c__Bacteroidia;o__Bacteroidales;f__Tannerellaceae;g__Tannerella;s__	taxonomic classification fully defined by topology	classification based on placement in class-level tree	N/A	56.01	11	0.96773	N/A
Bger_bac_bin142	d__Bacteria;p__Bacteroidota;c__Bacteroidia;o__Bacteroidales;f__Tannerellaceae;g__Tannerella;s__	N/A	N/A	N/A	N/A	N/A	N/A	N/A	N/A	N/A	N/A	d__Bacteria;p__Bacteroidota;c__Bacteroidia;o__Bacteroidales;f__Tannerellaceae;g__Tannerella;s__	taxonomic classification fully defined by topology	classification based on placement in class-level tree	N/A	98.75	11	0.965	N/A
Bger_bac_bin143	d__Bacteria;p__Bacteroidota;c__Bacteroidia;o__Bacteroidales;f__UBA932;g__JAIRLF01;s__	N/A	N/A	N/A	N/A	N/A	N/A	N/A	N/A	N/A	N/A	d__Bacteria;p__Bacteroidota;c__Bacteroidia;o__Bacteroidales;f__UBA932;g__JAIRLF01;s__	taxonomic classification fully defined by topology	classification based on placement in class-level tree	N/A	89.0	11	0.87148	N/A
Bger_bac_bin144	d__Bacteria;p__Bacteroidota;c__Bacteroidia;o__Bacteroidales;f__UBA932;g__JAIRNF01;s__	N/A	N/A	N/A	N/A	N/A	N/A	N/A	N/A	N/A	N/A	d__Bacteria;p__Bacteroidota;c__Bacteroidia;o__Bacteroidales;f__UBA932;g__JAIRNF01;s__	taxonomic novelty determined using RED	classification based on placement in class-level tree	N/A	88.42	11	0.95106	N/A
Bger_bac_bin145	d__Bacteria;p__Bacteroidota;c__Bacteroidia;o__Bacteroidales;f__UBA932;g__JAISFN01;s__	N/A	N/A	N/A	N/A	N/A	N/A	N/A	N/A	N/A	N/A	d__Bacteria;p__Bacteroidota;c__Bacteroidia;o__Bacteroidales;f__UBA932;g__JAISFN01;s__	taxonomic novelty determined using RED	classification based on placement in class-level tree	N/A	95.07	11	0.86179	N/A
Bger_bac_bin146	d__Bacteria;p__Bacteroidota;c__Bacteroidia;o__Bacteroidales;f__UBA932;g__JAISFN01;s__	N/A	N/A	N/A	N/A	N/A	N/A	N/A	N/A	N/A	N/A	d__Bacteria;p__Bacteroidota;c__Bacteroidia;o__Bacteroidales;f__UBA932;g__JAISFN01;s__	taxonomic novelty determined using RED	classification based on placement in class-level tree	N/A	97.18	11	0.90036	N/A
Bger_bac_bin147	d__Bacteria;p__Bacteroidota;c__Bacteroidia;o__Bacteroidales;f__WCHB1-69;g__JAGVVH01;s__JAGVVH01 sp937949745	GCA_937949745.1	95.0	d__Bacteria;p__Bacteroidota;c__Bacteroidia;o__Bacteroidales;f__WCHB1-69;g__JAGVVH01;s__JAGVVH01 sp937949745	97.95	0.919	N/A	N/A	N/A	N/A	N/A	N/A	ani_screen	classification based on ANI only	N/A	N/A	N/A	N/A	N/A
Bger_bac_bin148	d__Bacteria;p__Bacteroidota;c__Bacteroidia;o__Flavobacteriales_B;f__Blattabacteriaceae;g__Blattabacterium;s__Blattabacterium sp000022605	GCF_000022605.2	95.0	d__Bacteria;p__Bacteroidota;c__Bacteroidia;o__Flavobacteriales_B;f__Blattabacteriaceae;g__Blattabacterium;s__Blattabacterium sp000022605	97.82	0.976	N/A	N/A	N/A	N/A	N/A	N/A	ani_screen	classification based on ANI only	GCF_014251715.1, s__Blattabacterium cuenoti_M, 95.0, 85.93, 0.725; GCF_014251735.1, s__Blattabacterium cuenoti_C, 95.0, 87.35, 0.636; GCF_014251635.1, s__Blattabacterium cuenoti_S, 95.0, 84.37, 0.568; GCF_014251695.1, s__Blattabacterium cuenoti_T, 95.0, 84.54, 0.634; GCF_014252295.1, s__Blattabacterium cuenoti_V, 95.0, 85.83, 0.678; GCF_014252255.1, s__Blattabacterium cuenoti_J, 95.0, 87.26, 0.777; GCF_000334405.1, s__Blattabacterium sp000334405, 95.0, 88.9, 0.689; GCF_014251755.1, s__Blattabacterium cuenoti_AN, 95.0, 84.86, 0.65; GCF_014251335.1, s__Blattabacterium cuenoti_G, 95.0, 84.58, 0.638; GCF_014251655.1, s__Blattabacterium cuenoti_I, 95.0, 83.48, 0.569; GCF_014251575.1, s__Blattabacterium cuenoti_N, 95.0, 89.43, 0.884; GCF_000348805.1, s__Blattabacterium cuenoti_B, 95.0, 84.45, 0.599; GCF_011290385.1, s__Blattabacterium sp011290385, 95.0, 84.29, 0.635; GCF_014252095.1, s__Blattabacterium cuenoti_F, 95.0, 87.67, 0.621; GCF_014252015.1, s__Blattabacterium cuenoti_U, 95.0, 84.45, 0.551; GCF_014252395.1, s__Blattabacterium cuenoti_AA, 95.0, 83.98, 0.577; GCF_014251555.1, s__Blattabacterium cuenoti_P, 95.0, 89.45, 0.884; GCF_014252075.1, s__Blattabacterium cuenoti_AC, 95.0, 88.7, 0.868; GCF_014251315.1, s__Blattabacterium cuenoti_AJ, 95.0, 84.42, 0.652	N/A	N/A	N/A	N/A
Bger_bac_bin149	d__Bacteria;p__Cyanobacteriota;c__Vampirovibrionia;o__Gastranaerophilales;f__Gastranaerophilaceae;g__;s__	N/A	N/A	N/A	N/A	N/A	N/A	N/A	N/A	N/A	N/A	d__Bacteria;p__Cyanobacteriota;c__Vampirovibrionia;o__Gastranaerophilales;f__Gastranaerophilaceae;g__;s__	taxonomic novelty determined using RED	classification based on placement in class-level tree	N/A	82.7	11	0.9001	N/A
Bger_bac_bin150	d__Bacteria;p__Cyanobacteriota;c__Vampirovibrionia;o__Gastranaerophilales;f__Gastranaerophilaceae;g__;s__	N/A	N/A	N/A	N/A	N/A	N/A	N/A	N/A	N/A	N/A	d__Bacteria;p__Cyanobacteriota;c__Vampirovibrionia;o__Gastranaerophilales;f__Gastranaerophilaceae;g__;s__	taxonomic novelty determined using RED	classification based on placement in class-level tree	N/A	90.98	11	0.90173	N/A
Bger_bac_bin151	d__Bacteria;p__Deferribacterota;c__Deferribacteres;o__Deferribacterales;f__JAISNW01;g__JAITWL01;s__	N/A	N/A	N/A	N/A	N/A	N/A	N/A	N/A	N/A	N/A	d__Bacteria;p__Deferribacterota;c__Deferribacteres;o__Deferribacterales;f__JAISNW01;g__JAITWL01;s__	taxonomic novelty determined using RED	classification based on placement in class-level tree	N/A	85.9	11	0.87146	N/A
Bger_bac_bin152	d__Bacteria;p__Deferribacterota;c__Deferribacteres;o__Deferribacterales;f__JAISNW01;g__JAITWL01;s__	N/A	N/A	N/A	N/A	N/A	N/A	N/A	N/A	N/A	N/A	d__Bacteria;p__Deferribacterota;c__Deferribacteres;o__Deferribacterales;f__JAISNW01;g__JAITWL01;s__	taxonomic novelty determined using RED	classification based on placement in class-level tree	N/A	94.12	11	0.91008	N/A
Bger_bac_bin153	d__Bacteria;p__Desulfobacterota;c__Desulfarculia;o__Adiutricales;f__Adiutricaceae;g__Adiutrix;s__	N/A	N/A	N/A	N/A	N/A	N/A	N/A	N/A	N/A	N/A	d__Bacteria;p__Desulfobacterota;c__Desulfarculia;o__Adiutricales;f__Adiutricaceae;g__Adiutrix;s__	taxonomic classification fully defined by topology	classification based on placement in class-level tree	N/A	62.07	11	0.89191	N/A
Bger_bac_bin154	d__Bacteria;p__Desulfobacterota;c__Desulfarculia;o__Adiutricales;f__Adiutricaceae;g__Adiutrix;s__	N/A	N/A	N/A	N/A	N/A	N/A	N/A	N/A	N/A	N/A	d__Bacteria;p__Desulfobacterota;c__Desulfarculia;o__Adiutricales;f__Adiutricaceae;g__Adiutrix;s__	taxonomic classification fully defined by topology	classification based on placement in class-level tree	N/A	71.12	11	0.94578	N/A
Bger_bac_bin155	d__Bacteria;p__Desulfobacterota;c__Desulfarculia;o__Adiutricales;f__Adiutricaceae;g__Adiutrix;s__	N/A	N/A	N/A	N/A	N/A	N/A	N/A	N/A	N/A	N/A	d__Bacteria;p__Desulfobacterota;c__Desulfarculia;o__Adiutricales;f__Adiutricaceae;g__Adiutrix;s__	taxonomic classification fully defined by topology	classification based on placement in class-level tree	N/A	92.53	11	0.92328	N/A
Bger_bac_bin156	d__Bacteria;p__Desulfobacterota;c__Desulfarculia;o__Adiutricales;f__Adiutricaceae;g__Adiutrix;s__	N/A	N/A	N/A	N/A	N/A	N/A	N/A	N/A	N/A	N/A	d__Bacteria;p__Desulfobacterota;c__Desulfarculia;o__Adiutricales;f__Adiutricaceae;g__Adiutrix;s__	taxonomic classification fully defined by topology	classification based on placement in class-level tree	N/A	95.0	11	0.88581	N/A
Bger_bac_bin157	d__Bacteria;p__Desulfobacterota;c__Desulfarculia;o__Adiutricales;f__Adiutricaceae;g__Adiutrix;s__	N/A	N/A	N/A	N/A	N/A	N/A	N/A	N/A	N/A	N/A	d__Bacteria;p__Desulfobacterota;c__Desulfarculia;o__Adiutricales;f__Adiutricaceae;g__Adiutrix;s__	taxonomic classification fully defined by topology	classification based on placement in class-level tree	N/A	95.11	11	0.89484	N/A
Bger_bac_bin158	d__Bacteria;p__Desulfobacterota;c__Desulfobacteria;o__Desulfobacterales;f__Desulfosudaceae;g__;s__	N/A	N/A	N/A	N/A	N/A	N/A	N/A	N/A	N/A	N/A	d__Bacteria;p__Desulfobacterota;c__Desulfobacteria;o__Desulfobacterales;f__Desulfosudaceae;g__;s__	taxonomic novelty determined using RED	classification based on placement in class-level tree	N/A	80.3	11	0.71583	N/A
Bger_bac_bin159	d__Bacteria;p__Desulfobacterota;c__Desulfovibrionia;o__Desulfovibrionales;f__Desulfovibrionaceae;g__FLUQ01;s__	N/A	N/A	N/A	N/A	N/A	N/A	N/A	N/A	N/A	N/A	d__Bacteria;p__Desulfobacterota;c__Desulfovibrionia;o__Desulfovibrionales;f__Desulfovibrionaceae;g__FLUQ01;s__	taxonomic classification fully defined by topology	classification based on placement in class-level tree	N/A	61.73	11	0.96873	N/A
Bger_bac_bin160	d__Bacteria;p__Desulfobacterota;c__Desulfovibrionia;o__Desulfovibrionales;f__Desulfovibrionaceae;g__FLUQ01;s__	N/A	N/A	N/A	N/A	N/A	N/A	N/A	N/A	N/A	N/A	d__Bacteria;p__Desulfobacterota;c__Desulfovibrionia;o__Desulfovibrionales;f__Desulfovibrionaceae;g__FLUQ01;s__	taxonomic novelty determined using RED	classification based on placement in class-level tree	N/A	42.3	11	0.9282	N/A
Bger_bac_bin161	d__Bacteria;p__Desulfobacterota;c__Desulfovibrionia;o__Desulfovibrionales;f__Desulfovibrionaceae;g__FLUQ01;s__	N/A	N/A	N/A	N/A	N/A	N/A	N/A	N/A	N/A	N/A	d__Bacteria;p__Desulfobacterota;c__Desulfovibrionia;o__Desulfovibrionales;f__Desulfovibrionaceae;g__FLUQ01;s__	taxonomic novelty determined using RED	classification based on placement in class-level tree	N/A	49.43	11	0.93691	N/A
Bger_bac_bin162	d__Bacteria;p__Desulfobacterota;c__Desulfovibrionia;o__Desulfovibrionales;f__Desulfovibrionaceae;g__FLUQ01;s__	N/A	N/A	N/A	N/A	N/A	N/A	N/A	N/A	N/A	N/A	d__Bacteria;p__Desulfobacterota;c__Desulfovibrionia;o__Desulfovibrionales;f__Desulfovibrionaceae;g__FLUQ01;s__	taxonomic novelty determined using RED	classification based on placement in class-level tree	N/A	54.32	11	0.92843	N/A
Bger_bac_bin163	d__Bacteria;p__Desulfobacterota;c__Desulfovibrionia;o__Desulfovibrionales;f__Desulfovibrionaceae;g__FLUQ01;s__	N/A	N/A	N/A	N/A	N/A	N/A	N/A	N/A	N/A	N/A	d__Bacteria;p__Desulfobacterota;c__Desulfovibrionia;o__Desulfovibrionales;f__Desulfovibrionaceae;g__FLUQ01;s__	taxonomic novelty determined using RED	classification based on placement in class-level tree	N/A	61.67	11	0.94888	N/A
Bger_bac_bin164	d__Bacteria;p__Desulfobacterota;c__Desulfovibrionia;o__Desulfovibrionales;f__Desulfovibrionaceae;g__Frigididesulfovibrio;s__	N/A	N/A	N/A	N/A	N/A	N/A	N/A	N/A	N/A	N/A	d__Bacteria;p__Desulfobacterota;c__Desulfovibrionia;o__Desulfovibrionales;f__Desulfovibrionaceae;g__Frigididesulfovibrio;s__	taxonomic classification fully defined by topology	classification based on placement in class-level tree	N/A	53.49	11	0.93446	N/A
Bger_bac_bin165	d__Bacteria;p__Desulfobacterota;c__Desulfovibrionia;o__Desulfovibrionales;f__Desulfovibrionaceae;g__Frigididesulfovibrio;s__	N/A	N/A	N/A	N/A	N/A	N/A	N/A	N/A	N/A	N/A	d__Bacteria;p__Desulfobacterota;c__Desulfovibrionia;o__Desulfovibrionales;f__Desulfovibrionaceae;g__Frigididesulfovibrio;s__	taxonomic classification fully defined by topology	classification based on placement in class-level tree	N/A	90.59	11	0.92061	N/A
Bger_bac_bin166	d__Bacteria;p__Desulfobacterota;c__Desulfovibrionia;o__Desulfovibrionales;f__Desulfovibrionaceae;g__Frigididesulfovibrio;s__	N/A	N/A	N/A	N/A	N/A	N/A	N/A	N/A	N/A	N/A	d__Bacteria;p__Desulfobacterota;c__Desulfovibrionia;o__Desulfovibrionales;f__Desulfovibrionaceae;g__Frigididesulfovibrio;s__	taxonomic classification fully defined by topology	classification based on placement in class-level tree	N/A	91.98	11	0.92999	N/A
Bger_bac_bin167	d__Bacteria;p__Desulfobacterota;c__Desulfovibrionia;o__Desulfovibrionales;f__Desulfovibrionaceae;g__Frigididesulfovibrio;s__	N/A	N/A	N/A	N/A	N/A	N/A	N/A	N/A	N/A	N/A	d__Bacteria;p__Desulfobacterota;c__Desulfovibrionia;o__Desulfovibrionales;f__Desulfovibrionaceae;g__Frigididesulfovibrio;s__	taxonomic classification fully defined by topology	classification based on placement in class-level tree	N/A	92.15	11	0.92	N/A
Bger_bac_bin168	d__Bacteria;p__Desulfobacterota;c__Desulfovibrionia;o__Desulfovibrionales;f__Desulfovibrionaceae;g__Frigididesulfovibrio;s__	N/A	N/A	N/A	N/A	N/A	N/A	N/A	N/A	N/A	N/A	d__Bacteria;p__Desulfobacterota;c__Desulfovibrionia;o__Desulfovibrionales;f__Desulfovibrionaceae;g__Frigididesulfovibrio;s__	taxonomic classification fully defined by topology	classification based on placement in class-level tree	N/A	92.97	11	0.93018	N/A
Bger_bac_bin169	d__Bacteria;p__Desulfobacterota;c__Desulfovibrionia;o__Desulfovibrionales;f__Desulfovibrionaceae;g__JAJDHY01;s__	N/A	N/A	N/A	N/A	N/A	N/A	N/A	N/A	N/A	N/A	d__Bacteria;p__Desulfobacterota;c__Desulfovibrionia;o__Desulfovibrionales;f__Desulfovibrionaceae;g__JAJDHY01;s__	taxonomic classification fully defined by topology	classification based on placement in class-level tree	N/A	87.33	11	0.97223	N/A
Bger_bac_bin170	d__Bacteria;p__Desulfobacterota;c__Desulfovibrionia;o__Desulfovibrionales;f__Desulfovibrionaceae;g__Mailhella;s__	N/A	N/A	N/A	N/A	N/A	N/A	N/A	N/A	N/A	N/A	d__Bacteria;p__Desulfobacterota;c__Desulfovibrionia;o__Desulfovibrionales;f__Desulfovibrionaceae;g__Mailhella;s__	taxonomic classification fully defined by topology	classification based on placement in class-level tree	N/A	74.3	11	0.89405	N/A
Bger_bac_bin171	d__Bacteria;p__Desulfobacterota;c__Desulfovibrionia;o__Desulfovibrionales;f__Desulfovibrionaceae;g__Mailhella;s__	N/A	N/A	N/A	N/A	N/A	N/A	N/A	N/A	N/A	N/A	d__Bacteria;p__Desulfobacterota;c__Desulfovibrionia;o__Desulfovibrionales;f__Desulfovibrionaceae;g__Mailhella;s__	taxonomic classification fully defined by topology	classification based on placement in class-level tree	N/A	91.46	11	0.89317	N/A
Bger_bac_bin172	d__Bacteria;p__Desulfobacterota;c__Desulfovibrionia;o__Desulfovibrionales;f__Desulfovibrionaceae;g__RGIG1962;s__	N/A	N/A	N/A	N/A	N/A	N/A	N/A	N/A	N/A	N/A	d__Bacteria;p__Desulfobacterota;c__Desulfovibrionia;o__Desulfovibrionales;f__Desulfovibrionaceae;g__RGIG1962;s__	taxonomic novelty determined using RED	classification based on placement in class-level tree	N/A	90.96	11	0.93812	N/A
Bger_bac_bin173	d__Bacteria;p__Desulfobacterota;c__Desulfovibrionia;o__Desulfovibrionales;f__Desulfovibrionaceae;g__WRHT01;s__	N/A	N/A	N/A	N/A	N/A	GCA_031264465.1	95.0	d__Bacteria;p__Desulfobacterota;c__Desulfovibrionia;o__Desulfovibrionales;f__Desulfovibrionaceae;g__WRHT01;s__WRHT01 sp031264465	85.37	0.367	d__Bacteria;p__Desulfobacterota;c__Desulfovibrionia;o__Desulfovibrionales;f__Desulfovibrionaceae;g__WRHT01;s__	taxonomic classification defined by topology and ANI	classification based on placement in class-level tree	N/A	85.6	11	0.97806	N/A
Bger_bac_bin174	d__Bacteria;p__Desulfobacterota;c__Desulfovibrionia;o__Desulfovibrionales;f__Desulfovibrionaceae;g__WRHT01;s__	N/A	N/A	N/A	N/A	N/A	N/A	N/A	N/A	N/A	N/A	d__Bacteria;p__Desulfobacterota;c__Desulfovibrionia;o__Desulfovibrionales;f__Desulfovibrionaceae;g__WRHT01;s__	taxonomic classification fully defined by topology	classification based on placement in class-level tree	N/A	59.05	11	0.88187	N/A
Bger_bac_bin175	d__Bacteria;p__Desulfobacterota;c__Desulfovibrionia;o__Desulfovibrionales;f__Desulfovibrionaceae;g__WRHT01;s__	N/A	N/A	N/A	N/A	N/A	N/A	N/A	N/A	N/A	N/A	d__Bacteria;p__Desulfobacterota;c__Desulfovibrionia;o__Desulfovibrionales;f__Desulfovibrionaceae;g__WRHT01;s__	taxonomic classification fully defined by topology	classification based on placement in class-level tree	N/A	86.43	11	0.97601	N/A
Bger_bac_bin176	d__Bacteria;p__Elusimicrobiota;c__Elusimicrobia;o__Elusimicrobiales;f__Elusimicrobiaceae;g__UBA1174;s__	N/A	N/A	N/A	N/A	N/A	N/A	N/A	N/A	N/A	N/A	d__Bacteria;p__Elusimicrobiota;c__Elusimicrobia;o__Elusimicrobiales;f__Elusimicrobiaceae;g__UBA1174;s__	taxonomic classification fully defined by topology	classification based on placement in class-level tree	N/A	40.89	11	0.94349	N/A
Bger_bac_bin177	d__Bacteria;p__Fusobacteriota;c__Fusobacteriia;o__Fusobacteriales;f__Fusobacteriaceae;g__Fusobacterium_A;s__	N/A	N/A	N/A	N/A	N/A	N/A	N/A	N/A	N/A	N/A	d__Bacteria;p__Fusobacteriota;c__Fusobacteriia;o__Fusobacteriales;f__Fusobacteriaceae;g__Fusobacterium_A;s__	taxonomic classification defined by topology and ANI	classification based on placement in class-level tree	GCA_002356455.1, s__Fusobacterium_A varium_A, 95.0, 91.03, 0.679; GCF_003019675.1, s__Fusobacterium_A ulcerans, 95.0, 90.58, 0.628; GCF_900683735.1, s__Fusobacterium_A ulcerans_A, 95.0, 90.48, 0.665; GCF_900637705.1, s__Fusobacterium_A varium, 95.0, 88.91, 0.63	83.02	11	0.98843	Genome not assigned to closest species as it falls outside its pre-defined ANI radius
Bger_bac_bin178	d__Bacteria;p__Fusobacteriota;c__Fusobacteriia;o__Fusobacteriales;f__Leptotrichiaceae;g__Sebaldella;s__Sebaldella termitidis	GCF_000024405.1	95.0	d__Bacteria;p__Fusobacteriota;c__Fusobacteriia;o__Fusobacteriales;f__Leptotrichiaceae;g__Sebaldella;s__Sebaldella termitidis	97.25	0.89	N/A	N/A	N/A	N/A	N/A	N/A	ani_screen	classification based on ANI only	GCA_031285605.1, s__Sebaldella sp031285605, 95.0, 91.58, 0.435; GCF_024158605.1, s__Sebaldella sp024158605, 95.0, 85.92, 0.417	N/A	N/A	N/A	N/A
Bger_bac_bin179	d__Bacteria;p__Patescibacteria;c__Microgenomatia;o__UBA1400;f__PJMF01;g__WRMU01;s__	N/A	N/A	N/A	N/A	N/A	N/A	N/A	N/A	N/A	N/A	d__Bacteria;p__Patescibacteria;c__Microgenomatia;o__UBA1400;f__PJMF01;g__WRMU01;s__	taxonomic novelty determined using RED	classification based on placement in class-level tree	N/A	55.95	11	0.87291	N/A
Bger_bac_bin180	d__Bacteria;p__Patescibacteria;c__Saccharimonadia;o__Saccharimonadales;f__Nanosyncoccaceae;g__UBA2834;s__	N/A	N/A	N/A	N/A	N/A	N/A	N/A	N/A	N/A	N/A	d__Bacteria;p__Patescibacteria;c__Saccharimonadia;o__Saccharimonadales;f__Nanosyncoccaceae;g__UBA2834;s__	taxonomic classification fully defined by topology	classification based on placement in class-level tree	N/A	44.69	11	0.94542	N/A
Bger_bac_bin181	d__Bacteria;p__Patescibacteria;c__Saccharimonadia;o__Saccharimonadales;f__Nanosyncoccaceae;g__UBA2834;s__	N/A	N/A	N/A	N/A	N/A	N/A	N/A	N/A	N/A	N/A	d__Bacteria;p__Patescibacteria;c__Saccharimonadia;o__Saccharimonadales;f__Nanosyncoccaceae;g__UBA2834;s__	taxonomic classification fully defined by topology	classification based on placement in class-level tree	N/A	52.61	11	0.94644	N/A
Bger_bac_bin182	d__Bacteria;p__Planctomycetota;c__SZUA-567;o__SZUA-567;f__SZUA-567;g__JAJBSZ01;s__	N/A	N/A	N/A	N/A	N/A	N/A	N/A	N/A	N/A	N/A	d__Bacteria;p__Planctomycetota;c__SZUA-567;o__SZUA-567;f__SZUA-567;g__JAJBSZ01;s__	taxonomic classification defined by topology and ANI	classification based on placement in class-level tree	GCA_021203245.1, s__JAJBSZ01 sp021203245, 95.0, 83.07, 0.285; GCA_021205245.1, s__JAJBSZ01 sp021205245, 95.0, 82.17, 0.257	47.9	11	0.96808	N/A
Bger_bac_bin183	d__Bacteria;p__Planctomycetota;c__SZUA-567;o__SZUA-567;f__SZUA-567;g__JAJBSZ01;s__	N/A	N/A	N/A	N/A	N/A	N/A	N/A	N/A	N/A	N/A	d__Bacteria;p__Planctomycetota;c__SZUA-567;o__SZUA-567;f__SZUA-567;g__JAJBSZ01;s__	taxonomic classification fully defined by topology	classification based on placement in class-level tree	N/A	43.2	11	0.93726	N/A
Bger_bac_bin184	d__Bacteria;p__Planctomycetota;c__SZUA-567;o__SZUA-567;f__SZUA-567;g__JAJBSZ01;s__	N/A	N/A	N/A	N/A	N/A	N/A	N/A	N/A	N/A	N/A	d__Bacteria;p__Planctomycetota;c__SZUA-567;o__SZUA-567;f__SZUA-567;g__JAJBSZ01;s__	taxonomic classification fully defined by topology	classification based on placement in class-level tree	N/A	51.1	11	0.91066	N/A
Bger_bac_bin185	d__Bacteria;p__Planctomycetota;c__SZUA-567;o__SZUA-567;f__SZUA-567;g__JAJBSZ01;s__	N/A	N/A	N/A	N/A	N/A	N/A	N/A	N/A	N/A	N/A	d__Bacteria;p__Planctomycetota;c__SZUA-567;o__SZUA-567;f__SZUA-567;g__JAJBSZ01;s__	taxonomic classification fully defined by topology	classification based on placement in class-level tree	N/A	55.13	11	0.95987	N/A
Bger_bac_bin186	d__Bacteria;p__Planctomycetota;c__SZUA-567;o__SZUA-567;f__SZUA-567;g__JAJBSZ01;s__	N/A	N/A	N/A	N/A	N/A	N/A	N/A	N/A	N/A	N/A	d__Bacteria;p__Planctomycetota;c__SZUA-567;o__SZUA-567;f__SZUA-567;g__JAJBSZ01;s__	taxonomic classification fully defined by topology	classification based on placement in class-level tree	N/A	58.85	11	0.95906	N/A
Bger_bac_bin187	d__Bacteria;p__Planctomycetota;c__SZUA-567;o__SZUA-567;f__SZUA-567;g__JAJBSZ01;s__	N/A	N/A	N/A	N/A	N/A	N/A	N/A	N/A	N/A	N/A	d__Bacteria;p__Planctomycetota;c__SZUA-567;o__SZUA-567;f__SZUA-567;g__JAJBSZ01;s__	taxonomic classification fully defined by topology	classification based on placement in class-level tree	N/A	60.24	11	0.91656	N/A
Bger_bac_bin188	d__Bacteria;p__Planctomycetota;c__SZUA-567;o__SZUA-567;f__SZUA-567;g__JAJBSZ01;s__	N/A	N/A	N/A	N/A	N/A	N/A	N/A	N/A	N/A	N/A	d__Bacteria;p__Planctomycetota;c__SZUA-567;o__SZUA-567;f__SZUA-567;g__JAJBSZ01;s__	taxonomic classification fully defined by topology	classification based on placement in class-level tree	N/A	75.55	11	0.91776	N/A
Bger_bac_bin189	d__Bacteria;p__Planctomycetota;c__SZUA-567;o__SZUA-567;f__SZUA-567;g__JAJBSZ01;s__	N/A	N/A	N/A	N/A	N/A	N/A	N/A	N/A	N/A	N/A	d__Bacteria;p__Planctomycetota;c__SZUA-567;o__SZUA-567;f__SZUA-567;g__JAJBSZ01;s__	taxonomic classification fully defined by topology	classification based on placement in class-level tree	N/A	81.39	11	0.9385	N/A
Bger_bac_bin190	d__Bacteria;p__Planctomycetota;c__SZUA-567;o__SZUA-567;f__SZUA-567;g__JAJBSZ01;s__	N/A	N/A	N/A	N/A	N/A	N/A	N/A	N/A	N/A	N/A	d__Bacteria;p__Planctomycetota;c__SZUA-567;o__SZUA-567;f__SZUA-567;g__JAJBSZ01;s__	taxonomic classification fully defined by topology	classification based on placement in class-level tree	N/A	81.79	11	0.91615	N/A
Bger_bac_bin191	d__Bacteria;p__Planctomycetota;c__SZUA-567;o__SZUA-567;f__SZUA-567;g__JAJBSZ01;s__	N/A	N/A	N/A	N/A	N/A	N/A	N/A	N/A	N/A	N/A	d__Bacteria;p__Planctomycetota;c__SZUA-567;o__SZUA-567;f__SZUA-567;g__JAJBSZ01;s__	taxonomic classification fully defined by topology	classification based on placement in class-level tree	N/A	86.91	11	0.91366	N/A
Bger_bac_bin192	d__Bacteria;p__Planctomycetota;c__SZUA-567;o__SZUA-567;f__SZUA-567;g__JAJBSZ01;s__	N/A	N/A	N/A	N/A	N/A	N/A	N/A	N/A	N/A	N/A	d__Bacteria;p__Planctomycetota;c__SZUA-567;o__SZUA-567;f__SZUA-567;g__JAJBSZ01;s__	taxonomic classification fully defined by topology	classification based on placement in class-level tree	N/A	88.34	11	0.95451	N/A
Bger_bac_bin193	d__Bacteria;p__Planctomycetota;c__SZUA-567;o__SZUA-567;f__SZUA-567;g__JAJBSZ01;s__	N/A	N/A	N/A	N/A	N/A	N/A	N/A	N/A	N/A	N/A	d__Bacteria;p__Planctomycetota;c__SZUA-567;o__SZUA-567;f__SZUA-567;g__JAJBSZ01;s__	taxonomic classification fully defined by topology	classification based on placement in class-level tree	N/A	89.33	11	0.9371	N/A
Bger_bac_bin194	d__Bacteria;p__Planctomycetota;c__SZUA-567;o__SZUA-567;f__SZUA-567;g__JAJBSZ01;s__	N/A	N/A	N/A	N/A	N/A	N/A	N/A	N/A	N/A	N/A	d__Bacteria;p__Planctomycetota;c__SZUA-567;o__SZUA-567;f__SZUA-567;g__JAJBSZ01;s__	taxonomic classification fully defined by topology	classification based on placement in class-level tree	N/A	89.53	11	0.93746	N/A
Bger_bac_bin195	d__Bacteria;p__Planctomycetota;c__SZUA-567;o__SZUA-567;f__SZUA-567;g__;s__	N/A	N/A	N/A	N/A	N/A	N/A	N/A	N/A	N/A	N/A	d__Bacteria;p__Planctomycetota;c__SZUA-567;o__SZUA-567;f__SZUA-567;g__;s__	taxonomic novelty determined using RED	classification based on placement in class-level tree	N/A	88.18	11	0.86767	N/A
Bger_bac_bin196	d__Bacteria;p__Pseudomonadota;c__Alphaproteobacteria;o__Acetobacterales;f__Acetobacteraceae;g__Entomobacter;s__	N/A	N/A	N/A	N/A	N/A	N/A	N/A	N/A	N/A	N/A	d__Bacteria;p__Pseudomonadota;c__Alphaproteobacteria;o__Acetobacterales;f__Acetobacteraceae;g__Entomobacter;s__	taxonomic novelty determined using RED	classification based on placement in class-level tree	N/A	75.29	11	0.95544	N/A
Bger_bac_bin197	d__Bacteria;p__Pseudomonadota;c__Alphaproteobacteria;o__RF32;f__CAG-239;g__JAISFX01;s__	N/A	N/A	N/A	N/A	N/A	N/A	N/A	N/A	N/A	N/A	d__Bacteria;p__Pseudomonadota;c__Alphaproteobacteria;o__RF32;f__CAG-239;g__JAISFX01;s__	taxonomic novelty determined using RED	classification based on placement in class-level tree	N/A	69.24	11	0.92776	N/A
Bger_bac_bin198	d__Bacteria;p__Pseudomonadota;c__Alphaproteobacteria;o__RF32;f__CAG-239;g__JAISFX01;s__	N/A	N/A	N/A	N/A	N/A	N/A	N/A	N/A	N/A	N/A	d__Bacteria;p__Pseudomonadota;c__Alphaproteobacteria;o__RF32;f__CAG-239;g__JAISFX01;s__	taxonomic novelty determined using RED	classification based on placement in class-level tree	N/A	75.97	11	0.91601	N/A
Bger_bac_bin199	d__Bacteria;p__Pseudomonadota;c__Alphaproteobacteria;o__RF32;f__CAG-239;g__JAQWBS01;s__	N/A	N/A	N/A	N/A	N/A	N/A	N/A	N/A	N/A	N/A	d__Bacteria;p__Pseudomonadota;c__Alphaproteobacteria;o__RF32;f__CAG-239;g__JAQWBS01;s__	taxonomic classification fully defined by topology	classification based on placement in class-level tree	N/A	61.11	11	0.91055	N/A
Bger_bac_bin200	d__Bacteria;p__Pseudomonadota;c__Alphaproteobacteria;o__RF32;f__CAG-239;g__;s__	N/A	N/A	N/A	N/A	N/A	N/A	N/A	N/A	N/A	N/A	d__Bacteria;p__Pseudomonadota;c__Alphaproteobacteria;o__RF32;f__CAG-239;g__;s__	taxonomic novelty determined using RED	classification based on placement in class-level tree	N/A	63.71	11	0.83867	N/A
Bger_bac_bin201	d__Bacteria;p__Pseudomonadota;c__Alphaproteobacteria;o__RF32;f__CAG-239;g__;s__	N/A	N/A	N/A	N/A	N/A	N/A	N/A	N/A	N/A	N/A	d__Bacteria;p__Pseudomonadota;c__Alphaproteobacteria;o__RF32;f__CAG-239;g__;s__	taxonomic novelty determined using RED	classification based on placement in class-level tree	N/A	94.02	11	0.86734	N/A
Bger_bac_bin202	d__Bacteria;p__Pseudomonadota;c__Alphaproteobacteria;o__RF32;f__CAG-239;g__;s__	N/A	N/A	N/A	N/A	N/A	N/A	N/A	N/A	N/A	N/A	d__Bacteria;p__Pseudomonadota;c__Alphaproteobacteria;o__RF32;f__CAG-239;g__;s__	taxonomic novelty determined using RED	classification based on placement in class-level tree	N/A	94.68	11	0.87121	N/A
Bger_bac_bin203	d__Bacteria;p__Pseudomonadota;c__Alphaproteobacteria;o__RF32;f__;g__;s__	N/A	N/A	N/A	N/A	N/A	N/A	N/A	N/A	N/A	N/A	d__Bacteria;p__Pseudomonadota;c__Alphaproteobacteria;o__RF32;f__;g__;s__	taxonomic classification fully defined by topology	classification based on placement in class-level tree	N/A	65.26	11	0.62742	N/A
Bger_bac_bin204	d__Bacteria;p__Pseudomonadota;c__Alphaproteobacteria;o__Rs-D84;f__;g__;s__	N/A	N/A	N/A	N/A	N/A	N/A	N/A	N/A	N/A	N/A	d__Bacteria;p__Pseudomonadota;c__Alphaproteobacteria;o__Rs-D84;f__;g__;s__	taxonomic novelty determined using RED	classification based on placement in class-level tree	N/A	76.5	11	0.69983	N/A
Bger_bac_bin205	d__Bacteria;p__Pseudomonadota;c__Alphaproteobacteria;o__Rs-D84;f__Rs-D84;g__JAIRLB01;s__	N/A	N/A	N/A	N/A	N/A	N/A	N/A	N/A	N/A	N/A	d__Bacteria;p__Pseudomonadota;c__Alphaproteobacteria;o__Rs-D84;f__Rs-D84;g__JAIRLB01;s__	taxonomic classification fully defined by topology	classification based on placement in class-level tree	N/A	56.09	11	0.95745	N/A
Bger_bac_bin206	d__Bacteria;p__Pseudomonadota;c__Alphaproteobacteria;o__Rs-D84;f__Rs-D84;g__;s__	N/A	N/A	N/A	N/A	N/A	N/A	N/A	N/A	N/A	N/A	d__Bacteria;p__Pseudomonadota;c__Alphaproteobacteria;o__Rs-D84;f__Rs-D84;g__;s__	taxonomic novelty determined using RED	classification based on placement in class-level tree	N/A	72.47	11	0.90543	N/A
Bger_bac_bin207	d__Bacteria;p__Pseudomonadota;c__Gammaproteobacteria;o__Burkholderiales;f__Burkholderiaceae;g__Oxalobacter;s__	N/A	N/A	N/A	N/A	N/A	GCF_027118995.1	95.0	d__Bacteria;p__Pseudomonadota;c__Gammaproteobacteria;o__Burkholderiales;f__Burkholderiaceae;g__Oxalobacter;s__Oxalobacter vibrioformis	83.96	0.252	d__Bacteria;p__Pseudomonadota;c__Gammaproteobacteria;o__Burkholderiales;f__Burkholderiaceae;g__Oxalobacter;s__	taxonomic classification defined by topology and ANI	classification based on placement in class-level tree	N/A	55.01	11	0.97247	N/A
Bger_bac_bin208	d__Bacteria;p__Pseudomonadota;c__Gammaproteobacteria;o__Burkholderiales;f__Burkholderiaceae;g__Oxalobacter;s__	N/A	N/A	N/A	N/A	N/A	GCF_027118995.1	95.0	d__Bacteria;p__Pseudomonadota;c__Gammaproteobacteria;o__Burkholderiales;f__Burkholderiaceae;g__Oxalobacter;s__Oxalobacter vibrioformis	86.22	0.503	d__Bacteria;p__Pseudomonadota;c__Gammaproteobacteria;o__Burkholderiales;f__Burkholderiaceae;g__Oxalobacter;s__	taxonomic classification defined by topology and ANI	classification based on placement in class-level tree	N/A	59.94	11	0.98165	Genome not assigned to closest species as it falls outside its pre-defined ANI radius
Bger_bac_bin209	d__Bacteria;p__Pseudomonadota;c__Gammaproteobacteria;o__Burkholderiales;f__;g__;s__	N/A	N/A	N/A	N/A	N/A	N/A	N/A	N/A	N/A	N/A	d__Bacteria;p__Pseudomonadota;c__Gammaproteobacteria;o__Burkholderiales;f__;g__;s__	taxonomic novelty determined using RED	classification based on placement in class-level tree	N/A	84.99	11	0.58862	N/A
Bger_bac_bin210	d__Bacteria;p__Pseudomonadota;c__Gammaproteobacteria;o__Enterobacterales;f__Enterobacteriaceae;g__CALYQQ01;s__	N/A	N/A	N/A	N/A	N/A	N/A	N/A	N/A	N/A	N/A	d__Bacteria;p__Pseudomonadota;c__Gammaproteobacteria;o__Enterobacterales;f__Enterobacteriaceae;g__CALYQQ01;s__	taxonomic novelty determined using RED	classification based on placement in class-level tree	N/A	49.43	11	0.85665	N/A
Bger_bac_bin211	d__Bacteria;p__Pseudomonadota;c__Gammaproteobacteria;o__Enterobacterales;f__Enterobacteriaceae;g__Klebsiella;s__Klebsiella pneumoniae	GCF_000742135.1	95.0	d__Bacteria;p__Pseudomonadota;c__Gammaproteobacteria;o__Enterobacterales;f__Enterobacteriaceae;g__Klebsiella;s__Klebsiella pneumoniae	97.41	0.867	N/A	N/A	N/A	N/A	N/A	N/A	ani_screen	classification based on ANI only	GCF_008364245.1, s__Serratia nevei, 96.24, 84.22, 0.205; GCA_902490055.1, s__Klebsiella sp902490055, 95.0, 86.76, 0.374; GCF_001902635.1, s__Serratia marcescens_F, 95.0, 83.16, 0.176; GCF_000215745.1, s__Klebsiella aerogenes, 95.0, 86.51, 0.516; GCF_017299535.1, s__Serratia marcescens, 95.58, 85.34, 0.217; GCF_003812745.1, s__Serratia sp003812745, 95.0, 84.31, 0.19; GCF_008011855.1, s__Serratia bockelmannii, 95.51, 84.38, 0.204; GCA_029027985.1, s__Klebsiella aerogenes_A, 95.0, 84.45, 0.412; GCF_000738675.1, s__Serratia nematodiphila, 96.8, 85.88, 0.225; GCF_024160145.1, s__Serratia nevei_A, 95.0, 83.84, 0.197; GCF_029846115.1, s__Serratia marcescens_L, 96.11, 84.42, 0.199; GCF_000828055.2, s__Klebsiella variicola, 95.0, 93.37, 0.844; GCF_002220655.1, s__Serratia marcescens_K, 95.02, 84.77, 0.198; GCF_006715005.1, s__Serratia marcescens_J, 95.0, 84.43, 0.196; GCF_013375155.1, s__Serratia ureilytica, 95.0, 84.27, 0.204; GCF_020525925.1, s__Klebsiella quasipneumoniae, 95.0, 92.19, 0.821; GCF_020526085.1, s__Klebsiella africana, 95.0, 93.73, 0.853; GCF_001642805.2, s__Serratia surfactantfaciens, 95.0, 84.34, 0.185; GCF_002269255.1, s__Klebsiella quasivariicola, 95.0, 92.69, 0.807	N/A	N/A	N/A	N/A
Bger_bac_bin212	d__Bacteria;p__Pseudomonadota;c__Gammaproteobacteria;o__Pseudomonadales;f__Pseudomonadaceae;g__Entomomonas;s__	N/A	N/A	N/A	N/A	N/A	GCF_025985425.1	95.0	d__Bacteria;p__Pseudomonadota;c__Gammaproteobacteria;o__Pseudomonadales;f__Pseudomonadaceae;g__Entomomonas;s__Entomomonas sp025985425	89.04	0.654	d__Bacteria;p__Pseudomonadota;c__Gammaproteobacteria;o__Pseudomonadales;f__Pseudomonadaceae;g__Entomomonas;s__	taxonomic classification defined by topology and ANI	classification based on placement in class-level tree	GCF_016653615.1, s__Entomomonas asaccharolytica, 95.0, 87.26, 0.6	97.74	11	0.99215	Genome not assigned to closest species as it falls outside its pre-defined ANI radius
Bger_bac_bin213	d__Bacteria;p__Pseudomonadota;c__Gammaproteobacteria;o__Pseudomonadales;f__Pseudomonadaceae;g__Entomomonas;s__	N/A	N/A	N/A	N/A	N/A	N/A	N/A	N/A	N/A	N/A	d__Bacteria;p__Pseudomonadota;c__Gammaproteobacteria;o__Pseudomonadales;f__Pseudomonadaceae;g__Entomomonas;s__	taxonomic classification defined by topology and ANI	classification based on placement in class-level tree	GCF_025985425.1, s__Entomomonas sp025985425, 95.0, 80.23, 0.195; GCF_016653615.1, s__Entomomonas asaccharolytica, 95.0, 80.07, 0.163	97.38	11	0.97438	N/A
Bger_bac_bin214	d__Bacteria;p__Synergistota;c__Synergistia;o__Synergistales;f__Synergistaceae;g__;s__	N/A	N/A	N/A	N/A	N/A	N/A	N/A	N/A	N/A	N/A	d__Bacteria;p__Synergistota;c__Synergistia;o__Synergistales;f__Synergistaceae;g__;s__	taxonomic classification fully defined by topology	classification based on placement in class-level tree	N/A	56.21	11	0.82422	N/A
Bger_bac_bin215	d__Bacteria;p__Synergistota;c__Synergistia;o__Synergistales;f__Synergistaceae;g__;s__	N/A	N/A	N/A	N/A	N/A	N/A	N/A	N/A	N/A	N/A	d__Bacteria;p__Synergistota;c__Synergistia;o__Synergistales;f__Synergistaceae;g__;s__	taxonomic classification fully defined by topology	classification based on placement in class-level tree	N/A	56.54	11	0.80369	N/A
Bger_bac_bin216	d__Bacteria;p__Verrucomicrobiota;c__Lentisphaeria;o__Victivallales;f__Victivallaceae;g__UBA5239;s__	N/A	N/A	N/A	N/A	N/A	N/A	N/A	N/A	N/A	N/A	d__Bacteria;p__Verrucomicrobiota;c__Lentisphaeria;o__Victivallales;f__Victivallaceae;g__UBA5239;s__	taxonomic novelty determined using RED	classification based on placement in class-level tree	N/A	64.27	11	0.93375	N/A
Bger_bac_bin217	d__Bacteria;p__Verrucomicrobiota;c__Verrucomicrobiae;o__Verrucomicrobiales;f__Akkermansiaceae;g__Akkermansia;s__	N/A	N/A	N/A	N/A	N/A	N/A	N/A	N/A	N/A	N/A	d__Bacteria;p__Verrucomicrobiota;c__Verrucomicrobiae;o__Verrucomicrobiales;f__Akkermansiaceae;g__Akkermansia;s__	taxonomic classification fully defined by topology	classification based on placement in class-level tree	N/A	77.86	11	0.90114	N/A
Bger_bac_bin218	d__Bacteria;p__Verrucomicrobiota;c__Verrucomicrobiae;o__Verrucomicrobiales;f__Akkermansiaceae;g__;s__	N/A	N/A	N/A	N/A	N/A	N/A	N/A	N/A	N/A	N/A	d__Bacteria;p__Verrucomicrobiota;c__Verrucomicrobiae;o__Verrucomicrobiales;f__Akkermansiaceae;g__;s__	taxonomic novelty determined using RED	classification based on placement in class-level tree	N/A	53.9	11	0.82376	N/A
Esin_bac_bin001	d__Bacteria;p__Actinomycetota;c__Actinomycetes;o__Actinomycetales;f__Bifidobacteriaceae;g__JALCQC01;s__	N/A	N/A	N/A	N/A	N/A	N/A	N/A	N/A	N/A	N/A	d__Bacteria;p__Actinomycetota;c__Actinomycetes;o__Actinomycetales;f__Bifidobacteriaceae;g__JALCQC01;s__	taxonomic classification fully defined by topology	classification based on placement in class-level tree	N/A	39.44	11	0.96608	N/A
Esin_bac_bin002	d__Bacteria;p__Actinomycetota;c__Actinomycetes;o__Actinomycetales;f__Bifidobacteriaceae;g__JALCQC01;s__	N/A	N/A	N/A	N/A	N/A	N/A	N/A	N/A	N/A	N/A	d__Bacteria;p__Actinomycetota;c__Actinomycetes;o__Actinomycetales;f__Bifidobacteriaceae;g__JALCQC01;s__	taxonomic novelty determined using RED	classification based on placement in class-level tree	N/A	67.03	11	0.94064	N/A
Esin_bac_bin003	d__Bacteria;p__Actinomycetota;c__Actinomycetes;o__Actinomycetales;f__Dermatophilaceae;g__Flexivirga;s__	N/A	N/A	N/A	N/A	N/A	GCF_014640635.1	95.0	d__Bacteria;p__Actinomycetota;c__Actinomycetes;o__Actinomycetales;f__Dermatophilaceae;g__Flexivirga;s__Flexivirga endophytica	83.36	0.239	d__Bacteria;p__Actinomycetota;c__Actinomycetes;o__Actinomycetales;f__Dermatophilaceae;g__Flexivirga;s__	taxonomic classification defined by topology and ANI	classification based on placement in class-level tree	N/A	39.52	11	0.98026	N/A
Esin_bac_bin004	d__Bacteria;p__Actinomycetota;c__Actinomycetes;o__Actinomycetales;f__Microbacteriaceae;g__Microbacterium;s__	N/A	N/A	N/A	N/A	N/A	GCF_029094505.1	95.0	d__Bacteria;p__Actinomycetota;c__Actinomycetes;o__Actinomycetales;f__Microbacteriaceae;g__Microbacterium;s__Microbacterium sp029094505	83.97	0.369	d__Bacteria;p__Actinomycetota;c__Actinomycetes;o__Actinomycetales;f__Microbacteriaceae;g__Microbacterium;s__	taxonomic classification defined by topology and ANI	classification based on placement in class-level tree	GCF_004135285.1, s__Microbacterium protaetiae, 95.0, 83.17, 0.339; GCF_000422405.1, s__Microbacterium luticocti, 95.0, 81.41, 0.2; GCF_021582895.2, s__Microbacterium elymi, 95.0, 81.17, 0.185; GCF_030866805.1, s__Microbacterium protaetiae_A, 95.0, 80.81, 0.169; GCF_009649635.1, s__Microbacterium sp009649635, 95.0, 80.63, 0.176	94.96	11	0.99078	N/A
Esin_bac_bin005	d__Bacteria;p__Actinomycetota;c__Actinomycetes;o__Mycobacteriales;f__Mycobacteriaceae;g__Corynebacterium;s__	N/A	N/A	N/A	N/A	N/A	N/A	N/A	N/A	N/A	N/A	d__Bacteria;p__Actinomycetota;c__Actinomycetes;o__Mycobacteriales;f__Mycobacteriaceae;g__Corynebacterium;s__	taxonomic classification fully defined by topology	classification based on placement in class-level tree	N/A	68.52	11	0.98781	N/A
Esin_bac_bin006	d__Bacteria;p__Actinomycetota;c__Actinomycetes;o__Mycobacteriales;f__Mycobacteriaceae;g__Gordonia;s__	N/A	N/A	N/A	N/A	N/A	N/A	N/A	N/A	N/A	N/A	d__Bacteria;p__Actinomycetota;c__Actinomycetes;o__Mycobacteriales;f__Mycobacteriaceae;g__Gordonia;s__	taxonomic classification defined by topology and ANI	classification based on placement in class-level tree	GCF_021738805.1, s__Gordonia liuliyuniae, 95.0, 82.36, 0.161	36.92	11	0.99035	N/A
Esin_bac_bin007	d__Bacteria;p__Actinomycetota;c__Actinomycetes;o__Mycobacteriales;f__Mycobacteriaceae;g__Gordonia;s__	N/A	N/A	N/A	N/A	N/A	N/A	N/A	N/A	N/A	N/A	d__Bacteria;p__Actinomycetota;c__Actinomycetes;o__Mycobacteriales;f__Mycobacteriaceae;g__Gordonia;s__	taxonomic classification defined by topology and ANI	classification based on placement in class-level tree	GCF_021738805.1, s__Gordonia liuliyuniae, 95.0, 83.26, 0.302; GCF_021738965.1, s__Gordonia zhenghanii, 95.0, 82.13, 0.245; GCF_014197435.1, s__Gordonia humi, 95.0, 80.88, 0.174	50.49	11	0.99041	N/A
Esin_bac_bin008	d__Bacteria;p__Actinomycetota;c__Actinomycetes;o__Mycobacteriales;f__Mycobacteriaceae;g__Mycobacterium;s__Mycobacterium abscessus	GCF_000069185.1	95.0	d__Bacteria;p__Actinomycetota;c__Actinomycetes;o__Mycobacteriales;f__Mycobacteriaceae;g__Mycobacterium;s__Mycobacterium abscessus	99.45	0.991	N/A	N/A	N/A	N/A	N/A	N/A	ani_screen	classification based on ANI only	GCA_014204435.1, s__Mycobacterium chelonae_A, 95.0, 85.74, 0.306; GCF_001605725.1, s__Mycobacterium immunogenum, 95.0, 87.55, 0.532; GCF_002013895.1, s__Mycobacterium franklinii, 95.0, 87.29, 0.512; GCF_001456355.1, s__Mycobacterium saopaulense, 95.0, 86.7, 0.425	N/A	N/A	N/A	N/A
Esin_bac_bin009	d__Bacteria;p__Actinomycetota;c__Actinomycetes;o__Mycobacteriales;f__Mycobacteriaceae;g__Rhodococcus;s__	N/A	N/A	N/A	N/A	N/A	N/A	N/A	N/A	N/A	N/A	d__Bacteria;p__Actinomycetota;c__Actinomycetes;o__Mycobacteriales;f__Mycobacteriaceae;g__Rhodococcus;s__	taxonomic classification fully defined by topology	classification based on placement in class-level tree	N/A	40.42	11	0.96665	N/A
Esin_bac_bin010	d__Bacteria;p__Actinomycetota;c__Actinomycetes;o__Propionibacteriales;f__Nocardioidaceae;g__Marmoricola;s__	N/A	N/A	N/A	N/A	N/A	N/A	N/A	N/A	N/A	N/A	d__Bacteria;p__Actinomycetota;c__Actinomycetes;o__Propionibacteriales;f__Nocardioidaceae;g__Marmoricola;s__	taxonomic classification fully defined by topology	classification based on placement in class-level tree	N/A	39.68	11	0.95893	N/A
Esin_bac_bin011	d__Bacteria;p__Actinomycetota;c__Actinomycetes;o__Propionibacteriales;f__Propionibacteriaceae;g__Arachnia;s__	N/A	N/A	N/A	N/A	N/A	N/A	N/A	N/A	N/A	N/A	d__Bacteria;p__Actinomycetota;c__Actinomycetes;o__Propionibacteriales;f__Propionibacteriaceae;g__Arachnia;s__	taxonomic classification defined by topology and ANI	classification based on placement in class-level tree	GCF_019316905.1, s__Arachnia palaemonis, 95.0, 83.63, 0.35; GCF_029917005.1, s__Arachnia sp029917005, 95.0, 83.61, 0.345	92.81	11	0.98716	N/A
Esin_bac_bin012	d__Bacteria;p__Actinomycetota;c__Coriobacteriia;o__Coriobacteriales;f__Eggerthellaceae;g__Raoultibacter;s__	N/A	N/A	N/A	N/A	N/A	N/A	N/A	N/A	N/A	N/A	d__Bacteria;p__Actinomycetota;c__Coriobacteriia;o__Coriobacteriales;f__Eggerthellaceae;g__Raoultibacter;s__	taxonomic classification fully defined by topology	classification based on placement in class-level tree	N/A	66.97	11	0.90389	N/A
Esin_bac_bin013	d__Bacteria;p__Bacillota_A;c__Clostridia;o__Christensenellales;f__Aristaeellaceae;g__Avichristensenella;s__	N/A	N/A	N/A	N/A	N/A	N/A	N/A	N/A	N/A	N/A	d__Bacteria;p__Bacillota_A;c__Clostridia;o__Christensenellales;f__Aristaeellaceae;g__Avichristensenella;s__	taxonomic classification fully defined by topology	classification based on placement in class-level tree	N/A	35.89	11	0.89665	Genome has more than 12.5% of markers with multiple hits
Esin_bac_bin014	d__Bacteria;p__Bacillota_A;c__Clostridia;o__Christensenellales;f__Aristaeellaceae;g__JAJDGF01;s__	N/A	N/A	N/A	N/A	N/A	N/A	N/A	N/A	N/A	N/A	d__Bacteria;p__Bacillota_A;c__Clostridia;o__Christensenellales;f__Aristaeellaceae;g__JAJDGF01;s__	taxonomic novelty determined using RED	classification based on placement in class-level tree	N/A	53.01	11	0.89706	N/A
Esin_bac_bin015	d__Bacteria;p__Bacillota_A;c__Clostridia;o__Christensenellales;f__Aristaeellaceae;g__Limiplasma;s__	N/A	N/A	N/A	N/A	N/A	N/A	N/A	N/A	N/A	N/A	d__Bacteria;p__Bacillota_A;c__Clostridia;o__Christensenellales;f__Aristaeellaceae;g__Limiplasma;s__	taxonomic classification fully defined by topology	classification based on placement in class-level tree	N/A	37.1	11	0.89678	N/A
Esin_bac_bin016	d__Bacteria;p__Bacillota_A;c__Clostridia;o__Christensenellales;f__Aristaeellaceae;g__Limiplasma;s__	N/A	N/A	N/A	N/A	N/A	N/A	N/A	N/A	N/A	N/A	d__Bacteria;p__Bacillota_A;c__Clostridia;o__Christensenellales;f__Aristaeellaceae;g__Limiplasma;s__	taxonomic classification fully defined by topology	classification based on placement in class-level tree	N/A	53.15	11	0.89333	N/A
Esin_bac_bin017	d__Bacteria;p__Bacillota_A;c__Clostridia;o__Christensenellales;f__Aristaeellaceae;g__Limiplasma;s__	N/A	N/A	N/A	N/A	N/A	N/A	N/A	N/A	N/A	N/A	d__Bacteria;p__Bacillota_A;c__Clostridia;o__Christensenellales;f__Aristaeellaceae;g__Limiplasma;s__	taxonomic classification fully defined by topology	classification based on placement in class-level tree	N/A	61.07	11	0.89643	N/A
Esin_bac_bin018	d__Bacteria;p__Bacillota_A;c__Clostridia;o__Christensenellales;f__Aristaeellaceae;g__Limiplasma;s__	N/A	N/A	N/A	N/A	N/A	N/A	N/A	N/A	N/A	N/A	d__Bacteria;p__Bacillota_A;c__Clostridia;o__Christensenellales;f__Aristaeellaceae;g__Limiplasma;s__	taxonomic classification fully defined by topology	classification based on placement in class-level tree	N/A	73.01	11	0.89514	N/A
Esin_bac_bin019	d__Bacteria;p__Bacillota_A;c__Clostridia;o__Christensenellales;f__Aristaeellaceae;g__Limiplasma;s__	N/A	N/A	N/A	N/A	N/A	N/A	N/A	N/A	N/A	N/A	d__Bacteria;p__Bacillota_A;c__Clostridia;o__Christensenellales;f__Aristaeellaceae;g__Limiplasma;s__	taxonomic classification fully defined by topology	classification based on placement in class-level tree	N/A	79.82	11	0.89248	N/A
Esin_bac_bin020	d__Bacteria;p__Bacillota_A;c__Clostridia;o__Christensenellales;f__Aristaeellaceae;g__Limiplasma;s__	N/A	N/A	N/A	N/A	N/A	N/A	N/A	N/A	N/A	N/A	d__Bacteria;p__Bacillota_A;c__Clostridia;o__Christensenellales;f__Aristaeellaceae;g__Limiplasma;s__	taxonomic classification fully defined by topology	classification based on placement in class-level tree	N/A	87.17	11	0.89715	N/A
Esin_bac_bin021	d__Bacteria;p__Bacillota_A;c__Clostridia;o__Christensenellales;f__Aristaeellaceae;g__Limiplasma;s__	N/A	N/A	N/A	N/A	N/A	N/A	N/A	N/A	N/A	N/A	d__Bacteria;p__Bacillota_A;c__Clostridia;o__Christensenellales;f__Aristaeellaceae;g__Limiplasma;s__	taxonomic classification fully defined by topology	classification based on placement in class-level tree	N/A	91.3	11	0.89616	N/A
Esin_bac_bin022	d__Bacteria;p__Bacillota_A;c__Clostridia;o__Christensenellales;f__Aristaeellaceae;g__Pullichristensenella;s__	N/A	N/A	N/A	N/A	N/A	N/A	N/A	N/A	N/A	N/A	d__Bacteria;p__Bacillota_A;c__Clostridia;o__Christensenellales;f__Aristaeellaceae;g__Pullichristensenella;s__	taxonomic classification fully defined by topology	classification based on placement in class-level tree	N/A	47.98	11	0.92548	N/A
Esin_bac_bin023	d__Bacteria;p__Bacillota_A;c__Clostridia;o__Christensenellales;f__Aristaeellaceae;g__RGIG4709;s__	N/A	N/A	N/A	N/A	N/A	N/A	N/A	N/A	N/A	N/A	d__Bacteria;p__Bacillota_A;c__Clostridia;o__Christensenellales;f__Aristaeellaceae;g__RGIG4709;s__	taxonomic novelty determined using RED	classification based on placement in class-level tree	N/A	68.2	11	0.86435	N/A
Esin_bac_bin024	d__Bacteria;p__Bacillota_A;c__Clostridia;o__Christensenellales;f__Aristaeellaceae;g__;s__	N/A	N/A	N/A	N/A	N/A	N/A	N/A	N/A	N/A	N/A	d__Bacteria;p__Bacillota_A;c__Clostridia;o__Christensenellales;f__Aristaeellaceae;g__;s__	taxonomic classification fully defined by topology	classification based on placement in class-level tree	N/A	36.13	11	0.81009	N/A
Esin_bac_bin025	d__Bacteria;p__Bacillota_A;c__Clostridia;o__Christensenellales;f__Aristaeellaceae;g__;s__	N/A	N/A	N/A	N/A	N/A	N/A	N/A	N/A	N/A	N/A	d__Bacteria;p__Bacillota_A;c__Clostridia;o__Christensenellales;f__Aristaeellaceae;g__;s__	taxonomic novelty determined using RED	classification based on placement in class-level tree	N/A	32.1	11	0.89706	N/A
Esin_bac_bin026	d__Bacteria;p__Bacillota_A;c__Clostridia;o__Christensenellales;f__Aristaeellaceae;g__;s__	N/A	N/A	N/A	N/A	N/A	N/A	N/A	N/A	N/A	N/A	d__Bacteria;p__Bacillota_A;c__Clostridia;o__Christensenellales;f__Aristaeellaceae;g__;s__	taxonomic novelty determined using RED	classification based on placement in class-level tree	N/A	37.74	11	0.89847	N/A
Esin_bac_bin027	d__Bacteria;p__Bacillota_A;c__Clostridia;o__Christensenellales;f__Aristaeellaceae;g__;s__	N/A	N/A	N/A	N/A	N/A	N/A	N/A	N/A	N/A	N/A	d__Bacteria;p__Bacillota_A;c__Clostridia;o__Christensenellales;f__Aristaeellaceae;g__;s__	taxonomic novelty determined using RED	classification based on placement in class-level tree	N/A	44.83	11	0.89547	N/A
Esin_bac_bin028	d__Bacteria;p__Bacillota_A;c__Clostridia;o__Christensenellales;f__Aristaeellaceae;g__;s__	N/A	N/A	N/A	N/A	N/A	N/A	N/A	N/A	N/A	N/A	d__Bacteria;p__Bacillota_A;c__Clostridia;o__Christensenellales;f__Aristaeellaceae;g__;s__	taxonomic novelty determined using RED	classification based on placement in class-level tree	N/A	88.44	11	0.87193	N/A
Esin_bac_bin029	d__Bacteria;p__Bacillota_A;c__Clostridia;o__Christensenellales;f__Borkfalkiaceae;g__;s__	N/A	N/A	N/A	N/A	N/A	N/A	N/A	N/A	N/A	N/A	d__Bacteria;p__Bacillota_A;c__Clostridia;o__Christensenellales;f__Borkfalkiaceae;g__;s__	taxonomic novelty determined using RED	classification based on placement in class-level tree	N/A	54.1	11	0.8678	N/A
Esin_bac_bin030	d__Bacteria;p__Bacillota_A;c__Clostridia;o__Christensenellales;f__CAG-1252;g__;s__	N/A	N/A	N/A	N/A	N/A	N/A	N/A	N/A	N/A	N/A	d__Bacteria;p__Bacillota_A;c__Clostridia;o__Christensenellales;f__CAG-1252;g__;s__	taxonomic novelty determined using RED	classification based on placement in class-level tree	N/A	92.85	11	0.83324	N/A
Esin_bac_bin031	d__Bacteria;p__Bacillota_A;c__Clostridia;o__Christensenellales;f__CAG-138;g__JAJDHH01;s__	N/A	N/A	N/A	N/A	N/A	N/A	N/A	N/A	N/A	N/A	d__Bacteria;p__Bacillota_A;c__Clostridia;o__Christensenellales;f__CAG-138;g__JAJDHH01;s__	taxonomic novelty determined using RED	classification based on placement in class-level tree	N/A	35.55	11	0.88869	N/A
Esin_bac_bin032	d__Bacteria;p__Bacillota_A;c__Clostridia;o__Christensenellales;f__CAG-138;g__JAJDHH01;s__	N/A	N/A	N/A	N/A	N/A	N/A	N/A	N/A	N/A	N/A	d__Bacteria;p__Bacillota_A;c__Clostridia;o__Christensenellales;f__CAG-138;g__JAJDHH01;s__	taxonomic novelty determined using RED	classification based on placement in class-level tree	N/A	44.67	11	0.88598	N/A
Esin_bac_bin033	d__Bacteria;p__Bacillota_A;c__Clostridia;o__Christensenellales;f__CAG-138;g__JAJDHH01;s__	N/A	N/A	N/A	N/A	N/A	N/A	N/A	N/A	N/A	N/A	d__Bacteria;p__Bacillota_A;c__Clostridia;o__Christensenellales;f__CAG-138;g__JAJDHH01;s__	taxonomic novelty determined using RED	classification based on placement in class-level tree	N/A	92.71	11	0.89317	N/A
Esin_bac_bin034	d__Bacteria;p__Bacillota_A;c__Clostridia;o__Christensenellales;f__CAG-138;g__;s__	N/A	N/A	N/A	N/A	N/A	N/A	N/A	N/A	N/A	N/A	d__Bacteria;p__Bacillota_A;c__Clostridia;o__Christensenellales;f__CAG-138;g__;s__	taxonomic novelty determined using RED	classification based on placement in class-level tree	N/A	46.67	11	0.84504	N/A
Esin_bac_bin035	d__Bacteria;p__Bacillota_A;c__Clostridia;o__Christensenellales;f__CAG-138;g__;s__	N/A	N/A	N/A	N/A	N/A	N/A	N/A	N/A	N/A	N/A	d__Bacteria;p__Bacillota_A;c__Clostridia;o__Christensenellales;f__CAG-138;g__;s__	taxonomic novelty determined using RED	classification based on placement in class-level tree	N/A	81.13	11	0.86996	N/A
Esin_bac_bin036	d__Bacteria;p__Bacillota_A;c__Clostridia;o__Christensenellales;f__CAG-314;g__CASEME01;s__	N/A	N/A	N/A	N/A	N/A	N/A	N/A	N/A	N/A	N/A	d__Bacteria;p__Bacillota_A;c__Clostridia;o__Christensenellales;f__CAG-314;g__CASEME01;s__	taxonomic novelty determined using RED	classification based on placement in class-level tree	N/A	87.63	11	0.90896	N/A
Esin_bac_bin037	d__Bacteria;p__Bacillota_A;c__Clostridia;o__Christensenellales;f__CAG-917;g__;s__	N/A	N/A	N/A	N/A	N/A	N/A	N/A	N/A	N/A	N/A	d__Bacteria;p__Bacillota_A;c__Clostridia;o__Christensenellales;f__CAG-917;g__;s__	taxonomic novelty determined using RED	classification based on placement in class-level tree	N/A	66.12	11	0.89852	N/A
Esin_bac_bin038	d__Bacteria;p__Bacillota_A;c__Clostridia;o__Christensenellales;f__Christensenellaceae;g__QANA01;s__	N/A	N/A	N/A	N/A	N/A	N/A	N/A	N/A	N/A	N/A	d__Bacteria;p__Bacillota_A;c__Clostridia;o__Christensenellales;f__Christensenellaceae;g__QANA01;s__	taxonomic classification fully defined by topology	classification based on placement in class-level tree	N/A	63.83	11	0.87752	N/A
Esin_bac_bin039	d__Bacteria;p__Bacillota_A;c__Clostridia;o__Christensenellales;f__Christensenellaceae;g__UBA5399;s__	N/A	N/A	N/A	N/A	N/A	N/A	N/A	N/A	N/A	N/A	d__Bacteria;p__Bacillota_A;c__Clostridia;o__Christensenellales;f__Christensenellaceae;g__UBA5399;s__	taxonomic classification fully defined by topology	classification based on placement in class-level tree	N/A	37.84	11	0.90505	N/A
Esin_bac_bin040	d__Bacteria;p__Bacillota_A;c__Clostridia;o__Christensenellales;f__DTU072;g__CAG-1782;s__	N/A	N/A	N/A	N/A	N/A	N/A	N/A	N/A	N/A	N/A	d__Bacteria;p__Bacillota_A;c__Clostridia;o__Christensenellales;f__DTU072;g__CAG-1782;s__	taxonomic classification fully defined by topology	classification based on placement in class-level tree	N/A	92.41	11	0.89703	N/A
Esin_bac_bin041	d__Bacteria;p__Bacillota_A;c__Clostridia;o__Christensenellales;f__DTU072;g__;s__	N/A	N/A	N/A	N/A	N/A	N/A	N/A	N/A	N/A	N/A	d__Bacteria;p__Bacillota_A;c__Clostridia;o__Christensenellales;f__DTU072;g__;s__	taxonomic novelty determined using RED	classification based on placement in class-level tree	N/A	91.56	11	0.84583	N/A
Esin_bac_bin042	d__Bacteria;p__Bacillota_A;c__Clostridia;o__Christensenellales;f__DTU072;g__WQYD01;s__	N/A	N/A	N/A	N/A	N/A	N/A	N/A	N/A	N/A	N/A	d__Bacteria;p__Bacillota_A;c__Clostridia;o__Christensenellales;f__DTU072;g__WQYD01;s__	taxonomic novelty determined using RED	classification based on placement in class-level tree	N/A	53.6	11	0.86157	N/A
Esin_bac_bin043	d__Bacteria;p__Bacillota_A;c__Clostridia;o__Christensenellales;f__DTU072;g__WQYD01;s__	N/A	N/A	N/A	N/A	N/A	N/A	N/A	N/A	N/A	N/A	d__Bacteria;p__Bacillota_A;c__Clostridia;o__Christensenellales;f__DTU072;g__WQYD01;s__	taxonomic novelty determined using RED	classification based on placement in class-level tree	N/A	61.87	11	0.86059	N/A
Esin_bac_bin044	d__Bacteria;p__Bacillota_A;c__Clostridia;o__Christensenellales;f__DTU072;g__WQYD01;s__	N/A	N/A	N/A	N/A	N/A	N/A	N/A	N/A	N/A	N/A	d__Bacteria;p__Bacillota_A;c__Clostridia;o__Christensenellales;f__DTU072;g__WQYD01;s__	taxonomic novelty determined using RED	classification based on placement in class-level tree	N/A	68.12	11	0.86054	N/A
Esin_bac_bin045	d__Bacteria;p__Bacillota_A;c__Clostridia;o__Christensenellales;f__DTU072;g__WQYD01;s__	N/A	N/A	N/A	N/A	N/A	N/A	N/A	N/A	N/A	N/A	d__Bacteria;p__Bacillota_A;c__Clostridia;o__Christensenellales;f__DTU072;g__WQYD01;s__	taxonomic novelty determined using RED	classification based on placement in class-level tree	N/A	90.01	11	0.85635	N/A
Esin_bac_bin046	d__Bacteria;p__Bacillota_A;c__Clostridia;o__Christensenellales;f__DUVY01;g__;s__	N/A	N/A	N/A	N/A	N/A	N/A	N/A	N/A	N/A	N/A	d__Bacteria;p__Bacillota_A;c__Clostridia;o__Christensenellales;f__DUVY01;g__;s__	taxonomic classification fully defined by topology	classification based on placement in class-level tree	N/A	90.05	11	0.72347	N/A
Esin_bac_bin047	d__Bacteria;p__Bacillota_A;c__Clostridia;o__Christensenellales;f__DUVY01;g__;s__	N/A	N/A	N/A	N/A	N/A	N/A	N/A	N/A	N/A	N/A	d__Bacteria;p__Bacillota_A;c__Clostridia;o__Christensenellales;f__DUVY01;g__;s__	taxonomic novelty determined using RED	classification based on placement in class-level tree	N/A	36.84	11	0.79249	N/A
Esin_bac_bin048	d__Bacteria;p__Bacillota_A;c__Clostridia;o__Christensenellales;f__DUVY01;g__;s__	N/A	N/A	N/A	N/A	N/A	N/A	N/A	N/A	N/A	N/A	d__Bacteria;p__Bacillota_A;c__Clostridia;o__Christensenellales;f__DUVY01;g__;s__	taxonomic novelty determined using RED	classification based on placement in class-level tree	N/A	90.29	11	0.72748	N/A
Esin_bac_bin049	d__Bacteria;p__Bacillota_A;c__Clostridia;o__Christensenellales;f__;g__;s__	N/A	N/A	N/A	N/A	N/A	N/A	N/A	N/A	N/A	N/A	d__Bacteria;p__Bacillota_A;c__Clostridia;o__Christensenellales;f__;g__;s__	taxonomic classification fully defined by topology	classification based on placement in class-level tree	N/A	49.02	11	0.60829	N/A
Esin_bac_bin050	d__Bacteria;p__Bacillota_A;c__Clostridia;o__Christensenellales;f__;g__;s__	N/A	N/A	N/A	N/A	N/A	N/A	N/A	N/A	N/A	N/A	d__Bacteria;p__Bacillota_A;c__Clostridia;o__Christensenellales;f__;g__;s__	taxonomic classification fully defined by topology	classification based on placement in class-level tree	N/A	90.07	11	0.6531	N/A
Esin_bac_bin051	d__Bacteria;p__Bacillota_A;c__Clostridia;o__Christensenellales;f__;g__;s__	N/A	N/A	N/A	N/A	N/A	N/A	N/A	N/A	N/A	N/A	d__Bacteria;p__Bacillota_A;c__Clostridia;o__Christensenellales;f__;g__;s__	taxonomic novelty determined using RED	classification based on placement in class-level tree	N/A	36.23	11	0.70853	N/A
Esin_bac_bin052	d__Bacteria;p__Bacillota_A;c__Clostridia;o__Christensenellales;f__;g__;s__	N/A	N/A	N/A	N/A	N/A	N/A	N/A	N/A	N/A	N/A	d__Bacteria;p__Bacillota_A;c__Clostridia;o__Christensenellales;f__;g__;s__	taxonomic novelty determined using RED	classification based on placement in class-level tree	N/A	40.73	11	0.64775	N/A
Esin_bac_bin053	d__Bacteria;p__Bacillota_A;c__Clostridia;o__Christensenellales;f__;g__;s__	N/A	N/A	N/A	N/A	N/A	N/A	N/A	N/A	N/A	N/A	d__Bacteria;p__Bacillota_A;c__Clostridia;o__Christensenellales;f__;g__;s__	taxonomic novelty determined using RED	classification based on placement in class-level tree	N/A	78.91	11	0.70013	N/A
Esin_bac_bin054	d__Bacteria;p__Bacillota_A;c__Clostridia;o__Christensenellales;f__Pumilibacteraceae;g__JAIRRW01;s__	N/A	N/A	N/A	N/A	N/A	N/A	N/A	N/A	N/A	N/A	d__Bacteria;p__Bacillota_A;c__Clostridia;o__Christensenellales;f__Pumilibacteraceae;g__JAIRRW01;s__	taxonomic novelty determined using RED	classification based on placement in class-level tree	N/A	47.55	11	0.85063	N/A
Esin_bac_bin055	d__Bacteria;p__Bacillota_A;c__Clostridia;o__Christensenellales;f__Pumilibacteraceae;g__JAIRRW01;s__	N/A	N/A	N/A	N/A	N/A	N/A	N/A	N/A	N/A	N/A	d__Bacteria;p__Bacillota_A;c__Clostridia;o__Christensenellales;f__Pumilibacteraceae;g__JAIRRW01;s__	taxonomic novelty determined using RED	classification based on placement in class-level tree	N/A	69.79	11	0.90292	N/A
Esin_bac_bin056	d__Bacteria;p__Bacillota_A;c__Clostridia;o__Christensenellales;f__Pumilibacteraceae;g__;s__	N/A	N/A	N/A	N/A	N/A	N/A	N/A	N/A	N/A	N/A	d__Bacteria;p__Bacillota_A;c__Clostridia;o__Christensenellales;f__Pumilibacteraceae;g__;s__	taxonomic novelty determined using RED	classification based on placement in class-level tree	N/A	52.47	11	0.81755	N/A
Esin_bac_bin057	d__Bacteria;p__Bacillota_A;c__Clostridia;o__Christensenellales;f__Pumilibacteraceae;g__;s__	N/A	N/A	N/A	N/A	N/A	N/A	N/A	N/A	N/A	N/A	d__Bacteria;p__Bacillota_A;c__Clostridia;o__Christensenellales;f__Pumilibacteraceae;g__;s__	taxonomic novelty determined using RED	classification based on placement in class-level tree	N/A	60.16	11	0.82298	N/A
Esin_bac_bin058	d__Bacteria;p__Bacillota_A;c__Clostridia;o__Christensenellales;f__Pumilibacteraceae;g__;s__	N/A	N/A	N/A	N/A	N/A	N/A	N/A	N/A	N/A	N/A	d__Bacteria;p__Bacillota_A;c__Clostridia;o__Christensenellales;f__Pumilibacteraceae;g__;s__	taxonomic novelty determined using RED	classification based on placement in class-level tree	N/A	60.87	11	0.82091	N/A
Esin_bac_bin059	d__Bacteria;p__Bacillota_A;c__Clostridia;o__Christensenellales;f__Pumilibacteraceae;g__;s__	N/A	N/A	N/A	N/A	N/A	N/A	N/A	N/A	N/A	N/A	d__Bacteria;p__Bacillota_A;c__Clostridia;o__Christensenellales;f__Pumilibacteraceae;g__;s__	taxonomic novelty determined using RED	classification based on placement in class-level tree	N/A	74.42	11	0.83197	N/A
Esin_bac_bin060	d__Bacteria;p__Bacillota_A;c__Clostridia;o__Christensenellales;f__Pumilibacteraceae;g__;s__	N/A	N/A	N/A	N/A	N/A	N/A	N/A	N/A	N/A	N/A	d__Bacteria;p__Bacillota_A;c__Clostridia;o__Christensenellales;f__Pumilibacteraceae;g__;s__	taxonomic novelty determined using RED	classification based on placement in class-level tree	N/A	86.22	11	0.82529	N/A
Esin_bac_bin061	d__Bacteria;p__Bacillota_A;c__Clostridia;o__Christensenellales;f__UBA1242;g__Caccovivens;s__	N/A	N/A	N/A	N/A	N/A	N/A	N/A	N/A	N/A	N/A	d__Bacteria;p__Bacillota_A;c__Clostridia;o__Christensenellales;f__UBA1242;g__Caccovivens;s__	taxonomic classification fully defined by topology	classification based on placement in class-level tree	N/A	71.38	11	0.9537	N/A
Esin_bac_bin062	d__Bacteria;p__Bacillota_A;c__Clostridia;o__Christensenellales;f__UBA1242;g__CAJKWP01;s__	N/A	N/A	N/A	N/A	N/A	N/A	N/A	N/A	N/A	N/A	d__Bacteria;p__Bacillota_A;c__Clostridia;o__Christensenellales;f__UBA1242;g__CAJKWP01;s__	taxonomic classification fully defined by topology	classification based on placement in class-level tree	N/A	35.37	11	0.90626	N/A
Esin_bac_bin063	d__Bacteria;p__Bacillota_A;c__Clostridia;o__Christensenellales;f__UBA1242;g__;s__	N/A	N/A	N/A	N/A	N/A	N/A	N/A	N/A	N/A	N/A	d__Bacteria;p__Bacillota_A;c__Clostridia;o__Christensenellales;f__UBA1242;g__;s__	taxonomic novelty determined using RED	classification based on placement in class-level tree	N/A	59.44	11	0.87143	N/A
Esin_bac_bin064	d__Bacteria;p__Bacillota_A;c__Clostridia;o__Christensenellales;f__UBA1242;g__UBA11490;s__	N/A	N/A	N/A	N/A	N/A	N/A	N/A	N/A	N/A	N/A	d__Bacteria;p__Bacillota_A;c__Clostridia;o__Christensenellales;f__UBA1242;g__UBA11490;s__	taxonomic classification fully defined by topology	classification based on placement in class-level tree	N/A	45.68	11	0.88072	N/A
Esin_bac_bin065	d__Bacteria;p__Bacillota_A;c__Clostridia;o__Christensenellales;f__UBA1242;g__UBA5489;s__	N/A	N/A	N/A	N/A	N/A	N/A	N/A	N/A	N/A	N/A	d__Bacteria;p__Bacillota_A;c__Clostridia;o__Christensenellales;f__UBA1242;g__UBA5489;s__	taxonomic classification fully defined by topology	classification based on placement in class-level tree	N/A	52.08	11	0.91405	N/A
Esin_bac_bin066	d__Bacteria;p__Bacillota_A;c__Clostridia;o__Christensenellales;f__UBA3700;g__;s__	N/A	N/A	N/A	N/A	N/A	N/A	N/A	N/A	N/A	N/A	d__Bacteria;p__Bacillota_A;c__Clostridia;o__Christensenellales;f__UBA3700;g__;s__	taxonomic novelty determined using RED	classification based on placement in class-level tree	N/A	50.55	11	0.75708	N/A
Esin_bac_bin067	d__Bacteria;p__Bacillota_A;c__Clostridia;o__Clostridiales;f__Clostridiaceae;g__Clostridium;s__	N/A	N/A	N/A	N/A	N/A	GCA_023424785.1	95.0	d__Bacteria;p__Bacillota_A;c__Clostridia;o__Clostridiales;f__Clostridiaceae;g__Clostridium;s__Clostridium sp023424785	85.78	0.372	d__Bacteria;p__Bacillota_A;c__Clostridia;o__Clostridiales;f__Clostridiaceae;g__Clostridium;s__	taxonomic classification defined by topology and ANI	classification based on placement in class-level tree	N/A	42.18	11	0.98714	N/A
Esin_bac_bin068	d__Bacteria;p__Bacillota_A;c__Clostridia;o__Eubacteriales;f__Eubacteriaceae;g__;s__	N/A	N/A	N/A	N/A	N/A	N/A	N/A	N/A	N/A	N/A	d__Bacteria;p__Bacillota_A;c__Clostridia;o__Eubacteriales;f__Eubacteriaceae;g__;s__	taxonomic classification fully defined by topology	classification based on placement in class-level tree	N/A	37.86	11	0.77383	N/A
Esin_bac_bin069	d__Bacteria;p__Bacillota_A;c__Clostridia;o__Lachnospirales;f__Anaerotignaceae;g__;s__	N/A	N/A	N/A	N/A	N/A	N/A	N/A	N/A	N/A	N/A	d__Bacteria;p__Bacillota_A;c__Clostridia;o__Lachnospirales;f__Anaerotignaceae;g__;s__	taxonomic novelty determined using RED	classification based on placement in class-level tree	N/A	47.53	11	0.86442	N/A
Esin_bac_bin070	d__Bacteria;p__Bacillota_A;c__Clostridia;o__Lachnospirales;f__Anaerotignaceae;g__;s__	N/A	N/A	N/A	N/A	N/A	N/A	N/A	N/A	N/A	N/A	d__Bacteria;p__Bacillota_A;c__Clostridia;o__Lachnospirales;f__Anaerotignaceae;g__;s__	taxonomic novelty determined using RED	classification based on placement in class-level tree	N/A	80.75	11	0.88157	N/A
Esin_bac_bin071	d__Bacteria;p__Bacillota_A;c__Clostridia;o__Lachnospirales;f__Anaerotignaceae;g__;s__	N/A	N/A	N/A	N/A	N/A	N/A	N/A	N/A	N/A	N/A	d__Bacteria;p__Bacillota_A;c__Clostridia;o__Lachnospirales;f__Anaerotignaceae;g__;s__	taxonomic novelty determined using RED	classification based on placement in class-level tree	N/A	88.4	11	0.82965	N/A
Esin_bac_bin072	d__Bacteria;p__Bacillota_A;c__Clostridia;o__Lachnospirales;f__CAG-274;g__;s__	N/A	N/A	N/A	N/A	N/A	N/A	N/A	N/A	N/A	N/A	d__Bacteria;p__Bacillota_A;c__Clostridia;o__Lachnospirales;f__CAG-274;g__;s__	taxonomic classification fully defined by topology	classification based on placement in class-level tree	N/A	57.5	11	0.77061	N/A
Esin_bac_bin073	d__Bacteria;p__Bacillota_A;c__Clostridia;o__Lachnospirales;f__Lachnospiraceae;g__Aequitasia;s__	N/A	N/A	N/A	N/A	N/A	GCF_024721265.1	95.0	d__Bacteria;p__Bacillota_A;c__Clostridia;o__Lachnospirales;f__Lachnospiraceae;g__Aequitasia;s__Aequitasia blattaphilus_A	94.62	0.702	d__Bacteria;p__Bacillota_A;c__Clostridia;o__Lachnospirales;f__Lachnospiraceae;g__Aequitasia;s__	taxonomic classification defined by topology and ANI	classification based on placement in class-level tree	N/A	66.2	11	0.99687	Genome not assigned to closest species as it falls outside its pre-defined ANI radius
Esin_bac_bin074	d__Bacteria;p__Bacillota_A;c__Clostridia;o__Lachnospirales;f__Lachnospiraceae;g__Anaerosporobacter;s__	N/A	N/A	N/A	N/A	N/A	N/A	N/A	N/A	N/A	N/A	d__Bacteria;p__Bacillota_A;c__Clostridia;o__Lachnospirales;f__Lachnospiraceae;g__Anaerosporobacter;s__	taxonomic classification fully defined by topology	classification based on placement in class-level tree	N/A	87.25	11	0.96074	Genome has more than 10.0% of markers with multiple hits
Esin_bac_bin075	d__Bacteria;p__Bacillota_A;c__Clostridia;o__Lachnospirales;f__Lachnospiraceae;g__Bovifimicola;s__	N/A	N/A	N/A	N/A	N/A	N/A	N/A	N/A	N/A	N/A	d__Bacteria;p__Bacillota_A;c__Clostridia;o__Lachnospirales;f__Lachnospiraceae;g__Bovifimicola;s__	taxonomic classification fully defined by topology	classification based on placement in class-level tree	N/A	92.35	11	0.94266	N/A
Esin_bac_bin076	d__Bacteria;p__Bacillota_A;c__Clostridia;o__Lachnospirales;f__Lachnospiraceae;g__CAG-303;s__	N/A	N/A	N/A	N/A	N/A	N/A	N/A	N/A	N/A	N/A	d__Bacteria;p__Bacillota_A;c__Clostridia;o__Lachnospirales;f__Lachnospiraceae;g__CAG-303;s__	taxonomic classification fully defined by topology	classification based on placement in class-level tree	N/A	53.88	11	0.86847	N/A
Esin_bac_bin077	d__Bacteria;p__Bacillota_A;c__Clostridia;o__Lachnospirales;f__Lachnospiraceae;g__CALWPY01;s__	N/A	N/A	N/A	N/A	N/A	N/A	N/A	N/A	N/A	N/A	d__Bacteria;p__Bacillota_A;c__Clostridia;o__Lachnospirales;f__Lachnospiraceae;g__CALWPY01;s__	taxonomic novelty determined using RED	classification based on placement in class-level tree	N/A	89.71	11	0.94314	N/A
Esin_bac_bin078	d__Bacteria;p__Bacillota_A;c__Clostridia;o__Lachnospirales;f__Lachnospiraceae;g__MGBC140009;s__	N/A	N/A	N/A	N/A	N/A	N/A	N/A	N/A	N/A	N/A	d__Bacteria;p__Bacillota_A;c__Clostridia;o__Lachnospirales;f__Lachnospiraceae;g__MGBC140009;s__	taxonomic novelty determined using RED	classification based on placement in class-level tree	N/A	55.13	11	0.86776	N/A
Esin_bac_bin079	d__Bacteria;p__Bacillota_A;c__Clostridia;o__Lachnospirales;f__Lachnospiraceae;g__MGBC165282;s__	N/A	N/A	N/A	N/A	N/A	N/A	N/A	N/A	N/A	N/A	d__Bacteria;p__Bacillota_A;c__Clostridia;o__Lachnospirales;f__Lachnospiraceae;g__MGBC165282;s__	taxonomic novelty determined using RED	classification based on placement in class-level tree	N/A	90.88	11	0.94342	N/A
Esin_bac_bin080	d__Bacteria;p__Bacillota_A;c__Clostridia;o__Lachnospirales;f__Lachnospiraceae;g__RGIG3040;s__	N/A	N/A	N/A	N/A	N/A	N/A	N/A	N/A	N/A	N/A	d__Bacteria;p__Bacillota_A;c__Clostridia;o__Lachnospirales;f__Lachnospiraceae;g__RGIG3040;s__	taxonomic classification fully defined by topology	classification based on placement in class-level tree	N/A	90.11	11	0.90805	N/A
Esin_bac_bin081	d__Bacteria;p__Bacillota_A;c__Clostridia;o__Lachnospirales;f__Lachnospiraceae;g__RGIG8306;s__	N/A	N/A	N/A	N/A	N/A	N/A	N/A	N/A	N/A	N/A	d__Bacteria;p__Bacillota_A;c__Clostridia;o__Lachnospirales;f__Lachnospiraceae;g__RGIG8306;s__	taxonomic novelty determined using RED	classification based on placement in class-level tree	N/A	67.41	11	0.85648	N/A
Esin_bac_bin082	d__Bacteria;p__Bacillota_A;c__Clostridia;o__Lachnospirales;f__Lachnospiraceae;g__Roseburia_C;s__	N/A	N/A	N/A	N/A	N/A	N/A	N/A	N/A	N/A	N/A	d__Bacteria;p__Bacillota_A;c__Clostridia;o__Lachnospirales;f__Lachnospiraceae;g__Roseburia_C;s__	taxonomic classification fully defined by topology	classification based on placement in class-level tree	N/A	80.7	11	0.92971	N/A
Esin_bac_bin083	d__Bacteria;p__Bacillota_A;c__Clostridia;o__Lachnospirales;f__Lachnospiraceae;g__Roseburia_C;s__	N/A	N/A	N/A	N/A	N/A	N/A	N/A	N/A	N/A	N/A	d__Bacteria;p__Bacillota_A;c__Clostridia;o__Lachnospirales;f__Lachnospiraceae;g__Roseburia_C;s__	taxonomic classification fully defined by topology	classification based on placement in class-level tree	N/A	94.14	11	0.93066	N/A
Esin_bac_bin084	d__Bacteria;p__Bacillota_A;c__Clostridia;o__Lachnospirales;f__Lachnospiraceae;g__Roseburia;s__	N/A	N/A	N/A	N/A	N/A	N/A	N/A	N/A	N/A	N/A	d__Bacteria;p__Bacillota_A;c__Clostridia;o__Lachnospirales;f__Lachnospiraceae;g__Roseburia;s__	taxonomic classification fully defined by topology	classification based on placement in class-level tree	N/A	71.04	11	0.96108	N/A
Esin_bac_bin085	d__Bacteria;p__Bacillota_A;c__Clostridia;o__Lachnospirales;f__Lachnospiraceae;g__;s__	N/A	N/A	N/A	N/A	N/A	N/A	N/A	N/A	N/A	N/A	d__Bacteria;p__Bacillota_A;c__Clostridia;o__Lachnospirales;f__Lachnospiraceae;g__;s__	taxonomic classification fully defined by topology	classification based on placement in class-level tree	N/A	82.6	11	0.83544	N/A
Esin_bac_bin086	d__Bacteria;p__Bacillota_A;c__Clostridia;o__Lachnospirales;f__Lachnospiraceae;g__;s__	N/A	N/A	N/A	N/A	N/A	N/A	N/A	N/A	N/A	N/A	d__Bacteria;p__Bacillota_A;c__Clostridia;o__Lachnospirales;f__Lachnospiraceae;g__;s__	taxonomic novelty determined using RED	classification based on placement in class-level tree	N/A	33.58	11	0.87421	N/A
Esin_bac_bin087	d__Bacteria;p__Bacillota_A;c__Clostridia;o__Lachnospirales;f__Lachnospiraceae;g__;s__	N/A	N/A	N/A	N/A	N/A	N/A	N/A	N/A	N/A	N/A	d__Bacteria;p__Bacillota_A;c__Clostridia;o__Lachnospirales;f__Lachnospiraceae;g__;s__	taxonomic novelty determined using RED	classification based on placement in class-level tree	N/A	35.21	11	0.87648	N/A
Esin_bac_bin088	d__Bacteria;p__Bacillota_A;c__Clostridia;o__Lachnospirales;f__Lachnospiraceae;g__;s__	N/A	N/A	N/A	N/A	N/A	N/A	N/A	N/A	N/A	N/A	d__Bacteria;p__Bacillota_A;c__Clostridia;o__Lachnospirales;f__Lachnospiraceae;g__;s__	taxonomic novelty determined using RED	classification based on placement in class-level tree	N/A	37.62	11	0.89725	N/A
Esin_bac_bin089	d__Bacteria;p__Bacillota_A;c__Clostridia;o__Lachnospirales;f__Lachnospiraceae;g__;s__	N/A	N/A	N/A	N/A	N/A	N/A	N/A	N/A	N/A	N/A	d__Bacteria;p__Bacillota_A;c__Clostridia;o__Lachnospirales;f__Lachnospiraceae;g__;s__	taxonomic novelty determined using RED	classification based on placement in class-level tree	N/A	42.74	11	0.8647	N/A
Esin_bac_bin090	d__Bacteria;p__Bacillota_A;c__Clostridia;o__Lachnospirales;f__Lachnospiraceae;g__;s__	N/A	N/A	N/A	N/A	N/A	N/A	N/A	N/A	N/A	N/A	d__Bacteria;p__Bacillota_A;c__Clostridia;o__Lachnospirales;f__Lachnospiraceae;g__;s__	taxonomic novelty determined using RED	classification based on placement in class-level tree	N/A	46.91	11	0.90741	N/A
Esin_bac_bin091	d__Bacteria;p__Bacillota_A;c__Clostridia;o__Lachnospirales;f__Lachnospiraceae;g__;s__	N/A	N/A	N/A	N/A	N/A	N/A	N/A	N/A	N/A	N/A	d__Bacteria;p__Bacillota_A;c__Clostridia;o__Lachnospirales;f__Lachnospiraceae;g__;s__	taxonomic novelty determined using RED	classification based on placement in class-level tree	N/A	55.15	11	0.89587	N/A
Esin_bac_bin092	d__Bacteria;p__Bacillota_A;c__Clostridia;o__Lachnospirales;f__Lachnospiraceae;g__;s__	N/A	N/A	N/A	N/A	N/A	N/A	N/A	N/A	N/A	N/A	d__Bacteria;p__Bacillota_A;c__Clostridia;o__Lachnospirales;f__Lachnospiraceae;g__;s__	taxonomic novelty determined using RED	classification based on placement in class-level tree	N/A	57.74	11	0.88689	N/A
Esin_bac_bin093	d__Bacteria;p__Bacillota_A;c__Clostridia;o__Lachnospirales;f__Lachnospiraceae;g__;s__	N/A	N/A	N/A	N/A	N/A	N/A	N/A	N/A	N/A	N/A	d__Bacteria;p__Bacillota_A;c__Clostridia;o__Lachnospirales;f__Lachnospiraceae;g__;s__	taxonomic novelty determined using RED	classification based on placement in class-level tree	N/A	70.9	11	0.90402	N/A
Esin_bac_bin094	d__Bacteria;p__Bacillota_A;c__Clostridia;o__Lachnospirales;f__Lachnospiraceae;g__;s__	N/A	N/A	N/A	N/A	N/A	N/A	N/A	N/A	N/A	N/A	d__Bacteria;p__Bacillota_A;c__Clostridia;o__Lachnospirales;f__Lachnospiraceae;g__;s__	taxonomic novelty determined using RED	classification based on placement in class-level tree	N/A	91.12	11	0.9078	N/A
Esin_bac_bin095	d__Bacteria;p__Bacillota_A;c__Clostridia;o__Lachnospirales;f__Lachnospiraceae;g__Suilimivivens;s__	N/A	N/A	N/A	N/A	N/A	N/A	N/A	N/A	N/A	N/A	d__Bacteria;p__Bacillota_A;c__Clostridia;o__Lachnospirales;f__Lachnospiraceae;g__Suilimivivens;s__	taxonomic classification fully defined by topology	classification based on placement in class-level tree	N/A	93.19	11	0.9395	N/A
Esin_bac_bin096	d__Bacteria;p__Bacillota_A;c__Clostridia;o__Lachnospirales;f__Lachnospiraceae;g__UBA1201;s__	N/A	N/A	N/A	N/A	N/A	N/A	N/A	N/A	N/A	N/A	d__Bacteria;p__Bacillota_A;c__Clostridia;o__Lachnospirales;f__Lachnospiraceae;g__UBA1201;s__	taxonomic novelty determined using RED	classification based on placement in class-level tree	N/A	50.11	11	0.90455	N/A
Esin_bac_bin097	d__Bacteria;p__Bacillota_A;c__Clostridia;o__Lachnospirales;f__Lachnospiraceae;g__UBA3212;s__	N/A	N/A	N/A	N/A	N/A	N/A	N/A	N/A	N/A	N/A	d__Bacteria;p__Bacillota_A;c__Clostridia;o__Lachnospirales;f__Lachnospiraceae;g__UBA3212;s__	taxonomic classification fully defined by topology	classification based on placement in class-level tree	N/A	67.01	11	0.91747	N/A
Esin_bac_bin098	d__Bacteria;p__Bacillota_A;c__Clostridia;o__Lachnospirales;f__Lachnospiraceae;g__UBA933;s__	N/A	N/A	N/A	N/A	N/A	N/A	N/A	N/A	N/A	N/A	d__Bacteria;p__Bacillota_A;c__Clostridia;o__Lachnospirales;f__Lachnospiraceae;g__UBA933;s__	taxonomic classification fully defined by topology	classification based on placement in class-level tree	N/A	29.55	11	0.97212	N/A
Esin_bac_bin099	d__Bacteria;p__Bacillota_A;c__Clostridia;o__Lachnospirales;f__Lachnospiraceae;g__UMGS1251;s__	N/A	N/A	N/A	N/A	N/A	N/A	N/A	N/A	N/A	N/A	d__Bacteria;p__Bacillota_A;c__Clostridia;o__Lachnospirales;f__Lachnospiraceae;g__UMGS1251;s__	taxonomic novelty determined using RED	classification based on placement in class-level tree	N/A	85.44	11	0.92339	N/A
Esin_bac_bin100	d__Bacteria;p__Bacillota_A;c__Clostridia;o__Lachnospirales;f__UBA5962;g__WRBA01;s__	N/A	N/A	N/A	N/A	N/A	N/A	N/A	N/A	N/A	N/A	d__Bacteria;p__Bacillota_A;c__Clostridia;o__Lachnospirales;f__UBA5962;g__WRBA01;s__	taxonomic novelty determined using RED	classification based on placement in class-level tree	N/A	40.34	11	0.87883	N/A
Esin_bac_bin101	d__Bacteria;p__Bacillota_A;c__Clostridia;o__Monoglobales;f__Monoglobaceae;g__;s__	N/A	N/A	N/A	N/A	N/A	N/A	N/A	N/A	N/A	N/A	d__Bacteria;p__Bacillota_A;c__Clostridia;o__Monoglobales;f__Monoglobaceae;g__;s__	taxonomic classification fully defined by topology	classification based on placement in class-level tree	N/A	51.2	11	0.81936	N/A
Esin_bac_bin102	d__Bacteria;p__Bacillota_A;c__Clostridia;o__Oscillospirales;f__Acutalibacteraceae;g__CAG-177;s__	N/A	N/A	N/A	N/A	N/A	N/A	N/A	N/A	N/A	N/A	d__Bacteria;p__Bacillota_A;c__Clostridia;o__Oscillospirales;f__Acutalibacteraceae;g__CAG-177;s__	taxonomic classification fully defined by topology	classification based on placement in class-level tree	N/A	72.57	11	0.9033	N/A
Esin_bac_bin103	d__Bacteria;p__Bacillota_A;c__Clostridia;o__Oscillospirales;f__Acutalibacteraceae;g__CAMFTQ01;s__	N/A	N/A	N/A	N/A	N/A	N/A	N/A	N/A	N/A	N/A	d__Bacteria;p__Bacillota_A;c__Clostridia;o__Oscillospirales;f__Acutalibacteraceae;g__CAMFTQ01;s__	taxonomic novelty determined using RED	classification based on placement in class-level tree	N/A	30.92	11	0.8912	N/A
Esin_bac_bin104	d__Bacteria;p__Bacillota_A;c__Clostridia;o__Oscillospirales;f__Acutalibacteraceae;g__CAMFTQ01;s__	N/A	N/A	N/A	N/A	N/A	N/A	N/A	N/A	N/A	N/A	d__Bacteria;p__Bacillota_A;c__Clostridia;o__Oscillospirales;f__Acutalibacteraceae;g__CAMFTQ01;s__	taxonomic novelty determined using RED	classification based on placement in class-level tree	N/A	33.23	11	0.88073	N/A
Esin_bac_bin105	d__Bacteria;p__Bacillota_A;c__Clostridia;o__Oscillospirales;f__Acutalibacteraceae;g__Eubacterium_R;s__	N/A	N/A	N/A	N/A	N/A	N/A	N/A	N/A	N/A	N/A	d__Bacteria;p__Bacillota_A;c__Clostridia;o__Oscillospirales;f__Acutalibacteraceae;g__Eubacterium_R;s__	taxonomic classification fully defined by topology	classification based on placement in class-level tree	N/A	45.98	11	0.94096	N/A
Esin_bac_bin106	d__Bacteria;p__Bacillota_A;c__Clostridia;o__Oscillospirales;f__Acutalibacteraceae;g__JAAZFZ01;s__	N/A	N/A	N/A	N/A	N/A	N/A	N/A	N/A	N/A	N/A	d__Bacteria;p__Bacillota_A;c__Clostridia;o__Oscillospirales;f__Acutalibacteraceae;g__JAAZFZ01;s__	taxonomic classification fully defined by topology	classification based on placement in class-level tree	N/A	50.76	11	0.89994	N/A
Esin_bac_bin107	d__Bacteria;p__Bacillota_A;c__Clostridia;o__Oscillospirales;f__Acutalibacteraceae;g__RGIG7067;s__	N/A	N/A	N/A	N/A	N/A	N/A	N/A	N/A	N/A	N/A	d__Bacteria;p__Bacillota_A;c__Clostridia;o__Oscillospirales;f__Acutalibacteraceae;g__RGIG7067;s__	taxonomic classification fully defined by topology	classification based on placement in class-level tree	N/A	91.5	11	0.89545	N/A
Esin_bac_bin108	d__Bacteria;p__Bacillota_A;c__Clostridia;o__Oscillospirales;f__Acutalibacteraceae;g__RZYX01;s__	N/A	N/A	N/A	N/A	N/A	N/A	N/A	N/A	N/A	N/A	d__Bacteria;p__Bacillota_A;c__Clostridia;o__Oscillospirales;f__Acutalibacteraceae;g__RZYX01;s__	taxonomic classification fully defined by topology	classification based on placement in class-level tree	N/A	35.91	11	0.92583	N/A
Esin_bac_bin109	d__Bacteria;p__Bacillota_A;c__Clostridia;o__Oscillospirales;f__Acutalibacteraceae;g__Scatolibacter;s__	N/A	N/A	N/A	N/A	N/A	N/A	N/A	N/A	N/A	N/A	d__Bacteria;p__Bacillota_A;c__Clostridia;o__Oscillospirales;f__Acutalibacteraceae;g__Scatolibacter;s__	taxonomic classification fully defined by topology	classification based on placement in class-level tree	N/A	35.79	11	0.93538	Genome has more than 10.0% of markers with multiple hits
Esin_bac_bin110	d__Bacteria;p__Bacillota_A;c__Clostridia;o__Oscillospirales;f__Acutalibacteraceae;g__;s__	N/A	N/A	N/A	N/A	N/A	N/A	N/A	N/A	N/A	N/A	d__Bacteria;p__Bacillota_A;c__Clostridia;o__Oscillospirales;f__Acutalibacteraceae;g__;s__	taxonomic classification fully defined by topology	classification based on placement in class-level tree	N/A	44.69	11	0.80587	N/A
Esin_bac_bin111	d__Bacteria;p__Bacillota_A;c__Clostridia;o__Oscillospirales;f__Acutalibacteraceae;g__;s__	N/A	N/A	N/A	N/A	N/A	N/A	N/A	N/A	N/A	N/A	d__Bacteria;p__Bacillota_A;c__Clostridia;o__Oscillospirales;f__Acutalibacteraceae;g__;s__	taxonomic classification fully defined by topology	classification based on placement in class-level tree	N/A	61.87	11	0.74336	N/A
Esin_bac_bin112	d__Bacteria;p__Bacillota_A;c__Clostridia;o__Oscillospirales;f__Acutalibacteraceae;g__;s__	N/A	N/A	N/A	N/A	N/A	N/A	N/A	N/A	N/A	N/A	d__Bacteria;p__Bacillota_A;c__Clostridia;o__Oscillospirales;f__Acutalibacteraceae;g__;s__	taxonomic novelty determined using RED	classification based on placement in class-level tree	N/A	61.57	11	0.84189	N/A
Esin_bac_bin113	d__Bacteria;p__Bacillota_A;c__Clostridia;o__Oscillospirales;f__Acutalibacteraceae;g__;s__	N/A	N/A	N/A	N/A	N/A	N/A	N/A	N/A	N/A	N/A	d__Bacteria;p__Bacillota_A;c__Clostridia;o__Oscillospirales;f__Acutalibacteraceae;g__;s__	taxonomic novelty determined using RED	classification based on placement in class-level tree	N/A	94.08	11	0.86277	N/A
Esin_bac_bin114	d__Bacteria;p__Bacillota_A;c__Clostridia;o__Oscillospirales;f__Acutalibacteraceae;g__UBA1081;s__	N/A	N/A	N/A	N/A	N/A	N/A	N/A	N/A	N/A	N/A	d__Bacteria;p__Bacillota_A;c__Clostridia;o__Oscillospirales;f__Acutalibacteraceae;g__UBA1081;s__	taxonomic classification fully defined by topology	classification based on placement in class-level tree	N/A	79.17	11	0.9051	N/A
Esin_bac_bin115	d__Bacteria;p__Bacillota_A;c__Clostridia;o__Oscillospirales;f__Acutalibacteraceae;g__UBA3903;s__	N/A	N/A	N/A	N/A	N/A	N/A	N/A	N/A	N/A	N/A	d__Bacteria;p__Bacillota_A;c__Clostridia;o__Oscillospirales;f__Acutalibacteraceae;g__UBA3903;s__	taxonomic novelty determined using RED	classification based on placement in class-level tree	N/A	44.99	11	0.89569	N/A
Esin_bac_bin116	d__Bacteria;p__Bacillota_A;c__Clostridia;o__Oscillospirales;f__Acutalibacteraceae;g__UMGS1484;s__	N/A	N/A	N/A	N/A	N/A	N/A	N/A	N/A	N/A	N/A	d__Bacteria;p__Bacillota_A;c__Clostridia;o__Oscillospirales;f__Acutalibacteraceae;g__UMGS1484;s__	taxonomic classification fully defined by topology	classification based on placement in class-level tree	N/A	38.83	11	0.93365	N/A
Esin_bac_bin117	d__Bacteria;p__Bacillota_A;c__Clostridia;o__Oscillospirales;f__Butyricicoccaceae;g__RGIG1902;s__	N/A	N/A	N/A	N/A	N/A	N/A	N/A	N/A	N/A	N/A	d__Bacteria;p__Bacillota_A;c__Clostridia;o__Oscillospirales;f__Butyricicoccaceae;g__RGIG1902;s__	taxonomic classification fully defined by topology	classification based on placement in class-level tree	N/A	67.79	11	0.92566	N/A
Esin_bac_bin118	d__Bacteria;p__Bacillota_A;c__Clostridia;o__Oscillospirales;f__Butyricicoccaceae;g__RGIG3726;s__	N/A	N/A	N/A	N/A	N/A	N/A	N/A	N/A	N/A	N/A	d__Bacteria;p__Bacillota_A;c__Clostridia;o__Oscillospirales;f__Butyricicoccaceae;g__RGIG3726;s__	taxonomic novelty determined using RED	classification based on placement in class-level tree	N/A	26.4	11	0.89015	Genome has more than 15.0% of markers with multiple hits
Esin_bac_bin119	d__Bacteria;p__Bacillota_A;c__Clostridia;o__Oscillospirales;f__Butyricicoccaceae;g__RGIG3726;s__	N/A	N/A	N/A	N/A	N/A	N/A	N/A	N/A	N/A	N/A	d__Bacteria;p__Bacillota_A;c__Clostridia;o__Oscillospirales;f__Butyricicoccaceae;g__RGIG3726;s__	taxonomic novelty determined using RED	classification based on placement in class-level tree	N/A	46.77	11	0.89423	N/A
Esin_bac_bin120	d__Bacteria;p__Bacillota_A;c__Clostridia;o__Oscillospirales;f__Butyricicoccaceae;g__RGIG3726;s__	N/A	N/A	N/A	N/A	N/A	N/A	N/A	N/A	N/A	N/A	d__Bacteria;p__Bacillota_A;c__Clostridia;o__Oscillospirales;f__Butyricicoccaceae;g__RGIG3726;s__	taxonomic novelty determined using RED	classification based on placement in class-level tree	N/A	56.72	11	0.88207	N/A
Esin_bac_bin121	d__Bacteria;p__Bacillota_A;c__Clostridia;o__Oscillospirales;f__CAG-272;g__HGM12713;s__	N/A	N/A	N/A	N/A	N/A	N/A	N/A	N/A	N/A	N/A	d__Bacteria;p__Bacillota_A;c__Clostridia;o__Oscillospirales;f__CAG-272;g__HGM12713;s__	taxonomic classification fully defined by topology	classification based on placement in class-level tree	N/A	36.68	11	0.9175	N/A
Esin_bac_bin122	d__Bacteria;p__Bacillota_A;c__Clostridia;o__Oscillospirales;f__CAG-272;g__SIG714;s__	N/A	N/A	N/A	N/A	N/A	N/A	N/A	N/A	N/A	N/A	d__Bacteria;p__Bacillota_A;c__Clostridia;o__Oscillospirales;f__CAG-272;g__SIG714;s__	taxonomic novelty determined using RED	classification based on placement in class-level tree	N/A	30.76	11	0.88511	Genome has more than 14.2% of markers with multiple hits
Esin_bac_bin123	d__Bacteria;p__Bacillota_A;c__Clostridia;o__Oscillospirales;f__CAG-272;g__;s__	N/A	N/A	N/A	N/A	N/A	N/A	N/A	N/A	N/A	N/A	d__Bacteria;p__Bacillota_A;c__Clostridia;o__Oscillospirales;f__CAG-272;g__;s__	taxonomic novelty determined using RED	classification based on placement in class-level tree	N/A	90.21	11	0.8894	N/A
Esin_bac_bin124	d__Bacteria;p__Bacillota_A;c__Clostridia;o__Oscillospirales;f__CAG-272;g__WREN01;s__	N/A	N/A	N/A	N/A	N/A	N/A	N/A	N/A	N/A	N/A	d__Bacteria;p__Bacillota_A;c__Clostridia;o__Oscillospirales;f__CAG-272;g__WREN01;s__	taxonomic novelty determined using RED	classification based on placement in class-level tree	N/A	39.62	11	0.87355	N/A
Esin_bac_bin125	d__Bacteria;p__Bacillota_A;c__Clostridia;o__Oscillospirales;f__CAG-272;g__WREN01;s__	N/A	N/A	N/A	N/A	N/A	N/A	N/A	N/A	N/A	N/A	d__Bacteria;p__Bacillota_A;c__Clostridia;o__Oscillospirales;f__CAG-272;g__WREN01;s__	taxonomic novelty determined using RED	classification based on placement in class-level tree	N/A	47.07	11	0.87918	N/A
Esin_bac_bin126	d__Bacteria;p__Bacillota_A;c__Clostridia;o__Oscillospirales;f__CAG-382;g__;s__	N/A	N/A	N/A	N/A	N/A	N/A	N/A	N/A	N/A	N/A	d__Bacteria;p__Bacillota_A;c__Clostridia;o__Oscillospirales;f__CAG-382;g__;s__	taxonomic novelty determined using RED	classification based on placement in class-level tree	N/A	39.3	11	0.87329	N/A
Esin_bac_bin127	d__Bacteria;p__Bacillota_A;c__Clostridia;o__Oscillospirales;f__;g__;s__	N/A	N/A	N/A	N/A	N/A	N/A	N/A	N/A	N/A	N/A	d__Bacteria;p__Bacillota_A;c__Clostridia;o__Oscillospirales;f__;g__;s__	taxonomic novelty determined using RED	classification based on placement in class-level tree	N/A	91.34	11	0.74378	N/A
Esin_bac_bin128	d__Bacteria;p__Bacillota_A;c__Clostridia;o__Oscillospirales;f__JAKOTC01;g__;s__	N/A	N/A	N/A	N/A	N/A	N/A	N/A	N/A	N/A	N/A	d__Bacteria;p__Bacillota_A;c__Clostridia;o__Oscillospirales;f__JAKOTC01;g__;s__	taxonomic novelty determined using RED	classification based on placement in class-level tree	N/A	44.43	11	0.81205	N/A
Esin_bac_bin129	d__Bacteria;p__Bacillota_A;c__Clostridia;o__Oscillospirales;f__Oscillospiraceae;g__Evtepia;s__	N/A	N/A	N/A	N/A	N/A	N/A	N/A	N/A	N/A	N/A	d__Bacteria;p__Bacillota_A;c__Clostridia;o__Oscillospirales;f__Oscillospiraceae;g__Evtepia;s__	taxonomic classification fully defined by topology	classification based on placement in class-level tree	N/A	29.75	11	0.92943	N/A
Esin_bac_bin130	d__Bacteria;p__Bacillota_A;c__Clostridia;o__Oscillospirales;f__Oscillospiraceae;g__JAISHS01;s__	N/A	N/A	N/A	N/A	N/A	N/A	N/A	N/A	N/A	N/A	d__Bacteria;p__Bacillota_A;c__Clostridia;o__Oscillospirales;f__Oscillospiraceae;g__JAISHS01;s__	taxonomic novelty determined using RED	classification based on placement in class-level tree	N/A	40.36	11	0.89707	N/A
Esin_bac_bin131	d__Bacteria;p__Bacillota_A;c__Clostridia;o__Oscillospirales;f__Oscillospiraceae;g__JAISHS01;s__	N/A	N/A	N/A	N/A	N/A	N/A	N/A	N/A	N/A	N/A	d__Bacteria;p__Bacillota_A;c__Clostridia;o__Oscillospirales;f__Oscillospiraceae;g__JAISHS01;s__	taxonomic novelty determined using RED	classification based on placement in class-level tree	N/A	47.81	11	0.90519	N/A
Esin_bac_bin132	d__Bacteria;p__Bacillota_A;c__Clostridia;o__Oscillospirales;f__Oscillospiraceae;g__JAISHS01;s__	N/A	N/A	N/A	N/A	N/A	N/A	N/A	N/A	N/A	N/A	d__Bacteria;p__Bacillota_A;c__Clostridia;o__Oscillospirales;f__Oscillospiraceae;g__JAISHS01;s__	taxonomic novelty determined using RED	classification based on placement in class-level tree	N/A	71.8	11	0.90257	N/A
Esin_bac_bin133	d__Bacteria;p__Bacillota_A;c__Clostridia;o__Oscillospirales;f__Oscillospiraceae;g__Lawsonibacter;s__	N/A	N/A	N/A	N/A	N/A	N/A	N/A	N/A	N/A	N/A	d__Bacteria;p__Bacillota_A;c__Clostridia;o__Oscillospirales;f__Oscillospiraceae;g__Lawsonibacter;s__	taxonomic classification fully defined by topology	classification based on placement in class-level tree	N/A	56.29	11	0.91314	N/A
Esin_bac_bin134	d__Bacteria;p__Bacillota_A;c__Clostridia;o__Oscillospirales;f__Oscillospiraceae;g__Lawsonibacter;s__	N/A	N/A	N/A	N/A	N/A	N/A	N/A	N/A	N/A	N/A	d__Bacteria;p__Bacillota_A;c__Clostridia;o__Oscillospirales;f__Oscillospiraceae;g__Lawsonibacter;s__	taxonomic classification fully defined by topology	classification based on placement in class-level tree	N/A	91.96	11	0.95326	N/A
Esin_bac_bin135	d__Bacteria;p__Bacillota_A;c__Clostridia;o__Oscillospirales;f__Oscillospiraceae;g__Limivicinus;s__	N/A	N/A	N/A	N/A	N/A	N/A	N/A	N/A	N/A	N/A	d__Bacteria;p__Bacillota_A;c__Clostridia;o__Oscillospirales;f__Oscillospiraceae;g__Limivicinus;s__	taxonomic classification fully defined by topology	classification based on placement in class-level tree	N/A	42.66	11	0.95212	N/A
Esin_bac_bin136	d__Bacteria;p__Bacillota_A;c__Clostridia;o__Oscillospirales;f__Oscillospiraceae;g__WQUU01;s__	N/A	N/A	N/A	N/A	N/A	N/A	N/A	N/A	N/A	N/A	d__Bacteria;p__Bacillota_A;c__Clostridia;o__Oscillospirales;f__Oscillospiraceae;g__WQUU01;s__	taxonomic novelty determined using RED	classification based on placement in class-level tree	N/A	72.1	11	0.85271	N/A
Esin_bac_bin137	d__Bacteria;p__Bacillota_A;c__Clostridia;o__Oscillospirales;f__Oscillospiraceae;g__WQUU01;s__	N/A	N/A	N/A	N/A	N/A	N/A	N/A	N/A	N/A	N/A	d__Bacteria;p__Bacillota_A;c__Clostridia;o__Oscillospirales;f__Oscillospiraceae;g__WQUU01;s__	taxonomic novelty determined using RED	classification based on placement in class-level tree	N/A	95.05	11	0.85101	N/A
Esin_bac_bin138	d__Bacteria;p__Bacillota_A;c__Clostridia;o__Oscillospirales;f__Oscillospiraceae;g__WQUU01;s__	N/A	N/A	N/A	N/A	N/A	N/A	N/A	N/A	N/A	N/A	d__Bacteria;p__Bacillota_A;c__Clostridia;o__Oscillospirales;f__Oscillospiraceae;g__WQUU01;s__	taxonomic novelty determined using RED	classification based on placement in class-level tree	N/A	95.75	11	0.85121	N/A
Esin_bac_bin139	d__Bacteria;p__Bacillota_A;c__Clostridia;o__Oscillospirales;f__Oscillospiraceae;g__WQUU01;s__	N/A	N/A	N/A	N/A	N/A	N/A	N/A	N/A	N/A	N/A	d__Bacteria;p__Bacillota_A;c__Clostridia;o__Oscillospirales;f__Oscillospiraceae;g__WQUU01;s__	taxonomic novelty determined using RED	classification based on placement in class-level tree	N/A	96.54	11	0.85061	N/A
Esin_bac_bin140	d__Bacteria;p__Bacillota_A;c__Clostridia;o__Oscillospirales;f__Oscillospiraceae;g__WRJA01;s__	N/A	N/A	N/A	N/A	N/A	N/A	N/A	N/A	N/A	N/A	d__Bacteria;p__Bacillota_A;c__Clostridia;o__Oscillospirales;f__Oscillospiraceae;g__WRJA01;s__	taxonomic novelty determined using RED	classification based on placement in class-level tree	N/A	55.27	11	0.86046	N/A
Esin_bac_bin141	d__Bacteria;p__Bacillota_A;c__Clostridia;o__Oscillospirales;f__QAKW01;g__HGM12957;s__	N/A	N/A	N/A	N/A	N/A	N/A	N/A	N/A	N/A	N/A	d__Bacteria;p__Bacillota_A;c__Clostridia;o__Oscillospirales;f__QAKW01;g__HGM12957;s__	taxonomic novelty determined using RED	classification based on placement in class-level tree	N/A	82.88	11	0.87527	N/A
Esin_bac_bin142	d__Bacteria;p__Bacillota_A;c__Clostridia;o__Oscillospirales;f__QAKW01;g__;s__	N/A	N/A	N/A	N/A	N/A	N/A	N/A	N/A	N/A	N/A	d__Bacteria;p__Bacillota_A;c__Clostridia;o__Oscillospirales;f__QAKW01;g__;s__	taxonomic novelty determined using RED	classification based on placement in class-level tree	N/A	83.38	11	0.87703	N/A
Esin_bac_bin143	d__Bacteria;p__Bacillota_A;c__Clostridia;o__Oscillospirales;f__Ruminococcaceae;g__JAAYCI01;s__	N/A	N/A	N/A	N/A	N/A	N/A	N/A	N/A	N/A	N/A	d__Bacteria;p__Bacillota_A;c__Clostridia;o__Oscillospirales;f__Ruminococcaceae;g__JAAYCI01;s__	taxonomic classification fully defined by topology	classification based on placement in class-level tree	N/A	27.17	4	0.94564	N/A
Esin_bac_bin144	d__Bacteria;p__Bacillota_A;c__Clostridia;o__Oscillospirales;f__Ruminococcaceae;g__JAAZZIT01;s__	N/A	N/A	N/A	N/A	N/A	N/A	N/A	N/A	N/A	N/A	d__Bacteria;p__Bacillota_A;c__Clostridia;o__Oscillospirales;f__Ruminococcaceae;g__JAAZZIT01;s__	taxonomic classification fully defined by topology	classification based on placement in class-level tree	N/A	59.46	11	0.92982	N/A
Esin_bac_bin145	d__Bacteria;p__Bacillota_A;c__Clostridia;o__Oscillospirales;f__Ruminococcaceae;g__Massiliimalia;s__	N/A	N/A	N/A	N/A	N/A	N/A	N/A	N/A	N/A	N/A	d__Bacteria;p__Bacillota_A;c__Clostridia;o__Oscillospirales;f__Ruminococcaceae;g__Massiliimalia;s__	taxonomic classification fully defined by topology	classification based on placement in class-level tree	N/A	86.04	11	0.9553	N/A
Esin_bac_bin146	d__Bacteria;p__Bacillota_A;c__Clostridia;o__Oscillospirales;f__Ruminococcaceae;g__Ruminiclostridium_E;s__	N/A	N/A	N/A	N/A	N/A	N/A	N/A	N/A	N/A	N/A	d__Bacteria;p__Bacillota_A;c__Clostridia;o__Oscillospirales;f__Ruminococcaceae;g__Ruminiclostridium_E;s__	taxonomic classification fully defined by topology	classification based on placement in class-level tree	N/A	38.95	11	0.8948	N/A
Esin_bac_bin147	d__Bacteria;p__Bacillota_A;c__Clostridia;o__Oscillospirales;f__Ruminococcaceae;g__Ruminiclostridium_E;s__	N/A	N/A	N/A	N/A	N/A	N/A	N/A	N/A	N/A	N/A	d__Bacteria;p__Bacillota_A;c__Clostridia;o__Oscillospirales;f__Ruminococcaceae;g__Ruminiclostridium_E;s__	taxonomic classification fully defined by topology	classification based on placement in class-level tree	N/A	50.09	11	0.86066	N/A
Esin_bac_bin148	d__Bacteria;p__Bacillota_A;c__Clostridia;o__Oscillospirales;f__Ruminococcaceae;g__Ruminiclostridium_E;s__	N/A	N/A	N/A	N/A	N/A	N/A	N/A	N/A	N/A	N/A	d__Bacteria;p__Bacillota_A;c__Clostridia;o__Oscillospirales;f__Ruminococcaceae;g__Ruminiclostridium_E;s__	taxonomic classification fully defined by topology	classification based on placement in class-level tree	N/A	84.65	11	0.90232	N/A
Esin_bac_bin149	d__Bacteria;p__Bacillota_A;c__Clostridia;o__Oscillospirales;f__Ruminococcaceae;g__Ruminococcus_C;s__	N/A	N/A	N/A	N/A	N/A	N/A	N/A	N/A	N/A	N/A	d__Bacteria;p__Bacillota_A;c__Clostridia;o__Oscillospirales;f__Ruminococcaceae;g__Ruminococcus_C;s__	taxonomic classification fully defined by topology	classification based on placement in class-level tree	N/A	28.36	11	0.97782	N/A
Esin_bac_bin150	d__Bacteria;p__Bacillota_A;c__Clostridia;o__Oscillospirales;f__Ruminococcaceae;g__Ruminococcus;s__	N/A	N/A	N/A	N/A	N/A	N/A	N/A	N/A	N/A	N/A	d__Bacteria;p__Bacillota_A;c__Clostridia;o__Oscillospirales;f__Ruminococcaceae;g__Ruminococcus;s__	taxonomic classification fully defined by topology	classification based on placement in class-level tree	N/A	46.55	11	0.9387	N/A
Esin_bac_bin151	d__Bacteria;p__Bacillota_A;c__Clostridia;o__Oscillospirales;f__Ruminococcaceae;g__Ruminococcus;s__	N/A	N/A	N/A	N/A	N/A	N/A	N/A	N/A	N/A	N/A	d__Bacteria;p__Bacillota_A;c__Clostridia;o__Oscillospirales;f__Ruminococcaceae;g__Ruminococcus;s__	taxonomic classification fully defined by topology	classification based on placement in class-level tree	N/A	53.41	11	0.91727	N/A
Esin_bac_bin152	d__Bacteria;p__Bacillota_A;c__Clostridia;o__Oscillospirales;f__Ruminococcaceae;g__Ruminococcus;s__	N/A	N/A	N/A	N/A	N/A	N/A	N/A	N/A	N/A	N/A	d__Bacteria;p__Bacillota_A;c__Clostridia;o__Oscillospirales;f__Ruminococcaceae;g__Ruminococcus;s__	taxonomic classification fully defined by topology	classification based on placement in class-level tree	N/A	69.22	11	0.90542	N/A
Esin_bac_bin153	d__Bacteria;p__Bacillota_A;c__Clostridia;o__Oscillospirales;f__Ruminococcaceae;g__Ruminococcus;s__	N/A	N/A	N/A	N/A	N/A	N/A	N/A	N/A	N/A	N/A	d__Bacteria;p__Bacillota_A;c__Clostridia;o__Oscillospirales;f__Ruminococcaceae;g__Ruminococcus;s__	taxonomic classification fully defined by topology	classification based on placement in class-level tree	N/A	92.33	11	0.98127	N/A
Esin_bac_bin154	d__Bacteria;p__Bacillota_A;c__Clostridia;o__Oscillospirales;f__Ruminococcaceae;g__Ruminococcus;s__	N/A	N/A	N/A	N/A	N/A	N/A	N/A	N/A	N/A	N/A	d__Bacteria;p__Bacillota_A;c__Clostridia;o__Oscillospirales;f__Ruminococcaceae;g__Ruminococcus;s__	taxonomic classification fully defined by topology	classification based on placement in class-level tree	N/A	94.16	11	0.94877	N/A
Esin_bac_bin155	d__Bacteria;p__Bacillota_A;c__Clostridia;o__Oscillospirales;f__Ruminococcaceae;g__;s__	N/A	N/A	N/A	N/A	N/A	N/A	N/A	N/A	N/A	N/A	d__Bacteria;p__Bacillota_A;c__Clostridia;o__Oscillospirales;f__Ruminococcaceae;g__;s__	taxonomic classification fully defined by topology	classification based on placement in class-level tree	N/A	78.63	11	0.80429	N/A
Esin_bac_bin156	d__Bacteria;p__Bacillota_A;c__Clostridia;o__Oscillospirales;f__Ruminococcaceae;g__;s__	N/A	N/A	N/A	N/A	N/A	N/A	N/A	N/A	N/A	N/A	d__Bacteria;p__Bacillota_A;c__Clostridia;o__Oscillospirales;f__Ruminococcaceae;g__;s__	taxonomic classification fully defined by topology	classification based on placement in class-level tree	N/A	81.27	11	0.77567	N/A
Esin_bac_bin157	d__Bacteria;p__Bacillota_A;c__Clostridia;o__Oscillospirales;f__Ruminococcaceae;g__;s__	N/A	N/A	N/A	N/A	N/A	N/A	N/A	N/A	N/A	N/A	d__Bacteria;p__Bacillota_A;c__Clostridia;o__Oscillospirales;f__Ruminococcaceae;g__;s__	taxonomic classification fully defined by topology	classification based on placement in class-level tree	N/A	95.41	11	0.80304	N/A
Esin_bac_bin158	d__Bacteria;p__Bacillota_A;c__Clostridia;o__Oscillospirales;f__Ruminococcaceae;g__;s__	N/A	N/A	N/A	N/A	N/A	N/A	N/A	N/A	N/A	N/A	d__Bacteria;p__Bacillota_A;c__Clostridia;o__Oscillospirales;f__Ruminococcaceae;g__;s__	taxonomic classification fully defined by topology	classification based on placement in class-level tree	N/A	97.46	11	0.81376	N/A
Esin_bac_bin159	d__Bacteria;p__Bacillota_A;c__Clostridia;o__Oscillospirales;f__Ruminococcaceae;g__;s__	N/A	N/A	N/A	N/A	N/A	N/A	N/A	N/A	N/A	N/A	d__Bacteria;p__Bacillota_A;c__Clostridia;o__Oscillospirales;f__Ruminococcaceae;g__;s__	taxonomic novelty determined using RED	classification based on placement in class-level tree	N/A	41.13	11	0.90807	N/A
Esin_bac_bin160	d__Bacteria;p__Bacillota_A;c__Clostridia;o__Oscillospirales;f__Ruminococcaceae;g__;s__	N/A	N/A	N/A	N/A	N/A	N/A	N/A	N/A	N/A	N/A	d__Bacteria;p__Bacillota_A;c__Clostridia;o__Oscillospirales;f__Ruminococcaceae;g__;s__	taxonomic novelty determined using RED	classification based on placement in class-level tree	N/A	45.08	11	0.86238	N/A
Esin_bac_bin161	d__Bacteria;p__Bacillota_A;c__Clostridia;o__Oscillospirales;f__Ruminococcaceae;g__;s__	N/A	N/A	N/A	N/A	N/A	N/A	N/A	N/A	N/A	N/A	d__Bacteria;p__Bacillota_A;c__Clostridia;o__Oscillospirales;f__Ruminococcaceae;g__;s__	taxonomic novelty determined using RED	classification based on placement in class-level tree	N/A	89.77	11	0.86357	N/A
Esin_bac_bin162	d__Bacteria;p__Bacillota_A;c__Clostridia;o__Oscillospirales;f__Ruminococcaceae;g__;s__	N/A	N/A	N/A	N/A	N/A	N/A	N/A	N/A	N/A	N/A	d__Bacteria;p__Bacillota_A;c__Clostridia;o__Oscillospirales;f__Ruminococcaceae;g__;s__	taxonomic novelty determined using RED	classification based on placement in class-level tree	N/A	90.65	11	0.87774	N/A
Esin_bac_bin163	d__Bacteria;p__Bacillota_A;c__Clostridia;o__Oscillospirales;f__Ruminococcaceae;g__;s__	N/A	N/A	N/A	N/A	N/A	N/A	N/A	N/A	N/A	N/A	d__Bacteria;p__Bacillota_A;c__Clostridia;o__Oscillospirales;f__Ruminococcaceae;g__;s__	taxonomic novelty determined using RED	classification based on placement in class-level tree	N/A	98.09	11	0.87787	N/A
Esin_bac_bin164	d__Bacteria;p__Bacillota_A;c__Clostridia;o__Oscillospirales;f__Ruminococcaceae;g__UBA946;s__	N/A	N/A	N/A	N/A	N/A	N/A	N/A	N/A	N/A	N/A	d__Bacteria;p__Bacillota_A;c__Clostridia;o__Oscillospirales;f__Ruminococcaceae;g__UBA946;s__	taxonomic classification fully defined by topology	classification based on placement in class-level tree	N/A	43.79	11	0.90016	N/A
Esin_bac_bin165	d__Bacteria;p__Bacillota_A;c__Clostridia;o__Oscillospirales;f__Ruminococcaceae;g__UBA946;s__	N/A	N/A	N/A	N/A	N/A	N/A	N/A	N/A	N/A	N/A	d__Bacteria;p__Bacillota_A;c__Clostridia;o__Oscillospirales;f__Ruminococcaceae;g__UBA946;s__	taxonomic classification fully defined by topology	classification based on placement in class-level tree	N/A	80.75	11	0.9002	N/A
Esin_bac_bin166	d__Bacteria;p__Bacillota_A;c__Clostridia;o__Oscillospirales;f__UBA929;g__;s__	N/A	N/A	N/A	N/A	N/A	N/A	N/A	N/A	N/A	N/A	d__Bacteria;p__Bacillota_A;c__Clostridia;o__Oscillospirales;f__UBA929;g__;s__	taxonomic classification fully defined by topology	classification based on placement in class-level tree	N/A	62.44	11	0.77902	N/A
Esin_bac_bin167	d__Bacteria;p__Bacillota_A;c__Clostridia;o__Oscillospirales;f__UBA929;g__UBA929;s__	N/A	N/A	N/A	N/A	N/A	N/A	N/A	N/A	N/A	N/A	d__Bacteria;p__Bacillota_A;c__Clostridia;o__Oscillospirales;f__UBA929;g__UBA929;s__	taxonomic classification fully defined by topology	classification based on placement in class-level tree	N/A	42.52	11	0.87292	N/A
Esin_bac_bin168	d__Bacteria;p__Bacillota_A;c__Clostridia;o__Oscillospirales;f__UBA929;g__WRMG01;s__	N/A	N/A	N/A	N/A	N/A	N/A	N/A	N/A	N/A	N/A	d__Bacteria;p__Bacillota_A;c__Clostridia;o__Oscillospirales;f__UBA929;g__WRMG01;s__	taxonomic classification fully defined by topology	classification based on placement in class-level tree	N/A	36.44	11	0.89687	N/A
Esin_bac_bin169	d__Bacteria;p__Bacillota_A;c__Clostridia;o__Oscillospirales;f__UMGS1384;g__Allobutyricicoccus;s__	N/A	N/A	N/A	N/A	N/A	N/A	N/A	N/A	N/A	N/A	d__Bacteria;p__Bacillota_A;c__Clostridia;o__Oscillospirales;f__UMGS1384;g__Allobutyricicoccus;s__	taxonomic classification fully defined by topology	classification based on placement in class-level tree	N/A	48.08	11	0.97438	N/A
Esin_bac_bin170	d__Bacteria;p__Bacillota_A;c__Clostridia;o__Peptostreptococcales;f__Anaerovoracaceae;g__;s__	N/A	N/A	N/A	N/A	N/A	N/A	N/A	N/A	N/A	N/A	d__Bacteria;p__Bacillota_A;c__Clostridia;o__Peptostreptococcales;f__Anaerovoracaceae;g__;s__	taxonomic classification fully defined by topology	classification based on placement in class-level tree	N/A	49.87	11	0.79786	N/A
Esin_bac_bin171	d__Bacteria;p__Bacillota_A;c__Clostridia;o__Peptostreptococcales;f__Anaerovoracaceae;g__;s__	N/A	N/A	N/A	N/A	N/A	N/A	N/A	N/A	N/A	N/A	d__Bacteria;p__Bacillota_A;c__Clostridia;o__Peptostreptococcales;f__Anaerovoracaceae;g__;s__	taxonomic classification fully defined by topology	classification based on placement in class-level tree	N/A	78.83	11	0.79999	N/A
Esin_bac_bin172	d__Bacteria;p__Bacillota_A;c__Clostridia;o__Peptostreptococcales;f__Anaerovoracaceae;g__;s__	N/A	N/A	N/A	N/A	N/A	N/A	N/A	N/A	N/A	N/A	d__Bacteria;p__Bacillota_A;c__Clostridia;o__Peptostreptococcales;f__Anaerovoracaceae;g__;s__	taxonomic classification fully defined by topology	classification based on placement in class-level tree	N/A	82.86	11	0.78841	N/A
Esin_bac_bin173	d__Bacteria;p__Bacillota_A;c__Clostridia;o__Peptostreptococcales;f__Anaerovoracaceae;g__;s__	N/A	N/A	N/A	N/A	N/A	N/A	N/A	N/A	N/A	N/A	d__Bacteria;p__Bacillota_A;c__Clostridia;o__Peptostreptococcales;f__Anaerovoracaceae;g__;s__	taxonomic classification fully defined by topology	classification based on placement in class-level tree	N/A	88.4	11	0.79829	N/A
Esin_bac_bin174	d__Bacteria;p__Bacillota_A;c__Clostridia;o__Peptostreptococcales;f__Peptostreptococcaceae;g__Romboutsia_A;s__	N/A	N/A	N/A	N/A	N/A	N/A	N/A	N/A	N/A	N/A	d__Bacteria;p__Bacillota_A;c__Clostridia;o__Peptostreptococcales;f__Peptostreptococcaceae;g__Romboutsia_A;s__	taxonomic novelty determined using RED	classification based on placement in class-level tree	N/A	30.63	11	0.94975	N/A
Esin_bac_bin175	d__Bacteria;p__Bacillota_A;c__Clostridia;o__Peptostreptococcales;f__Peptostreptococcaceae;g__Romboutsia_A;s__	N/A	N/A	N/A	N/A	N/A	N/A	N/A	N/A	N/A	N/A	d__Bacteria;p__Bacillota_A;c__Clostridia;o__Peptostreptococcales;f__Peptostreptococcaceae;g__Romboutsia_A;s__	taxonomic novelty determined using RED	classification based on placement in class-level tree	N/A	93.88	11	0.94972	N/A
Esin_bac_bin176	d__Bacteria;p__Bacillota_A;c__Clostridia;o__RUG12999;f__RUG12999;g__;s__	N/A	N/A	N/A	N/A	N/A	N/A	N/A	N/A	N/A	N/A	d__Bacteria;p__Bacillota_A;c__Clostridia;o__RUG12999;f__RUG12999;g__;s__	taxonomic novelty determined using RED	classification based on placement in class-level tree	N/A	38.07	11	0.82683	N/A
Esin_bac_bin177	d__Bacteria;p__Bacillota_A;c__Clostridia;o__UBA1212;f__SIG427;g__SIG427;s__	N/A	N/A	N/A	N/A	N/A	N/A	N/A	N/A	N/A	N/A	d__Bacteria;p__Bacillota_A;c__Clostridia;o__UBA1212;f__SIG427;g__SIG427;s__	taxonomic classification fully defined by topology	classification based on placement in class-level tree	N/A	61.41	11	0.92068	N/A
Esin_bac_bin178	d__Bacteria;p__Bacillota_A;c__Clostridia;o__UBA1212;f__SIG427;g__;s__	N/A	N/A	N/A	N/A	N/A	N/A	N/A	N/A	N/A	N/A	d__Bacteria;p__Bacillota_A;c__Clostridia;o__UBA1212;f__SIG427;g__;s__	taxonomic novelty determined using RED	classification based on placement in class-level tree	N/A	57.4	11	0.74736	N/A
Esin_bac_bin179	d__Bacteria;p__Bacillota_A;c__Clostridia;o__UBA1381;f__;g__;s__	N/A	N/A	N/A	N/A	N/A	N/A	N/A	N/A	N/A	N/A	d__Bacteria;p__Bacillota_A;c__Clostridia;o__UBA1381;f__;g__;s__	taxonomic classification fully defined by topology	classification based on placement in class-level tree	N/A	59.66	11	0.66035	N/A
Esin_bac_bin180	d__Bacteria;p__Bacillota_A;c__Clostridia;o__UBA1381;f__UBA1381;g__;s__	N/A	N/A	N/A	N/A	N/A	N/A	N/A	N/A	N/A	N/A	d__Bacteria;p__Bacillota_A;c__Clostridia;o__UBA1381;f__UBA1381;g__;s__	taxonomic novelty determined using RED	classification based on placement in class-level tree	N/A	47.09	11	0.82435	N/A
Esin_bac_bin181	d__Bacteria;p__Bacillota_A;c__Clostridia;o__UBA1381;f__UBA1381;g__;s__	N/A	N/A	N/A	N/A	N/A	N/A	N/A	N/A	N/A	N/A	d__Bacteria;p__Bacillota_A;c__Clostridia;o__UBA1381;f__UBA1381;g__;s__	taxonomic novelty determined using RED	classification based on placement in class-level tree	N/A	85.02	11	0.82273	N/A
Esin_bac_bin182	d__Bacteria;p__Bacillota_B;c__Dehalobacteriia;o__UBA4068;f__UBA4068;g__CALXSV01;s__	N/A	N/A	N/A	N/A	N/A	N/A	N/A	N/A	N/A	N/A	d__Bacteria;p__Bacillota_B;c__Dehalobacteriia;o__UBA4068;f__UBA4068;g__CALXSV01;s__	taxonomic classification fully defined by topology	classification based on placement in class-level tree	N/A	75.19	11	0.91392	N/A
Esin_bac_bin183	d__Bacteria;p__Bacillota;c__Bacilli;o__Lactobacillales;f__Enterococcaceae;g__Enterococcus_C;s__Enterococcus_C asini	GCF_000407365.1	95.0	d__Bacteria;p__Bacillota;c__Bacilli;o__Lactobacillales;f__Enterococcaceae;g__Enterococcus_C;s__Enterococcus_C asini	97.15	0.872	N/A	N/A	N/A	N/A	N/A	N/A	ani_screen	classification based on ANI only	N/A	N/A	N/A	N/A	N/A
Esin_bac_bin184	d__Bacteria;p__Bacillota;c__Bacilli;o__Lactobacillales;f__Enterococcaceae;g__Enterococcus_C;s__Enterococcus_C leclercqii	GCF_009933135.1	95.0	d__Bacteria;p__Bacillota;c__Bacilli;o__Lactobacillales;f__Enterococcaceae;g__Enterococcus_C;s__Enterococcus_C leclercqii	97.87	0.902	N/A	N/A	N/A	N/A	N/A	N/A	ani_screen	classification based on ANI only	N/A	N/A	N/A	N/A	N/A
Esin_bac_bin185	d__Bacteria;p__Bacillota;c__Bacilli;o__Lactobacillales;f__Enterococcaceae;g__Enterococcus_C;s__Enterococcus_C songbeiensis	GCF_005405265.1	95.0	d__Bacteria;p__Bacillota;c__Bacilli;o__Lactobacillales;f__Enterococcaceae;g__Enterococcus_C;s__Enterococcus_C songbeiensis	97.77	0.781	N/A	N/A	N/A	N/A	N/A	N/A	ani_screen	classification based on ANI only	N/A	N/A	N/A	N/A	N/A
Esin_bac_bin186	d__Bacteria;p__Bacillota;c__Bacilli;o__Lactobacillales;f__Enterococcaceae;g__Enterococcus_C;s__Enterococcus_C sp027692465	GCA_027692465.1	95.0	d__Bacteria;p__Bacillota;c__Bacilli;o__Lactobacillales;f__Enterococcaceae;g__Enterococcus_C;s__Enterococcus_C sp027692465	97.6	0.852	N/A	N/A	N/A	N/A	N/A	N/A	ani_screen	classification based on ANI only	N/A	N/A	N/A	N/A	N/A
Esin_bac_bin187	d__Bacteria;p__Bacillota;c__Bacilli;o__Lactobacillales;f__Enterococcaceae;g__Enterococcus_C;s__Enterococcus_C stercoravium	GCA_019114905.1	95.0	d__Bacteria;p__Bacillota;c__Bacilli;o__Lactobacillales;f__Enterococcaceae;g__Enterococcus_C;s__Enterococcus_C stercoravium	97.96	0.818	N/A	N/A	N/A	N/A	N/A	N/A	ani_screen	classification based on ANI only	N/A	N/A	N/A	N/A	N/A
Esin_bac_bin188	d__Bacteria;p__Bacillota;c__Bacilli;o__Lactobacillales;f__Enterococcaceae;g__Enterococcus_H;s__Enterococcus_H canis	GCF_001544375.1	95.0	d__Bacteria;p__Bacillota;c__Bacilli;o__Lactobacillales;f__Enterococcaceae;g__Enterococcus_H;s__Enterococcus_H canis	97.63	0.897	N/A	N/A	N/A	N/A	N/A	N/A	ani_screen	classification based on ANI only	N/A	N/A	N/A	N/A	N/A
Esin_bac_bin189	d__Bacteria;p__Bacillota;c__Bacilli;o__Lactobacillales;f__Enterococcaceae;g__Enterococcus_J;s__	N/A	N/A	N/A	N/A	N/A	N/A	N/A	N/A	N/A	N/A	d__Bacteria;p__Bacillota;c__Bacilli;o__Lactobacillales;f__Enterococcaceae;g__Enterococcus_J;s__	taxonomic classification fully defined by topology	classification based on placement in class-level tree	N/A	34.2	11	0.9443	N/A
Esin_bac_bin190	d__Bacteria;p__Bacillota;c__Bacilli;o__Lactobacillales;f__Lactobacillaceae;g__Amylolactobacillus;s__	N/A	N/A	N/A	N/A	N/A	GCF_001936335.1	95.0	d__Bacteria;p__Bacillota;c__Bacilli;o__Lactobacillales;f__Lactobacillaceae;g__Amylolactobacillus;s__Amylolactobacillus amylophilus	94.81	0.71	d__Bacteria;p__Bacillota;c__Bacilli;o__Lactobacillales;f__Lactobacillaceae;g__Amylolactobacillus;s__	taxonomic classification defined by topology and ANI	classification based on placement in class-level tree	N/A	64.55	11	0.99644	Genome not assigned to closest species as it falls outside its pre-defined ANI radius
Esin_bac_bin191	d__Bacteria;p__Bacillota;c__Bacilli;o__Lactobacillales;f__Lactobacillaceae;g__Lacticaseibacillus;s__Lacticaseibacillus sp934339215	GCA_934339215.1	95.0	d__Bacteria;p__Bacillota;c__Bacilli;o__Lactobacillales;f__Lactobacillaceae;g__Lacticaseibacillus;s__Lacticaseibacillus sp934339215	96.25	0.789	N/A	N/A	N/A	N/A	N/A	N/A	ani_screen	classification based on ANI only	GCF_001435035.1, s__Lacticaseibacillus manihotivorans, 95.0, 92.09, 0.645; GCF_003946305.1, s__Lacticaseibacillus porcinae, 95.0, 85.14, 0.411	N/A	N/A	N/A	N/A
Esin_bac_bin192	d__Bacteria;p__Bacillota;c__Bacilli;o__Lactobacillales;f__Lactobacillaceae;g__Lacticaseibacillus;s__	N/A	N/A	N/A	N/A	N/A	GCF_003946025.1	95.0	d__Bacteria;p__Bacillota;c__Bacilli;o__Lactobacillales;f__Lactobacillaceae;g__Lacticaseibacillus;s__Lacticaseibacillus songhuajiangensis	82.89	0.275	d__Bacteria;p__Bacillota;c__Bacilli;o__Lactobacillales;f__Lactobacillaceae;g__Lacticaseibacillus;s__	taxonomic classification defined by topology and ANI	classification based on placement in class-level tree	N/A	95.13	11	0.99366	N/A
Esin_bac_bin193	d__Bacteria;p__Bacillota;c__Bacilli;o__Lactobacillales;f__Lactobacillaceae;g__Lacticaseibacillus;s__	N/A	N/A	N/A	N/A	N/A	GCF_016861845.1	95.0	d__Bacteria;p__Bacillota;c__Bacilli;o__Lactobacillales;f__Lactobacillaceae;g__Lacticaseibacillus;s__Lacticaseibacillus suilingensis	92.77	0.809	d__Bacteria;p__Bacillota;c__Bacilli;o__Lactobacillales;f__Lactobacillaceae;g__Lacticaseibacillus;s__	taxonomic classification defined by topology and ANI	classification based on placement in class-level tree	GCF_003946175.1, s__Lacticaseibacillus suibinensis, 95.0, 92.77, 0.773	43.91	11	0.9985	Genome not assigned to closest species as it falls outside its pre-defined ANI radius
Esin_bac_bin194	d__Bacteria;p__Bacillota;c__Bacilli;o__Lactobacillales;f__Lactobacillaceae;g__Lacticaseibacillus;s__	N/A	N/A	N/A	N/A	N/A	N/A	N/A	N/A	N/A	N/A	d__Bacteria;p__Bacillota;c__Bacilli;o__Lactobacillales;f__Lactobacillaceae;g__Lacticaseibacillus;s__	taxonomic classification defined by topology and ANI	classification based on placement in class-level tree	GCF_001311195.1, s__Lacticaseibacillus camelliae, 95.0, 84.62, 0.331; GCF_003946465.1, s__Lacticaseibacillus hegangensis, 95.0, 83.85, 0.305; GCF_016861825.1, s__Lacticaseibacillus sp016861825, 95.0, 83.81, 0.272	36.92	11	0.99332	N/A
Esin_bac_bin195	d__Bacteria;p__Bacillota;c__Bacilli;o__Lactobacillales;f__Lactobacillaceae;g__Lapidilactobacillus;s__Lapidilactobacillus dextrinicus	GCF_001436095.1	95.0	d__Bacteria;p__Bacillota;c__Bacilli;o__Lactobacillales;f__Lactobacillaceae;g__Lapidilactobacillus;s__Lapidilactobacillus dextrinicus	95.79	0.835	N/A	N/A	N/A	N/A	N/A	N/A	ani_screen	classification based on ANI only	N/A	N/A	N/A	N/A	N/A
Esin_bac_bin196	d__Bacteria;p__Bacillota;c__Bacilli;o__Lactobacillales;f__Lactobacillaceae;g__Limosilactobacillus;s__Limosilactobacillus pontis	GCF_001435345.1	95.0	d__Bacteria;p__Bacillota;c__Bacilli;o__Lactobacillales;f__Lactobacillaceae;g__Limosilactobacillus;s__Limosilactobacillus pontis	98.89	0.928	N/A	N/A	N/A	N/A	N/A	N/A	ani_screen	classification based on ANI only	GCA_945872695.1, s__Limosilactobacillus sp002299975, 95.0, 84.55, 0.407; GCF_002940945.1, s__Limosilactobacillus pontis_A, 95.0, 85.27, 0.491; GCA_019117285.1, s__Limosilactobacillus intestinigallinarum, 95.0, 88.44, 0.57	N/A	N/A	N/A	N/A
Esin_bac_bin197	d__Bacteria;p__Bacillota;c__Bacilli;o__Lactobacillales;f__Lactobacillaceae;g__Loigolactobacillus;s__Loigolactobacillus coryniformis	GCF_002706425.1	95.0	d__Bacteria;p__Bacillota;c__Bacilli;o__Lactobacillales;f__Lactobacillaceae;g__Loigolactobacillus;s__Loigolactobacillus coryniformis	97.29	0.79	N/A	N/A	N/A	N/A	N/A	N/A	ani_screen	classification based on ANI only	N/A	N/A	N/A	N/A	N/A
Esin_bac_bin198	d__Bacteria;p__Bacillota;c__Bacilli;o__Lactobacillales;f__Lactobacillaceae;g__Paucilactobacillus;s__	N/A	N/A	N/A	N/A	N/A	N/A	N/A	N/A	N/A	N/A	d__Bacteria;p__Bacillota;c__Bacilli;o__Lactobacillales;f__Lactobacillaceae;g__Paucilactobacillus;s__	taxonomic classification fully defined by topology	classification based on placement in class-level tree	N/A	60.58	11	0.94578	N/A
Esin_bac_bin199	d__Bacteria;p__Bacillota;c__Bacilli;o__Lactobacillales;f__Lactobacillaceae;g__Paucilactobacillus;s__Paucilactobacillus kaifaensis	GCF_005405145.1	95.0	d__Bacteria;p__Bacillota;c__Bacilli;o__Lactobacillales;f__Lactobacillaceae;g__Paucilactobacillus;s__Paucilactobacillus kaifaensis	98.14	0.863	N/A	N/A	N/A	N/A	N/A	N/A	ani_screen	classification based on ANI only	N/A	N/A	N/A	N/A	N/A
Esin_bac_bin200	d__Bacteria;p__Bacillota;c__Bacilli;o__Lactobacillales;f__Lactobacillaceae;g__Paucilactobacillus;s__Paucilactobacillus vaccinostercus	GCF_001436295.1	95.0	d__Bacteria;p__Bacillota;c__Bacilli;o__Lactobacillales;f__Lactobacillaceae;g__Paucilactobacillus;s__Paucilactobacillus vaccinostercus	98.39	0.854	N/A	N/A	N/A	N/A	N/A	N/A	ani_screen	classification based on ANI only	N/A	N/A	N/A	N/A	N/A
Esin_bac_bin201	d__Bacteria;p__Bacillota;c__Bacilli;o__Lactobacillales;f__Lactobacillaceae;g__Pediococcus;s__Pediococcus cellicola	GCF_001438655.1	95.0	d__Bacteria;p__Bacillota;c__Bacilli;o__Lactobacillales;f__Lactobacillaceae;g__Pediococcus;s__Pediococcus cellicola	98.54	0.876	N/A	N/A	N/A	N/A	N/A	N/A	ani_screen	classification based on ANI only	N/A	N/A	N/A	N/A	N/A
Esin_bac_bin202	d__Bacteria;p__Bacillota;c__Bacilli;o__Lactobacillales;f__Lactobacillaceae;g__Secundilactobacillus;s__	N/A	N/A	N/A	N/A	N/A	N/A	N/A	N/A	N/A	N/A	d__Bacteria;p__Bacillota;c__Bacilli;o__Lactobacillales;f__Lactobacillaceae;g__Secundilactobacillus;s__	taxonomic classification fully defined by topology	classification based on placement in class-level tree	N/A	43.42	11	0.97486	N/A
Esin_bac_bin203	d__Bacteria;p__Bacillota;c__Bacilli;o__Lactobacillales;f__Lactobacillaceae;g__Secundilactobacillus;s__	N/A	N/A	N/A	N/A	N/A	N/A	N/A	N/A	N/A	N/A	d__Bacteria;p__Bacillota;c__Bacilli;o__Lactobacillales;f__Lactobacillaceae;g__Secundilactobacillus;s__	taxonomic classification fully defined by topology	classification based on placement in class-level tree	N/A	72.99	11	0.96733	N/A
Esin_bac_bin204	d__Bacteria;p__Bacillota;c__Bacilli;o__Lactobacillales;f__Lactobacillaceae;g__Secundilactobacillus;s__Secundilactobacillus oryzae	GCF_000740055.1	95.0	d__Bacteria;p__Bacillota;c__Bacilli;o__Lactobacillales;f__Lactobacillaceae;g__Secundilactobacillus;s__Secundilactobacillus oryzae	97.83	0.836	N/A	N/A	N/A	N/A	N/A	N/A	ani_screen	classification based on ANI only	N/A	N/A	N/A	N/A	N/A
Esin_bac_bin205	d__Bacteria;p__Bacillota;c__Bacilli;o__Lactobacillales;f__Lactobacillaceae;g__Secundilactobacillus;s__Secundilactobacillus yichangensis	GCF_016861565.1	95.0	d__Bacteria;p__Bacillota;c__Bacilli;o__Lactobacillales;f__Lactobacillaceae;g__Secundilactobacillus;s__Secundilactobacillus yichangensis	96.88	0.818	N/A	N/A	N/A	N/A	N/A	N/A	ani_screen	classification based on ANI only	N/A	N/A	N/A	N/A	N/A
Esin_bac_bin206	d__Bacteria;p__Bacillota;c__Bacilli;o__MOL361;f__Turicibacteraceae;g__Turicibacter;s__	N/A	N/A	N/A	N/A	N/A	N/A	N/A	N/A	N/A	N/A	d__Bacteria;p__Bacillota;c__Bacilli;o__MOL361;f__Turicibacteraceae;g__Turicibacter;s__	taxonomic novelty determined using RED	classification based on placement in class-level tree	N/A	52.79	11	0.92331	N/A
Esin_bac_bin207	d__Bacteria;p__Bacillota_C;c__Negativicutes;o__Acidaminococcales;f__Acidaminococcaceae;g__Phascolarctobacterium;s__Phascolarctobacterium faecium	GCF_003269275.1	95.0	d__Bacteria;p__Bacillota_C;c__Negativicutes;o__Acidaminococcales;f__Acidaminococcaceae;g__Phascolarctobacterium;s__Phascolarctobacterium faecium	98.49	0.821	N/A	N/A	N/A	N/A	N/A	N/A	ani_screen	classification based on ANI only	GCA_900551745.1, s__Phascolarctobacterium sp900551745, 95.0, 94.17, 0.745; GCF_900545535.1, s__Phascolarctobacterium sp900545535, 95.0, 85.13, 0.497	N/A	N/A	N/A	N/A
Esin_bac_bin208	d__Bacteria;p__Bacillota_C;c__Negativicutes;o__Acidaminococcales;f__JAISLQ01;g__;s__	N/A	N/A	N/A	N/A	N/A	N/A	N/A	N/A	N/A	N/A	d__Bacteria;p__Bacillota_C;c__Negativicutes;o__Acidaminococcales;f__JAISLQ01;g__;s__	taxonomic novelty determined using RED	classification based on placement in class-level tree	N/A	81.07	11	0.78141	N/A
Esin_bac_bin209	d__Bacteria;p__Bacillota_I;c__Bacilli_A;o__Acholeplasmatales;f__Acholeplasmataceae;g__JAJDIT01;s__	N/A	N/A	N/A	N/A	N/A	N/A	N/A	N/A	N/A	N/A	d__Bacteria;p__Bacillota_I;c__Bacilli_A;o__Acholeplasmatales;f__Acholeplasmataceae;g__JAJDIT01;s__	taxonomic novelty determined using RED	classification based on placement in class-level tree	N/A	46.83	11	0.85349	N/A
Esin_bac_bin210	d__Bacteria;p__Bacillota_I;c__Bacilli_A;o__Acholeplasmatales;f__Acholeplasmataceae;g__;s__	N/A	N/A	N/A	N/A	N/A	N/A	N/A	N/A	N/A	N/A	d__Bacteria;p__Bacillota_I;c__Bacilli_A;o__Acholeplasmatales;f__Acholeplasmataceae;g__;s__	taxonomic classification fully defined by topology	classification based on placement in class-level tree	N/A	65.92	11	0.72585	N/A
Esin_bac_bin211	d__Bacteria;p__Bacillota_I;c__Bacilli_A;o__Acholeplasmatales;f__Acholeplasmataceae;g__;s__	N/A	N/A	N/A	N/A	N/A	N/A	N/A	N/A	N/A	N/A	d__Bacteria;p__Bacillota_I;c__Bacilli_A;o__Acholeplasmatales;f__Acholeplasmataceae;g__;s__	taxonomic classification fully defined by topology	classification based on placement in class-level tree	N/A	84.87	11	0.72511	N/A
Esin_bac_bin212	d__Bacteria;p__Bacillota_I;c__Bacilli_A;o__Acholeplasmatales;f__Acholeplasmataceae;g__;s__	N/A	N/A	N/A	N/A	N/A	N/A	N/A	N/A	N/A	N/A	d__Bacteria;p__Bacillota_I;c__Bacilli_A;o__Acholeplasmatales;f__Acholeplasmataceae;g__;s__	taxonomic novelty determined using RED	classification based on placement in class-level tree	N/A	48.0	11	0.81437	N/A
Esin_bac_bin213	d__Bacteria;p__Bacillota_I;c__Bacilli_A;o__Acholeplasmatales;f__Acholeplasmataceae;g__;s__	N/A	N/A	N/A	N/A	N/A	N/A	N/A	N/A	N/A	N/A	d__Bacteria;p__Bacillota_I;c__Bacilli_A;o__Acholeplasmatales;f__Acholeplasmataceae;g__;s__	taxonomic novelty determined using RED	classification based on placement in class-level tree	N/A	86.2	11	0.82995	N/A
Esin_bac_bin214	d__Bacteria;p__Bacillota_I;c__Bacilli_A;o__Acholeplasmatales;f__Acholeplasmataceae;g__;s__	N/A	N/A	N/A	N/A	N/A	N/A	N/A	N/A	N/A	N/A	d__Bacteria;p__Bacillota_I;c__Bacilli_A;o__Acholeplasmatales;f__Acholeplasmataceae;g__;s__	taxonomic novelty determined using RED	classification based on placement in class-level tree	N/A	88.32	11	0.82759	N/A
Esin_bac_bin215	d__Bacteria;p__Bacillota_I;c__Bacilli_A;o__Acholeplasmatales;f__JAEDCM01;g__JAEDCM01;s__	N/A	N/A	N/A	N/A	N/A	N/A	N/A	N/A	N/A	N/A	d__Bacteria;p__Bacillota_I;c__Bacilli_A;o__Acholeplasmatales;f__JAEDCM01;g__JAEDCM01;s__	taxonomic novelty determined using RED	classification based on placement in class-level tree	N/A	79.44	11	0.8623	N/A
Esin_bac_bin216	d__Bacteria;p__Bacillota_I;c__Bacilli_A;o__Erysipelotrichales;f__Erysipelotrichaceae;g__Breznakia;s__Breznakia sp001695645	GCA_001695645.1	95.0	d__Bacteria;p__Bacillota_I;c__Bacilli_A;o__Erysipelotrichales;f__Erysipelotrichaceae;g__Breznakia;s__Breznakia sp001695645	97.76	0.804	N/A	N/A	N/A	N/A	N/A	N/A	ani_screen	classification based on ANI only	N/A	N/A	N/A	N/A	N/A
Esin_bac_bin217	d__Bacteria;p__Bacillota_I;c__Bacilli_A;o__Erysipelotrichales;f__Erysipelotrichaceae;g__;s__	N/A	N/A	N/A	N/A	N/A	N/A	N/A	N/A	N/A	N/A	d__Bacteria;p__Bacillota_I;c__Bacilli_A;o__Erysipelotrichales;f__Erysipelotrichaceae;g__;s__	taxonomic novelty determined using RED	classification based on placement in class-level tree	N/A	91.36	11	0.74894	N/A
Esin_bac_bin218	d__Bacteria;p__Bacillota_I;c__Bacilli_A;o__JAJDGJ01;f__JAJDGJ01;g__;s__	N/A	N/A	N/A	N/A	N/A	N/A	N/A	N/A	N/A	N/A	d__Bacteria;p__Bacillota_I;c__Bacilli_A;o__JAJDGJ01;f__JAJDGJ01;g__;s__	taxonomic novelty determined using RED	classification based on placement in class-level tree	N/A	63.97	11	0.8382	N/A
Esin_bac_bin219	d__Bacteria;p__Bacillota_I;c__Bacilli_A;o__ML615J-28;f__CAG-313;g__;s__	N/A	N/A	N/A	N/A	N/A	N/A	N/A	N/A	N/A	N/A	d__Bacteria;p__Bacillota_I;c__Bacilli_A;o__ML615J-28;f__CAG-313;g__;s__	taxonomic novelty determined using RED	classification based on placement in class-level tree	N/A	43.91	11	0.79851	N/A
Esin_bac_bin220	d__Bacteria;p__Bacillota_I;c__Bacilli_A;o__ML615J-28;f__CAG-313;g__;s__	N/A	N/A	N/A	N/A	N/A	N/A	N/A	N/A	N/A	N/A	d__Bacteria;p__Bacillota_I;c__Bacilli_A;o__ML615J-28;f__CAG-313;g__;s__	taxonomic novelty determined using RED	classification based on placement in class-level tree	N/A	87.07	11	0.81294	N/A
Esin_bac_bin221	d__Bacteria;p__Bacillota_I;c__Bacilli_A;o__ML615J-28;f__CAG-313;g__;s__	N/A	N/A	N/A	N/A	N/A	N/A	N/A	N/A	N/A	N/A	d__Bacteria;p__Bacillota_I;c__Bacilli_A;o__ML615J-28;f__CAG-313;g__;s__	taxonomic novelty determined using RED	classification based on placement in class-level tree	N/A	92.93	11	0.83745	N/A
Esin_bac_bin222	d__Bacteria;p__Bacillota_I;c__Bacilli_A;o__ML615J-28;f__CAG-698;g__;s__	N/A	N/A	N/A	N/A	N/A	N/A	N/A	N/A	N/A	N/A	d__Bacteria;p__Bacillota_I;c__Bacilli_A;o__ML615J-28;f__CAG-698;g__;s__	taxonomic classification fully defined by topology	classification based on placement in class-level tree	N/A	85.3	11	0.76002	N/A
Esin_bac_bin223	d__Bacteria;p__Bacillota_I;c__Bacilli_A;o__Mycoplasmatales;f__Mycoplasmataceae;g__Spiroplasma;s__	N/A	N/A	N/A	N/A	N/A	N/A	N/A	N/A	N/A	N/A	d__Bacteria;p__Bacillota_I;c__Bacilli_A;o__Mycoplasmatales;f__Mycoplasmataceae;g__Spiroplasma;s__	taxonomic classification defined by topology and ANI	classification based on placement in class-level tree	GCF_001886495.1, s__Spiroplasma sp001886495, 95.0, 81.58, 0.244; GCF_001886855.1, s__Spiroplasma citri, 95.0, 81.25, 0.168; GCF_030060925.1, s__Spiroplasma sp030060925, 95.0, 81.24, 0.219; GCF_005222125.1, s__Spiroplasma melliferum, 95.0, 80.95, 0.187; GCF_009866525.1, s__Spiroplasma poulsonii, 95.0, 80.13, 0.183; GCF_003339775.1, s__Spiroplasma phoeniceum, 95.0, 80.03, 0.163	71.38	4	0.90132	N/A
Esin_bac_bin224	d__Bacteria;p__Bacillota_I;c__Bacilli_A;o__RF39;f__UBA660;g__Faecisoma;s__	N/A	N/A	N/A	N/A	N/A	N/A	N/A	N/A	N/A	N/A	d__Bacteria;p__Bacillota_I;c__Bacilli_A;o__RF39;f__UBA660;g__Faecisoma;s__	taxonomic classification fully defined by topology	classification based on placement in class-level tree	N/A	41.25	11	0.86486	N/A
Esin_bac_bin225	d__Bacteria;p__Bacillota_I;c__Bacilli_A;o__RF39;f__UBA660;g__;s__	N/A	N/A	N/A	N/A	N/A	N/A	N/A	N/A	N/A	N/A	d__Bacteria;p__Bacillota_I;c__Bacilli_A;o__RF39;f__UBA660;g__;s__	taxonomic classification fully defined by topology	classification based on placement in class-level tree	N/A	47.45	11	0.67816	N/A
Esin_bac_bin226	d__Bacteria;p__Bacillota_I;c__Bacilli_A;o__RF39;f__UBA660;g__;s__	N/A	N/A	N/A	N/A	N/A	N/A	N/A	N/A	N/A	N/A	d__Bacteria;p__Bacillota_I;c__Bacilli_A;o__RF39;f__UBA660;g__;s__	taxonomic novelty determined using RED	classification based on placement in class-level tree	N/A	52.14	11	0.75122	N/A
Esin_bac_bin227	d__Bacteria;p__Bacillota_I;c__Bacilli_A;o__RF39;f__UBA660;g__;s__	N/A	N/A	N/A	N/A	N/A	N/A	N/A	N/A	N/A	N/A	d__Bacteria;p__Bacillota_I;c__Bacilli_A;o__RF39;f__UBA660;g__;s__	taxonomic novelty determined using RED	classification based on placement in class-level tree	N/A	53.39	11	0.76006	N/A
Esin_bac_bin228	d__Bacteria;p__Bacillota_I;c__Bacilli_A;o__RF39;f__UBA660;g__;s__	N/A	N/A	N/A	N/A	N/A	N/A	N/A	N/A	N/A	N/A	d__Bacteria;p__Bacillota_I;c__Bacilli_A;o__RF39;f__UBA660;g__;s__	taxonomic novelty determined using RED	classification based on placement in class-level tree	N/A	60.44	11	0.76987	N/A
Esin_bac_bin229	d__Bacteria;p__Bacillota_I;c__Bacilli_A;o__RF39;f__UBA660;g__;s__	N/A	N/A	N/A	N/A	N/A	N/A	N/A	N/A	N/A	N/A	d__Bacteria;p__Bacillota_I;c__Bacilli_A;o__RF39;f__UBA660;g__;s__	taxonomic novelty determined using RED	classification based on placement in class-level tree	N/A	62.38	11	0.79841	N/A
Esin_bac_bin230	d__Bacteria;p__Bacillota_I;c__Bacilli_A;o__RF39;f__UBA660;g__;s__	N/A	N/A	N/A	N/A	N/A	N/A	N/A	N/A	N/A	N/A	d__Bacteria;p__Bacillota_I;c__Bacilli_A;o__RF39;f__UBA660;g__;s__	taxonomic novelty determined using RED	classification based on placement in class-level tree	N/A	65.34	11	0.72025	N/A
Esin_bac_bin231	d__Bacteria;p__Bacillota_I;c__Bacilli_A;o__RFN20;f__CAG-826;g__;s__	N/A	N/A	N/A	N/A	N/A	N/A	N/A	N/A	N/A	N/A	d__Bacteria;p__Bacillota_I;c__Bacilli_A;o__RFN20;f__CAG-826;g__;s__	taxonomic classification fully defined by topology	classification based on placement in class-level tree	N/A	63.02	11	0.72318	N/A
Esin_bac_bin232	d__Bacteria;p__Bacillota_I;c__Bacilli_A;o__RFN20;f__CAG-826;g__;s__	N/A	N/A	N/A	N/A	N/A	N/A	N/A	N/A	N/A	N/A	d__Bacteria;p__Bacillota_I;c__Bacilli_A;o__RFN20;f__CAG-826;g__;s__	taxonomic classification fully defined by topology	classification based on placement in class-level tree	N/A	88.54	11	0.72918	N/A
Esin_bac_bin233	d__Bacteria;p__Bacillota_I;c__Bacilli_A;o__RFN20;f__CAG-826;g__;s__	N/A	N/A	N/A	N/A	N/A	N/A	N/A	N/A	N/A	N/A	d__Bacteria;p__Bacillota_I;c__Bacilli_A;o__RFN20;f__CAG-826;g__;s__	taxonomic novelty determined using RED	classification based on placement in class-level tree	N/A	34.98	11	0.78269	N/A
Esin_bac_bin234	d__Bacteria;p__Bacillota_I;c__Bacilli_A;o__RFN20;f__CAG-826;g__;s__	N/A	N/A	N/A	N/A	N/A	N/A	N/A	N/A	N/A	N/A	d__Bacteria;p__Bacillota_I;c__Bacilli_A;o__RFN20;f__CAG-826;g__;s__	taxonomic novelty determined using RED	classification based on placement in class-level tree	N/A	73.84	11	0.73322	N/A
Esin_bac_bin235	d__Bacteria;p__Bacillota_I;c__Bacilli_A;o__RFN20;f__CAG-826;g__;s__	N/A	N/A	N/A	N/A	N/A	N/A	N/A	N/A	N/A	N/A	d__Bacteria;p__Bacillota_I;c__Bacilli_A;o__RFN20;f__CAG-826;g__;s__	taxonomic novelty determined using RED	classification based on placement in class-level tree	N/A	85.24	11	0.76133	N/A
Esin_bac_bin236	d__Bacteria;p__Bacillota_I;c__Bacilli_A;o__RFN20;f__CAG-826;g__UBA1361;s__	N/A	N/A	N/A	N/A	N/A	N/A	N/A	N/A	N/A	N/A	d__Bacteria;p__Bacillota_I;c__Bacilli_A;o__RFN20;f__CAG-826;g__UBA1361;s__	taxonomic classification fully defined by topology	classification based on placement in class-level tree	N/A	53.98	11	0.94152	N/A
Esin_bac_bin237	d__Bacteria;p__Bacteroidota;c__Bacteroidia;o__Bacteroidales;f__Azobacteroidaceae;g__JAIRVZ01;s__	N/A	N/A	N/A	N/A	N/A	N/A	N/A	N/A	N/A	N/A	d__Bacteria;p__Bacteroidota;c__Bacteroidia;o__Bacteroidales;f__Azobacteroidaceae;g__JAIRVZ01;s__	taxonomic novelty determined using RED	classification based on placement in class-level tree	N/A	96.23	11	0.92063	N/A
Esin_bac_bin238	d__Bacteria;p__Bacteroidota;c__Bacteroidia;o__Bacteroidales;f__Azobacteroidaceae;g__JAJDGO01;s__	N/A	N/A	N/A	N/A	N/A	N/A	N/A	N/A	N/A	N/A	d__Bacteria;p__Bacteroidota;c__Bacteroidia;o__Bacteroidales;f__Azobacteroidaceae;g__JAJDGO01;s__	taxonomic novelty determined using RED	classification based on placement in class-level tree	N/A	46.95	11	0.96026	N/A
Esin_bac_bin239	d__Bacteria;p__Bacteroidota;c__Bacteroidia;o__Bacteroidales;f__Azobacteroidaceae;g__JAJDGO01;s__	N/A	N/A	N/A	N/A	N/A	N/A	N/A	N/A	N/A	N/A	d__Bacteria;p__Bacteroidota;c__Bacteroidia;o__Bacteroidales;f__Azobacteroidaceae;g__JAJDGO01;s__	taxonomic novelty determined using RED	classification based on placement in class-level tree	N/A	47.43	11	0.95895	N/A
Esin_bac_bin240	d__Bacteria;p__Bacteroidota;c__Bacteroidia;o__Bacteroidales;f__Azobacteroidaceae;g__JAJDGO01;s__	N/A	N/A	N/A	N/A	N/A	N/A	N/A	N/A	N/A	N/A	d__Bacteria;p__Bacteroidota;c__Bacteroidia;o__Bacteroidales;f__Azobacteroidaceae;g__JAJDGO01;s__	taxonomic novelty determined using RED	classification based on placement in class-level tree	N/A	51.9	11	0.95632	N/A
Esin_bac_bin241	d__Bacteria;p__Bacteroidota;c__Bacteroidia;o__Bacteroidales;f__Azobacteroidaceae;g__JAJDGO01;s__	N/A	N/A	N/A	N/A	N/A	N/A	N/A	N/A	N/A	N/A	d__Bacteria;p__Bacteroidota;c__Bacteroidia;o__Bacteroidales;f__Azobacteroidaceae;g__JAJDGO01;s__	taxonomic novelty determined using RED	classification based on placement in class-level tree	N/A	56.92	11	0.95983	N/A
Esin_bac_bin242	d__Bacteria;p__Bacteroidota;c__Bacteroidia;o__Bacteroidales;f__Azobacteroidaceae;g__JAJDGO01;s__	N/A	N/A	N/A	N/A	N/A	N/A	N/A	N/A	N/A	N/A	d__Bacteria;p__Bacteroidota;c__Bacteroidia;o__Bacteroidales;f__Azobacteroidaceae;g__JAJDGO01;s__	taxonomic novelty determined using RED	classification based on placement in class-level tree	N/A	60.26	11	0.94465	N/A
Esin_bac_bin243	d__Bacteria;p__Bacteroidota;c__Bacteroidia;o__Bacteroidales;f__Azobacteroidaceae;g__JAJDGO01;s__	N/A	N/A	N/A	N/A	N/A	N/A	N/A	N/A	N/A	N/A	d__Bacteria;p__Bacteroidota;c__Bacteroidia;o__Bacteroidales;f__Azobacteroidaceae;g__JAJDGO01;s__	taxonomic novelty determined using RED	classification based on placement in class-level tree	N/A	66.95	11	0.95825	Genome has more than 15.8% of markers with multiple hits
Esin_bac_bin244	d__Bacteria;p__Bacteroidota;c__Bacteroidia;o__Bacteroidales;f__Azobacteroidaceae;g__JAJDGO01;s__	N/A	N/A	N/A	N/A	N/A	N/A	N/A	N/A	N/A	N/A	d__Bacteria;p__Bacteroidota;c__Bacteroidia;o__Bacteroidales;f__Azobacteroidaceae;g__JAJDGO01;s__	taxonomic novelty determined using RED	classification based on placement in class-level tree	N/A	69.45	11	0.95562	N/A
Esin_bac_bin245	d__Bacteria;p__Bacteroidota;c__Bacteroidia;o__Bacteroidales;f__Azobacteroidaceae;g__JAJDGO01;s__	N/A	N/A	N/A	N/A	N/A	N/A	N/A	N/A	N/A	N/A	d__Bacteria;p__Bacteroidota;c__Bacteroidia;o__Bacteroidales;f__Azobacteroidaceae;g__JAJDGO01;s__	taxonomic novelty determined using RED	classification based on placement in class-level tree	N/A	72.37	11	0.95338	N/A
Esin_bac_bin246	d__Bacteria;p__Bacteroidota;c__Bacteroidia;o__Bacteroidales;f__Azobacteroidaceae;g__JAJDGO01;s__	N/A	N/A	N/A	N/A	N/A	N/A	N/A	N/A	N/A	N/A	d__Bacteria;p__Bacteroidota;c__Bacteroidia;o__Bacteroidales;f__Azobacteroidaceae;g__JAJDGO01;s__	taxonomic novelty determined using RED	classification based on placement in class-level tree	N/A	72.53	11	0.95663	N/A
Esin_bac_bin247	d__Bacteria;p__Bacteroidota;c__Bacteroidia;o__Bacteroidales;f__Azobacteroidaceae;g__JAJDGO01;s__	N/A	N/A	N/A	N/A	N/A	N/A	N/A	N/A	N/A	N/A	d__Bacteria;p__Bacteroidota;c__Bacteroidia;o__Bacteroidales;f__Azobacteroidaceae;g__JAJDGO01;s__	taxonomic novelty determined using RED	classification based on placement in class-level tree	N/A	74.14	11	0.95755	N/A
Esin_bac_bin248	d__Bacteria;p__Bacteroidota;c__Bacteroidia;o__Bacteroidales;f__Azobacteroidaceae;g__JAJDGO01;s__	N/A	N/A	N/A	N/A	N/A	N/A	N/A	N/A	N/A	N/A	d__Bacteria;p__Bacteroidota;c__Bacteroidia;o__Bacteroidales;f__Azobacteroidaceae;g__JAJDGO01;s__	taxonomic novelty determined using RED	classification based on placement in class-level tree	N/A	74.94	11	0.96034	N/A
Esin_bac_bin249	d__Bacteria;p__Bacteroidota;c__Bacteroidia;o__Bacteroidales;f__Azobacteroidaceae;g__JAJDGO01;s__	N/A	N/A	N/A	N/A	N/A	N/A	N/A	N/A	N/A	N/A	d__Bacteria;p__Bacteroidota;c__Bacteroidia;o__Bacteroidales;f__Azobacteroidaceae;g__JAJDGO01;s__	taxonomic novelty determined using RED	classification based on placement in class-level tree	N/A	76.76	11	0.95873	N/A
Esin_bac_bin250	d__Bacteria;p__Bacteroidota;c__Bacteroidia;o__Bacteroidales;f__Azobacteroidaceae;g__JAJDGO01;s__	N/A	N/A	N/A	N/A	N/A	N/A	N/A	N/A	N/A	N/A	d__Bacteria;p__Bacteroidota;c__Bacteroidia;o__Bacteroidales;f__Azobacteroidaceae;g__JAJDGO01;s__	taxonomic novelty determined using RED	classification based on placement in class-level tree	N/A	78.49	11	0.95483	N/A
Esin_bac_bin251	d__Bacteria;p__Bacteroidota;c__Bacteroidia;o__Bacteroidales;f__Azobacteroidaceae;g__JAJDGO01;s__	N/A	N/A	N/A	N/A	N/A	N/A	N/A	N/A	N/A	N/A	d__Bacteria;p__Bacteroidota;c__Bacteroidia;o__Bacteroidales;f__Azobacteroidaceae;g__JAJDGO01;s__	taxonomic novelty determined using RED	classification based on placement in class-level tree	N/A	81.57	11	0.96311	N/A
Esin_bac_bin252	d__Bacteria;p__Bacteroidota;c__Bacteroidia;o__Bacteroidales;f__Azobacteroidaceae;g__JAJDGO01;s__	N/A	N/A	N/A	N/A	N/A	N/A	N/A	N/A	N/A	N/A	d__Bacteria;p__Bacteroidota;c__Bacteroidia;o__Bacteroidales;f__Azobacteroidaceae;g__JAJDGO01;s__	taxonomic novelty determined using RED	classification based on placement in class-level tree	N/A	81.91	11	0.95537	N/A
Esin_bac_bin253	d__Bacteria;p__Bacteroidota;c__Bacteroidia;o__Bacteroidales;f__Azobacteroidaceae;g__JAJDGO01;s__	N/A	N/A	N/A	N/A	N/A	N/A	N/A	N/A	N/A	N/A	d__Bacteria;p__Bacteroidota;c__Bacteroidia;o__Bacteroidales;f__Azobacteroidaceae;g__JAJDGO01;s__	taxonomic novelty determined using RED	classification based on placement in class-level tree	N/A	83.38	11	0.95486	N/A
Esin_bac_bin254	d__Bacteria;p__Bacteroidota;c__Bacteroidia;o__Bacteroidales;f__Azobacteroidaceae;g__JAJDGO01;s__	N/A	N/A	N/A	N/A	N/A	N/A	N/A	N/A	N/A	N/A	d__Bacteria;p__Bacteroidota;c__Bacteroidia;o__Bacteroidales;f__Azobacteroidaceae;g__JAJDGO01;s__	taxonomic novelty determined using RED	classification based on placement in class-level tree	N/A	84.03	11	0.95275	N/A
Esin_bac_bin255	d__Bacteria;p__Bacteroidota;c__Bacteroidia;o__Bacteroidales;f__Azobacteroidaceae;g__JAJDGO01;s__	N/A	N/A	N/A	N/A	N/A	N/A	N/A	N/A	N/A	N/A	d__Bacteria;p__Bacteroidota;c__Bacteroidia;o__Bacteroidales;f__Azobacteroidaceae;g__JAJDGO01;s__	taxonomic novelty determined using RED	classification based on placement in class-level tree	N/A	90.53	11	0.95926	N/A
Esin_bac_bin256	d__Bacteria;p__Bacteroidota;c__Bacteroidia;o__Bacteroidales;f__Azobacteroidaceae;g__JAJDGO01;s__	N/A	N/A	N/A	N/A	N/A	N/A	N/A	N/A	N/A	N/A	d__Bacteria;p__Bacteroidota;c__Bacteroidia;o__Bacteroidales;f__Azobacteroidaceae;g__JAJDGO01;s__	taxonomic novelty determined using RED	classification based on placement in class-level tree	N/A	90.94	11	0.9584	N/A
Esin_bac_bin257	d__Bacteria;p__Bacteroidota;c__Bacteroidia;o__Bacteroidales;f__Azobacteroidaceae;g__JAJDGO01;s__	N/A	N/A	N/A	N/A	N/A	N/A	N/A	N/A	N/A	N/A	d__Bacteria;p__Bacteroidota;c__Bacteroidia;o__Bacteroidales;f__Azobacteroidaceae;g__JAJDGO01;s__	taxonomic novelty determined using RED	classification based on placement in class-level tree	N/A	92.39	11	0.95672	N/A
Esin_bac_bin258	d__Bacteria;p__Bacteroidota;c__Bacteroidia;o__Bacteroidales;f__Azobacteroidaceae;g__JAJDGO01;s__	N/A	N/A	N/A	N/A	N/A	N/A	N/A	N/A	N/A	N/A	d__Bacteria;p__Bacteroidota;c__Bacteroidia;o__Bacteroidales;f__Azobacteroidaceae;g__JAJDGO01;s__	taxonomic novelty determined using RED	classification based on placement in class-level tree	N/A	93.8	11	0.95575	N/A
Esin_bac_bin259	d__Bacteria;p__Bacteroidota;c__Bacteroidia;o__Bacteroidales;f__Azobacteroidaceae;g__JAJDGO01;s__	N/A	N/A	N/A	N/A	N/A	N/A	N/A	N/A	N/A	N/A	d__Bacteria;p__Bacteroidota;c__Bacteroidia;o__Bacteroidales;f__Azobacteroidaceae;g__JAJDGO01;s__	taxonomic novelty determined using RED	classification based on placement in class-level tree	N/A	95.01	11	0.95518	N/A
Esin_bac_bin260	d__Bacteria;p__Bacteroidota;c__Bacteroidia;o__Bacteroidales;f__Azobacteroidaceae;g__JAJDGO01;s__	N/A	N/A	N/A	N/A	N/A	N/A	N/A	N/A	N/A	N/A	d__Bacteria;p__Bacteroidota;c__Bacteroidia;o__Bacteroidales;f__Azobacteroidaceae;g__JAJDGO01;s__	taxonomic novelty determined using RED	classification based on placement in class-level tree	N/A	97.34	11	0.96063	N/A
Esin_bac_bin261	d__Bacteria;p__Bacteroidota;c__Bacteroidia;o__Bacteroidales;f__Azobacteroidaceae;g__JAJDGO01;s__	N/A	N/A	N/A	N/A	N/A	N/A	N/A	N/A	N/A	N/A	d__Bacteria;p__Bacteroidota;c__Bacteroidia;o__Bacteroidales;f__Azobacteroidaceae;g__JAJDGO01;s__	taxonomic novelty determined using RED	classification based on placement in class-level tree	N/A	97.64	11	0.94323	N/A
Esin_bac_bin262	d__Bacteria;p__Bacteroidota;c__Bacteroidia;o__Bacteroidales;f__Azobacteroidaceae;g__JAJDGO01;s__	N/A	N/A	N/A	N/A	N/A	N/A	N/A	N/A	N/A	N/A	d__Bacteria;p__Bacteroidota;c__Bacteroidia;o__Bacteroidales;f__Azobacteroidaceae;g__JAJDGO01;s__	taxonomic novelty determined using RED	classification based on placement in class-level tree	N/A	97.84	11	0.95675	N/A
Esin_bac_bin263	d__Bacteria;p__Bacteroidota;c__Bacteroidia;o__Bacteroidales;f__Azobacteroidaceae;g__;s__	N/A	N/A	N/A	N/A	N/A	N/A	N/A	N/A	N/A	N/A	d__Bacteria;p__Bacteroidota;c__Bacteroidia;o__Bacteroidales;f__Azobacteroidaceae;g__;s__	taxonomic classification fully defined by topology	classification based on placement in class-level tree	N/A	46.08	11	0.8947	N/A
Esin_bac_bin264	d__Bacteria;p__Bacteroidota;c__Bacteroidia;o__Bacteroidales;f__Azobacteroidaceae;g__;s__	N/A	N/A	N/A	N/A	N/A	N/A	N/A	N/A	N/A	N/A	d__Bacteria;p__Bacteroidota;c__Bacteroidia;o__Bacteroidales;f__Azobacteroidaceae;g__;s__	taxonomic classification fully defined by topology	classification based on placement in class-level tree	N/A	47.23	11	0.89544	N/A
Esin_bac_bin265	d__Bacteria;p__Bacteroidota;c__Bacteroidia;o__Bacteroidales;f__Azobacteroidaceae;g__;s__	N/A	N/A	N/A	N/A	N/A	N/A	N/A	N/A	N/A	N/A	d__Bacteria;p__Bacteroidota;c__Bacteroidia;o__Bacteroidales;f__Azobacteroidaceae;g__;s__	taxonomic classification fully defined by topology	classification based on placement in class-level tree	N/A	59.27	11	0.89503	N/A
Esin_bac_bin266	d__Bacteria;p__Bacteroidota;c__Bacteroidia;o__Bacteroidales;f__Azobacteroidaceae;g__;s__	N/A	N/A	N/A	N/A	N/A	N/A	N/A	N/A	N/A	N/A	d__Bacteria;p__Bacteroidota;c__Bacteroidia;o__Bacteroidales;f__Azobacteroidaceae;g__;s__	taxonomic classification fully defined by topology	classification based on placement in class-level tree	N/A	65.76	11	0.89395	N/A
Esin_bac_bin267	d__Bacteria;p__Bacteroidota;c__Bacteroidia;o__Bacteroidales;f__Azobacteroidaceae;g__;s__	N/A	N/A	N/A	N/A	N/A	N/A	N/A	N/A	N/A	N/A	d__Bacteria;p__Bacteroidota;c__Bacteroidia;o__Bacteroidales;f__Azobacteroidaceae;g__;s__	taxonomic classification fully defined by topology	classification based on placement in class-level tree	N/A	83.56	11	0.89477	N/A
Esin_bac_bin268	d__Bacteria;p__Bacteroidota;c__Bacteroidia;o__Bacteroidales;f__Azobacteroidaceae;g__;s__	N/A	N/A	N/A	N/A	N/A	N/A	N/A	N/A	N/A	N/A	d__Bacteria;p__Bacteroidota;c__Bacteroidia;o__Bacteroidales;f__Azobacteroidaceae;g__;s__	taxonomic classification fully defined by topology	classification based on placement in class-level tree	N/A	98.83	11	0.8948	N/A
Esin_bac_bin269	d__Bacteria;p__Bacteroidota;c__Bacteroidia;o__Bacteroidales;f__Bacteroidaceae;g__Bacteroides_H;s__	N/A	N/A	N/A	N/A	N/A	N/A	N/A	N/A	N/A	N/A	d__Bacteria;p__Bacteroidota;c__Bacteroidia;o__Bacteroidales;f__Bacteroidaceae;g__Bacteroides_H;s__	taxonomic classification fully defined by topology	classification based on placement in class-level tree	N/A	53.49	11	0.93893	N/A
Esin_bac_bin270	d__Bacteria;p__Bacteroidota;c__Bacteroidia;o__Bacteroidales;f__Bacteroidaceae;g__Bacteroides_H;s__	N/A	N/A	N/A	N/A	N/A	N/A	N/A	N/A	N/A	N/A	d__Bacteria;p__Bacteroidota;c__Bacteroidia;o__Bacteroidales;f__Bacteroidaceae;g__Bacteroides_H;s__	taxonomic classification fully defined by topology	classification based on placement in class-level tree	N/A	59.23	11	0.94028	N/A
Esin_bac_bin271	d__Bacteria;p__Bacteroidota;c__Bacteroidia;o__Bacteroidales;f__Bacteroidaceae;g__Bacteroides_H;s__	N/A	N/A	N/A	N/A	N/A	N/A	N/A	N/A	N/A	N/A	d__Bacteria;p__Bacteroidota;c__Bacteroidia;o__Bacteroidales;f__Bacteroidaceae;g__Bacteroides_H;s__	taxonomic classification fully defined by topology	classification based on placement in class-level tree	N/A	64.61	11	0.94084	N/A
Esin_bac_bin272	d__Bacteria;p__Bacteroidota;c__Bacteroidia;o__Bacteroidales;f__Bacteroidaceae;g__Bacteroides_H;s__	N/A	N/A	N/A	N/A	N/A	N/A	N/A	N/A	N/A	N/A	d__Bacteria;p__Bacteroidota;c__Bacteroidia;o__Bacteroidales;f__Bacteroidaceae;g__Bacteroides_H;s__	taxonomic classification fully defined by topology	classification based on placement in class-level tree	N/A	64.69	11	0.97033	N/A
Esin_bac_bin273	d__Bacteria;p__Bacteroidota;c__Bacteroidia;o__Bacteroidales;f__Bacteroidaceae;g__Bacteroides_H;s__	N/A	N/A	N/A	N/A	N/A	N/A	N/A	N/A	N/A	N/A	d__Bacteria;p__Bacteroidota;c__Bacteroidia;o__Bacteroidales;f__Bacteroidaceae;g__Bacteroides_H;s__	taxonomic classification fully defined by topology	classification based on placement in class-level tree	N/A	74.0	11	0.93881	N/A
Esin_bac_bin274	d__Bacteria;p__Bacteroidota;c__Bacteroidia;o__Bacteroidales;f__Bacteroidaceae;g__Bacteroides_H;s__	N/A	N/A	N/A	N/A	N/A	N/A	N/A	N/A	N/A	N/A	d__Bacteria;p__Bacteroidota;c__Bacteroidia;o__Bacteroidales;f__Bacteroidaceae;g__Bacteroides_H;s__	taxonomic classification fully defined by topology	classification based on placement in class-level tree	N/A	75.53	11	0.95917	N/A
Esin_bac_bin275	d__Bacteria;p__Bacteroidota;c__Bacteroidia;o__Bacteroidales;f__Bacteroidaceae;g__Bacteroides_H;s__	N/A	N/A	N/A	N/A	N/A	N/A	N/A	N/A	N/A	N/A	d__Bacteria;p__Bacteroidota;c__Bacteroidia;o__Bacteroidales;f__Bacteroidaceae;g__Bacteroides_H;s__	taxonomic classification fully defined by topology	classification based on placement in class-level tree	N/A	85.7	11	0.96047	N/A
Esin_bac_bin276	d__Bacteria;p__Bacteroidota;c__Bacteroidia;o__Bacteroidales;f__Bacteroidaceae;g__Bacteroides_H;s__	N/A	N/A	N/A	N/A	N/A	N/A	N/A	N/A	N/A	N/A	d__Bacteria;p__Bacteroidota;c__Bacteroidia;o__Bacteroidales;f__Bacteroidaceae;g__Bacteroides_H;s__	taxonomic classification fully defined by topology	classification based on placement in class-level tree	N/A	86.14	11	0.9542	N/A
Esin_bac_bin277	d__Bacteria;p__Bacteroidota;c__Bacteroidia;o__Bacteroidales;f__Bacteroidaceae;g__Bacteroides_H;s__	N/A	N/A	N/A	N/A	N/A	N/A	N/A	N/A	N/A	N/A	d__Bacteria;p__Bacteroidota;c__Bacteroidia;o__Bacteroidales;f__Bacteroidaceae;g__Bacteroides_H;s__	taxonomic classification fully defined by topology	classification based on placement in class-level tree	N/A	89.93	11	0.95843	N/A
Esin_bac_bin278	d__Bacteria;p__Bacteroidota;c__Bacteroidia;o__Bacteroidales;f__Bacteroidaceae;g__Bacteroides_H;s__	N/A	N/A	N/A	N/A	N/A	N/A	N/A	N/A	N/A	N/A	d__Bacteria;p__Bacteroidota;c__Bacteroidia;o__Bacteroidales;f__Bacteroidaceae;g__Bacteroides_H;s__	taxonomic classification fully defined by topology	classification based on placement in class-level tree	N/A	94.36	11	0.94008	N/A
Esin_bac_bin279	d__Bacteria;p__Bacteroidota;c__Bacteroidia;o__Bacteroidales;f__Bacteroidaceae;g__Bacteroides;s__Bacteroides sp900552405	GCF_020091405.1	95.0	d__Bacteria;p__Bacteroidota;c__Bacteroidia;o__Bacteroidales;f__Bacteroidaceae;g__Bacteroides;s__Bacteroides sp900552405	98.3	0.798	N/A	N/A	N/A	N/A	N/A	N/A	ani_screen	classification based on ANI only	GCF_959601035.1, s__Bacteroides sp900557355, 95.0, 88.28, 0.492; GCF_902364365.1, s__Bacteroides sp900556215, 95.0, 87.96, 0.421; GCA_900759525.1, s__Bacteroides sp900759525, 95.0, 93.27, 0.613; GCF_905207245.1, s__Bacteroides sp905207245, 95.0, 85.47, 0.317; GCF_000172175.1, s__Bacteroides intestinalis, 96.89, 88.52, 0.456; GCF_900142015.1, s__Bacteroides stercorirosoris, 95.0, 86.96, 0.4; GCA_947071285.1, s__Bacteroides sp947071285, 95.0, 84.77, 0.31; GCF_000315485.1, s__Bacteroides oleiciplenus, 95.0, 84.2, 0.308; GCF_003464595.1, s__Bacteroides intestinalis_A, 95.0, 87.74, 0.412; GCF_000513195.1, s__Bacteroides timonensis, 95.0, 94.89, 0.569; GCF_028539415.1, s__Bacteroides cellulosilyticus, 95.0, 93.98, 0.61	N/A	N/A	N/A	N/A
Esin_bac_bin280	d__Bacteria;p__Bacteroidota;c__Bacteroidia;o__Bacteroidales;f__Bacteroidaceae;g__;s__	N/A	N/A	N/A	N/A	N/A	N/A	N/A	N/A	N/A	N/A	d__Bacteria;p__Bacteroidota;c__Bacteroidia;o__Bacteroidales;f__Bacteroidaceae;g__;s__	taxonomic novelty determined using RED	classification based on placement in class-level tree	N/A	95.29	11	0.89698	N/A
Esin_bac_bin281	d__Bacteria;p__Bacteroidota;c__Bacteroidia;o__Bacteroidales;f__Bacteroidaceae;g__UBA1794;s__	N/A	N/A	N/A	N/A	N/A	N/A	N/A	N/A	N/A	N/A	d__Bacteria;p__Bacteroidota;c__Bacteroidia;o__Bacteroidales;f__Bacteroidaceae;g__UBA1794;s__	taxonomic classification fully defined by topology	classification based on placement in class-level tree	N/A	97.6	11	0.90925	N/A
Esin_bac_bin282	d__Bacteria;p__Bacteroidota;c__Bacteroidia;o__Bacteroidales;f__BM520;g__RGIG7150;s__	N/A	N/A	N/A	N/A	N/A	GCA_030265965.1	95.0	d__Bacteria;p__Bacteroidota;c__Bacteroidia;o__Bacteroidales;f__BM520;g__RGIG7150;s__RGIG7150 sp030265965	81.71	0.185	d__Bacteria;p__Bacteroidota;c__Bacteroidia;o__Bacteroidales;f__BM520;g__RGIG7150;s__	taxonomic classification defined by topology and ANI	classification based on placement in class-level tree	N/A	93.07	11	0.97543	N/A
Esin_bac_bin283	d__Bacteria;p__Bacteroidota;c__Bacteroidia;o__Bacteroidales;f__BM520;g__RGIG7150;s__	N/A	N/A	N/A	N/A	N/A	GCA_031276035.1	95.0	d__Bacteria;p__Bacteroidota;c__Bacteroidia;o__Bacteroidales;f__BM520;g__RGIG7150;s__RGIG7150 sp031276035	N/A	N/A	d__Bacteria;p__Bacteroidota;c__Bacteroidia;o__Bacteroidales;f__BM520;g__RGIG7150;s__	taxonomic classification defined by topology and ANI	classification based on placement in class-level tree	GCA_030265965.1, s__RGIG7150 sp030265965, 95.0, 92.1, 0.247	48.6	11	0.97215	N/A
Esin_bac_bin284	d__Bacteria;p__Bacteroidota;c__Bacteroidia;o__Bacteroidales;f__BM520;g__RGIG7150;s__	N/A	N/A	N/A	N/A	N/A	N/A	N/A	N/A	N/A	N/A	d__Bacteria;p__Bacteroidota;c__Bacteroidia;o__Bacteroidales;f__BM520;g__RGIG7150;s__	taxonomic classification fully defined by topology	classification based on placement in class-level tree	N/A	70.11	11	0.95046	N/A
Esin_bac_bin285	d__Bacteria;p__Bacteroidota;c__Bacteroidia;o__Bacteroidales;f__BM520;g__RGIG7150;s__	N/A	N/A	N/A	N/A	N/A	N/A	N/A	N/A	N/A	N/A	d__Bacteria;p__Bacteroidota;c__Bacteroidia;o__Bacteroidales;f__BM520;g__RGIG7150;s__	taxonomic classification fully defined by topology	classification based on placement in class-level tree	N/A	95.39	11	0.96806	N/A
Esin_bac_bin286	d__Bacteria;p__Bacteroidota;c__Bacteroidia;o__Bacteroidales;f__F082;g__JAISHW01;s__	N/A	N/A	N/A	N/A	N/A	N/A	N/A	N/A	N/A	N/A	d__Bacteria;p__Bacteroidota;c__Bacteroidia;o__Bacteroidales;f__F082;g__JAISHW01;s__	taxonomic novelty determined using RED	classification based on placement in class-level tree	N/A	97.68	11	0.93462	N/A
Esin_bac_bin287	d__Bacteria;p__Bacteroidota;c__Bacteroidia;o__Bacteroidales;f__Marinifilaceae;g__JAISHE01;s__	N/A	N/A	N/A	N/A	N/A	N/A	N/A	N/A	N/A	N/A	d__Bacteria;p__Bacteroidota;c__Bacteroidia;o__Bacteroidales;f__Marinifilaceae;g__JAISHE01;s__	taxonomic classification fully defined by topology	classification based on placement in class-level tree	N/A	73.19	11	0.91438	N/A
Esin_bac_bin288	d__Bacteria;p__Bacteroidota;c__Bacteroidia;o__Bacteroidales;f__Marinilabiliaceae;g__Geofilum;s__Geofilum sp002411385	GCF_023674465.1	95.0	d__Bacteria;p__Bacteroidota;c__Bacteroidia;o__Bacteroidales;f__Marinilabiliaceae;g__Geofilum;s__Geofilum sp002411385	98.88	0.895	N/A	N/A	N/A	N/A	N/A	N/A	ani_screen	classification based on ANI only	N/A	N/A	N/A	N/A	N/A
Esin_bac_bin289	d__Bacteria;p__Bacteroidota;c__Bacteroidia;o__Bacteroidales;f__ML635J-15;g__Bact-19;s__	N/A	N/A	N/A	N/A	N/A	N/A	N/A	N/A	N/A	N/A	d__Bacteria;p__Bacteroidota;c__Bacteroidia;o__Bacteroidales;f__ML635J-15;g__Bact-19;s__	taxonomic classification fully defined by topology	classification based on placement in class-level tree	N/A	90.47	11	0.92739	N/A
Esin_bac_bin290	d__Bacteria;p__Bacteroidota;c__Bacteroidia;o__Bacteroidales;f__ML635J-15;g__Bact-19;s__	N/A	N/A	N/A	N/A	N/A	N/A	N/A	N/A	N/A	N/A	d__Bacteria;p__Bacteroidota;c__Bacteroidia;o__Bacteroidales;f__ML635J-15;g__Bact-19;s__	taxonomic classification fully defined by topology	classification based on placement in class-level tree	N/A	92.61	11	0.96172	N/A
Esin_bac_bin291	d__Bacteria;p__Bacteroidota;c__Bacteroidia;o__Bacteroidales;f__P3;g__BNXT01;s__	N/A	N/A	N/A	N/A	N/A	N/A	N/A	N/A	N/A	N/A	d__Bacteria;p__Bacteroidota;c__Bacteroidia;o__Bacteroidales;f__P3;g__BNXT01;s__	taxonomic novelty determined using RED	classification based on placement in class-level tree	N/A	66.75	11	0.87278	N/A
Esin_bac_bin292	d__Bacteria;p__Bacteroidota;c__Bacteroidia;o__Bacteroidales;f__P3;g__;s__	N/A	N/A	N/A	N/A	N/A	N/A	N/A	N/A	N/A	N/A	d__Bacteria;p__Bacteroidota;c__Bacteroidia;o__Bacteroidales;f__P3;g__;s__	taxonomic classification fully defined by topology	classification based on placement in class-level tree	N/A	37.72	11	0.77223	N/A
Esin_bac_bin293	d__Bacteria;p__Bacteroidota;c__Bacteroidia;o__Bacteroidales;f__Paludibacteraceae;g__JAISJU01;s__	N/A	N/A	N/A	N/A	N/A	N/A	N/A	N/A	N/A	N/A	d__Bacteria;p__Bacteroidota;c__Bacteroidia;o__Bacteroidales;f__Paludibacteraceae;g__JAISJU01;s__	taxonomic novelty determined using RED	classification based on placement in class-level tree	N/A	43.56	11	0.89881	N/A
Esin_bac_bin294	d__Bacteria;p__Bacteroidota;c__Bacteroidia;o__Bacteroidales;f__Paludibacteraceae;g__JAISJU01;s__	N/A	N/A	N/A	N/A	N/A	N/A	N/A	N/A	N/A	N/A	d__Bacteria;p__Bacteroidota;c__Bacteroidia;o__Bacteroidales;f__Paludibacteraceae;g__JAISJU01;s__	taxonomic novelty determined using RED	classification based on placement in class-level tree	N/A	90.72	11	0.90135	N/A
Esin_bac_bin295	d__Bacteria;p__Bacteroidota;c__Bacteroidia;o__Bacteroidales;f__Paludibacteraceae;g__QVMH01;s__	N/A	N/A	N/A	N/A	N/A	N/A	N/A	N/A	N/A	N/A	d__Bacteria;p__Bacteroidota;c__Bacteroidia;o__Bacteroidales;f__Paludibacteraceae;g__QVMH01;s__	taxonomic classification fully defined by topology	classification based on placement in class-level tree	N/A	58.27	11	0.94002	N/A
Esin_bac_bin296	d__Bacteria;p__Bacteroidota;c__Bacteroidia;o__Bacteroidales;f__Paludibacteraceae;g__QVMH01;s__	N/A	N/A	N/A	N/A	N/A	N/A	N/A	N/A	N/A	N/A	d__Bacteria;p__Bacteroidota;c__Bacteroidia;o__Bacteroidales;f__Paludibacteraceae;g__QVMH01;s__	taxonomic classification fully defined by topology	classification based on placement in class-level tree	N/A	61.49	11	0.94445	N/A
Esin_bac_bin297	d__Bacteria;p__Bacteroidota;c__Bacteroidia;o__Bacteroidales;f__Paludibacteraceae;g__QVMH01;s__	N/A	N/A	N/A	N/A	N/A	N/A	N/A	N/A	N/A	N/A	d__Bacteria;p__Bacteroidota;c__Bacteroidia;o__Bacteroidales;f__Paludibacteraceae;g__QVMH01;s__	taxonomic classification fully defined by topology	classification based on placement in class-level tree	N/A	74.16	11	0.93882	N/A
Esin_bac_bin298	d__Bacteria;p__Bacteroidota;c__Bacteroidia;o__Bacteroidales;f__Paludibacteraceae;g__QVMH01;s__	N/A	N/A	N/A	N/A	N/A	N/A	N/A	N/A	N/A	N/A	d__Bacteria;p__Bacteroidota;c__Bacteroidia;o__Bacteroidales;f__Paludibacteraceae;g__QVMH01;s__	taxonomic classification fully defined by topology	classification based on placement in class-level tree	N/A	93.66	11	0.94653	N/A
Esin_bac_bin299	d__Bacteria;p__Bacteroidota;c__Bacteroidia;o__Bacteroidales;f__Paludibacteraceae;g__QVMH01;s__	N/A	N/A	N/A	N/A	N/A	N/A	N/A	N/A	N/A	N/A	d__Bacteria;p__Bacteroidota;c__Bacteroidia;o__Bacteroidales;f__Paludibacteraceae;g__QVMH01;s__	taxonomic classification fully defined by topology	classification based on placement in class-level tree	N/A	94.56	11	0.94412	N/A
Esin_bac_bin300	d__Bacteria;p__Bacteroidota;c__Bacteroidia;o__Bacteroidales;f__Paludibacteraceae;g__RGIG9379;s__	N/A	N/A	N/A	N/A	N/A	N/A	N/A	N/A	N/A	N/A	d__Bacteria;p__Bacteroidota;c__Bacteroidia;o__Bacteroidales;f__Paludibacteraceae;g__RGIG9379;s__	taxonomic classification fully defined by topology	classification based on placement in class-level tree	N/A	54.32	11	0.9315	N/A
Esin_bac_bin301	d__Bacteria;p__Bacteroidota;c__Bacteroidia;o__Bacteroidales;f__Paludibacteraceae;g__;s__	N/A	N/A	N/A	N/A	N/A	N/A	N/A	N/A	N/A	N/A	d__Bacteria;p__Bacteroidota;c__Bacteroidia;o__Bacteroidales;f__Paludibacteraceae;g__;s__	taxonomic novelty determined using RED	classification based on placement in class-level tree	N/A	43.02	11	0.89239	N/A
Esin_bac_bin302	d__Bacteria;p__Bacteroidota;c__Bacteroidia;o__Bacteroidales;f__Rikenellaceae;g__Alistipes;s__	N/A	N/A	N/A	N/A	N/A	GCF_900760675.1	95.0	d__Bacteria;p__Bacteroidota;c__Bacteroidia;o__Bacteroidales;f__Rikenellaceae;g__Alistipes;s__Alistipes sp900760675	80.26	0.181	d__Bacteria;p__Bacteroidota;c__Bacteroidia;o__Bacteroidales;f__Rikenellaceae;g__Alistipes;s__	taxonomic classification defined by topology and ANI	classification based on placement in class-level tree	GCF_021204515.1, s__Alistipes sp021204515, 95.0, 81.0, 0.171; GCF_025145285.1, s__Alistipes onderdonkii, 95.0, 80.97, 0.173; GCF_902388705.1, s__Alistipes sp902388705, 95.0, 80.82, 0.158; GCF_000265365.1, s__Alistipes finegoldii, 95.0, 80.66, 0.187	84.61	11	0.99104	N/A
Esin_bac_bin303	d__Bacteria;p__Bacteroidota;c__Bacteroidia;o__Bacteroidales;f__Rikenellaceae;g__JAJQAW01;s__	N/A	N/A	N/A	N/A	N/A	N/A	N/A	N/A	N/A	N/A	d__Bacteria;p__Bacteroidota;c__Bacteroidia;o__Bacteroidales;f__Rikenellaceae;g__JAJQAW01;s__	taxonomic classification fully defined by topology	classification based on placement in class-level tree	N/A	52.25	11	0.95125	N/A
Esin_bac_bin304	d__Bacteria;p__Bacteroidota;c__Bacteroidia;o__Bacteroidales;f__Rikenellaceae;g__JAJQAW01;s__	N/A	N/A	N/A	N/A	N/A	N/A	N/A	N/A	N/A	N/A	d__Bacteria;p__Bacteroidota;c__Bacteroidia;o__Bacteroidales;f__Rikenellaceae;g__JAJQAW01;s__	taxonomic classification fully defined by topology	classification based on placement in class-level tree	N/A	93.39	11	0.95024	N/A
Esin_bac_bin305	d__Bacteria;p__Bacteroidota;c__Bacteroidia;o__Bacteroidales;f__Rikenellaceae;g__;s__	N/A	N/A	N/A	N/A	N/A	N/A	N/A	N/A	N/A	N/A	d__Bacteria;p__Bacteroidota;c__Bacteroidia;o__Bacteroidales;f__Rikenellaceae;g__;s__	taxonomic novelty determined using RED	classification based on placement in class-level tree	N/A	89.59	11	0.8608	N/A
Esin_bac_bin306	d__Bacteria;p__Bacteroidota;c__Bacteroidia;o__Bacteroidales;f__Rikenellaceae;g__Tidjanibacter;s__	N/A	N/A	N/A	N/A	N/A	N/A	N/A	N/A	N/A	N/A	d__Bacteria;p__Bacteroidota;c__Bacteroidia;o__Bacteroidales;f__Rikenellaceae;g__Tidjanibacter;s__	taxonomic classification fully defined by topology	classification based on placement in class-level tree	N/A	46.38	11	0.94223	N/A
Esin_bac_bin307	d__Bacteria;p__Bacteroidota;c__Bacteroidia;o__Bacteroidales;f__Rikenellaceae;g__Tidjanibacter;s__	N/A	N/A	N/A	N/A	N/A	N/A	N/A	N/A	N/A	N/A	d__Bacteria;p__Bacteroidota;c__Bacteroidia;o__Bacteroidales;f__Rikenellaceae;g__Tidjanibacter;s__	taxonomic classification fully defined by topology	classification based on placement in class-level tree	N/A	48.98	11	0.93682	N/A
Esin_bac_bin308	d__Bacteria;p__Bacteroidota;c__Bacteroidia;o__Bacteroidales;f__Rikenellaceae;g__Tidjanibacter;s__	N/A	N/A	N/A	N/A	N/A	N/A	N/A	N/A	N/A	N/A	d__Bacteria;p__Bacteroidota;c__Bacteroidia;o__Bacteroidales;f__Rikenellaceae;g__Tidjanibacter;s__	taxonomic classification fully defined by topology	classification based on placement in class-level tree	N/A	51.62	11	0.9504	N/A
Esin_bac_bin309	d__Bacteria;p__Bacteroidota;c__Bacteroidia;o__Bacteroidales;f__Rikenellaceae;g__Tidjanibacter;s__	N/A	N/A	N/A	N/A	N/A	N/A	N/A	N/A	N/A	N/A	d__Bacteria;p__Bacteroidota;c__Bacteroidia;o__Bacteroidales;f__Rikenellaceae;g__Tidjanibacter;s__	taxonomic classification fully defined by topology	classification based on placement in class-level tree	N/A	55.49	11	0.93815	N/A
Esin_bac_bin310	d__Bacteria;p__Bacteroidota;c__Bacteroidia;o__Bacteroidales;f__Rikenellaceae;g__Tidjanibacter;s__	N/A	N/A	N/A	N/A	N/A	N/A	N/A	N/A	N/A	N/A	d__Bacteria;p__Bacteroidota;c__Bacteroidia;o__Bacteroidales;f__Rikenellaceae;g__Tidjanibacter;s__	taxonomic classification fully defined by topology	classification based on placement in class-level tree	N/A	59.78	11	0.94018	N/A
Esin_bac_bin311	d__Bacteria;p__Bacteroidota;c__Bacteroidia;o__Bacteroidales;f__Rikenellaceae;g__Tidjanibacter;s__	N/A	N/A	N/A	N/A	N/A	N/A	N/A	N/A	N/A	N/A	d__Bacteria;p__Bacteroidota;c__Bacteroidia;o__Bacteroidales;f__Rikenellaceae;g__Tidjanibacter;s__	taxonomic classification fully defined by topology	classification based on placement in class-level tree	N/A	66.93	11	0.9377	N/A
Esin_bac_bin312	d__Bacteria;p__Bacteroidota;c__Bacteroidia;o__Bacteroidales;f__Rikenellaceae;g__Tidjanibacter;s__	N/A	N/A	N/A	N/A	N/A	N/A	N/A	N/A	N/A	N/A	d__Bacteria;p__Bacteroidota;c__Bacteroidia;o__Bacteroidales;f__Rikenellaceae;g__Tidjanibacter;s__	taxonomic classification fully defined by topology	classification based on placement in class-level tree	N/A	71.36	11	0.96009	N/A
Esin_bac_bin313	d__Bacteria;p__Bacteroidota;c__Bacteroidia;o__Bacteroidales;f__Rikenellaceae;g__Tidjanibacter;s__	N/A	N/A	N/A	N/A	N/A	N/A	N/A	N/A	N/A	N/A	d__Bacteria;p__Bacteroidota;c__Bacteroidia;o__Bacteroidales;f__Rikenellaceae;g__Tidjanibacter;s__	taxonomic classification fully defined by topology	classification based on placement in class-level tree	N/A	73.25	11	0.9418	N/A
Esin_bac_bin314	d__Bacteria;p__Bacteroidota;c__Bacteroidia;o__Bacteroidales;f__Rikenellaceae;g__Tidjanibacter;s__	N/A	N/A	N/A	N/A	N/A	N/A	N/A	N/A	N/A	N/A	d__Bacteria;p__Bacteroidota;c__Bacteroidia;o__Bacteroidales;f__Rikenellaceae;g__Tidjanibacter;s__	taxonomic classification fully defined by topology	classification based on placement in class-level tree	N/A	73.64	11	0.91306	N/A
Esin_bac_bin315	d__Bacteria;p__Bacteroidota;c__Bacteroidia;o__Bacteroidales;f__Rikenellaceae;g__Tidjanibacter;s__	N/A	N/A	N/A	N/A	N/A	N/A	N/A	N/A	N/A	N/A	d__Bacteria;p__Bacteroidota;c__Bacteroidia;o__Bacteroidales;f__Rikenellaceae;g__Tidjanibacter;s__	taxonomic classification fully defined by topology	classification based on placement in class-level tree	N/A	83.26	11	0.93785	N/A
Esin_bac_bin316	d__Bacteria;p__Bacteroidota;c__Bacteroidia;o__Bacteroidales;f__Rikenellaceae;g__Tidjanibacter;s__	N/A	N/A	N/A	N/A	N/A	N/A	N/A	N/A	N/A	N/A	d__Bacteria;p__Bacteroidota;c__Bacteroidia;o__Bacteroidales;f__Rikenellaceae;g__Tidjanibacter;s__	taxonomic classification fully defined by topology	classification based on placement in class-level tree	N/A	84.13	11	0.95692	N/A
Esin_bac_bin317	d__Bacteria;p__Bacteroidota;c__Bacteroidia;o__Bacteroidales;f__Rikenellaceae;g__Tidjanibacter;s__	N/A	N/A	N/A	N/A	N/A	N/A	N/A	N/A	N/A	N/A	d__Bacteria;p__Bacteroidota;c__Bacteroidia;o__Bacteroidales;f__Rikenellaceae;g__Tidjanibacter;s__	taxonomic classification fully defined by topology	classification based on placement in class-level tree	N/A	93.74	11	0.95105	N/A
Esin_bac_bin318	d__Bacteria;p__Bacteroidota;c__Bacteroidia;o__Bacteroidales;f__Rikenellaceae;g__UBA940;s__	N/A	N/A	N/A	N/A	N/A	N/A	N/A	N/A	N/A	N/A	d__Bacteria;p__Bacteroidota;c__Bacteroidia;o__Bacteroidales;f__Rikenellaceae;g__UBA940;s__	taxonomic classification fully defined by topology	classification based on placement in class-level tree	N/A	37.02	11	0.92561	N/A
Esin_bac_bin319	d__Bacteria;p__Bacteroidota;c__Bacteroidia;o__Bacteroidales;f__Rikenellaceae;g__UBA940;s__	N/A	N/A	N/A	N/A	N/A	N/A	N/A	N/A	N/A	N/A	d__Bacteria;p__Bacteroidota;c__Bacteroidia;o__Bacteroidales;f__Rikenellaceae;g__UBA940;s__	taxonomic classification fully defined by topology	classification based on placement in class-level tree	N/A	42.4	11	0.923	N/A
Esin_bac_bin320	d__Bacteria;p__Bacteroidota;c__Bacteroidia;o__Bacteroidales;f__Rikenellaceae;g__UBA940;s__	N/A	N/A	N/A	N/A	N/A	N/A	N/A	N/A	N/A	N/A	d__Bacteria;p__Bacteroidota;c__Bacteroidia;o__Bacteroidales;f__Rikenellaceae;g__UBA940;s__	taxonomic classification fully defined by topology	classification based on placement in class-level tree	N/A	50.07	11	0.92609	N/A
Esin_bac_bin321	d__Bacteria;p__Bacteroidota;c__Bacteroidia;o__Bacteroidales;f__Rikenellaceae;g__UBA940;s__	N/A	N/A	N/A	N/A	N/A	N/A	N/A	N/A	N/A	N/A	d__Bacteria;p__Bacteroidota;c__Bacteroidia;o__Bacteroidales;f__Rikenellaceae;g__UBA940;s__	taxonomic classification fully defined by topology	classification based on placement in class-level tree	N/A	50.21	11	0.92899	N/A
Esin_bac_bin322	d__Bacteria;p__Bacteroidota;c__Bacteroidia;o__Bacteroidales;f__Rikenellaceae;g__UBA940;s__	N/A	N/A	N/A	N/A	N/A	N/A	N/A	N/A	N/A	N/A	d__Bacteria;p__Bacteroidota;c__Bacteroidia;o__Bacteroidales;f__Rikenellaceae;g__UBA940;s__	taxonomic classification fully defined by topology	classification based on placement in class-level tree	N/A	57.4	11	0.92775	N/A
Esin_bac_bin323	d__Bacteria;p__Bacteroidota;c__Bacteroidia;o__Bacteroidales;f__Rikenellaceae;g__UBA940;s__	N/A	N/A	N/A	N/A	N/A	N/A	N/A	N/A	N/A	N/A	d__Bacteria;p__Bacteroidota;c__Bacteroidia;o__Bacteroidales;f__Rikenellaceae;g__UBA940;s__	taxonomic classification fully defined by topology	classification based on placement in class-level tree	N/A	77.62	11	0.92566	N/A
Esin_bac_bin324	d__Bacteria;p__Bacteroidota;c__Bacteroidia;o__Bacteroidales;f__Rikenellaceae;g__WRDF01;s__	N/A	N/A	N/A	N/A	N/A	N/A	N/A	N/A	N/A	N/A	d__Bacteria;p__Bacteroidota;c__Bacteroidia;o__Bacteroidales;f__Rikenellaceae;g__WRDF01;s__	taxonomic classification fully defined by topology	classification based on placement in class-level tree	N/A	36.03	11	0.92021	N/A
Esin_bac_bin325	d__Bacteria;p__Bacteroidota;c__Bacteroidia;o__Bacteroidales;f__Rikenellaceae;g__WRDF01;s__	N/A	N/A	N/A	N/A	N/A	N/A	N/A	N/A	N/A	N/A	d__Bacteria;p__Bacteroidota;c__Bacteroidia;o__Bacteroidales;f__Rikenellaceae;g__WRDF01;s__	taxonomic classification fully defined by topology	classification based on placement in class-level tree	N/A	53.15	11	0.91342	N/A
Esin_bac_bin326	d__Bacteria;p__Bacteroidota;c__Bacteroidia;o__Bacteroidales;f__Rikenellaceae;g__WRDF01;s__	N/A	N/A	N/A	N/A	N/A	N/A	N/A	N/A	N/A	N/A	d__Bacteria;p__Bacteroidota;c__Bacteroidia;o__Bacteroidales;f__Rikenellaceae;g__WRDF01;s__	taxonomic classification fully defined by topology	classification based on placement in class-level tree	N/A	64.59	11	0.91505	N/A
Esin_bac_bin327	d__Bacteria;p__Bacteroidota;c__Bacteroidia;o__Bacteroidales;f__Rikenellaceae;g__WRDF01;s__	N/A	N/A	N/A	N/A	N/A	N/A	N/A	N/A	N/A	N/A	d__Bacteria;p__Bacteroidota;c__Bacteroidia;o__Bacteroidales;f__Rikenellaceae;g__WRDF01;s__	taxonomic classification fully defined by topology	classification based on placement in class-level tree	N/A	72.87	11	0.9031	N/A
Esin_bac_bin328	d__Bacteria;p__Bacteroidota;c__Bacteroidia;o__Bacteroidales;f__Rikenellaceae;g__WRDF01;s__	N/A	N/A	N/A	N/A	N/A	N/A	N/A	N/A	N/A	N/A	d__Bacteria;p__Bacteroidota;c__Bacteroidia;o__Bacteroidales;f__Rikenellaceae;g__WRDF01;s__	taxonomic classification fully defined by topology	classification based on placement in class-level tree	N/A	81.05	11	0.92532	N/A
Esin_bac_bin329	d__Bacteria;p__Bacteroidota;c__Bacteroidia;o__Bacteroidales;f__Rikenellaceae;g__WRDF01;s__	N/A	N/A	N/A	N/A	N/A	N/A	N/A	N/A	N/A	N/A	d__Bacteria;p__Bacteroidota;c__Bacteroidia;o__Bacteroidales;f__Rikenellaceae;g__WRDF01;s__	taxonomic classification fully defined by topology	classification based on placement in class-level tree	N/A	85.38	11	0.91548	N/A
Esin_bac_bin330	d__Bacteria;p__Bacteroidota;c__Bacteroidia;o__Bacteroidales;f__Salinivirgaceae;g__JAAYQU01;s__	N/A	N/A	N/A	N/A	N/A	N/A	N/A	N/A	N/A	N/A	d__Bacteria;p__Bacteroidota;c__Bacteroidia;o__Bacteroidales;f__Salinivirgaceae;g__JAAYQU01;s__	taxonomic classification fully defined by topology	classification based on placement in class-level tree	N/A	66.53	11	0.88579	N/A
Esin_bac_bin331	d__Bacteria;p__Bacteroidota;c__Bacteroidia;o__Bacteroidales;f__Tannerellaceae;g__JAJDIA01;s__	N/A	N/A	N/A	N/A	N/A	N/A	N/A	N/A	N/A	N/A	d__Bacteria;p__Bacteroidota;c__Bacteroidia;o__Bacteroidales;f__Tannerellaceae;g__JAJDIA01;s__	taxonomic novelty determined using RED	classification based on placement in class-level tree	N/A	72.27	11	0.95563	N/A
Esin_bac_bin332	d__Bacteria;p__Bacteroidota;c__Bacteroidia;o__Bacteroidales;f__Tannerellaceae;g__JAJDIA01;s__	N/A	N/A	N/A	N/A	N/A	N/A	N/A	N/A	N/A	N/A	d__Bacteria;p__Bacteroidota;c__Bacteroidia;o__Bacteroidales;f__Tannerellaceae;g__JAJDIA01;s__	taxonomic novelty determined using RED	classification based on placement in class-level tree	N/A	82.38	11	0.95609	N/A
Esin_bac_bin333	d__Bacteria;p__Bacteroidota;c__Bacteroidia;o__Bacteroidales;f__Tannerellaceae;g__QVMG01;s__	N/A	N/A	N/A	N/A	N/A	N/A	N/A	N/A	N/A	N/A	d__Bacteria;p__Bacteroidota;c__Bacteroidia;o__Bacteroidales;f__Tannerellaceae;g__QVMG01;s__	taxonomic classification defined by topology and ANI	classification based on placement in class-level tree	GCF_029893085.1, s__QVMG01 sp029893085, 95.0, 79.38, 0.159	45.66	11	0.98189	N/A
Esin_bac_bin334	d__Bacteria;p__Bacteroidota;c__Bacteroidia;o__Bacteroidales;f__Tannerellaceae;g__QVMG01;s__	N/A	N/A	N/A	N/A	N/A	N/A	N/A	N/A	N/A	N/A	d__Bacteria;p__Bacteroidota;c__Bacteroidia;o__Bacteroidales;f__Tannerellaceae;g__QVMG01;s__	taxonomic classification fully defined by topology	classification based on placement in class-level tree	N/A	39.34	11	0.96444	N/A
Esin_bac_bin335	d__Bacteria;p__Bacteroidota;c__Bacteroidia;o__Bacteroidales;f__Tannerellaceae;g__QVMG01;s__	N/A	N/A	N/A	N/A	N/A	N/A	N/A	N/A	N/A	N/A	d__Bacteria;p__Bacteroidota;c__Bacteroidia;o__Bacteroidales;f__Tannerellaceae;g__QVMG01;s__	taxonomic classification fully defined by topology	classification based on placement in class-level tree	N/A	51.6	11	0.96294	N/A
Esin_bac_bin336	d__Bacteria;p__Bacteroidota;c__Bacteroidia;o__Bacteroidales;f__Tannerellaceae;g__QVMG01;s__	N/A	N/A	N/A	N/A	N/A	N/A	N/A	N/A	N/A	N/A	d__Bacteria;p__Bacteroidota;c__Bacteroidia;o__Bacteroidales;f__Tannerellaceae;g__QVMG01;s__	taxonomic classification fully defined by topology	classification based on placement in class-level tree	N/A	67.03	11	0.9646	N/A
Esin_bac_bin337	d__Bacteria;p__Bacteroidota;c__Bacteroidia;o__Bacteroidales;f__Tannerellaceae;g__QVMG01;s__	N/A	N/A	N/A	N/A	N/A	N/A	N/A	N/A	N/A	N/A	d__Bacteria;p__Bacteroidota;c__Bacteroidia;o__Bacteroidales;f__Tannerellaceae;g__QVMG01;s__	taxonomic classification fully defined by topology	classification based on placement in class-level tree	N/A	75.47	11	0.94791	N/A
Esin_bac_bin338	d__Bacteria;p__Bacteroidota;c__Bacteroidia;o__Bacteroidales;f__Tannerellaceae;g__QVMG01;s__	N/A	N/A	N/A	N/A	N/A	N/A	N/A	N/A	N/A	N/A	d__Bacteria;p__Bacteroidota;c__Bacteroidia;o__Bacteroidales;f__Tannerellaceae;g__QVMG01;s__	taxonomic classification fully defined by topology	classification based on placement in class-level tree	N/A	88.88	11	0.96394	N/A
Esin_bac_bin339	d__Bacteria;p__Bacteroidota;c__Bacteroidia;o__Bacteroidales;f__Tannerellaceae;g__QVMG01;s__	N/A	N/A	N/A	N/A	N/A	N/A	N/A	N/A	N/A	N/A	d__Bacteria;p__Bacteroidota;c__Bacteroidia;o__Bacteroidales;f__Tannerellaceae;g__QVMG01;s__	taxonomic classification fully defined by topology	classification based on placement in class-level tree	N/A	89.31	11	0.96353	N/A
Esin_bac_bin340	d__Bacteria;p__Bacteroidota;c__Bacteroidia;o__Bacteroidales;f__Tannerellaceae;g__QVMG01;s__QVMG01 sp029892605	GCF_029892605.1	95.0	d__Bacteria;p__Bacteroidota;c__Bacteroidia;o__Bacteroidales;f__Tannerellaceae;g__QVMG01;s__QVMG01 sp029892605	96.85	0.848	N/A	N/A	N/A	N/A	N/A	N/A	ani_screen	classification based on ANI only	GCF_029893085.1, s__QVMG01 sp029893085, 95.0, 88.51, 0.497	N/A	N/A	N/A	N/A
Esin_bac_bin341	d__Bacteria;p__Bacteroidota;c__Bacteroidia;o__Bacteroidales;f__Tannerellaceae;g__Tannerella;s__	N/A	N/A	N/A	N/A	N/A	N/A	N/A	N/A	N/A	N/A	d__Bacteria;p__Bacteroidota;c__Bacteroidia;o__Bacteroidales;f__Tannerellaceae;g__Tannerella;s__	taxonomic classification fully defined by topology	classification based on placement in class-level tree	N/A	42.62	11	0.96253	N/A
Esin_bac_bin342	d__Bacteria;p__Bacteroidota;c__Bacteroidia;o__Bacteroidales;f__UBA1402;g__UBA8389;s__	N/A	N/A	N/A	N/A	N/A	N/A	N/A	N/A	N/A	N/A	d__Bacteria;p__Bacteroidota;c__Bacteroidia;o__Bacteroidales;f__UBA1402;g__UBA8389;s__	taxonomic classification fully defined by topology	classification based on placement in class-level tree	N/A	89.97	11	0.92154	N/A
Esin_bac_bin343	d__Bacteria;p__Bacteroidota;c__Bacteroidia;o__Bacteroidales;f__UBA1715;g__WQTX01;s__	N/A	N/A	N/A	N/A	N/A	N/A	N/A	N/A	N/A	N/A	d__Bacteria;p__Bacteroidota;c__Bacteroidia;o__Bacteroidales;f__UBA1715;g__WQTX01;s__	taxonomic classification fully defined by topology	classification based on placement in class-level tree	N/A	93.58	11	0.97843	N/A
Esin_bac_bin344	d__Bacteria;p__Bacteroidota;c__Bacteroidia;o__Bacteroidales;f__UBA932;g__;s__	N/A	N/A	N/A	N/A	N/A	N/A	N/A	N/A	N/A	N/A	d__Bacteria;p__Bacteroidota;c__Bacteroidia;o__Bacteroidales;f__UBA932;g__;s__	taxonomic classification fully defined by topology	classification based on placement in class-level tree	N/A	52.14	11	0.80991	N/A
Esin_bac_bin345	d__Bacteria;p__Bacteroidota;c__Bacteroidia;o__Bacteroidales;f__UBA932;g__;s__	N/A	N/A	N/A	N/A	N/A	N/A	N/A	N/A	N/A	N/A	d__Bacteria;p__Bacteroidota;c__Bacteroidia;o__Bacteroidales;f__UBA932;g__;s__	taxonomic classification fully defined by topology	classification based on placement in class-level tree	N/A	78.67	11	0.83531	N/A
Esin_bac_bin346	d__Bacteria;p__Bacteroidota;c__Bacteroidia;o__Bacteroidales;f__UBA932;g__;s__	N/A	N/A	N/A	N/A	N/A	N/A	N/A	N/A	N/A	N/A	d__Bacteria;p__Bacteroidota;c__Bacteroidia;o__Bacteroidales;f__UBA932;g__;s__	taxonomic classification fully defined by topology	classification based on placement in class-level tree	N/A	82.28	11	0.83481	N/A
Esin_bac_bin347	d__Bacteria;p__Bacteroidota;c__Bacteroidia;o__Bacteroidales;f__UBA932;g__;s__	N/A	N/A	N/A	N/A	N/A	N/A	N/A	N/A	N/A	N/A	d__Bacteria;p__Bacteroidota;c__Bacteroidia;o__Bacteroidales;f__UBA932;g__;s__	taxonomic classification fully defined by topology	classification based on placement in class-level tree	N/A	90.17	11	0.83323	N/A
Esin_bac_bin348	d__Bacteria;p__Bacteroidota;c__Bacteroidia;o__Bacteroidales;f__UBA932;g__;s__	N/A	N/A	N/A	N/A	N/A	N/A	N/A	N/A	N/A	N/A	d__Bacteria;p__Bacteroidota;c__Bacteroidia;o__Bacteroidales;f__UBA932;g__;s__	taxonomic classification fully defined by topology	classification based on placement in class-level tree	N/A	93.66	11	0.83486	N/A
Esin_bac_bin349	d__Bacteria;p__Bacteroidota;c__Bacteroidia;o__Bacteroidales;f__UBA932;g__;s__	N/A	N/A	N/A	N/A	N/A	N/A	N/A	N/A	N/A	N/A	d__Bacteria;p__Bacteroidota;c__Bacteroidia;o__Bacteroidales;f__UBA932;g__;s__	taxonomic classification fully defined by topology	classification based on placement in class-level tree	N/A	94.68	11	0.83374	N/A
Esin_bac_bin350	d__Bacteria;p__Bacteroidota;c__Bacteroidia;o__Bacteroidales;f__UBA932;g__;s__	N/A	N/A	N/A	N/A	N/A	N/A	N/A	N/A	N/A	N/A	d__Bacteria;p__Bacteroidota;c__Bacteroidia;o__Bacteroidales;f__UBA932;g__;s__	taxonomic classification fully defined by topology	classification based on placement in class-level tree	N/A	95.33	11	0.83583	N/A
Esin_bac_bin351	d__Bacteria;p__Bacteroidota;c__Bacteroidia;o__Bacteroidales;f__UBA932;g__;s__	N/A	N/A	N/A	N/A	N/A	N/A	N/A	N/A	N/A	N/A	d__Bacteria;p__Bacteroidota;c__Bacteroidia;o__Bacteroidales;f__UBA932;g__;s__	taxonomic classification fully defined by topology	classification based on placement in class-level tree	N/A	96.09	11	0.83517	N/A
Esin_bac_bin352	d__Bacteria;p__Bacteroidota;c__Bacteroidia;o__Bacteroidales;f__UBA932;g__;s__	N/A	N/A	N/A	N/A	N/A	N/A	N/A	N/A	N/A	N/A	d__Bacteria;p__Bacteroidota;c__Bacteroidia;o__Bacteroidales;f__UBA932;g__;s__	taxonomic novelty determined using RED	classification based on placement in class-level tree	N/A	41.67	11	0.87604	N/A
Esin_bac_bin353	d__Bacteria;p__Bacteroidota;c__Bacteroidia;o__Bacteroidales;f__UBA932;g__;s__	N/A	N/A	N/A	N/A	N/A	N/A	N/A	N/A	N/A	N/A	d__Bacteria;p__Bacteroidota;c__Bacteroidia;o__Bacteroidales;f__UBA932;g__;s__	taxonomic novelty determined using RED	classification based on placement in class-level tree	N/A	59.01	11	0.85587	N/A
Esin_bac_bin354	d__Bacteria;p__Bacteroidota;c__Bacteroidia;o__Bacteroidales;f__WCHB1-69;g__JAGVVH01;s__	N/A	N/A	N/A	N/A	N/A	N/A	N/A	N/A	N/A	N/A	d__Bacteria;p__Bacteroidota;c__Bacteroidia;o__Bacteroidales;f__WCHB1-69;g__JAGVVH01;s__	taxonomic classification fully defined by topology	classification based on placement in class-level tree	N/A	46.83	11	0.92254	N/A
Esin_bac_bin355	d__Bacteria;p__Bacteroidota;c__Bacteroidia;o__Bacteroidales;f__WCHB1-69;g__JAGVVH01;s__	N/A	N/A	N/A	N/A	N/A	N/A	N/A	N/A	N/A	N/A	d__Bacteria;p__Bacteroidota;c__Bacteroidia;o__Bacteroidales;f__WCHB1-69;g__JAGVVH01;s__	taxonomic classification fully defined by topology	classification based on placement in class-level tree	N/A	90.47	11	0.90198	N/A
Esin_bac_bin356	d__Bacteria;p__Bacteroidota;c__Bacteroidia;o__Bacteroidales;f__WCHB1-69;g__JAGVVH01;s__	N/A	N/A	N/A	N/A	N/A	N/A	N/A	N/A	N/A	N/A	d__Bacteria;p__Bacteroidota;c__Bacteroidia;o__Bacteroidales;f__WCHB1-69;g__JAGVVH01;s__	taxonomic classification fully defined by topology	classification based on placement in class-level tree	N/A	91.48	11	0.97903	N/A
Esin_bac_bin357	d__Bacteria;p__Bacteroidota;c__Bacteroidia;o__Bacteroidales;f__WCHB1-69;g__JAGVVH01;s__	N/A	N/A	N/A	N/A	N/A	N/A	N/A	N/A	N/A	N/A	d__Bacteria;p__Bacteroidota;c__Bacteroidia;o__Bacteroidales;f__WCHB1-69;g__JAGVVH01;s__	taxonomic classification fully defined by topology	classification based on placement in class-level tree	N/A	95.09	11	0.97268	N/A
Esin_bac_bin358	d__Bacteria;p__Bacteroidota;c__Bacteroidia;o__Bacteroidales;f__WCHB1-69;g__JAIROC01;s__	N/A	N/A	N/A	N/A	N/A	N/A	N/A	N/A	N/A	N/A	d__Bacteria;p__Bacteroidota;c__Bacteroidia;o__Bacteroidales;f__WCHB1-69;g__JAIROC01;s__	taxonomic classification fully defined by topology	classification based on placement in class-level tree	N/A	57.46	11	0.93465	N/A
Esin_bac_bin359	d__Bacteria;p__Bacteroidota;c__Bacteroidia;o__Bacteroidales;f__WCHB1-69;g__JAIROC01;s__	N/A	N/A	N/A	N/A	N/A	N/A	N/A	N/A	N/A	N/A	d__Bacteria;p__Bacteroidota;c__Bacteroidia;o__Bacteroidales;f__WCHB1-69;g__JAIROC01;s__	taxonomic classification fully defined by topology	classification based on placement in class-level tree	N/A	97.4	11	0.92948	N/A
Esin_bac_bin360	d__Bacteria;p__Bacteroidota;c__Bacteroidia;o__Bacteroidales;f__WCHB1-69;g__;s__	N/A	N/A	N/A	N/A	N/A	N/A	N/A	N/A	N/A	N/A	d__Bacteria;p__Bacteroidota;c__Bacteroidia;o__Bacteroidales;f__WCHB1-69;g__;s__	taxonomic novelty determined using RED	classification based on placement in class-level tree	N/A	97.1	11	0.85928	N/A
Esin_bac_bin361	d__Bacteria;p__Bacteroidota;c__Bacteroidia;o__Bacteroidales;f__WRLA01;g__WRLA01;s__	N/A	N/A	N/A	N/A	N/A	N/A	N/A	N/A	N/A	N/A	d__Bacteria;p__Bacteroidota;c__Bacteroidia;o__Bacteroidales;f__WRLA01;g__WRLA01;s__	taxonomic classification fully defined by topology	classification based on placement in class-level tree	N/A	94.34	11	0.93496	N/A
Esin_bac_bin362	d__Bacteria;p__Bacteroidota;c__Bacteroidia;o__Bacteroidales;f__WRLA01;g__WRLA01;s__	N/A	N/A	N/A	N/A	N/A	N/A	N/A	N/A	N/A	N/A	d__Bacteria;p__Bacteroidota;c__Bacteroidia;o__Bacteroidales;f__WRLA01;g__WRLA01;s__	taxonomic classification fully defined by topology	classification based on placement in class-level tree	N/A	96.43	11	0.94891	N/A
Esin_bac_bin363	d__Bacteria;p__Bacteroidota;c__Bacteroidia;o__Bacteroidales;f__WRLA01;g__WRLA01;s__	N/A	N/A	N/A	N/A	N/A	N/A	N/A	N/A	N/A	N/A	d__Bacteria;p__Bacteroidota;c__Bacteroidia;o__Bacteroidales;f__WRLA01;g__WRLA01;s__	taxonomic classification fully defined by topology	classification based on placement in class-level tree	N/A	97.6	11	0.94795	N/A
Esin_bac_bin364	d__Bacteria;p__Bacteroidota;c__Bacteroidia;o__Flavobacteriales_B;f__Blattabacteriaceae;g__Blattabacterium;s__Blattabacterium cuenoti_L	GCF_014251955.1	95.0	d__Bacteria;p__Bacteroidota;c__Bacteroidia;o__Flavobacteriales_B;f__Blattabacteriaceae;g__Blattabacterium;s__Blattabacterium cuenoti_L	99.94	1.0	N/A	N/A	N/A	N/A	N/A	N/A	ani_screen	classification based on ANI only	GCF_000236405.1, s__Blattabacterium punctulatus, 95.0, 81.34, 0.333; GCF_000262715.1, s__Blattabacterium sp000262715, 95.0, 81.16, 0.228; GCF_014251715.1, s__Blattabacterium cuenoti_M, 95.0, 80.78, 0.225; GCF_003268615.1, s__Blattabacterium clevelandi, 95.0, 82.1, 0.359; GCF_014252255.1, s__Blattabacterium cuenoti_J, 95.0, 82.26, 0.29; GCF_014251735.1, s__Blattabacterium cuenoti_C, 95.0, 81.89, 0.358; GCF_014252455.1, s__Blattabacterium cuenoti_R, 95.0, 82.1, 0.268; GCF_000334405.1, s__Blattabacterium sp000334405, 95.0, 81.35, 0.296; GCF_014251795.1, s__Blattabacterium cuenoti_AB, 95.0, 80.38, 0.188; GCF_014251255.1, s__Blattabacterium cuenoti_W, 95.0, 90.0, 0.861; GCF_014251695.1, s__Blattabacterium cuenoti_T, 95.0, 80.79, 0.227; GCF_000348805.1, s__Blattabacterium cuenoti_B, 95.0, 81.06, 0.22; GCF_000233435.1, s__Blattabacterium sp000233435, 95.0, 80.86, 0.241; GCF_014252095.1, s__Blattabacterium cuenoti_F, 95.0, 80.78, 0.261; GCF_003226855.1, s__Blattabacterium sp003226855, 95.0, 82.71, 0.374; GCF_014252395.1, s__Blattabacterium cuenoti_AA, 95.0, 79.89, 0.174; GCF_000022605.2, s__Blattabacterium sp000022605, 95.0, 81.57, 0.248; GCF_014251375.1, s__Blattabacterium cuenoti_K, 95.0, 87.33, 0.711; GCF_014251335.1, s__Blattabacterium cuenoti_G, 95.0, 79.94, 0.204; GCF_014252115.1, s__Blattabacterium cuenoti_AK, 95.0, 80.32, 0.198; GCF_014252015.1, s__Blattabacterium cuenoti_U, 95.0, 79.99, 0.198	N/A	N/A	N/A	N/A
Esin_bac_bin365	d__Bacteria;p__Bacteroidota;c__Bacteroidia;o__Flavobacteriales;f__Weeksellaceae;g__;s__	N/A	N/A	N/A	N/A	N/A	N/A	N/A	N/A	N/A	N/A	d__Bacteria;p__Bacteroidota;c__Bacteroidia;o__Flavobacteriales;f__Weeksellaceae;g__;s__	taxonomic novelty determined using RED	classification based on placement in class-level tree	N/A	79.09	11	0.8869	N/A
Esin_bac_bin366	d__Bacteria;p__Bdellovibrionota;c__Bacteriovoracia;o__Bacteriovoracales;f__Bacteriovoracaceae;g__;s__	N/A	N/A	N/A	N/A	N/A	N/A	N/A	N/A	N/A	N/A	d__Bacteria;p__Bdellovibrionota;c__Bacteriovoracia;o__Bacteriovoracales;f__Bacteriovoracaceae;g__;s__	taxonomic novelty determined using RED	classification based on placement in class-level tree	N/A	35.99	11	0.77435	N/A
Esin_bac_bin367	d__Bacteria;p__Campylobacterota;c__Campylobacteria;o__Campylobacterales;f__Arcobacteraceae;g__Aliarcobacter;s__	N/A	N/A	N/A	N/A	N/A	N/A	N/A	N/A	N/A	N/A	d__Bacteria;p__Campylobacterota;c__Campylobacteria;o__Campylobacterales;f__Arcobacteraceae;g__Aliarcobacter;s__	taxonomic classification defined by topology and ANI	classification based on placement in class-level tree	GCA_017996075.1, s__Aliarcobacter sp017996075, 95.0, 84.16, 0.193; GCF_013201705.1, s__Aliarcobacter faecis, 95.0, 82.14, 0.292; GCF_014352935.1, s__Aliarcobacter cryaerophilus_A, 95.09, 81.79, 0.261; GCF_013201625.1, s__Aliarcobacter lanthieri, 95.0, 81.45, 0.221; GCF_003660105.1, s__Aliarcobacter cryaerophilus, 95.0, 81.42, 0.27; GCF_003355515.1, s__Aliarcobacter trophiarum, 95.0, 81.37, 0.277; GCF_003544835.1, s__Aliarcobacter skirrowii, 95.0, 81.34, 0.233; GCF_013372265.1, s__Aliarcobacter cibarius, 95.0, 81.17, 0.195; GCA_947629065.1, s__Aliarcobacter sp947629065, 95.0, 80.87, 0.159; GCF_004214815.1, s__Aliarcobacter thereius, 95.0, 80.6, 0.189; GCF_004299785.2, s__Aliarcobacter porcinus, 95.0, 80.59, 0.185; GCF_002993025.1, s__Aliarcobacter cryaerophilus_B, 95.0, 80.58, 0.256; GCF_016106035.1, s__Aliarcobacter vandammei, 95.0, 80.43, 0.228; GCF_003316695.1, s__Aliarcobacter vitoriensis, 95.0, 79.63, 0.232	75.13	11	0.97804	N/A
Esin_bac_bin368	d__Bacteria;p__Campylobacterota;c__Campylobacteria;o__Campylobacterales;f__Campylobacteraceae;g__JAIRQK01;s__	N/A	N/A	N/A	N/A	N/A	N/A	N/A	N/A	N/A	N/A	d__Bacteria;p__Campylobacterota;c__Campylobacteria;o__Campylobacterales;f__Campylobacteraceae;g__JAIRQK01;s__	taxonomic novelty determined using RED	classification based on placement in class-level tree	N/A	61.29	11	0.92281	N/A
Esin_bac_bin369	d__Bacteria;p__Cyanobacteriota;c__Vampirovibrionia;o__Gastranaerophilales;f__Gastranaerophilaceae;g__;s__	N/A	N/A	N/A	N/A	N/A	N/A	N/A	N/A	N/A	N/A	d__Bacteria;p__Cyanobacteriota;c__Vampirovibrionia;o__Gastranaerophilales;f__Gastranaerophilaceae;g__;s__	taxonomic novelty determined using RED	classification based on placement in class-level tree	N/A	51.0	11	0.9015	N/A
Esin_bac_bin370	d__Bacteria;p__Cyanobacteriota;c__Vampirovibrionia;o__Gastranaerophilales;f__Gastranaerophilaceae;g__;s__	N/A	N/A	N/A	N/A	N/A	N/A	N/A	N/A	N/A	N/A	d__Bacteria;p__Cyanobacteriota;c__Vampirovibrionia;o__Gastranaerophilales;f__Gastranaerophilaceae;g__;s__	taxonomic novelty determined using RED	classification based on placement in class-level tree	N/A	57.89	11	0.90283	N/A
Esin_bac_bin371	d__Bacteria;p__Cyanobacteriota;c__Vampirovibrionia;o__Gastranaerophilales;f__Gastranaerophilaceae;g__;s__	N/A	N/A	N/A	N/A	N/A	N/A	N/A	N/A	N/A	N/A	d__Bacteria;p__Cyanobacteriota;c__Vampirovibrionia;o__Gastranaerophilales;f__Gastranaerophilaceae;g__;s__	taxonomic novelty determined using RED	classification based on placement in class-level tree	N/A	59.58	11	0.89886	N/A
Esin_bac_bin372	d__Bacteria;p__Cyanobacteriota;c__Vampirovibrionia;o__Gastranaerophilales;f__Gastranaerophilaceae;g__Stercorousia;s__Stercorousia sp900752845	GCA_900752845.1	95.0	d__Bacteria;p__Cyanobacteriota;c__Vampirovibrionia;o__Gastranaerophilales;f__Gastranaerophilaceae;g__Stercorousia;s__Stercorousia sp900752845	99.2	0.936	N/A	N/A	N/A	N/A	N/A	N/A	ani_screen	classification based on ANI only	GCA_900548405.1, s__Stercorousia sp001917115, 95.0, 86.59, 0.583; GCA_000433095.1, s__Stercorousia sp000433095, 95.0, 90.88, 0.794	N/A	N/A	N/A	N/A
Esin_bac_bin373	d__Bacteria;p__Cyanobacteriota;c__Vampirovibrionia;o__Gastranaerophilales;f__Gastranaerophilaceae;g__UBA947;s__	N/A	N/A	N/A	N/A	N/A	N/A	N/A	N/A	N/A	N/A	d__Bacteria;p__Cyanobacteriota;c__Vampirovibrionia;o__Gastranaerophilales;f__Gastranaerophilaceae;g__UBA947;s__	taxonomic classification fully defined by topology	classification based on placement in class-level tree	N/A	41.29	11	0.91717	N/A
Esin_bac_bin374	d__Bacteria;p__Cyanobacteriota;c__Vampirovibrionia;o__Gastranaerophilales;f__Gastranaerophilaceae;g__UBA947;s__	N/A	N/A	N/A	N/A	N/A	N/A	N/A	N/A	N/A	N/A	d__Bacteria;p__Cyanobacteriota;c__Vampirovibrionia;o__Gastranaerophilales;f__Gastranaerophilaceae;g__UBA947;s__	taxonomic classification fully defined by topology	classification based on placement in class-level tree	N/A	63.52	11	0.91763	N/A
Esin_bac_bin375	d__Bacteria;p__Deferribacterota;c__Deferribacteres;o__Deferribacterales;f__JAISNW01;g__;s__	N/A	N/A	N/A	N/A	N/A	N/A	N/A	N/A	N/A	N/A	d__Bacteria;p__Deferribacterota;c__Deferribacteres;o__Deferribacterales;f__JAISNW01;g__;s__	taxonomic classification fully defined by topology	classification based on placement in class-level tree	N/A	35.05	11	0.78313	N/A
Esin_bac_bin376	d__Bacteria;p__Desulfobacterota;c__Desulfobacteria;o__Desulfobacterales;f__ASO4-4;g__;s__	N/A	N/A	N/A	N/A	N/A	N/A	N/A	N/A	N/A	N/A	d__Bacteria;p__Desulfobacterota;c__Desulfobacteria;o__Desulfobacterales;f__ASO4-4;g__;s__	taxonomic novelty determined using RED	classification based on placement in class-level tree	N/A	58.13	11	0.89276	N/A
Esin_bac_bin377	d__Bacteria;p__Desulfobacterota;c__Desulfobacteria;o__Desulfobacterales;f__;g__;s__	N/A	N/A	N/A	N/A	N/A	N/A	N/A	N/A	N/A	N/A	d__Bacteria;p__Desulfobacterota;c__Desulfobacteria;o__Desulfobacterales;f__;g__;s__	taxonomic novelty determined using RED	classification based on placement in class-level tree	N/A	38.39	11	0.68172	N/A
Esin_bac_bin378	d__Bacteria;p__Desulfobacterota;c__Desulfobacteria;o__Desulfobacterales;f__;g__;s__	N/A	N/A	N/A	N/A	N/A	N/A	N/A	N/A	N/A	N/A	d__Bacteria;p__Desulfobacterota;c__Desulfobacteria;o__Desulfobacterales;f__;g__;s__	taxonomic novelty determined using RED	classification based on placement in class-level tree	N/A	42.46	11	0.67843	N/A
Esin_bac_bin379	d__Bacteria;p__Elusimicrobiota;c__Elusimicrobia;o__Elusimicrobiales;f__Elusimicrobiaceae;g__Elusimicrobium;s__	N/A	N/A	N/A	N/A	N/A	N/A	N/A	N/A	N/A	N/A	d__Bacteria;p__Elusimicrobiota;c__Elusimicrobia;o__Elusimicrobiales;f__Elusimicrobiaceae;g__Elusimicrobium;s__	taxonomic classification fully defined by topology	classification based on placement in class-level tree	N/A	60.12	11	0.93589	N/A
Esin_bac_bin380	d__Bacteria;p__Elusimicrobiota;c__Elusimicrobia;o__Elusimicrobiales;f__Elusimicrobiaceae;g__;s__	N/A	N/A	N/A	N/A	N/A	N/A	N/A	N/A	N/A	N/A	d__Bacteria;p__Elusimicrobiota;c__Elusimicrobia;o__Elusimicrobiales;f__Elusimicrobiaceae;g__;s__	taxonomic novelty determined using RED	classification based on placement in class-level tree	N/A	77.02	11	0.87176	N/A
Esin_bac_bin381	d__Bacteria;p__Elusimicrobiota;c__Endomicrobiia;o__Endomicrobiales;f__Endomicrobiaceae;g__Endomicrobium;s__	N/A	N/A	N/A	N/A	N/A	N/A	N/A	N/A	N/A	N/A	d__Bacteria;p__Elusimicrobiota;c__Endomicrobiia;o__Endomicrobiales;f__Endomicrobiaceae;g__Endomicrobium;s__	taxonomic classification fully defined by topology	classification based on placement in class-level tree	N/A	42.4	11	0.88954	N/A
Esin_bac_bin382	d__Bacteria;p__Elusimicrobiota;c__Endomicrobiia;o__Endomicrobiales;f__Endomicrobiaceae;g__Endomicrobium;s__	N/A	N/A	N/A	N/A	N/A	N/A	N/A	N/A	N/A	N/A	d__Bacteria;p__Elusimicrobiota;c__Endomicrobiia;o__Endomicrobiales;f__Endomicrobiaceae;g__Endomicrobium;s__	taxonomic classification fully defined by topology	classification based on placement in class-level tree	N/A	71.18	11	0.8336	N/A
Esin_bac_bin383	d__Bacteria;p__Eremiobacterota;c__CADAWZ01;o__CADAWZ01;f__CADAWZ01;g__;s__	N/A	N/A	N/A	N/A	N/A	N/A	N/A	N/A	N/A	N/A	d__Bacteria;p__Eremiobacterota;c__CADAWZ01;o__CADAWZ01;f__CADAWZ01;g__;s__	taxonomic novelty determined using RED	classification based on placement in class-level tree	N/A	60.22	11	0.73057	N/A
Esin_bac_bin384	d__Bacteria;p__Fibrobacterota;c__Chitinivibrionia;o__Chitinivibrionales;f__WRFX01;g__;s__	N/A	N/A	N/A	N/A	N/A	N/A	N/A	N/A	N/A	N/A	d__Bacteria;p__Fibrobacterota;c__Chitinivibrionia;o__Chitinivibrionales;f__WRFX01;g__;s__	taxonomic novelty determined using RED	classification based on placement in class-level tree	N/A	93.53	11	0.7304	N/A
Esin_bac_bin385	d__Bacteria;p__Fibrobacterota;c__Chitinivibrionia;o__Chitinivibrionales;f__WRFX01;g__WRFX01;s__	N/A	N/A	N/A	N/A	N/A	N/A	N/A	N/A	N/A	N/A	d__Bacteria;p__Fibrobacterota;c__Chitinivibrionia;o__Chitinivibrionales;f__WRFX01;g__WRFX01;s__	taxonomic classification fully defined by topology	classification based on placement in class-level tree	N/A	85.2	11	0.91424	N/A
Esin_bac_bin386	d__Bacteria;p__Fibrobacterota;c__Fibrobacteria;o__Fibrobacterales;f__Fibrobacteraceae;g__JAISUZ01;s__	N/A	N/A	N/A	N/A	N/A	N/A	N/A	N/A	N/A	N/A	d__Bacteria;p__Fibrobacterota;c__Fibrobacteria;o__Fibrobacterales;f__Fibrobacteraceae;g__JAISUZ01;s__	taxonomic novelty determined using RED	classification based on placement in class-level tree	N/A	91.7	11	0.91187	N/A
Esin_bac_bin387	d__Bacteria;p__Fibrobacterota;c__Fibrobacteria;o__Fibrobacterales;f__Fibrobacteraceae;g__JAISUZ01;s__	N/A	N/A	N/A	N/A	N/A	N/A	N/A	N/A	N/A	N/A	d__Bacteria;p__Fibrobacterota;c__Fibrobacteria;o__Fibrobacterales;f__Fibrobacteraceae;g__JAISUZ01;s__	taxonomic novelty determined using RED	classification based on placement in class-level tree	N/A	92.83	11	0.91503	N/A
Esin_bac_bin388	d__Bacteria;p__Myxococcota;c__Myxococcia;o__Myxococcales;f__UBA5297;g__;s__	N/A	N/A	N/A	N/A	N/A	N/A	N/A	N/A	N/A	N/A	d__Bacteria;p__Myxococcota;c__Myxococcia;o__Myxococcales;f__UBA5297;g__;s__	taxonomic novelty determined using RED	classification based on placement in class-level tree	N/A	71.72	11	0.85681	N/A
Esin_bac_bin389	d__Bacteria;p__Patescibacteria;c__JAEDAM01;o__Absconditabacterales;f__Absconditicoccaceae;g__UBA3291;s__	N/A	N/A	N/A	N/A	N/A	N/A	N/A	N/A	N/A	N/A	d__Bacteria;p__Patescibacteria;c__JAEDAM01;o__Absconditabacterales;f__Absconditicoccaceae;g__UBA3291;s__	taxonomic classification fully defined by topology	classification based on placement in class-level tree	N/A	30.98	4	0.91745	N/A
Esin_bac_bin390	d__Bacteria;p__Patescibacteria;c__Saccharimonadia;o__Saccharimonadales;f__Nanoperiomorbaceae;g__WRGU01;s__	N/A	N/A	N/A	N/A	N/A	N/A	N/A	N/A	N/A	N/A	d__Bacteria;p__Patescibacteria;c__Saccharimonadia;o__Saccharimonadales;f__Nanoperiomorbaceae;g__WRGU01;s__	taxonomic classification fully defined by topology	classification based on placement in class-level tree	N/A	31.3	11	0.94666	N/A
Esin_bac_bin391	d__Bacteria;p__Patescibacteria;c__Saccharimonadia;o__Saccharimonadales;f__Nanosyncoccaceae;g__UBA2834;s__	N/A	N/A	N/A	N/A	N/A	N/A	N/A	N/A	N/A	N/A	d__Bacteria;p__Patescibacteria;c__Saccharimonadia;o__Saccharimonadales;f__Nanosyncoccaceae;g__UBA2834;s__	taxonomic classification fully defined by topology	classification based on placement in class-level tree	N/A	28.82	11	0.94976	N/A
Esin_bac_bin392	d__Bacteria;p__Patescibacteria;c__Saccharimonadia;o__Saccharimonadales;f__Nanosyncoccaceae;g__WQUV01;s__	N/A	N/A	N/A	N/A	N/A	N/A	N/A	N/A	N/A	N/A	d__Bacteria;p__Patescibacteria;c__Saccharimonadia;o__Saccharimonadales;f__Nanosyncoccaceae;g__WQUV01;s__	taxonomic novelty determined using RED	classification based on placement in class-level tree	N/A	33.57	11	0.94909	N/A
Esin_bac_bin393	d__Bacteria;p__Patescibacteria;c__Saccharimonadia;o__Saccharimonadales;f__Nanosyncoccaceae;g__WRMD01;s__	N/A	N/A	N/A	N/A	N/A	N/A	N/A	N/A	N/A	N/A	d__Bacteria;p__Patescibacteria;c__Saccharimonadia;o__Saccharimonadales;f__Nanosyncoccaceae;g__WRMD01;s__	taxonomic novelty determined using RED	classification based on placement in class-level tree	N/A	66.87	11	0.92182	N/A
Esin_bac_bin394	d__Bacteria;p__Planctomycetota;c__Planctomycetia;o__Pirellulales;f__Thermoguttaceae;g__WRMR01;s__	N/A	N/A	N/A	N/A	N/A	N/A	N/A	N/A	N/A	N/A	d__Bacteria;p__Planctomycetota;c__Planctomycetia;o__Pirellulales;f__Thermoguttaceae;g__WRMR01;s__	taxonomic classification fully defined by topology	classification based on placement in class-level tree	N/A	37.68	11	0.9605	N/A
Esin_bac_bin395	d__Bacteria;p__Planctomycetota;c__SZUA-567;o__SZUA-567;f__SZUA-567;g__JAJBSZ01;s__	N/A	N/A	N/A	N/A	N/A	N/A	N/A	N/A	N/A	N/A	d__Bacteria;p__Planctomycetota;c__SZUA-567;o__SZUA-567;f__SZUA-567;g__JAJBSZ01;s__	taxonomic classification fully defined by topology	classification based on placement in class-level tree	N/A	27.57	11	0.94278	N/A
Esin_bac_bin396	d__Bacteria;p__Planctomycetota;c__SZUA-567;o__SZUA-567;f__SZUA-567;g__JAJBSZ01;s__	N/A	N/A	N/A	N/A	N/A	N/A	N/A	N/A	N/A	N/A	d__Bacteria;p__Planctomycetota;c__SZUA-567;o__SZUA-567;f__SZUA-567;g__JAJBSZ01;s__	taxonomic classification fully defined by topology	classification based on placement in class-level tree	N/A	38.69	11	0.9377	N/A
Esin_bac_bin397	d__Bacteria;p__Planctomycetota;c__SZUA-567;o__SZUA-567;f__SZUA-567;g__JAJBSZ01;s__	N/A	N/A	N/A	N/A	N/A	N/A	N/A	N/A	N/A	N/A	d__Bacteria;p__Planctomycetota;c__SZUA-567;o__SZUA-567;f__SZUA-567;g__JAJBSZ01;s__	taxonomic classification fully defined by topology	classification based on placement in class-level tree	N/A	72.31	11	0.89433	N/A
Esin_bac_bin398	d__Bacteria;p__Pseudomonadota;c__Alphaproteobacteria;o__RF32;f__CACZRW01;g__CACZRW01;s__	N/A	N/A	N/A	N/A	N/A	N/A	N/A	N/A	N/A	N/A	d__Bacteria;p__Pseudomonadota;c__Alphaproteobacteria;o__RF32;f__CACZRW01;g__CACZRW01;s__	taxonomic novelty determined using RED	classification based on placement in class-level tree	N/A	78.39	11	0.85154	N/A
Esin_bac_bin399	d__Bacteria;p__Pseudomonadota;c__Alphaproteobacteria;o__RF32;f__CAG-239;g__JAISFX01;s__	N/A	N/A	N/A	N/A	N/A	N/A	N/A	N/A	N/A	N/A	d__Bacteria;p__Pseudomonadota;c__Alphaproteobacteria;o__RF32;f__CAG-239;g__JAISFX01;s__	taxonomic novelty determined using RED	classification based on placement in class-level tree	N/A	31.02	11	0.90372	N/A
Esin_bac_bin400	d__Bacteria;p__Pseudomonadota;c__Alphaproteobacteria;o__RF32;f__CAG-239;g__JAISFX01;s__	N/A	N/A	N/A	N/A	N/A	N/A	N/A	N/A	N/A	N/A	d__Bacteria;p__Pseudomonadota;c__Alphaproteobacteria;o__RF32;f__CAG-239;g__JAISFX01;s__	taxonomic novelty determined using RED	classification based on placement in class-level tree	N/A	39.86	11	0.92844	N/A
Esin_bac_bin401	d__Bacteria;p__Pseudomonadota;c__Alphaproteobacteria;o__RF32;f__CAG-239;g__JAQWBS01;s__	N/A	N/A	N/A	N/A	N/A	N/A	N/A	N/A	N/A	N/A	d__Bacteria;p__Pseudomonadota;c__Alphaproteobacteria;o__RF32;f__CAG-239;g__JAQWBS01;s__	taxonomic classification fully defined by topology	classification based on placement in class-level tree	N/A	62.72	11	0.9082	N/A
Esin_bac_bin402	d__Bacteria;p__Pseudomonadota;c__Alphaproteobacteria;o__RF32;f__CAG-239;g__;s__	N/A	N/A	N/A	N/A	N/A	N/A	N/A	N/A	N/A	N/A	d__Bacteria;p__Pseudomonadota;c__Alphaproteobacteria;o__RF32;f__CAG-239;g__;s__	taxonomic novelty determined using RED	classification based on placement in class-level tree	N/A	36.15	11	0.86725	Genome has more than 10.0% of markers with multiple hits
Esin_bac_bin403	d__Bacteria;p__Pseudomonadota;c__Alphaproteobacteria;o__RF32;f__CAG-239;g__;s__	N/A	N/A	N/A	N/A	N/A	N/A	N/A	N/A	N/A	N/A	d__Bacteria;p__Pseudomonadota;c__Alphaproteobacteria;o__RF32;f__CAG-239;g__;s__	taxonomic novelty determined using RED	classification based on placement in class-level tree	N/A	56.8	11	0.84742	N/A
Esin_bac_bin404	d__Bacteria;p__Pseudomonadota;c__Alphaproteobacteria;o__RF32;f__CAG-239;g__;s__	N/A	N/A	N/A	N/A	N/A	N/A	N/A	N/A	N/A	N/A	d__Bacteria;p__Pseudomonadota;c__Alphaproteobacteria;o__RF32;f__CAG-239;g__;s__	taxonomic novelty determined using RED	classification based on placement in class-level tree	N/A	75.23	11	0.83714	N/A
Esin_bac_bin405	d__Bacteria;p__Pseudomonadota;c__Alphaproteobacteria;o__RF32;f__CAG-239;g__;s__	N/A	N/A	N/A	N/A	N/A	N/A	N/A	N/A	N/A	N/A	d__Bacteria;p__Pseudomonadota;c__Alphaproteobacteria;o__RF32;f__CAG-239;g__;s__	taxonomic novelty determined using RED	classification based on placement in class-level tree	N/A	92.31	11	0.85096	N/A
Esin_bac_bin406	d__Bacteria;p__Pseudomonadota;c__Alphaproteobacteria;o__RF32;f__UBA3637;g__;s__	N/A	N/A	N/A	N/A	N/A	N/A	N/A	N/A	N/A	N/A	d__Bacteria;p__Pseudomonadota;c__Alphaproteobacteria;o__RF32;f__UBA3637;g__;s__	taxonomic novelty determined using RED	classification based on placement in class-level tree	N/A	74.24	11	0.88742	N/A
Esin_bac_bin407	d__Bacteria;p__Pseudomonadota;c__Alphaproteobacteria;o__RF32;f__UBA3637;g__UBA7488;s__	N/A	N/A	N/A	N/A	N/A	N/A	N/A	N/A	N/A	N/A	d__Bacteria;p__Pseudomonadota;c__Alphaproteobacteria;o__RF32;f__UBA3637;g__UBA7488;s__	taxonomic classification fully defined by topology	classification based on placement in class-level tree	N/A	68.22	11	0.95495	N/A
Esin_bac_bin408	d__Bacteria;p__Pseudomonadota;c__Alphaproteobacteria;o__Rhizobiales;f__Rhizobiaceae;g__;s__	N/A	N/A	N/A	N/A	N/A	N/A	N/A	N/A	N/A	N/A	d__Bacteria;p__Pseudomonadota;c__Alphaproteobacteria;o__Rhizobiales;f__Rhizobiaceae;g__;s__	taxonomic classification fully defined by topology	classification based on placement in class-level tree	N/A	72.75	11	0.88326	N/A
Esin_bac_bin409	d__Bacteria;p__Pseudomonadota;c__Alphaproteobacteria;o__Rhodobacterales;f__Rhodobacteraceae;g__Paracoccus;s__	N/A	N/A	N/A	N/A	N/A	N/A	N/A	N/A	N/A	N/A	d__Bacteria;p__Pseudomonadota;c__Alphaproteobacteria;o__Rhodobacterales;f__Rhodobacteraceae;g__Paracoccus;s__	taxonomic classification defined by topology and ANI	classification based on placement in class-level tree	GCF_900142875.1, s__Paracoccus solventivorans, 95.0, 84.67, 0.329; GCF_900108405.1, s__Paracoccus alkenifer, 95.0, 83.96, 0.304; GCF_016617715.1, s__Paracoccus sp014164625, 95.0, 81.16, 0.165; GCF_900102885.1, s__Paracoccus chinensis, 95.0, 81.1, 0.151; GCF_030536915.1, s__Paracoccus sp030536915, 95.0, 80.48, 0.158; GCF_000763805.1, s__Paracoccus sphaerophysae, 95.0, 80.4, 0.162; GCF_002287065.1, s__Paracoccus salipaludis, 95.0, 79.66, 0.158	66.32	11	0.99082	N/A
Esin_bac_bin410	d__Bacteria;p__Pseudomonadota;c__Alphaproteobacteria;o__Rs-D84;f__Rs-D84;g__;s__	N/A	N/A	N/A	N/A	N/A	N/A	N/A	N/A	N/A	N/A	d__Bacteria;p__Pseudomonadota;c__Alphaproteobacteria;o__Rs-D84;f__Rs-D84;g__;s__	taxonomic novelty determined using RED	classification based on placement in class-level tree	N/A	34.2	11	0.90609	N/A
Esin_bac_bin411	d__Bacteria;p__Pseudomonadota;c__Alphaproteobacteria;o__Rs-D84;f__Rs-D84;g__;s__	N/A	N/A	N/A	N/A	N/A	N/A	N/A	N/A	N/A	N/A	d__Bacteria;p__Pseudomonadota;c__Alphaproteobacteria;o__Rs-D84;f__Rs-D84;g__;s__	taxonomic novelty determined using RED	classification based on placement in class-level tree	N/A	53.35	11	0.9066	N/A
Esin_bac_bin412	d__Bacteria;p__Pseudomonadota;c__Alphaproteobacteria;o__Rs-D84;f__Rs-D84;g__;s__	N/A	N/A	N/A	N/A	N/A	N/A	N/A	N/A	N/A	N/A	d__Bacteria;p__Pseudomonadota;c__Alphaproteobacteria;o__Rs-D84;f__Rs-D84;g__;s__	taxonomic novelty determined using RED	classification based on placement in class-level tree	N/A	57.52	11	0.91018	N/A
Esin_bac_bin413	d__Bacteria;p__Pseudomonadota;c__Alphaproteobacteria;o__Rs-D84;f__Rs-D84;g__;s__	N/A	N/A	N/A	N/A	N/A	N/A	N/A	N/A	N/A	N/A	d__Bacteria;p__Pseudomonadota;c__Alphaproteobacteria;o__Rs-D84;f__Rs-D84;g__;s__	taxonomic novelty determined using RED	classification based on placement in class-level tree	N/A	61.21	11	0.90646	N/A
Esin_bac_bin414	d__Bacteria;p__Pseudomonadota;c__Alphaproteobacteria;o__Rs-D84;f__Rs-D84;g__;s__	N/A	N/A	N/A	N/A	N/A	N/A	N/A	N/A	N/A	N/A	d__Bacteria;p__Pseudomonadota;c__Alphaproteobacteria;o__Rs-D84;f__Rs-D84;g__;s__	taxonomic novelty determined using RED	classification based on placement in class-level tree	N/A	63.18	11	0.90633	N/A
Esin_bac_bin415	d__Bacteria;p__Pseudomonadota;c__Alphaproteobacteria;o__Rs-D84;f__Rs-D84;g__;s__	N/A	N/A	N/A	N/A	N/A	N/A	N/A	N/A	N/A	N/A	d__Bacteria;p__Pseudomonadota;c__Alphaproteobacteria;o__Rs-D84;f__Rs-D84;g__;s__	taxonomic novelty determined using RED	classification based on placement in class-level tree	N/A	76.84	11	0.90847	N/A
Esin_bac_bin416	d__Bacteria;p__Pseudomonadota;c__Alphaproteobacteria;o__Rs-D84;f__Rs-D84;g__WQUT01;s__	N/A	N/A	N/A	N/A	N/A	N/A	N/A	N/A	N/A	N/A	d__Bacteria;p__Pseudomonadota;c__Alphaproteobacteria;o__Rs-D84;f__Rs-D84;g__WQUT01;s__	taxonomic novelty determined using RED	classification based on placement in class-level tree	N/A	36.74	11	0.88003	N/A
Esin_bac_bin417	d__Bacteria;p__Pseudomonadota;c__Alphaproteobacteria;o__UBA3830;f__;g__;s__	N/A	N/A	N/A	N/A	N/A	N/A	N/A	N/A	N/A	N/A	d__Bacteria;p__Pseudomonadota;c__Alphaproteobacteria;o__UBA3830;f__;g__;s__	taxonomic novelty determined using RED	classification based on placement in class-level tree	N/A	49.59	11	0.66776	N/A
Esin_bac_bin418	d__Bacteria;p__Pseudomonadota;c__Alphaproteobacteria;o__UBA3830;f__UBA3830;g__;s__	N/A	N/A	N/A	N/A	N/A	N/A	N/A	N/A	N/A	N/A	d__Bacteria;p__Pseudomonadota;c__Alphaproteobacteria;o__UBA3830;f__UBA3830;g__;s__	taxonomic novelty determined using RED	classification based on placement in class-level tree	N/A	76.84	11	0.86755	N/A
Esin_bac_bin419	d__Bacteria;p__Pseudomonadota;c__Gammaproteobacteria;o__Burkholderiales;f__Burkholderiaceae;g__Advenella;s__Advenella sp023387815	GCA_023387815.1	95.0	d__Bacteria;p__Pseudomonadota;c__Gammaproteobacteria;o__Burkholderiales;f__Burkholderiaceae;g__Advenella;s__Advenella sp023387815	98.48	0.925	N/A	N/A	N/A	N/A	N/A	N/A	ani_screen	classification based on ANI only	GCA_023422555.1, s__Advenella sp023422555, 95.0, 93.01, 0.733	N/A	N/A	N/A	N/A
Esin_bac_bin420	d__Bacteria;p__Pseudomonadota;c__Gammaproteobacteria;o__Burkholderiales;f__Burkholderiaceae;g__Oxalobacter;s__	N/A	N/A	N/A	N/A	N/A	N/A	N/A	N/A	N/A	N/A	d__Bacteria;p__Pseudomonadota;c__Gammaproteobacteria;o__Burkholderiales;f__Burkholderiaceae;g__Oxalobacter;s__	taxonomic classification fully defined by topology	classification based on placement in class-level tree	N/A	37.93	11	0.96701	N/A
Esin_bac_bin421	d__Bacteria;p__Pseudomonadota;c__Gammaproteobacteria;o__Burkholderiales;f__Casimicrobiaceae;g__UBA931;s__	N/A	N/A	N/A	N/A	N/A	N/A	N/A	N/A	N/A	N/A	d__Bacteria;p__Pseudomonadota;c__Gammaproteobacteria;o__Burkholderiales;f__Casimicrobiaceae;g__UBA931;s__	taxonomic classification fully defined by topology	classification based on placement in class-level tree	N/A	79.19	11	0.95617	N/A
Esin_bac_bin422	d__Bacteria;p__Pseudomonadota;c__Gammaproteobacteria;o__Burkholderiales;f__Rhodocyclaceae;g__;s__	N/A	N/A	N/A	N/A	N/A	N/A	N/A	N/A	N/A	N/A	d__Bacteria;p__Pseudomonadota;c__Gammaproteobacteria;o__Burkholderiales;f__Rhodocyclaceae;g__;s__	taxonomic novelty determined using RED	classification based on placement in class-level tree	N/A	58.75	11	0.8391	N/A
Esin_bac_bin423	d__Bacteria;p__Pseudomonadota;c__Gammaproteobacteria;o__Diplorickettsiales;f__Diplorickettsiaceae;g__Aquirickettsiella;s__	N/A	N/A	N/A	N/A	N/A	N/A	N/A	N/A	N/A	N/A	d__Bacteria;p__Pseudomonadota;c__Gammaproteobacteria;o__Diplorickettsiales;f__Diplorickettsiaceae;g__Aquirickettsiella;s__	taxonomic classification defined by topology and ANI	classification based on placement in class-level tree	GCA_005877695.1, s__Aquirickettsiella sp005877695, 95.0, 83.45, 0.367; GCA_947475085.1, s__Aquirickettsiella sp947475085, 95.0, 83.4, 0.32; GCA_949295795.1, s__Aquirickettsiella sp949295795, 95.0, 82.96, 0.274; GCF_001881495.1, s__Aquirickettsiella isopodorum, 95.0, 82.49, 0.384	97.64	11	0.96405	N/A
Esin_bac_bin424	d__Bacteria;p__Pseudomonadota;c__Gammaproteobacteria;o__Enterobacterales;f__Enterobacteriaceae;g__GCA-918320885;s__	N/A	N/A	N/A	N/A	N/A	N/A	N/A	N/A	N/A	N/A	d__Bacteria;p__Pseudomonadota;c__Gammaproteobacteria;o__Enterobacterales;f__Enterobacteriaceae;g__GCA-918320885;s__	taxonomic novelty determined using RED	classification based on placement in class-level tree	N/A	91.54	11	0.87889	N/A
Esin_bac_bin425	d__Bacteria;p__Pseudomonadota;c__Gammaproteobacteria;o__Enterobacterales;f__Johnevansiaceae;g__;s__	N/A	N/A	N/A	N/A	N/A	N/A	N/A	N/A	N/A	N/A	d__Bacteria;p__Pseudomonadota;c__Gammaproteobacteria;o__Enterobacterales;f__Johnevansiaceae;g__;s__	taxonomic novelty determined using RED	classification based on placement in class-level tree	N/A	75.11	11	0.75074	N/A
Esin_bac_bin426	d__Bacteria;p__Pseudomonadota;c__Gammaproteobacteria;o__Pseudomonadales;f__Moraxellaceae;g__Acinetobacter;s__	N/A	N/A	N/A	N/A	N/A	GCF_016624945.1	95.0	d__Bacteria;p__Pseudomonadota;c__Gammaproteobacteria;o__Pseudomonadales;f__Moraxellaceae;g__Acinetobacter;s__Acinetobacter sp016624945	88.16	0.519	d__Bacteria;p__Pseudomonadota;c__Gammaproteobacteria;o__Pseudomonadales;f__Moraxellaceae;g__Acinetobacter;s__	taxonomic classification defined by topology and ANI	classification based on placement in class-level tree	GCF_009372255.1, s__Acinetobacter guerrae, 95.0, 84.56, 0.37; GCF_000368825.1, s__Acinetobacter ursingii, 95.0, 84.54, 0.348; GCF_025562455.1, s__Acinetobacter sp025562455, 95.0, 84.05, 0.34; GCF_900625095.1, s__Acinetobacter ihumii, 95.0, 83.14, 0.268	68.48	11	0.99499	Genome not assigned to closest species as it falls outside its pre-defined ANI radius
Esin_bac_bin427	d__Bacteria;p__Pseudomonadota;c__Gammaproteobacteria;o__Pseudomonadales;f__Pseudomonadaceae;g__Entomomonas;s__	N/A	N/A	N/A	N/A	N/A	GCF_025985425.1	95.0	d__Bacteria;p__Pseudomonadota;c__Gammaproteobacteria;o__Pseudomonadales;f__Pseudomonadaceae;g__Entomomonas;s__Entomomonas sp025985425	89.96	0.618	d__Bacteria;p__Pseudomonadota;c__Gammaproteobacteria;o__Pseudomonadales;f__Pseudomonadaceae;g__Entomomonas;s__	taxonomic classification defined by topology and ANI	classification based on placement in class-level tree	GCF_016653615.1, s__Entomomonas asaccharolytica, 95.0, 87.41, 0.573	72.17	11	0.99177	Genome not assigned to closest species as it falls outside its pre-defined ANI radius
Esin_bac_bin428	d__Bacteria;p__Pseudomonadota;c__Gammaproteobacteria;o__Pseudomonadales;f__Pseudomonadaceae;g__Pseudomonas;s__Pseudomonas aeruginosa	GCF_001457615.1	95.0	d__Bacteria;p__Pseudomonadota;c__Gammaproteobacteria;o__Pseudomonadales;f__Pseudomonadaceae;g__Pseudomonas;s__Pseudomonas aeruginosa	99.23	0.933	N/A	N/A	N/A	N/A	N/A	N/A	ani_screen	classification based on ANI only	GCF_017589465.1, s__Pseudomonas schmalbachii, 95.0, 85.64, 0.153; GCF_002091755.1, s__Pseudomonas nitroreducens, 95.0, 85.3, 0.153; GCF_029335315.1, s__Pseudomonas citronellolis_A, 95.0, 86.0, 0.2; GCF_000955805.1, s__Pseudomonas sp000955805, 95.0, 85.52, 0.159; GCF_008807415.1, s__Pseudomonas sp002079985, 95.0, 85.33, 0.169; GCF_900099785.1, s__Pseudomonas panipatensis, 95.0, 85.65, 0.16; GCF_002601815.1, s__Pseudomonas paraeruginosa, 95.0, 93.58, 0.783; GCF_025133575.1, s__Pseudomonas nitroreducens_B, 95.0, 85.36, 0.161; GCF_900187975.1, s__Pseudomonas delhiensis, 95.0, 86.21, 0.213; GCF_017491605.1, s__Pseudomonas sp017491605, 95.0, 85.48, 0.154; GCF_030462585.1, s__Pseudomonas sp030462585, 95.0, 85.29, 0.167; GCF_000349845.1, s__Pseudomonas sp000349845, 95.0, 85.53, 0.16; GCF_021603645.1, s__Pseudomonas pseudonitroreducens, 95.0, 85.29, 0.159; GCF_900103845.1, s__Pseudomonas jinjuensis, 95.0, 85.91, 0.177; GCF_900112375.1, s__Pseudomonas citronellolis, 95.0, 86.17, 0.202; GCF_029203285.1, s__Pseudomonas sp029203285, 95.0, 85.35, 0.162; GCF_000689415.1, s__Pseudomonas knackmussii, 95.0, 85.44, 0.164	N/A	N/A	N/A	N/A
Esin_bac_bin429	d__Bacteria;p__Riflebacteria;c__Ozemobacteria;o__Ozemobacterales;f__Ozemobacteraceae;g__;s__	N/A	N/A	N/A	N/A	N/A	N/A	N/A	N/A	N/A	N/A	d__Bacteria;p__Riflebacteria;c__Ozemobacteria;o__Ozemobacterales;f__Ozemobacteraceae;g__;s__	taxonomic novelty determined using RED	classification based on placement in class-level tree	N/A	90.86	11	0.87423	N/A
Esin_bac_bin430	d__Bacteria;p__Spirochaetota;c__Spirochaetia;o__CADAEX01;f__CADAEX01;g__;s__	N/A	N/A	N/A	N/A	N/A	N/A	N/A	N/A	N/A	N/A	d__Bacteria;p__Spirochaetota;c__Spirochaetia;o__CADAEX01;f__CADAEX01;g__;s__	taxonomic novelty determined using RED	classification based on placement in class-level tree	N/A	28.84	11	0.89223	N/A
Esin_bac_bin431	d__Bacteria;p__Spirochaetota;c__Spirochaetia;o__CADAEX01;f__CADAEX01;g__;s__	N/A	N/A	N/A	N/A	N/A	N/A	N/A	N/A	N/A	N/A	d__Bacteria;p__Spirochaetota;c__Spirochaetia;o__CADAEX01;f__CADAEX01;g__;s__	taxonomic novelty determined using RED	classification based on placement in class-level tree	N/A	48.26	11	0.88622	N/A
Esin_bac_bin432	d__Bacteria;p__Spirochaetota;c__Spirochaetia;o__Sphaerochaetales;f__Sphaerochaetaceae;g__;s__	N/A	N/A	N/A	N/A	N/A	N/A	N/A	N/A	N/A	N/A	d__Bacteria;p__Spirochaetota;c__Spirochaetia;o__Sphaerochaetales;f__Sphaerochaetaceae;g__;s__	taxonomic novelty determined using RED	classification based on placement in class-level tree	N/A	76.9	11	0.89721	N/A
Esin_bac_bin433	d__Bacteria;p__Spirochaetota;c__Spirochaetia;o__Sphaerochaetales;f__Sphaerochaetaceae;g__;s__	N/A	N/A	N/A	N/A	N/A	N/A	N/A	N/A	N/A	N/A	d__Bacteria;p__Spirochaetota;c__Spirochaetia;o__Sphaerochaetales;f__Sphaerochaetaceae;g__;s__	taxonomic novelty determined using RED	classification based on placement in class-level tree	N/A	88.14	11	0.8962	N/A
Esin_bac_bin434	d__Bacteria;p__Spirochaetota;c__Spirochaetia;o__Sphaerochaetales;f__Sphaerochaetaceae;g__Sphaerochaeta;s__Sphaerochaeta sp012519125	GCA_012519125.1	95.0	d__Bacteria;p__Spirochaetota;c__Spirochaetia;o__Sphaerochaetales;f__Sphaerochaetaceae;g__Sphaerochaeta;s__Sphaerochaeta sp012519125	98.62	0.871	N/A	N/A	N/A	N/A	N/A	N/A	ani_screen	classification based on ANI only	GCA_009930195.1, s__Sphaerochaeta sp009930195, 95.0, 88.95, 0.492; GCA_001603115.1, s__Sphaerochaeta sp001603115, 95.0, 92.46, 0.705	N/A	N/A	N/A	N/A
Esin_bac_bin435	d__Bacteria;p__Spirochaetota;c__Spirochaetia;o__Sphaerochaetales;f__Sphaerochaetaceae;g__Spiro-02;s__	N/A	N/A	N/A	N/A	N/A	N/A	N/A	N/A	N/A	N/A	d__Bacteria;p__Spirochaetota;c__Spirochaetia;o__Sphaerochaetales;f__Sphaerochaetaceae;g__Spiro-02;s__	taxonomic classification fully defined by topology	classification based on placement in class-level tree	N/A	91.04	11	0.9652	N/A
Esin_bac_bin436	d__Bacteria;p__Spirochaetota;c__Spirochaetia;o__Treponematales;f__Treponemataceae;g__;s__	N/A	N/A	N/A	N/A	N/A	N/A	N/A	N/A	N/A	N/A	d__Bacteria;p__Spirochaetota;c__Spirochaetia;o__Treponematales;f__Treponemataceae;g__;s__	taxonomic novelty determined using RED	classification based on placement in class-level tree	N/A	79.68	11	0.90263	N/A
Esin_bac_bin437	d__Bacteria;p__Spirochaetota;c__Spirochaetia;o__Treponematales;f__Treponemataceae;g__;s__	N/A	N/A	N/A	N/A	N/A	N/A	N/A	N/A	N/A	N/A	d__Bacteria;p__Spirochaetota;c__Spirochaetia;o__Treponematales;f__Treponemataceae;g__;s__	taxonomic novelty determined using RED	classification based on placement in class-level tree	N/A	90.07	11	0.85761	N/A
Esin_bac_bin438	d__Bacteria;p__Spirochaetota;c__Spirochaetia;o__Treponematales;f__Treponemataceae;g__Teretinema;s__	N/A	N/A	N/A	N/A	N/A	N/A	N/A	N/A	N/A	N/A	d__Bacteria;p__Spirochaetota;c__Spirochaetia;o__Treponematales;f__Treponemataceae;g__Teretinema;s__	taxonomic classification fully defined by topology	classification based on placement in class-level tree	N/A	86.47	11	0.95788	N/A
Esin_bac_bin439	d__Bacteria;p__Spirochaetota;c__Spirochaetia;o__WRBN01;f__WRBN01;g__;s__	N/A	N/A	N/A	N/A	N/A	N/A	N/A	N/A	N/A	N/A	d__Bacteria;p__Spirochaetota;c__Spirochaetia;o__WRBN01;f__WRBN01;g__;s__	taxonomic novelty determined using RED	classification based on placement in class-level tree	N/A	55.37	11	0.83078	N/A
Esin_bac_bin440	d__Bacteria;p__Synergistota;c__Synergistia;o__Synergistales;f__Aminobacteriaceae;g__;s__	N/A	N/A	N/A	N/A	N/A	N/A	N/A	N/A	N/A	N/A	d__Bacteria;p__Synergistota;c__Synergistia;o__Synergistales;f__Aminobacteriaceae;g__;s__	taxonomic classification fully defined by topology	classification based on placement in class-level tree	N/A	55.01	11	0.78338	N/A
Esin_bac_bin441	d__Bacteria;p__Synergistota;c__Synergistia;o__Synergistales;f__Synergistaceae;g__JAJDJB01;s__JAJDJB01 sp030266985	GCA_030266985.1	95.0	d__Bacteria;p__Synergistota;c__Synergistia;o__Synergistales;f__Synergistaceae;g__JAJDJB01;s__JAJDJB01 sp030266985	96.56	0.78	N/A	N/A	N/A	N/A	N/A	N/A	ani_screen	classification based on ANI only	N/A	N/A	N/A	N/A	N/A
Esin_bac_bin442	d__Bacteria;p__Verrucomicrobiota;c__Kiritimatiellia;o__LD1-PB3_B;f__Lenti-01;g__JAISGX01;s__	N/A	N/A	N/A	N/A	N/A	N/A	N/A	N/A	N/A	N/A	d__Bacteria;p__Verrucomicrobiota;c__Kiritimatiellia;o__LD1-PB3_B;f__Lenti-01;g__JAISGX01;s__	taxonomic novelty determined using RED	classification based on placement in class-level tree	N/A	88.2	11	0.90705	N/A
Esin_bac_bin443	d__Bacteria;p__Verrucomicrobiota;c__Kiritimatiellia;o__RFP12;f__UBA1067;g__JAQVQN01;s__	N/A	N/A	N/A	N/A	N/A	N/A	N/A	N/A	N/A	N/A	d__Bacteria;p__Verrucomicrobiota;c__Kiritimatiellia;o__RFP12;f__UBA1067;g__JAQVQN01;s__	taxonomic novelty determined using RED	classification based on placement in class-level tree	N/A	35.39	11	0.90406	N/A
Esin_bac_bin444	d__Bacteria;p__Verrucomicrobiota;c__Lentisphaeria;o__Victivallales;f__Victivallaceae;g__CALXXL01;s__	N/A	N/A	N/A	N/A	N/A	N/A	N/A	N/A	N/A	N/A	d__Bacteria;p__Verrucomicrobiota;c__Lentisphaeria;o__Victivallales;f__Victivallaceae;g__CALXXL01;s__	taxonomic classification fully defined by topology	classification based on placement in class-level tree	N/A	78.51	11	0.92185	N/A
Esin_bac_bin445	d__Bacteria;p__Verrucomicrobiota;c__Lentisphaeria;o__Victivallales;f__Victivallaceae;g__;s__	N/A	N/A	N/A	N/A	N/A	N/A	N/A	N/A	N/A	N/A	d__Bacteria;p__Verrucomicrobiota;c__Lentisphaeria;o__Victivallales;f__Victivallaceae;g__;s__	taxonomic classification fully defined by topology	classification based on placement in class-level tree	N/A	66.87	11	0.8575	N/A
Esin_bac_bin446	d__Bacteria;p__Verrucomicrobiota;c__Lentisphaeria;o__Victivallales;f__Victivallaceae;g__;s__	N/A	N/A	N/A	N/A	N/A	N/A	N/A	N/A	N/A	N/A	d__Bacteria;p__Verrucomicrobiota;c__Lentisphaeria;o__Victivallales;f__Victivallaceae;g__;s__	taxonomic classification fully defined by topology	classification based on placement in class-level tree	N/A	69.71	11	0.85751	N/A
Esin_bac_bin447	d__Bacteria;p__Verrucomicrobiota;c__Verrucomicrobiae;o__Opitutales;f__CAG-312;g__Merdousia;s__	N/A	N/A	N/A	N/A	N/A	N/A	N/A	N/A	N/A	N/A	d__Bacteria;p__Verrucomicrobiota;c__Verrucomicrobiae;o__Opitutales;f__CAG-312;g__Merdousia;s__	taxonomic classification fully defined by topology	classification based on placement in class-level tree	N/A	69.18	11	0.93352	N/A
Esin_bac_bin448	d__Bacteria;p__Verrucomicrobiota;c__Verrucomicrobiae;o__Opitutales;f__LL51;g__;s__	N/A	N/A	N/A	N/A	N/A	N/A	N/A	N/A	N/A	N/A	d__Bacteria;p__Verrucomicrobiota;c__Verrucomicrobiae;o__Opitutales;f__LL51;g__;s__	taxonomic novelty determined using RED	classification based on placement in class-level tree	N/A	51.86	11	0.81974	N/A
Esin_bac_bin449	d__Bacteria;p__Verrucomicrobiota;c__Verrucomicrobiae;o__Verrucomicrobiales;f__Akkermansiaceae;g__Akkermansia;s__	N/A	N/A	N/A	N/A	N/A	N/A	N/A	N/A	N/A	N/A	d__Bacteria;p__Verrucomicrobiota;c__Verrucomicrobiae;o__Verrucomicrobiales;f__Akkermansiaceae;g__Akkermansia;s__	taxonomic classification fully defined by topology	classification based on placement in class-level tree	N/A	92.27	11	0.89956	N/A
Esin_bac_bin450	d__Bacteria;p__Verrucomicrobiota;c__Verrucomicrobiae;o__Verrucomicrobiales;f__Akkermansiaceae;g__;s__	N/A	N/A	N/A	N/A	N/A	N/A	N/A	N/A	N/A	N/A	d__Bacteria;p__Verrucomicrobiota;c__Verrucomicrobiae;o__Verrucomicrobiales;f__Akkermansiaceae;g__;s__	taxonomic novelty determined using RED	classification based on placement in class-level tree	N/A	42.5	11	0.82411	N/A
Esin_bac_bin451	d__Bacteria;p__Verrucomicrobiota;c__Verrucomicrobiae;o__Verrucomicrobiales;f__Akkermansiaceae;g__;s__	N/A	N/A	N/A	N/A	N/A	N/A	N/A	N/A	N/A	N/A	d__Bacteria;p__Verrucomicrobiota;c__Verrucomicrobiae;o__Verrucomicrobiales;f__Akkermansiaceae;g__;s__	taxonomic novelty determined using RED	classification based on placement in class-level tree	N/A	50.53	11	0.82749	N/A
Pame_bac_bin001	d__Bacteria;p__Actinomycetota;c__Actinomycetes;o__Actinomycetales;f__Cellulomonadaceae;g__Cellulomonas;s__	N/A	N/A	N/A	N/A	N/A	GCA_009777345.1	95.0	d__Bacteria;p__Actinomycetota;c__Actinomycetes;o__Actinomycetales;f__Cellulomonadaceae;g__Cellulomonas;s__Cellulomonas sp009777345	85.15	0.332	d__Bacteria;p__Actinomycetota;c__Actinomycetes;o__Actinomycetales;f__Cellulomonadaceae;g__Cellulomonas;s__	taxonomic classification defined by topology and ANI	classification based on placement in class-level tree	N/A	50.67	11	0.9867	N/A
Pame_bac_bin002	d__Bacteria;p__Actinomycetota;c__Actinomycetes;o__Mycobacteriales;f__Mycobacteriaceae;g__Corynebacterium;s__	N/A	N/A	N/A	N/A	N/A	GCF_006539825.1	95.0	d__Bacteria;p__Actinomycetota;c__Actinomycetes;o__Mycobacteriales;f__Mycobacteriaceae;g__Corynebacterium;s__Corynebacterium variabile	94.96	0.831	d__Bacteria;p__Actinomycetota;c__Actinomycetes;o__Mycobacteriales;f__Mycobacteriaceae;g__Corynebacterium;s__	taxonomic classification defined by topology and ANI	classification based on placement in class-level tree	GCF_022712275.1, s__Corynebacterium sp022712275, 95.0, 90.95, 0.749; GCF_902782855.1, s__Corynebacterium sp902782855, 95.0, 86.78, 0.43; GCF_007673095.1, s__Corynebacterium sp002363255, 95.0, 83.58, 0.193; GCF_000418365.1, s__Corynebacterium terpenotabidum, 95.0, 82.5, 0.29; GCF_001942345.1, s__Corynebacterium sp001942345, 95.0, 81.8, 0.157; GCF_007970465.1, s__Corynebacterium nuruki, 95.0, 81.54, 0.218	94.2	11	0.99891	Genome not assigned to closest species as it falls outside its pre-defined ANI radius
Pame_bac_bin003	d__Bacteria;p__Actinomycetota;c__Coriobacteriia;o__Coriobacteriales;f__Eggerthellaceae;g__Raoultibacter;s__	N/A	N/A	N/A	N/A	N/A	N/A	N/A	N/A	N/A	N/A	d__Bacteria;p__Actinomycetota;c__Coriobacteriia;o__Coriobacteriales;f__Eggerthellaceae;g__Raoultibacter;s__	taxonomic classification fully defined by topology	classification based on placement in class-level tree	N/A	93.7	11	0.91318	N/A
Pame_bac_bin004	d__Bacteria;p__Actinomycetota;c__Coriobacteriia;o__Coriobacteriales;f__Eggerthellaceae;g__Raoultibacter;s__	N/A	N/A	N/A	N/A	N/A	N/A	N/A	N/A	N/A	N/A	d__Bacteria;p__Actinomycetota;c__Coriobacteriia;o__Coriobacteriales;f__Eggerthellaceae;g__Raoultibacter;s__	taxonomic classification fully defined by topology	classification based on placement in class-level tree	N/A	87.23	11	0.9116	N/A
Pame_bac_bin005	d__Bacteria;p__Actinomycetota;c__Coriobacteriia;o__Coriobacteriales;f__Eggerthellaceae;g__Raoultibacter;s__	N/A	N/A	N/A	N/A	N/A	N/A	N/A	N/A	N/A	N/A	d__Bacteria;p__Actinomycetota;c__Coriobacteriia;o__Coriobacteriales;f__Eggerthellaceae;g__Raoultibacter;s__	taxonomic classification fully defined by topology	classification based on placement in class-level tree	N/A	70.31	11	0.90981	N/A
Pame_bac_bin006	d__Bacteria;p__Actinomycetota;c__Coriobacteriia;o__Coriobacteriales;f__Eggerthellaceae;g__Raoultibacter;s__	N/A	N/A	N/A	N/A	N/A	N/A	N/A	N/A	N/A	N/A	d__Bacteria;p__Actinomycetota;c__Coriobacteriia;o__Coriobacteriales;f__Eggerthellaceae;g__Raoultibacter;s__	taxonomic classification fully defined by topology	classification based on placement in class-level tree	N/A	53.57	11	0.90491	N/A
Pame_bac_bin007	d__Bacteria;p__Actinomycetota;c__Coriobacteriia;o__Coriobacteriales;f__UBA8131;g__;s__	N/A	N/A	N/A	N/A	N/A	N/A	N/A	N/A	N/A	N/A	d__Bacteria;p__Actinomycetota;c__Coriobacteriia;o__Coriobacteriales;f__UBA8131;g__;s__	taxonomic novelty determined using RED	classification based on placement in class-level tree	N/A	62.18	11	0.89735	N/A
Pame_bac_bin008	d__Bacteria;p__Actinomycetota;c__Coriobacteriia;o__Coriobacteriales;f__UBA8131;g__;s__	N/A	N/A	N/A	N/A	N/A	N/A	N/A	N/A	N/A	N/A	d__Bacteria;p__Actinomycetota;c__Coriobacteriia;o__Coriobacteriales;f__UBA8131;g__;s__	taxonomic novelty determined using RED	classification based on placement in class-level tree	N/A	59.32	11	0.90005	N/A
Pame_bac_bin009	d__Bacteria;p__Actinomycetota;c__Coriobacteriia;o__Coriobacteriales;f__UBA8131;g__;s__	N/A	N/A	N/A	N/A	N/A	N/A	N/A	N/A	N/A	N/A	d__Bacteria;p__Actinomycetota;c__Coriobacteriia;o__Coriobacteriales;f__UBA8131;g__;s__	taxonomic novelty determined using RED	classification based on placement in class-level tree	N/A	43.04	11	0.90162	Genome has more than 11.7% of markers with multiple hits
Pame_bac_bin010	d__Bacteria;p__Actinomycetota;c__Coriobacteriia;o__Coriobacteriales;f__UBA8131;g__;s__	N/A	N/A	N/A	N/A	N/A	N/A	N/A	N/A	N/A	N/A	d__Bacteria;p__Actinomycetota;c__Coriobacteriia;o__Coriobacteriales;f__UBA8131;g__;s__	taxonomic novelty determined using RED	classification based on placement in class-level tree	N/A	44.49	11	0.89645	N/A
Pame_bac_bin011	d__Bacteria;p__Bacillota;c__Bacilli;o__Culicoidibacterales;f__BHER01;g__BHER01;s__	N/A	N/A	N/A	N/A	N/A	N/A	N/A	N/A	N/A	N/A	d__Bacteria;p__Bacillota;c__Bacilli;o__Culicoidibacterales;f__BHER01;g__BHER01;s__	taxonomic novelty determined using RED	classification based on placement in class-level tree	N/A	86.97	11	0.93426	N/A
Pame_bac_bin012	d__Bacteria;p__Bacillota;c__Bacilli;o__Lactobacillales;f__Enterococcaceae;g__Enterococcus_A;s__	N/A	N/A	N/A	N/A	N/A	N/A	N/A	N/A	N/A	N/A	d__Bacteria;p__Bacillota;c__Bacilli;o__Lactobacillales;f__Enterococcaceae;g__Enterococcus_A;s__	taxonomic classification defined by topology and ANI	classification based on placement in class-level tree	GCF_000406965.1, s__Enterococcus_A avium, 95.0, 81.35, 0.153; GCF_000407185.1, s__Enterococcus_A malodoratus, 95.0, 80.76, 0.152; GCF_018917525.1, s__Enterococcus_A raffinosus_A, 95.0, 80.17, 0.15	89.33	11	0.97484	N/A
Pame_bac_bin013	d__Bacteria;p__Bacillota;c__Bacilli;o__Lactobacillales;f__Enterococcaceae;g__Enterococcus_A;s__	N/A	N/A	N/A	N/A	N/A	N/A	N/A	N/A	N/A	N/A	d__Bacteria;p__Bacillota;c__Bacilli;o__Lactobacillales;f__Enterococcaceae;g__Enterococcus_A;s__	taxonomic classification defined by topology and ANI	classification based on placement in class-level tree	GCF_001544295.1, s__Enterococcus_A pseudoavium, 95.0, 83.36, 0.192; GCF_018917525.1, s__Enterococcus_A raffinosus_A, 95.0, 83.11, 0.337; GCF_000406965.1, s__Enterococcus_A avium, 95.0, 82.01, 0.263; GCF_005405485.1, s__Enterococcus_A hulanensis, 95.0, 80.94, 0.193; GCF_000407185.1, s__Enterococcus_A malodoratus, 95.0, 80.77, 0.206; GCF_001886185.1, s__Enterococcus_A raffinosus, 95.0, 80.39, 0.167; GCF_017315985.1, s__Enterococcus_A murrayae, 95.0, 80.22, 0.161	51.48	11	0.99138	N/A
Pame_bac_bin014	d__Bacteria;p__Bacillota;c__Bacilli;o__Lactobacillales;f__Enterococcaceae;g__Enterococcus_B;s__Enterococcus_B lactis	GCF_015751045.1	95.0	d__Bacteria;p__Bacillota;c__Bacilli;o__Lactobacillales;f__Enterococcaceae;g__Enterococcus_B;s__Enterococcus_B lactis	97.91	0.708	N/A	N/A	N/A	N/A	N/A	N/A	ani_screen	classification based on ANI only	GCF_029023785.1, s__Enterococcus_B faecium, 95.0, 93.09, 0.631	N/A	N/A	N/A	N/A
Pame_bac_bin015	d__Bacteria;p__Bacillota;c__Bacilli;o__Lactobacillales;f__Enterococcaceae;g__Enterococcus_B;s__Enterococcus_B thailandicus	GCF_001886265.1	95.0	d__Bacteria;p__Bacillota;c__Bacilli;o__Lactobacillales;f__Enterococcaceae;g__Enterococcus_B;s__Enterococcus_B thailandicus	96.96	0.868	N/A	N/A	N/A	N/A	N/A	N/A	ani_screen	classification based on ANI only	GCF_017316125.1, s__Enterococcus_B sp017316125, 95.0, 90.39, 0.736; GCF_017315945.1, s__Enterococcus_B courvalinii, 95.0, 91.35, 0.777	N/A	N/A	N/A	N/A
Pame_bac_bin016	d__Bacteria;p__Bacillota;c__Bacilli;o__Lactobacillales;f__Enterococcaceae;g__Enterococcus_C;s__	N/A	N/A	N/A	N/A	N/A	GCF_000407365.1	95.0	d__Bacteria;p__Bacillota;c__Bacilli;o__Lactobacillales;f__Enterococcaceae;g__Enterococcus_C;s__Enterococcus_C asini	81.91	0.249	d__Bacteria;p__Bacillota;c__Bacilli;o__Lactobacillales;f__Enterococcaceae;g__Enterococcus_C;s__	taxonomic classification defined by topology and ANI	classification based on placement in class-level tree	N/A	90.27	11	0.98374	N/A
Pame_bac_bin017	d__Bacteria;p__Bacillota;c__Bacilli;o__Lactobacillales;f__Enterococcaceae;g__Enterococcus_C;s__Enterococcus_C asini	GCF_000407365.1	95.0	d__Bacteria;p__Bacillota;c__Bacilli;o__Lactobacillales;f__Enterococcaceae;g__Enterococcus_C;s__Enterococcus_C asini	97.45	0.843	N/A	N/A	N/A	N/A	N/A	N/A	ani_screen	classification based on ANI only	N/A	N/A	N/A	N/A	N/A
Pame_bac_bin018	d__Bacteria;p__Bacillota;c__Bacilli;o__Lactobacillales;f__Enterococcaceae;g__Enterococcus_C;s__Enterococcus_C stercoravium	GCA_019114905.1	95.0	d__Bacteria;p__Bacillota;c__Bacilli;o__Lactobacillales;f__Enterococcaceae;g__Enterococcus_C;s__Enterococcus_C stercoravium	98.54	0.916	N/A	N/A	N/A	N/A	N/A	N/A	ani_screen	classification based on ANI only	N/A	N/A	N/A	N/A	N/A
Pame_bac_bin019	d__Bacteria;p__Bacillota;c__Bacilli;o__Lactobacillales;f__Enterococcaceae;g__Enterococcus_J;s__Enterococcus_J sp946409145	GCA_946409145.1	95.0	d__Bacteria;p__Bacillota;c__Bacilli;o__Lactobacillales;f__Enterococcaceae;g__Enterococcus_J;s__Enterococcus_J sp946409145	98.52	0.707	N/A	N/A	N/A	N/A	N/A	N/A	ani_screen	classification based on ANI only	N/A	N/A	N/A	N/A	N/A
Pame_bac_bin020	d__Bacteria;p__Bacillota;c__Bacilli;o__Lactobacillales;f__Enterococcaceae;g__Melissococcus;s__	N/A	N/A	N/A	N/A	N/A	N/A	N/A	N/A	N/A	N/A	d__Bacteria;p__Bacillota;c__Bacilli;o__Lactobacillales;f__Enterococcaceae;g__Melissococcus;s__	taxonomic novelty determined using RED	classification based on placement in class-level tree	N/A	91.76	11	0.9126	N/A
Pame_bac_bin021	d__Bacteria;p__Bacillota;c__Bacilli;o__Lactobacillales;f__Lactobacillaceae;g__Amylolactobacillus;s__	N/A	N/A	N/A	N/A	N/A	N/A	N/A	N/A	N/A	N/A	d__Bacteria;p__Bacillota;c__Bacilli;o__Lactobacillales;f__Lactobacillaceae;g__Amylolactobacillus;s__	taxonomic novelty determined using RED	classification based on placement in class-level tree	N/A	70.92	11	0.92709	N/A
Pame_bac_bin022	d__Bacteria;p__Bacillota;c__Bacilli;o__Lactobacillales;f__Lactobacillaceae;g__Amylolactobacillus;s__	N/A	N/A	N/A	N/A	N/A	N/A	N/A	N/A	N/A	N/A	d__Bacteria;p__Bacillota;c__Bacilli;o__Lactobacillales;f__Lactobacillaceae;g__Amylolactobacillus;s__	taxonomic classification fully defined by topology	classification based on placement in class-level tree	N/A	80.04	11	0.94749	N/A
Pame_bac_bin023	d__Bacteria;p__Bacillota;c__Bacilli;o__Lactobacillales;f__Lactobacillaceae;g__Lapidilactobacillus;s__	N/A	N/A	N/A	N/A	N/A	GCF_001436095.1	95.0	d__Bacteria;p__Bacillota;c__Bacilli;o__Lactobacillales;f__Lactobacillaceae;g__Lapidilactobacillus;s__Lapidilactobacillus dextrinicus	89.81	0.463	d__Bacteria;p__Bacillota;c__Bacilli;o__Lactobacillales;f__Lactobacillaceae;g__Lapidilactobacillus;s__	taxonomic classification defined by topology and ANI	classification based on placement in class-level tree	N/A	40.14	11	0.99289	N/A
Pame_bac_bin024	d__Bacteria;p__Bacillota;c__Bacilli;o__Lactobacillales;f__Lactobacillaceae;g__Lapidilactobacillus;s__Lapidilactobacillus dextrinicus	GCF_001436095.1	95.0	d__Bacteria;p__Bacillota;c__Bacilli;o__Lactobacillales;f__Lactobacillaceae;g__Lapidilactobacillus;s__Lapidilactobacillus dextrinicus	96.13	0.876	N/A	N/A	N/A	N/A	N/A	N/A	ani_screen	classification based on ANI only	N/A	N/A	N/A	N/A	N/A
Pame_bac_bin025	d__Bacteria;p__Bacillota;c__Bacilli;o__Lactobacillales;f__Lactobacillaceae;g__Lentilactobacillus;s__	N/A	N/A	N/A	N/A	N/A	N/A	N/A	N/A	N/A	N/A	d__Bacteria;p__Bacillota;c__Bacilli;o__Lactobacillales;f__Lactobacillaceae;g__Lentilactobacillus;s__	taxonomic classification defined by topology and ANI	classification based on placement in class-level tree	GCF_026798195.1, s__Lentilactobacillus senioris_A, 95.0, 89.27, 0.727; GCF_001436555.1, s__Lentilactobacillus senioris, 95.0, 89.27, 0.698	89.1	11	0.99208	Genome not assigned to closest species as it falls outside its pre-defined ANI radius
Pame_bac_bin026	d__Bacteria;p__Bacillota;c__Bacilli;o__Lactobacillales;f__Lactobacillaceae;g__Lentilactobacillus;s__	N/A	N/A	N/A	N/A	N/A	N/A	N/A	N/A	N/A	N/A	d__Bacteria;p__Bacillota;c__Bacilli;o__Lactobacillales;f__Lactobacillaceae;g__Lentilactobacillus;s__	taxonomic classification defined by topology and ANI	classification based on placement in class-level tree	GCF_001436555.1, s__Lentilactobacillus senioris, 95.0, 97.14, 0.343; GCF_026798195.1, s__Lentilactobacillus senioris_A, 95.0, 90.04, 0.294	47.77	11	0.9847	N/A
Pame_bac_bin027	d__Bacteria;p__Bacillota;c__Bacilli;o__Lactobacillales;f__Lactobacillaceae;g__Lentilactobacillus;s__Lentilactobacillus kribbianus	GCF_013184075.1	95.0	d__Bacteria;p__Bacillota;c__Bacilli;o__Lactobacillales;f__Lactobacillaceae;g__Lentilactobacillus;s__Lentilactobacillus kribbianus	95.0	0.644	N/A	N/A	N/A	N/A	N/A	N/A	ani_screen	classification based on ANI only	GCF_001436555.1, s__Lentilactobacillus senioris, 95.0, 88.32, 0.282	N/A	N/A	N/A	N/A
Pame_bac_bin028	d__Bacteria;p__Bacillota;c__Bacilli;o__Lactobacillales;f__Lactobacillaceae;g__Paralactobacillus;s__	N/A	N/A	N/A	N/A	N/A	N/A	N/A	N/A	N/A	N/A	d__Bacteria;p__Bacillota;c__Bacilli;o__Lactobacillales;f__Lactobacillaceae;g__Paralactobacillus;s__	taxonomic novelty determined using RED	classification based on placement in class-level tree	N/A	74.24	11	0.90238	N/A
Pame_bac_bin029	d__Bacteria;p__Bacillota;c__Bacilli;o__Lactobacillales;f__Lactobacillaceae;g__Paralactobacillus;s__	N/A	N/A	N/A	N/A	N/A	N/A	N/A	N/A	N/A	N/A	d__Bacteria;p__Bacillota;c__Bacilli;o__Lactobacillales;f__Lactobacillaceae;g__Paralactobacillus;s__	taxonomic novelty determined using RED	classification based on placement in class-level tree	N/A	61.55	11	0.90531	N/A
Pame_bac_bin030	d__Bacteria;p__Bacillota;c__Bacilli;o__Lactobacillales;f__Lactobacillaceae;g__Pediococcus;s__	N/A	N/A	N/A	N/A	N/A	N/A	N/A	N/A	N/A	N/A	d__Bacteria;p__Bacillota;c__Bacilli;o__Lactobacillales;f__Lactobacillaceae;g__Pediococcus;s__	taxonomic classification defined by topology and ANI	classification based on placement in class-level tree	GCF_001437075.1, s__Pediococcus stilesii, 95.0, 93.76, 0.655; GCF_001437285.1, s__Pediococcus pentosaceus, 95.0, 93.29, 0.483; GCA_022712335.1, s__Pediococcus sp022712335, 95.0, 84.28, 0.202	66.57	11	0.987	Genome not assigned to closest species as it falls outside its pre-defined ANI radius
Pame_bac_bin031	d__Bacteria;p__Bacillota;c__Bacilli;o__Lactobacillales;f__Lactobacillaceae;g__Pediococcus;s__Pediococcus pentosaceus	GCF_001437285.1	95.0	d__Bacteria;p__Bacillota;c__Bacilli;o__Lactobacillales;f__Lactobacillaceae;g__Pediococcus;s__Pediococcus pentosaceus	98.81	0.898	N/A	N/A	N/A	N/A	N/A	N/A	ani_screen	classification based on ANI only	N/A	N/A	N/A	N/A	N/A
Pame_bac_bin032	d__Bacteria;p__Bacillota;c__Bacilli;o__Lactobacillales;f__Lactobacillaceae;g__Weissella;s__Weissella cibaria	GCF_000193635.1	95.0	d__Bacteria;p__Bacillota;c__Bacilli;o__Lactobacillales;f__Lactobacillaceae;g__Weissella;s__Weissella cibaria	98.23	0.929	N/A	N/A	N/A	N/A	N/A	N/A	ani_screen	classification based on ANI only	GCF_004521965.1, s__Weissella cibaria_A, 95.0, 94.22, 0.846	N/A	N/A	N/A	N/A
Pame_bac_bin033	d__Bacteria;p__Bacillota;c__Bacilli;o__Lactobacillales;f__Streptococcaceae;g__Lactococcus;s__Lactococcus formosensis	GCF_018403745.1	95.0	d__Bacteria;p__Bacillota;c__Bacilli;o__Lactobacillales;f__Streptococcaceae;g__Lactococcus;s__Lactococcus formosensis	97.35	0.855	N/A	N/A	N/A	N/A	N/A	N/A	ani_screen	classification based on ANI only	GCF_029024465.1, s__Lactococcus garvieae, 95.0, 90.6, 0.736; GCF_002154895.1, s__Lactococcus petauri, 95.0, 92.06, 0.678; GCF_934191625.1, s__Lactococcus sp934191625, 95.0, 89.35, 0.71	N/A	N/A	N/A	N/A
Pame_bac_bin034	d__Bacteria;p__Bacillota;c__Bacilli;o__Lactobacillales;f__Streptococcaceae;g__Streptococcus;s__Streptococcus agalactiae	GCF_000186445.1	95.0	d__Bacteria;p__Bacillota;c__Bacilli;o__Lactobacillales;f__Streptococcaceae;g__Streptococcus;s__Streptococcus agalactiae	96.95	0.677	N/A	N/A	N/A	N/A	N/A	N/A	ani_screen	classification based on ANI only	N/A	N/A	N/A	N/A	N/A
Pame_bac_bin035	d__Bacteria;p__Bacillota_A;c__Clostridia;o__Christensenellales;f__;g__;s__	N/A	N/A	N/A	N/A	N/A	N/A	N/A	N/A	N/A	N/A	d__Bacteria;p__Bacillota_A;c__Clostridia;o__Christensenellales;f__;g__;s__	taxonomic novelty determined using RED	classification based on placement in class-level tree	N/A	59.92	11	0.71204	N/A
Pame_bac_bin036	d__Bacteria;p__Bacillota_A;c__Clostridia;o__Christensenellales;f__;g__;s__	N/A	N/A	N/A	N/A	N/A	N/A	N/A	N/A	N/A	N/A	d__Bacteria;p__Bacillota_A;c__Clostridia;o__Christensenellales;f__;g__;s__	taxonomic novelty determined using RED	classification based on placement in class-level tree	N/A	58.83	11	0.70753	N/A
Pame_bac_bin037	d__Bacteria;p__Bacillota_A;c__Clostridia;o__Christensenellales;f__;g__;s__	N/A	N/A	N/A	N/A	N/A	N/A	N/A	N/A	N/A	N/A	d__Bacteria;p__Bacillota_A;c__Clostridia;o__Christensenellales;f__;g__;s__	taxonomic novelty determined using RED	classification based on placement in class-level tree	N/A	47.37	11	0.65087	N/A
Pame_bac_bin038	d__Bacteria;p__Bacillota_A;c__Clostridia;o__Christensenellales;f__Aristaeellaceae;g__;s__	N/A	N/A	N/A	N/A	N/A	N/A	N/A	N/A	N/A	N/A	d__Bacteria;p__Bacillota_A;c__Clostridia;o__Christensenellales;f__Aristaeellaceae;g__;s__	taxonomic novelty determined using RED	classification based on placement in class-level tree	N/A	88.78	11	0.79358	N/A
Pame_bac_bin039	d__Bacteria;p__Bacillota_A;c__Clostridia;o__Christensenellales;f__Aristaeellaceae;g__;s__	N/A	N/A	N/A	N/A	N/A	N/A	N/A	N/A	N/A	N/A	d__Bacteria;p__Bacillota_A;c__Clostridia;o__Christensenellales;f__Aristaeellaceae;g__;s__	taxonomic classification fully defined by topology	classification based on placement in class-level tree	N/A	76.54	11	0.77814	N/A
Pame_bac_bin040	d__Bacteria;p__Bacillota_A;c__Clostridia;o__Christensenellales;f__Aristaeellaceae;g__;s__	N/A	N/A	N/A	N/A	N/A	N/A	N/A	N/A	N/A	N/A	d__Bacteria;p__Bacillota_A;c__Clostridia;o__Christensenellales;f__Aristaeellaceae;g__;s__	taxonomic novelty determined using RED	classification based on placement in class-level tree	N/A	59.01	11	0.83158	N/A
Pame_bac_bin041	d__Bacteria;p__Bacillota_A;c__Clostridia;o__Christensenellales;f__Aristaeellaceae;g__;s__	N/A	N/A	N/A	N/A	N/A	N/A	N/A	N/A	N/A	N/A	d__Bacteria;p__Bacillota_A;c__Clostridia;o__Christensenellales;f__Aristaeellaceae;g__;s__	taxonomic novelty determined using RED	classification based on placement in class-level tree	N/A	63.42	11	0.81537	N/A
Pame_bac_bin042	d__Bacteria;p__Bacillota_A;c__Clostridia;o__Christensenellales;f__Aristaeellaceae;g__Avichristensenella;s__	N/A	N/A	N/A	N/A	N/A	N/A	N/A	N/A	N/A	N/A	d__Bacteria;p__Bacillota_A;c__Clostridia;o__Christensenellales;f__Aristaeellaceae;g__Avichristensenella;s__	taxonomic classification fully defined by topology	classification based on placement in class-level tree	N/A	80.58	11	0.89601	N/A
Pame_bac_bin043	d__Bacteria;p__Bacillota_A;c__Clostridia;o__Christensenellales;f__Aristaeellaceae;g__Avichristensenella;s__	N/A	N/A	N/A	N/A	N/A	N/A	N/A	N/A	N/A	N/A	d__Bacteria;p__Bacillota_A;c__Clostridia;o__Christensenellales;f__Aristaeellaceae;g__Avichristensenella;s__	taxonomic classification fully defined by topology	classification based on placement in class-level tree	N/A	58.73	11	0.89711	N/A
Pame_bac_bin044	d__Bacteria;p__Bacillota_A;c__Clostridia;o__Christensenellales;f__Aristaeellaceae;g__Avichristensenella;s__	N/A	N/A	N/A	N/A	N/A	N/A	N/A	N/A	N/A	N/A	d__Bacteria;p__Bacillota_A;c__Clostridia;o__Christensenellales;f__Aristaeellaceae;g__Avichristensenella;s__	taxonomic classification fully defined by topology	classification based on placement in class-level tree	N/A	45.08	11	0.89974	N/A
Pame_bac_bin045	d__Bacteria;p__Bacillota_A;c__Clostridia;o__Christensenellales;f__Aristaeellaceae;g__Avichristensenella;s__	N/A	N/A	N/A	N/A	N/A	N/A	N/A	N/A	N/A	N/A	d__Bacteria;p__Bacillota_A;c__Clostridia;o__Christensenellales;f__Aristaeellaceae;g__Avichristensenella;s__	taxonomic classification fully defined by topology	classification based on placement in class-level tree	N/A	39.4	11	0.89976	N/A
Pame_bac_bin046	d__Bacteria;p__Bacillota_A;c__Clostridia;o__Christensenellales;f__Aristaeellaceae;g__Avichristensenella;s__	N/A	N/A	N/A	N/A	N/A	N/A	N/A	N/A	N/A	N/A	d__Bacteria;p__Bacillota_A;c__Clostridia;o__Christensenellales;f__Aristaeellaceae;g__Avichristensenella;s__	taxonomic classification fully defined by topology	classification based on placement in class-level tree	N/A	39.8	11	0.9013	N/A
Pame_bac_bin047	d__Bacteria;p__Bacillota_A;c__Clostridia;o__Christensenellales;f__Aristaeellaceae;g__Avichristensenella;s__	N/A	N/A	N/A	N/A	N/A	N/A	N/A	N/A	N/A	N/A	d__Bacteria;p__Bacillota_A;c__Clostridia;o__Christensenellales;f__Aristaeellaceae;g__Avichristensenella;s__	taxonomic classification fully defined by topology	classification based on placement in class-level tree	N/A	39.96	11	0.89876	N/A
Pame_bac_bin048	d__Bacteria;p__Bacillota_A;c__Clostridia;o__Christensenellales;f__Aristaeellaceae;g__Avichristensenella;s__	N/A	N/A	N/A	N/A	N/A	N/A	N/A	N/A	N/A	N/A	d__Bacteria;p__Bacillota_A;c__Clostridia;o__Christensenellales;f__Aristaeellaceae;g__Avichristensenella;s__	taxonomic classification fully defined by topology	classification based on placement in class-level tree	N/A	48.5	11	0.90412	N/A
Pame_bac_bin049	d__Bacteria;p__Bacillota_A;c__Clostridia;o__Christensenellales;f__Aristaeellaceae;g__Avichristensenella;s__	N/A	N/A	N/A	N/A	N/A	N/A	N/A	N/A	N/A	N/A	d__Bacteria;p__Bacillota_A;c__Clostridia;o__Christensenellales;f__Aristaeellaceae;g__Avichristensenella;s__	taxonomic classification fully defined by topology	classification based on placement in class-level tree	N/A	26.85	11	0.89766	N/A
Pame_bac_bin050	d__Bacteria;p__Bacillota_A;c__Clostridia;o__Christensenellales;f__Borkfalkiaceae;g__;s__	N/A	N/A	N/A	N/A	N/A	N/A	N/A	N/A	N/A	N/A	d__Bacteria;p__Bacillota_A;c__Clostridia;o__Christensenellales;f__Borkfalkiaceae;g__;s__	taxonomic classification fully defined by topology	classification based on placement in class-level tree	N/A	56.56	11	0.74952	N/A
Pame_bac_bin051	d__Bacteria;p__Bacillota_A;c__Clostridia;o__Christensenellales;f__CAG-138;g__JAJDHH01;s__	N/A	N/A	N/A	N/A	N/A	N/A	N/A	N/A	N/A	N/A	d__Bacteria;p__Bacillota_A;c__Clostridia;o__Christensenellales;f__CAG-138;g__JAJDHH01;s__	taxonomic novelty determined using RED	classification based on placement in class-level tree	N/A	43.85	11	0.89588	N/A
Pame_bac_bin052	d__Bacteria;p__Bacillota_A;c__Clostridia;o__Christensenellales;f__CAG-917;g__;s__	N/A	N/A	N/A	N/A	N/A	N/A	N/A	N/A	N/A	N/A	d__Bacteria;p__Bacillota_A;c__Clostridia;o__Christensenellales;f__CAG-917;g__;s__	taxonomic novelty determined using RED	classification based on placement in class-level tree	N/A	89.04	11	0.8506	N/A
Pame_bac_bin053	d__Bacteria;p__Bacillota_A;c__Clostridia;o__Christensenellales;f__CAG-917;g__;s__	N/A	N/A	N/A	N/A	N/A	N/A	N/A	N/A	N/A	N/A	d__Bacteria;p__Bacillota_A;c__Clostridia;o__Christensenellales;f__CAG-917;g__;s__	taxonomic novelty determined using RED	classification based on placement in class-level tree	N/A	85.78	11	0.85129	N/A
Pame_bac_bin054	d__Bacteria;p__Bacillota_A;c__Clostridia;o__Christensenellales;f__Christensenellaceae;g__QANA01;s__	N/A	N/A	N/A	N/A	N/A	N/A	N/A	N/A	N/A	N/A	d__Bacteria;p__Bacillota_A;c__Clostridia;o__Christensenellales;f__Christensenellaceae;g__QANA01;s__	taxonomic classification fully defined by topology	classification based on placement in class-level tree	N/A	63.48	11	0.88016	N/A
Pame_bac_bin055	d__Bacteria;p__Bacillota_A;c__Clostridia;o__Christensenellales;f__Pumilibacteraceae;g__;s__	N/A	N/A	N/A	N/A	N/A	N/A	N/A	N/A	N/A	N/A	d__Bacteria;p__Bacillota_A;c__Clostridia;o__Christensenellales;f__Pumilibacteraceae;g__;s__	taxonomic novelty determined using RED	classification based on placement in class-level tree	N/A	78.39	11	0.82259	N/A
Pame_bac_bin056	d__Bacteria;p__Bacillota_A;c__Clostridia;o__Christensenellales;f__Pumilibacteraceae;g__;s__	N/A	N/A	N/A	N/A	N/A	N/A	N/A	N/A	N/A	N/A	d__Bacteria;p__Bacillota_A;c__Clostridia;o__Christensenellales;f__Pumilibacteraceae;g__;s__	taxonomic novelty determined using RED	classification based on placement in class-level tree	N/A	62.24	11	0.8929	N/A
Pame_bac_bin057	d__Bacteria;p__Bacillota_A;c__Clostridia;o__Christensenellales;f__Pumilibacteraceae;g__;s__	N/A	N/A	N/A	N/A	N/A	N/A	N/A	N/A	N/A	N/A	d__Bacteria;p__Bacillota_A;c__Clostridia;o__Christensenellales;f__Pumilibacteraceae;g__;s__	taxonomic novelty determined using RED	classification based on placement in class-level tree	N/A	63.91	11	0.89239	N/A
Pame_bac_bin058	d__Bacteria;p__Bacillota_A;c__Clostridia;o__Christensenellales;f__Pumilibacteraceae;g__;s__	N/A	N/A	N/A	N/A	N/A	N/A	N/A	N/A	N/A	N/A	d__Bacteria;p__Bacillota_A;c__Clostridia;o__Christensenellales;f__Pumilibacteraceae;g__;s__	taxonomic novelty determined using RED	classification based on placement in class-level tree	N/A	63.61	11	0.82202	N/A
Pame_bac_bin059	d__Bacteria;p__Bacillota_A;c__Clostridia;o__Christensenellales;f__Pumilibacteraceae;g__;s__	N/A	N/A	N/A	N/A	N/A	N/A	N/A	N/A	N/A	N/A	d__Bacteria;p__Bacillota_A;c__Clostridia;o__Christensenellales;f__Pumilibacteraceae;g__;s__	taxonomic novelty determined using RED	classification based on placement in class-level tree	N/A	50.51	11	0.89478	N/A
Pame_bac_bin060	d__Bacteria;p__Bacillota_A;c__Clostridia;o__Christensenellales;f__QAND01;g__;s__	N/A	N/A	N/A	N/A	N/A	N/A	N/A	N/A	N/A	N/A	d__Bacteria;p__Bacillota_A;c__Clostridia;o__Christensenellales;f__QAND01;g__;s__	taxonomic novelty determined using RED	classification based on placement in class-level tree	N/A	58.95	11	0.82849	N/A
Pame_bac_bin061	d__Bacteria;p__Bacillota_A;c__Clostridia;o__Christensenellales;f__UBA1750;g__UBA1428;s__	N/A	N/A	N/A	N/A	N/A	N/A	N/A	N/A	N/A	N/A	d__Bacteria;p__Bacillota_A;c__Clostridia;o__Christensenellales;f__UBA1750;g__UBA1428;s__	taxonomic novelty determined using RED	classification based on placement in class-level tree	N/A	51.24	11	0.85389	N/A
Pame_bac_bin062	d__Bacteria;p__Bacillota_A;c__Clostridia;o__Clostridiales;f__Clostridiaceae;g__Clostridium;s__	N/A	N/A	N/A	N/A	N/A	N/A	N/A	N/A	N/A	N/A	d__Bacteria;p__Bacillota_A;c__Clostridia;o__Clostridiales;f__Clostridiaceae;g__Clostridium;s__	taxonomic classification defined by topology and ANI	classification based on placement in class-level tree	GCA_022785265.1, s__Clostridium sp022785265, 95.0, 82.92, 0.18; GCA_900317445.1, s__Clostridium sp900317445, 95.0, 82.87, 0.168; GCA_902785295.1, s__Clostridium sp902785295, 95.25, 82.14, 0.207; GCA_900539375.1, s__Clostridium sp900539375, 95.0, 81.47, 0.202	41.07	11	0.97589	N/A
Pame_bac_bin063	d__Bacteria;p__Bacillota_A;c__Clostridia;o__Clostridiales;f__Clostridiaceae;g__Clostridium_K;s__	N/A	N/A	N/A	N/A	N/A	N/A	N/A	N/A	N/A	N/A	d__Bacteria;p__Bacillota_A;c__Clostridia;o__Clostridiales;f__Clostridiaceae;g__Clostridium_K;s__	taxonomic novelty determined using RED	classification based on placement in class-level tree	N/A	53.23	11	0.88775	N/A
Pame_bac_bin064	d__Bacteria;p__Bacillota_A;c__Clostridia;o__Lachnospirales;f__;g__;s__	N/A	N/A	N/A	N/A	N/A	N/A	N/A	N/A	N/A	N/A	d__Bacteria;p__Bacillota_A;c__Clostridia;o__Lachnospirales;f__;g__;s__	taxonomic classification fully defined by topology	classification based on placement in class-level tree	N/A	50.37	11	0.59797	N/A
Pame_bac_bin065	d__Bacteria;p__Bacillota_A;c__Clostridia;o__Lachnospirales;f__Anaerotignaceae;g__Anaerotignum;s__	N/A	N/A	N/A	N/A	N/A	N/A	N/A	N/A	N/A	N/A	d__Bacteria;p__Bacillota_A;c__Clostridia;o__Lachnospirales;f__Anaerotignaceae;g__Anaerotignum;s__	taxonomic classification fully defined by topology	classification based on placement in class-level tree	N/A	53.29	11	0.94279	N/A
Pame_bac_bin066	d__Bacteria;p__Bacillota_A;c__Clostridia;o__Lachnospirales;f__Bianqueaceae;g__;s__	N/A	N/A	N/A	N/A	N/A	N/A	N/A	N/A	N/A	N/A	d__Bacteria;p__Bacillota_A;c__Clostridia;o__Lachnospirales;f__Bianqueaceae;g__;s__	taxonomic novelty determined using RED	classification based on placement in class-level tree	N/A	39.54	11	0.87922	N/A
Pame_bac_bin067	d__Bacteria;p__Bacillota_A;c__Clostridia;o__Lachnospirales;f__JAITVM01;g__;s__	N/A	N/A	N/A	N/A	N/A	N/A	N/A	N/A	N/A	N/A	d__Bacteria;p__Bacillota_A;c__Clostridia;o__Lachnospirales;f__JAITVM01;g__;s__	taxonomic novelty determined using RED	classification based on placement in class-level tree	N/A	74.2	11	0.7802	N/A
Pame_bac_bin068	d__Bacteria;p__Bacillota_A;c__Clostridia;o__Lachnospirales;f__JAITVM01;g__;s__	N/A	N/A	N/A	N/A	N/A	N/A	N/A	N/A	N/A	N/A	d__Bacteria;p__Bacillota_A;c__Clostridia;o__Lachnospirales;f__JAITVM01;g__;s__	taxonomic novelty determined using RED	classification based on placement in class-level tree	N/A	60.54	11	0.78923	N/A
Pame_bac_bin069	d__Bacteria;p__Bacillota_A;c__Clostridia;o__Lachnospirales;f__JAITVM01;g__;s__	N/A	N/A	N/A	N/A	N/A	N/A	N/A	N/A	N/A	N/A	d__Bacteria;p__Bacillota_A;c__Clostridia;o__Lachnospirales;f__JAITVM01;g__;s__	taxonomic novelty determined using RED	classification based on placement in class-level tree	N/A	29.59	11	0.77172	N/A
Pame_bac_bin070	d__Bacteria;p__Bacillota_A;c__Clostridia;o__Lachnospirales;f__Lachnospiraceae;g__;s__	N/A	N/A	N/A	N/A	N/A	N/A	N/A	N/A	N/A	N/A	d__Bacteria;p__Bacillota_A;c__Clostridia;o__Lachnospirales;f__Lachnospiraceae;g__;s__	taxonomic novelty determined using RED	classification based on placement in class-level tree	N/A	73.45	11	0.85291	N/A
Pame_bac_bin071	d__Bacteria;p__Bacillota_A;c__Clostridia;o__Lachnospirales;f__Lachnospiraceae;g__;s__	N/A	N/A	N/A	N/A	N/A	N/A	N/A	N/A	N/A	N/A	d__Bacteria;p__Bacillota_A;c__Clostridia;o__Lachnospirales;f__Lachnospiraceae;g__;s__	taxonomic novelty determined using RED	classification based on placement in class-level tree	N/A	87.27	11	0.895	N/A
Pame_bac_bin072	d__Bacteria;p__Bacillota_A;c__Clostridia;o__Lachnospirales;f__Lachnospiraceae;g__;s__	N/A	N/A	N/A	N/A	N/A	N/A	N/A	N/A	N/A	N/A	d__Bacteria;p__Bacillota_A;c__Clostridia;o__Lachnospirales;f__Lachnospiraceae;g__;s__	taxonomic novelty determined using RED	classification based on placement in class-level tree	N/A	86.69	11	0.87287	N/A
Pame_bac_bin073	d__Bacteria;p__Bacillota_A;c__Clostridia;o__Lachnospirales;f__Lachnospiraceae;g__;s__	N/A	N/A	N/A	N/A	N/A	N/A	N/A	N/A	N/A	N/A	d__Bacteria;p__Bacillota_A;c__Clostridia;o__Lachnospirales;f__Lachnospiraceae;g__;s__	taxonomic novelty determined using RED	classification based on placement in class-level tree	N/A	62.42	11	0.87439	N/A
Pame_bac_bin074	d__Bacteria;p__Bacillota_A;c__Clostridia;o__Lachnospirales;f__Lachnospiraceae;g__;s__	N/A	N/A	N/A	N/A	N/A	N/A	N/A	N/A	N/A	N/A	d__Bacteria;p__Bacillota_A;c__Clostridia;o__Lachnospirales;f__Lachnospiraceae;g__;s__	taxonomic novelty determined using RED	classification based on placement in class-level tree	N/A	41.65	11	0.87009	N/A
Pame_bac_bin075	d__Bacteria;p__Bacillota_A;c__Clostridia;o__Lachnospirales;f__Lachnospiraceae;g__;s__	N/A	N/A	N/A	N/A	N/A	N/A	N/A	N/A	N/A	N/A	d__Bacteria;p__Bacillota_A;c__Clostridia;o__Lachnospirales;f__Lachnospiraceae;g__;s__	taxonomic novelty determined using RED	classification based on placement in class-level tree	N/A	36.88	11	0.89085	N/A
Pame_bac_bin076	d__Bacteria;p__Bacillota_A;c__Clostridia;o__Lachnospirales;f__Lachnospiraceae;g__;s__	N/A	N/A	N/A	N/A	N/A	N/A	N/A	N/A	N/A	N/A	d__Bacteria;p__Bacillota_A;c__Clostridia;o__Lachnospirales;f__Lachnospiraceae;g__;s__	taxonomic novelty determined using RED	classification based on placement in class-level tree	N/A	47.53	11	0.83055	N/A
Pame_bac_bin077	d__Bacteria;p__Bacillota_A;c__Clostridia;o__Lachnospirales;f__Lachnospiraceae;g__;s__	N/A	N/A	N/A	N/A	N/A	N/A	N/A	N/A	N/A	N/A	d__Bacteria;p__Bacillota_A;c__Clostridia;o__Lachnospirales;f__Lachnospiraceae;g__;s__	taxonomic classification fully defined by topology	classification based on placement in class-level tree	N/A	43.85	11	0.88861	N/A
Pame_bac_bin078	d__Bacteria;p__Bacillota_A;c__Clostridia;o__Lachnospirales;f__Lachnospiraceae;g__Aequitasia;s__Aequitasia blattaphilus_A	GCF_024721265.1	95.0	d__Bacteria;p__Bacillota_A;c__Clostridia;o__Lachnospirales;f__Lachnospiraceae;g__Aequitasia;s__Aequitasia blattaphilus_A	97.54	0.824	N/A	N/A	N/A	N/A	N/A	N/A	ani_screen	classification based on ANI only	N/A	N/A	N/A	N/A	N/A
Pame_bac_bin079	d__Bacteria;p__Bacillota_A;c__Clostridia;o__Lachnospirales;f__Lachnospiraceae;g__CANQSA01;s__	N/A	N/A	N/A	N/A	N/A	N/A	N/A	N/A	N/A	N/A	d__Bacteria;p__Bacillota_A;c__Clostridia;o__Lachnospirales;f__Lachnospiraceae;g__CANQSA01;s__	taxonomic novelty determined using RED	classification based on placement in class-level tree	N/A	94.38	11	0.86986	N/A
Pame_bac_bin080	d__Bacteria;p__Bacillota_A;c__Clostridia;o__Lachnospirales;f__Lachnospiraceae;g__CHH4-2;s__	N/A	N/A	N/A	N/A	N/A	N/A	N/A	N/A	N/A	N/A	d__Bacteria;p__Bacillota_A;c__Clostridia;o__Lachnospirales;f__Lachnospiraceae;g__CHH4-2;s__	taxonomic novelty determined using RED	classification based on placement in class-level tree	N/A	34.64	11	0.90779	N/A
Pame_bac_bin081	d__Bacteria;p__Bacillota_A;c__Clostridia;o__Lachnospirales;f__Lachnospiraceae;g__MGBC140009;s__	N/A	N/A	N/A	N/A	N/A	N/A	N/A	N/A	N/A	N/A	d__Bacteria;p__Bacillota_A;c__Clostridia;o__Lachnospirales;f__Lachnospiraceae;g__MGBC140009;s__	taxonomic novelty determined using RED	classification based on placement in class-level tree	N/A	86.36	11	0.87486	N/A
Pame_bac_bin082	d__Bacteria;p__Bacillota_A;c__Clostridia;o__Lachnospirales;f__Lachnospiraceae;g__MGBC140009;s__	N/A	N/A	N/A	N/A	N/A	N/A	N/A	N/A	N/A	N/A	d__Bacteria;p__Bacillota_A;c__Clostridia;o__Lachnospirales;f__Lachnospiraceae;g__MGBC140009;s__	taxonomic novelty determined using RED	classification based on placement in class-level tree	N/A	36.44	11	0.86414	N/A
Pame_bac_bin083	d__Bacteria;p__Bacillota_A;c__Clostridia;o__Lachnospirales;f__Lachnospiraceae;g__Roseburia;s__	N/A	N/A	N/A	N/A	N/A	N/A	N/A	N/A	N/A	N/A	d__Bacteria;p__Bacillota_A;c__Clostridia;o__Lachnospirales;f__Lachnospiraceae;g__Roseburia;s__	taxonomic classification fully defined by topology	classification based on placement in class-level tree	N/A	88.78	11	0.92874	N/A
Pame_bac_bin084	d__Bacteria;p__Bacillota_A;c__Clostridia;o__Lachnospirales;f__Lachnospiraceae;g__UMGS1251;s__	N/A	N/A	N/A	N/A	N/A	N/A	N/A	N/A	N/A	N/A	d__Bacteria;p__Bacillota_A;c__Clostridia;o__Lachnospirales;f__Lachnospiraceae;g__UMGS1251;s__	taxonomic novelty determined using RED	classification based on placement in class-level tree	N/A	71.68	11	0.92282	N/A
Pame_bac_bin085	d__Bacteria;p__Bacillota_A;c__Clostridia;o__Lachnospirales;f__UBA5962;g__WRBA01;s__	N/A	N/A	N/A	N/A	N/A	N/A	N/A	N/A	N/A	N/A	d__Bacteria;p__Bacillota_A;c__Clostridia;o__Lachnospirales;f__UBA5962;g__WRBA01;s__	taxonomic novelty determined using RED	classification based on placement in class-level tree	N/A	47.41	11	0.87492	N/A
Pame_bac_bin086	d__Bacteria;p__Bacillota_A;c__Clostridia;o__Oscillospirales;f__Acutalibacteraceae;g__;s__	N/A	N/A	N/A	N/A	N/A	N/A	N/A	N/A	N/A	N/A	d__Bacteria;p__Bacillota_A;c__Clostridia;o__Oscillospirales;f__Acutalibacteraceae;g__;s__	taxonomic classification fully defined by topology	classification based on placement in class-level tree	N/A	74.3	11	0.85037	N/A
Pame_bac_bin087	d__Bacteria;p__Bacillota_A;c__Clostridia;o__Oscillospirales;f__Acutalibacteraceae;g__;s__	N/A	N/A	N/A	N/A	N/A	N/A	N/A	N/A	N/A	N/A	d__Bacteria;p__Bacillota_A;c__Clostridia;o__Oscillospirales;f__Acutalibacteraceae;g__;s__	taxonomic novelty determined using RED	classification based on placement in class-level tree	N/A	66.93	11	0.81366	N/A
Pame_bac_bin088	d__Bacteria;p__Bacillota_A;c__Clostridia;o__Oscillospirales;f__Acutalibacteraceae;g__;s__	N/A	N/A	N/A	N/A	N/A	N/A	N/A	N/A	N/A	N/A	d__Bacteria;p__Bacillota_A;c__Clostridia;o__Oscillospirales;f__Acutalibacteraceae;g__;s__	taxonomic classification fully defined by topology	classification based on placement in class-level tree	N/A	68.34	11	0.85042	N/A
Pame_bac_bin089	d__Bacteria;p__Bacillota_A;c__Clostridia;o__Oscillospirales;f__Acutalibacteraceae;g__;s__	N/A	N/A	N/A	N/A	N/A	N/A	N/A	N/A	N/A	N/A	d__Bacteria;p__Bacillota_A;c__Clostridia;o__Oscillospirales;f__Acutalibacteraceae;g__;s__	taxonomic classification fully defined by topology	classification based on placement in class-level tree	N/A	48.64	11	0.85241	N/A
Pame_bac_bin090	d__Bacteria;p__Bacillota_A;c__Clostridia;o__Oscillospirales;f__Acutalibacteraceae;g__;s__	N/A	N/A	N/A	N/A	N/A	N/A	N/A	N/A	N/A	N/A	d__Bacteria;p__Bacillota_A;c__Clostridia;o__Oscillospirales;f__Acutalibacteraceae;g__;s__	taxonomic novelty determined using RED	classification based on placement in class-level tree	N/A	64.69	11	0.91798	N/A
Pame_bac_bin091	d__Bacteria;p__Bacillota_A;c__Clostridia;o__Oscillospirales;f__Acutalibacteraceae;g__;s__	N/A	N/A	N/A	N/A	N/A	N/A	N/A	N/A	N/A	N/A	d__Bacteria;p__Bacillota_A;c__Clostridia;o__Oscillospirales;f__Acutalibacteraceae;g__;s__	taxonomic novelty determined using RED	classification based on placement in class-level tree	N/A	45.7	11	0.87063	N/A
Pame_bac_bin092	d__Bacteria;p__Bacillota_A;c__Clostridia;o__Oscillospirales;f__Acutalibacteraceae;g__;s__	N/A	N/A	N/A	N/A	N/A	N/A	N/A	N/A	N/A	N/A	d__Bacteria;p__Bacillota_A;c__Clostridia;o__Oscillospirales;f__Acutalibacteraceae;g__;s__	taxonomic novelty determined using RED	classification based on placement in class-level tree	N/A	47.13	11	0.85369	N/A
Pame_bac_bin093	d__Bacteria;p__Bacillota_A;c__Clostridia;o__Oscillospirales;f__Acutalibacteraceae;g__CALYOC01;s__	N/A	N/A	N/A	N/A	N/A	N/A	N/A	N/A	N/A	N/A	d__Bacteria;p__Bacillota_A;c__Clostridia;o__Oscillospirales;f__Acutalibacteraceae;g__CALYOC01;s__	taxonomic novelty determined using RED	classification based on placement in class-level tree	N/A	40.66	11	0.87074	N/A
Pame_bac_bin094	d__Bacteria;p__Bacillota_A;c__Clostridia;o__Oscillospirales;f__Acutalibacteraceae;g__Scatolibacter;s__	N/A	N/A	N/A	N/A	N/A	N/A	N/A	N/A	N/A	N/A	d__Bacteria;p__Bacillota_A;c__Clostridia;o__Oscillospirales;f__Acutalibacteraceae;g__Scatolibacter;s__	taxonomic classification fully defined by topology	classification based on placement in class-level tree	N/A	80.85	11	0.93386	N/A
Pame_bac_bin095	d__Bacteria;p__Bacillota_A;c__Clostridia;o__Oscillospirales;f__Acutalibacteraceae;g__Scatolibacter;s__	N/A	N/A	N/A	N/A	N/A	N/A	N/A	N/A	N/A	N/A	d__Bacteria;p__Bacillota_A;c__Clostridia;o__Oscillospirales;f__Acutalibacteraceae;g__Scatolibacter;s__	taxonomic classification fully defined by topology	classification based on placement in class-level tree	N/A	55.29	11	0.9366	N/A
Pame_bac_bin096	d__Bacteria;p__Bacillota_A;c__Clostridia;o__Oscillospirales;f__Acutalibacteraceae;g__Scatolibacter;s__	N/A	N/A	N/A	N/A	N/A	N/A	N/A	N/A	N/A	N/A	d__Bacteria;p__Bacillota_A;c__Clostridia;o__Oscillospirales;f__Acutalibacteraceae;g__Scatolibacter;s__	taxonomic classification fully defined by topology	classification based on placement in class-level tree	N/A	45.16	11	0.93889	N/A
Pame_bac_bin097	d__Bacteria;p__Bacillota_A;c__Clostridia;o__Oscillospirales;f__Butyricicoccaceae;g__Agathobaculum;s__	N/A	N/A	N/A	N/A	N/A	N/A	N/A	N/A	N/A	N/A	d__Bacteria;p__Bacillota_A;c__Clostridia;o__Oscillospirales;f__Butyricicoccaceae;g__Agathobaculum;s__	taxonomic classification fully defined by topology	classification based on placement in class-level tree	N/A	50.21	11	0.9318	N/A
Pame_bac_bin098	d__Bacteria;p__Bacillota_A;c__Clostridia;o__Oscillospirales;f__CAG-272;g__WREN01;s__	N/A	N/A	N/A	N/A	N/A	N/A	N/A	N/A	N/A	N/A	d__Bacteria;p__Bacillota_A;c__Clostridia;o__Oscillospirales;f__CAG-272;g__WREN01;s__	taxonomic novelty determined using RED	classification based on placement in class-level tree	N/A	28.26	11	0.88008	N/A
Pame_bac_bin099	d__Bacteria;p__Bacillota_A;c__Clostridia;o__Oscillospirales;f__Feifaniaceae;g__JAAYBB01;s__	N/A	N/A	N/A	N/A	N/A	N/A	N/A	N/A	N/A	N/A	d__Bacteria;p__Bacillota_A;c__Clostridia;o__Oscillospirales;f__Feifaniaceae;g__JAAYBB01;s__	taxonomic novelty determined using RED	classification based on placement in class-level tree	N/A	44.01	11	0.90802	N/A
Pame_bac_bin100	d__Bacteria;p__Bacillota_A;c__Clostridia;o__Oscillospirales;f__JAKOTC01;g__;s__	N/A	N/A	N/A	N/A	N/A	N/A	N/A	N/A	N/A	N/A	d__Bacteria;p__Bacillota_A;c__Clostridia;o__Oscillospirales;f__JAKOTC01;g__;s__	taxonomic novelty determined using RED	classification based on placement in class-level tree	N/A	77.36	11	0.81133	N/A
Pame_bac_bin101	d__Bacteria;p__Bacillota_A;c__Clostridia;o__Oscillospirales;f__Oscillospiraceae;g__;s__	N/A	N/A	N/A	N/A	N/A	N/A	N/A	N/A	N/A	N/A	d__Bacteria;p__Bacillota_A;c__Clostridia;o__Oscillospirales;f__Oscillospiraceae;g__;s__	taxonomic classification fully defined by topology	classification based on placement in class-level tree	N/A	65.84	11	0.83095	N/A
Pame_bac_bin102	d__Bacteria;p__Bacillota_A;c__Clostridia;o__Oscillospirales;f__Oscillospiraceae;g__;s__	N/A	N/A	N/A	N/A	N/A	N/A	N/A	N/A	N/A	N/A	d__Bacteria;p__Bacillota_A;c__Clostridia;o__Oscillospirales;f__Oscillospiraceae;g__;s__	taxonomic classification fully defined by topology	classification based on placement in class-level tree	N/A	41.65	11	0.86014	N/A
Pame_bac_bin103	d__Bacteria;p__Bacillota_A;c__Clostridia;o__Oscillospirales;f__Oscillospiraceae;g__;s__	N/A	N/A	N/A	N/A	N/A	N/A	N/A	N/A	N/A	N/A	d__Bacteria;p__Bacillota_A;c__Clostridia;o__Oscillospirales;f__Oscillospiraceae;g__;s__	taxonomic novelty determined using RED	classification based on placement in class-level tree	N/A	29.29	11	0.89578	N/A
Pame_bac_bin104	d__Bacteria;p__Bacillota_A;c__Clostridia;o__Oscillospirales;f__Oscillospiraceae;g__JAISHS01;s__	N/A	N/A	N/A	N/A	N/A	N/A	N/A	N/A	N/A	N/A	d__Bacteria;p__Bacillota_A;c__Clostridia;o__Oscillospirales;f__Oscillospiraceae;g__JAISHS01;s__	taxonomic novelty determined using RED	classification based on placement in class-level tree	N/A	53.84	11	0.90419	N/A
Pame_bac_bin105	d__Bacteria;p__Bacillota_A;c__Clostridia;o__Oscillospirales;f__Oscillospiraceae;g__WQUU01;s__	N/A	N/A	N/A	N/A	N/A	N/A	N/A	N/A	N/A	N/A	d__Bacteria;p__Bacillota_A;c__Clostridia;o__Oscillospirales;f__Oscillospiraceae;g__WQUU01;s__	taxonomic novelty determined using RED	classification based on placement in class-level tree	N/A	43.79	11	0.85313	N/A
Pame_bac_bin106	d__Bacteria;p__Bacillota_A;c__Clostridia;o__Oscillospirales;f__QAMX01;g__;s__	N/A	N/A	N/A	N/A	N/A	N/A	N/A	N/A	N/A	N/A	d__Bacteria;p__Bacillota_A;c__Clostridia;o__Oscillospirales;f__QAMX01;g__;s__	taxonomic novelty determined using RED	classification based on placement in class-level tree	N/A	44.97	11	0.8785	N/A
Pame_bac_bin107	d__Bacteria;p__Bacillota_A;c__Clostridia;o__Oscillospirales;f__Ruminococcaceae;g__;s__	N/A	N/A	N/A	N/A	N/A	N/A	N/A	N/A	N/A	N/A	d__Bacteria;p__Bacillota_A;c__Clostridia;o__Oscillospirales;f__Ruminococcaceae;g__;s__	taxonomic novelty determined using RED	classification based on placement in class-level tree	N/A	90.86	11	0.90341	N/A
Pame_bac_bin108	d__Bacteria;p__Bacillota_A;c__Clostridia;o__Oscillospirales;f__Ruminococcaceae;g__;s__	N/A	N/A	N/A	N/A	N/A	N/A	N/A	N/A	N/A	N/A	d__Bacteria;p__Bacillota_A;c__Clostridia;o__Oscillospirales;f__Ruminococcaceae;g__;s__	taxonomic classification fully defined by topology	classification based on placement in class-level tree	N/A	72.77	11	0.81578	N/A
Pame_bac_bin109	d__Bacteria;p__Bacillota_A;c__Clostridia;o__Oscillospirales;f__Ruminococcaceae;g__;s__	N/A	N/A	N/A	N/A	N/A	N/A	N/A	N/A	N/A	N/A	d__Bacteria;p__Bacillota_A;c__Clostridia;o__Oscillospirales;f__Ruminococcaceae;g__;s__	taxonomic novelty determined using RED	classification based on placement in class-level tree	N/A	46.81	11	0.82096	N/A
Pame_bac_bin110	d__Bacteria;p__Bacillota_A;c__Clostridia;o__Oscillospirales;f__Ruminococcaceae;g__;s__	N/A	N/A	N/A	N/A	N/A	N/A	N/A	N/A	N/A	N/A	d__Bacteria;p__Bacillota_A;c__Clostridia;o__Oscillospirales;f__Ruminococcaceae;g__;s__	taxonomic novelty determined using RED	classification based on placement in class-level tree	N/A	45.56	11	0.88835	N/A
Pame_bac_bin111	d__Bacteria;p__Bacillota_A;c__Clostridia;o__Oscillospirales;f__Ruminococcaceae;g__;s__	N/A	N/A	N/A	N/A	N/A	N/A	N/A	N/A	N/A	N/A	d__Bacteria;p__Bacillota_A;c__Clostridia;o__Oscillospirales;f__Ruminococcaceae;g__;s__	taxonomic novelty determined using RED	classification based on placement in class-level tree	N/A	49.14	11	0.90195	N/A
Pame_bac_bin112	d__Bacteria;p__Bacillota_A;c__Clostridia;o__Oscillospirales;f__Ruminococcaceae;g__;s__	N/A	N/A	N/A	N/A	N/A	N/A	N/A	N/A	N/A	N/A	d__Bacteria;p__Bacillota_A;c__Clostridia;o__Oscillospirales;f__Ruminococcaceae;g__;s__	taxonomic classification fully defined by topology	classification based on placement in class-level tree	N/A	37.6	11	0.85097	N/A
Pame_bac_bin113	d__Bacteria;p__Bacillota_A;c__Clostridia;o__Oscillospirales;f__Ruminococcaceae;g__JAAYCI01;s__	N/A	N/A	N/A	N/A	N/A	N/A	N/A	N/A	N/A	N/A	d__Bacteria;p__Bacillota_A;c__Clostridia;o__Oscillospirales;f__Ruminococcaceae;g__JAAYCI01;s__	taxonomic classification fully defined by topology	classification based on placement in class-level tree	N/A	84.11	11	0.93271	N/A
Pame_bac_bin114	d__Bacteria;p__Bacillota_A;c__Clostridia;o__Oscillospirales;f__Ruminococcaceae;g__JAAYCI01;s__	N/A	N/A	N/A	N/A	N/A	N/A	N/A	N/A	N/A	N/A	d__Bacteria;p__Bacillota_A;c__Clostridia;o__Oscillospirales;f__Ruminococcaceae;g__JAAYCI01;s__	taxonomic classification fully defined by topology	classification based on placement in class-level tree	N/A	48.8	11	0.94593	N/A
Pame_bac_bin115	d__Bacteria;p__Bacillota_A;c__Clostridia;o__Oscillospirales;f__Ruminococcaceae;g__JAAYCI01;s__	N/A	N/A	N/A	N/A	N/A	N/A	N/A	N/A	N/A	N/A	d__Bacteria;p__Bacillota_A;c__Clostridia;o__Oscillospirales;f__Ruminococcaceae;g__JAAYCI01;s__	taxonomic classification fully defined by topology	classification based on placement in class-level tree	N/A	34.8	11	0.94662	N/A
Pame_bac_bin116	d__Bacteria;p__Bacillota_A;c__Clostridia;o__Oscillospirales;f__Ruminococcaceae;g__Massiliimalia;s__	N/A	N/A	N/A	N/A	N/A	N/A	N/A	N/A	N/A	N/A	d__Bacteria;p__Bacillota_A;c__Clostridia;o__Oscillospirales;f__Ruminococcaceae;g__Massiliimalia;s__	taxonomic classification fully defined by topology	classification based on placement in class-level tree	N/A	79.36	11	0.95369	N/A
Pame_bac_bin117	d__Bacteria;p__Bacillota_A;c__Clostridia;o__Oscillospirales;f__Ruminococcaceae;g__RUG12519;s__	N/A	N/A	N/A	N/A	N/A	N/A	N/A	N/A	N/A	N/A	d__Bacteria;p__Bacillota_A;c__Clostridia;o__Oscillospirales;f__Ruminococcaceae;g__RUG12519;s__	taxonomic classification fully defined by topology	classification based on placement in class-level tree	N/A	44.29	11	0.92175	N/A
Pame_bac_bin118	d__Bacteria;p__Bacillota_A;c__Clostridia;o__Oscillospirales;f__Ruminococcaceae;g__Ruminiclostridium_E;s__	N/A	N/A	N/A	N/A	N/A	N/A	N/A	N/A	N/A	N/A	d__Bacteria;p__Bacillota_A;c__Clostridia;o__Oscillospirales;f__Ruminococcaceae;g__Ruminiclostridium_E;s__	taxonomic classification fully defined by topology	classification based on placement in class-level tree	N/A	89.41	11	0.90444	N/A
Pame_bac_bin119	d__Bacteria;p__Bacillota_A;c__Clostridia;o__Oscillospirales;f__Ruminococcaceae;g__Ruminiclostridium_E;s__	N/A	N/A	N/A	N/A	N/A	N/A	N/A	N/A	N/A	N/A	d__Bacteria;p__Bacillota_A;c__Clostridia;o__Oscillospirales;f__Ruminococcaceae;g__Ruminiclostridium_E;s__	taxonomic classification fully defined by topology	classification based on placement in class-level tree	N/A	44.49	11	0.89209	N/A
Pame_bac_bin120	d__Bacteria;p__Bacillota_A;c__Clostridia;o__Oscillospirales;f__Ruminococcaceae;g__Ruminiclostridium_E;s__	N/A	N/A	N/A	N/A	N/A	N/A	N/A	N/A	N/A	N/A	d__Bacteria;p__Bacillota_A;c__Clostridia;o__Oscillospirales;f__Ruminococcaceae;g__Ruminiclostridium_E;s__	taxonomic classification fully defined by topology	classification based on placement in class-level tree	N/A	60.83	11	0.86371	N/A
Pame_bac_bin121	d__Bacteria;p__Bacillota_A;c__Clostridia;o__Oscillospirales;f__Ruminococcaceae;g__WRAV01;s__	N/A	N/A	N/A	N/A	N/A	N/A	N/A	N/A	N/A	N/A	d__Bacteria;p__Bacillota_A;c__Clostridia;o__Oscillospirales;f__Ruminococcaceae;g__WRAV01;s__	taxonomic classification fully defined by topology	classification based on placement in class-level tree	N/A	56.09	11	0.86465	N/A
Pame_bac_bin122	d__Bacteria;p__Bacillota_A;c__Clostridia;o__Oscillospirales;f__Ruminococcaceae;g__WRIP01;s__	N/A	N/A	N/A	N/A	N/A	N/A	N/A	N/A	N/A	N/A	d__Bacteria;p__Bacillota_A;c__Clostridia;o__Oscillospirales;f__Ruminococcaceae;g__WRIP01;s__	taxonomic classification fully defined by topology	classification based on placement in class-level tree	N/A	48.06	11	0.90662	N/A
Pame_bac_bin123	d__Bacteria;p__Bacillota_A;c__Clostridia;o__Oscillospirales;f__SIG627;g__;s__	N/A	N/A	N/A	N/A	N/A	N/A	N/A	N/A	N/A	N/A	d__Bacteria;p__Bacillota_A;c__Clostridia;o__Oscillospirales;f__SIG627;g__;s__	taxonomic novelty determined using RED	classification based on placement in class-level tree	N/A	40.56	11	0.88092	N/A
Pame_bac_bin124	d__Bacteria;p__Bacillota_A;c__Clostridia;o__Oscillospirales;f__UBA929;g__;s__	N/A	N/A	N/A	N/A	N/A	N/A	N/A	N/A	N/A	N/A	d__Bacteria;p__Bacillota_A;c__Clostridia;o__Oscillospirales;f__UBA929;g__;s__	taxonomic classification fully defined by topology	classification based on placement in class-level tree	N/A	47.71	11	0.79698	N/A
Pame_bac_bin125	d__Bacteria;p__Bacillota_A;c__Clostridia;o__Peptostreptococcales;f__Anaerovoracaceae;g__;s__	N/A	N/A	N/A	N/A	N/A	N/A	N/A	N/A	N/A	N/A	d__Bacteria;p__Bacillota_A;c__Clostridia;o__Peptostreptococcales;f__Anaerovoracaceae;g__;s__	taxonomic classification fully defined by topology	classification based on placement in class-level tree	N/A	59.46	11	0.79803	N/A
Pame_bac_bin126	d__Bacteria;p__Bacillota_A;c__Clostridia;o__Peptostreptococcales;f__Anaerovoracaceae;g__;s__	N/A	N/A	N/A	N/A	N/A	N/A	N/A	N/A	N/A	N/A	d__Bacteria;p__Bacillota_A;c__Clostridia;o__Peptostreptococcales;f__Anaerovoracaceae;g__;s__	taxonomic classification fully defined by topology	classification based on placement in class-level tree	N/A	59.7	11	0.79683	N/A
Pame_bac_bin127	d__Bacteria;p__Bacillota_A;c__Clostridia;o__Peptostreptococcales;f__Anaerovoracaceae;g__;s__	N/A	N/A	N/A	N/A	N/A	N/A	N/A	N/A	N/A	N/A	d__Bacteria;p__Bacillota_A;c__Clostridia;o__Peptostreptococcales;f__Anaerovoracaceae;g__;s__	taxonomic classification fully defined by topology	classification based on placement in class-level tree	N/A	60.81	11	0.79832	N/A
Pame_bac_bin128	d__Bacteria;p__Bacillota_A;c__Clostridia;o__Peptostreptococcales;f__Anaerovoracaceae;g__;s__	N/A	N/A	N/A	N/A	N/A	N/A	N/A	N/A	N/A	N/A	d__Bacteria;p__Bacillota_A;c__Clostridia;o__Peptostreptococcales;f__Anaerovoracaceae;g__;s__	taxonomic classification fully defined by topology	classification based on placement in class-level tree	N/A	57.54	11	0.79692	N/A
Pame_bac_bin129	d__Bacteria;p__Bacillota_A;c__Clostridia;o__Peptostreptococcales;f__Anaerovoracaceae;g__;s__	N/A	N/A	N/A	N/A	N/A	N/A	N/A	N/A	N/A	N/A	d__Bacteria;p__Bacillota_A;c__Clostridia;o__Peptostreptococcales;f__Anaerovoracaceae;g__;s__	taxonomic classification fully defined by topology	classification based on placement in class-level tree	N/A	50.98	11	0.7915	N/A
Pame_bac_bin130	d__Bacteria;p__Bacillota_A;c__Clostridia;o__Peptostreptococcales;f__Anaerovoracaceae;g__;s__	N/A	N/A	N/A	N/A	N/A	N/A	N/A	N/A	N/A	N/A	d__Bacteria;p__Bacillota_A;c__Clostridia;o__Peptostreptococcales;f__Anaerovoracaceae;g__;s__	taxonomic classification fully defined by topology	classification based on placement in class-level tree	N/A	59.03	11	0.80101	N/A
Pame_bac_bin131	d__Bacteria;p__Bacillota_A;c__Clostridia;o__Peptostreptococcales;f__Anaerovoracaceae;g__;s__	N/A	N/A	N/A	N/A	N/A	N/A	N/A	N/A	N/A	N/A	d__Bacteria;p__Bacillota_A;c__Clostridia;o__Peptostreptococcales;f__Anaerovoracaceae;g__;s__	taxonomic classification fully defined by topology	classification based on placement in class-level tree	N/A	47.07	11	0.80132	N/A
Pame_bac_bin132	d__Bacteria;p__Bacillota_A;c__Clostridia;o__Peptostreptococcales;f__Anaerovoracaceae;g__Emergencia;s__	N/A	N/A	N/A	N/A	N/A	N/A	N/A	N/A	N/A	N/A	d__Bacteria;p__Bacillota_A;c__Clostridia;o__Peptostreptococcales;f__Anaerovoracaceae;g__Emergencia;s__	taxonomic classification fully defined by topology	classification based on placement in class-level tree	N/A	54.84	11	0.94644	N/A
Pame_bac_bin133	d__Bacteria;p__Bacillota_A;c__Clostridia;o__Peptostreptococcales;f__Anaerovoracaceae;g__Fimisoma;s__	N/A	N/A	N/A	N/A	N/A	N/A	N/A	N/A	N/A	N/A	d__Bacteria;p__Bacillota_A;c__Clostridia;o__Peptostreptococcales;f__Anaerovoracaceae;g__Fimisoma;s__	taxonomic classification fully defined by topology	classification based on placement in class-level tree	N/A	83.38	11	0.94282	N/A
Pame_bac_bin134	d__Bacteria;p__Bacillota_A;c__Clostridia;o__UBA1212;f__SIG427;g__;s__	N/A	N/A	N/A	N/A	N/A	N/A	N/A	N/A	N/A	N/A	d__Bacteria;p__Bacillota_A;c__Clostridia;o__UBA1212;f__SIG427;g__;s__	taxonomic novelty determined using RED	classification based on placement in class-level tree	N/A	64.07	11	0.85113	N/A
Pame_bac_bin135	d__Bacteria;p__Bacillota_B;c__Ch66;o__Ch66;f__Ch109;g__;s__	N/A	N/A	N/A	N/A	N/A	N/A	N/A	N/A	N/A	N/A	d__Bacteria;p__Bacillota_B;c__Ch66;o__Ch66;f__Ch109;g__;s__	taxonomic classification fully defined by topology	classification based on placement in class-level tree	N/A	66.24	11	0.78921	N/A
Pame_bac_bin136	d__Bacteria;p__Bacillota_B;c__Dehalobacteriia;o__UBA4068;f__UBA4068;g__;s__	N/A	N/A	N/A	N/A	N/A	N/A	N/A	N/A	N/A	N/A	d__Bacteria;p__Bacillota_B;c__Dehalobacteriia;o__UBA4068;f__UBA4068;g__;s__	taxonomic novelty determined using RED	classification based on placement in class-level tree	N/A	53.29	11	0.81827	N/A
Pame_bac_bin137	d__Bacteria;p__Bacillota_B;c__Dehalobacteriia;o__UBA4068;f__UBA4068;g__CALXSV01;s__	N/A	N/A	N/A	N/A	N/A	N/A	N/A	N/A	N/A	N/A	d__Bacteria;p__Bacillota_B;c__Dehalobacteriia;o__UBA4068;f__UBA4068;g__CALXSV01;s__	taxonomic classification fully defined by topology	classification based on placement in class-level tree	N/A	30.51	11	0.9288	N/A
Pame_bac_bin138	d__Bacteria;p__Bacillota_B;c__Dehalobacteriia;o__UBA4068;f__UBA4068;g__HGM13862;s__	N/A	N/A	N/A	N/A	N/A	N/A	N/A	N/A	N/A	N/A	d__Bacteria;p__Bacillota_B;c__Dehalobacteriia;o__UBA4068;f__UBA4068;g__HGM13862;s__	taxonomic classification fully defined by topology	classification based on placement in class-level tree	N/A	44.87	11	0.92857	N/A
Pame_bac_bin139	d__Bacteria;p__Bacillota_B;c__Syntrophomonadia;o__Syntrophomonadales;f__Syntrophomonadaceae;g__JAISDD01;s__	N/A	N/A	N/A	N/A	N/A	N/A	N/A	N/A	N/A	N/A	d__Bacteria;p__Bacillota_B;c__Syntrophomonadia;o__Syntrophomonadales;f__Syntrophomonadaceae;g__JAISDD01;s__	taxonomic novelty determined using RED	classification based on placement in class-level tree	N/A	36.25	11	0.91219	N/A
Pame_bac_bin140	d__Bacteria;p__Bacillota_B;c__Syntrophomonadia;o__Syntrophomonadales;f__Syntrophomonadaceae;g__JAUNBV01;s__	N/A	N/A	N/A	N/A	N/A	N/A	N/A	N/A	N/A	N/A	d__Bacteria;p__Bacillota_B;c__Syntrophomonadia;o__Syntrophomonadales;f__Syntrophomonadaceae;g__JAUNBV01;s__	taxonomic novelty determined using RED	classification based on placement in class-level tree	N/A	81.67	11	0.90587	N/A
Pame_bac_bin141	d__Bacteria;p__Bacillota_C;c__Negativicutes;o__Acidaminococcales;f__Acidaminococcaceae;g__Phascolarctobacterium;s__	N/A	N/A	N/A	N/A	N/A	N/A	N/A	N/A	N/A	N/A	d__Bacteria;p__Bacillota_C;c__Negativicutes;o__Acidaminococcales;f__Acidaminococcaceae;g__Phascolarctobacterium;s__	taxonomic novelty determined using RED	classification based on placement in class-level tree	N/A	81.53	11	0.91531	N/A
Pame_bac_bin142	d__Bacteria;p__Bacillota_C;c__Negativicutes;o__Acidaminococcales;f__JAISLQ01;g__;s__	N/A	N/A	N/A	N/A	N/A	N/A	N/A	N/A	N/A	N/A	d__Bacteria;p__Bacillota_C;c__Negativicutes;o__Acidaminococcales;f__JAISLQ01;g__;s__	taxonomic novelty determined using RED	classification based on placement in class-level tree	N/A	75.17	11	0.77827	N/A
Pame_bac_bin143	d__Bacteria;p__Bacillota_G;c__DTU025;o__DTUO25;f__HGM14224;g__;s__	N/A	N/A	N/A	N/A	N/A	N/A	N/A	N/A	N/A	N/A	d__Bacteria;p__Bacillota_G;c__DTU025;o__DTUO25;f__HGM14224;g__;s__	taxonomic novelty determined using RED	classification based on placement in class-level tree	N/A	43.08	11	0.81724	N/A
Pame_bac_bin144	d__Bacteria;p__Bacillota_I;c__Bacilli_A;o__Acholeplasmatales;f__Acholeplasmataceae;g__;s__	N/A	N/A	N/A	N/A	N/A	N/A	N/A	N/A	N/A	N/A	d__Bacteria;p__Bacillota_I;c__Bacilli_A;o__Acholeplasmatales;f__Acholeplasmataceae;g__;s__	taxonomic classification fully defined by topology	classification based on placement in class-level tree	N/A	47.77	11	0.72188	N/A
Pame_bac_bin145	d__Bacteria;p__Bacillota_I;c__Bacilli_A;o__Acholeplasmatales;f__Acholeplasmataceae;g__;s__	N/A	N/A	N/A	N/A	N/A	N/A	N/A	N/A	N/A	N/A	d__Bacteria;p__Bacillota_I;c__Bacilli_A;o__Acholeplasmatales;f__Acholeplasmataceae;g__;s__	taxonomic novelty determined using RED	classification based on placement in class-level tree	N/A	42.07	11	0.83381	N/A
Pame_bac_bin146	d__Bacteria;p__Bacillota_I;c__Bacilli_A;o__Acholeplasmatales;f__Acholeplasmataceae;g__;s__	N/A	N/A	N/A	N/A	N/A	N/A	N/A	N/A	N/A	N/A	d__Bacteria;p__Bacillota_I;c__Bacilli_A;o__Acholeplasmatales;f__Acholeplasmataceae;g__;s__	taxonomic novelty determined using RED	classification based on placement in class-level tree	N/A	37.91	11	0.81054	N/A
Pame_bac_bin147	d__Bacteria;p__Bacillota_I;c__Bacilli_A;o__Erysipelotrichales;f__Coprobacillaceae;g__;s__	N/A	N/A	N/A	N/A	N/A	N/A	N/A	N/A	N/A	N/A	d__Bacteria;p__Bacillota_I;c__Bacilli_A;o__Erysipelotrichales;f__Coprobacillaceae;g__;s__	taxonomic classification fully defined by topology	classification based on placement in class-level tree	N/A	83.91	11	0.84342	N/A
Pame_bac_bin148	d__Bacteria;p__Bacillota_I;c__Bacilli_A;o__Erysipelotrichales;f__Coprobacillaceae;g__CAKVJS01;s__	N/A	N/A	N/A	N/A	N/A	N/A	N/A	N/A	N/A	N/A	d__Bacteria;p__Bacillota_I;c__Bacilli_A;o__Erysipelotrichales;f__Coprobacillaceae;g__CAKVJS01;s__	taxonomic novelty determined using RED	classification based on placement in class-level tree	N/A	33.7	11	0.89485	N/A
Pame_bac_bin149	d__Bacteria;p__Bacillota_I;c__Bacilli_A;o__Erysipelotrichales;f__Erysipelotrichaceae;g__Breznakia;s__Breznakia blatticola	GCF_004365815.1	95.0	d__Bacteria;p__Bacillota_I;c__Bacilli_A;o__Erysipelotrichales;f__Erysipelotrichaceae;g__Breznakia;s__Breznakia blatticola	95.07	0.817	N/A	N/A	N/A	N/A	N/A	N/A	ani_screen	classification based on ANI only	N/A	N/A	N/A	N/A	N/A
Pame_bac_bin150	d__Bacteria;p__Bacillota_I;c__Bacilli_A;o__Erysipelotrichales;f__Erysipelotrichaceae;g__Breznakia;s__Breznakia sp001695645	GCA_001695645.1	95.0	d__Bacteria;p__Bacillota_I;c__Bacilli_A;o__Erysipelotrichales;f__Erysipelotrichaceae;g__Breznakia;s__Breznakia sp001695645	98.22	0.835	N/A	N/A	N/A	N/A	N/A	N/A	ani_screen	classification based on ANI only	N/A	N/A	N/A	N/A	N/A
Pame_bac_bin151	d__Bacteria;p__Bacillota_I;c__Bacilli_A;o__Erysipelotrichales;f__Erysipelotrichaceae;g__RGIG1896;s__	N/A	N/A	N/A	N/A	N/A	N/A	N/A	N/A	N/A	N/A	d__Bacteria;p__Bacillota_I;c__Bacilli_A;o__Erysipelotrichales;f__Erysipelotrichaceae;g__RGIG1896;s__	taxonomic classification fully defined by topology	classification based on placement in class-level tree	N/A	85.46	11	0.86136	N/A
Pame_bac_bin152	d__Bacteria;p__Bacillota_I;c__Bacilli_A;o__Erysipelotrichales;f__Erysipelotrichaceae;g__RGIG1896;s__	N/A	N/A	N/A	N/A	N/A	N/A	N/A	N/A	N/A	N/A	d__Bacteria;p__Bacillota_I;c__Bacilli_A;o__Erysipelotrichales;f__Erysipelotrichaceae;g__RGIG1896;s__	taxonomic classification fully defined by topology	classification based on placement in class-level tree	N/A	75.83	11	0.86075	N/A
Pame_bac_bin153	d__Bacteria;p__Bacillota_I;c__Bacilli_A;o__Erysipelotrichales;f__Erysipelotrichaceae;g__RGIG1896;s__	N/A	N/A	N/A	N/A	N/A	N/A	N/A	N/A	N/A	N/A	d__Bacteria;p__Bacillota_I;c__Bacilli_A;o__Erysipelotrichales;f__Erysipelotrichaceae;g__RGIG1896;s__	taxonomic classification fully defined by topology	classification based on placement in class-level tree	N/A	42.66	11	0.85914	N/A
Pame_bac_bin154	d__Bacteria;p__Bacillota_I;c__Bacilli_A;o__ML615J-28;f__CAG-313;g__;s__	N/A	N/A	N/A	N/A	N/A	N/A	N/A	N/A	N/A	N/A	d__Bacteria;p__Bacillota_I;c__Bacilli_A;o__ML615J-28;f__CAG-313;g__;s__	taxonomic novelty determined using RED	classification based on placement in class-level tree	N/A	63.59	11	0.81779	N/A
Pame_bac_bin155	d__Bacteria;p__Bacillota_I;c__Bacilli_A;o__Mycoplasmatales;f__Mycoplasmataceae;g__;s__	N/A	N/A	N/A	N/A	N/A	N/A	N/A	N/A	N/A	N/A	d__Bacteria;p__Bacillota_I;c__Bacilli_A;o__Mycoplasmatales;f__Mycoplasmataceae;g__;s__	taxonomic classification fully defined by topology	classification based on placement in class-level tree	N/A	82.4	4	0.7134	N/A
Pame_bac_bin156	d__Bacteria;p__Bacillota_I;c__Bacilli_A;o__RF39;f__UBA660;g__;s__	N/A	N/A	N/A	N/A	N/A	N/A	N/A	N/A	N/A	N/A	d__Bacteria;p__Bacillota_I;c__Bacilli_A;o__RF39;f__UBA660;g__;s__	taxonomic classification fully defined by topology	classification based on placement in class-level tree	N/A	73.7	11	0.79842	N/A
Pame_bac_bin157	d__Bacteria;p__Bacillota_I;c__Bacilli_A;o__RF39;f__UBA660;g__;s__	N/A	N/A	N/A	N/A	N/A	N/A	N/A	N/A	N/A	N/A	d__Bacteria;p__Bacillota_I;c__Bacilli_A;o__RF39;f__UBA660;g__;s__	taxonomic classification fully defined by topology	classification based on placement in class-level tree	N/A	49.89	11	0.77458	N/A
Pame_bac_bin158	d__Bacteria;p__Bacillota_I;c__Bacilli_A;o__RF39;f__UBA660;g__;s__	N/A	N/A	N/A	N/A	N/A	N/A	N/A	N/A	N/A	N/A	d__Bacteria;p__Bacillota_I;c__Bacilli_A;o__RF39;f__UBA660;g__;s__	taxonomic classification fully defined by topology	classification based on placement in class-level tree	N/A	37.8	11	0.698	N/A
Pame_bac_bin159	d__Bacteria;p__Bacillota_I;c__Bacilli_A;o__RFN20;f__CAG-826;g__;s__	N/A	N/A	N/A	N/A	N/A	N/A	N/A	N/A	N/A	N/A	d__Bacteria;p__Bacillota_I;c__Bacilli_A;o__RFN20;f__CAG-826;g__;s__	taxonomic novelty determined using RED	classification based on placement in class-level tree	N/A	75.73	11	0.81529	N/A
Pame_bac_bin160	d__Bacteria;p__Bacillota_I;c__Bacilli_A;o__RFN20;f__CAG-826;g__;s__	N/A	N/A	N/A	N/A	N/A	N/A	N/A	N/A	N/A	N/A	d__Bacteria;p__Bacillota_I;c__Bacilli_A;o__RFN20;f__CAG-826;g__;s__	taxonomic classification fully defined by topology	classification based on placement in class-level tree	N/A	63.38	11	0.70378	N/A
Pame_bac_bin161	d__Bacteria;p__Bacillota_I;c__Bacilli_A;o__RFN20;f__CAG-826;g__;s__	N/A	N/A	N/A	N/A	N/A	N/A	N/A	N/A	N/A	N/A	d__Bacteria;p__Bacillota_I;c__Bacilli_A;o__RFN20;f__CAG-826;g__;s__	taxonomic novelty determined using RED	classification based on placement in class-level tree	N/A	62.3	11	0.76362	N/A
Pame_bac_bin162	d__Bacteria;p__Bacteroidota;c__Bacteroidia;o__Bacteroidales;f__Azobacteroidaceae;g__;s__	N/A	N/A	N/A	N/A	N/A	N/A	N/A	N/A	N/A	N/A	d__Bacteria;p__Bacteroidota;c__Bacteroidia;o__Bacteroidales;f__Azobacteroidaceae;g__;s__	taxonomic classification fully defined by topology	classification based on placement in class-level tree	N/A	91.86	11	0.89324	N/A
Pame_bac_bin163	d__Bacteria;p__Bacteroidota;c__Bacteroidia;o__Bacteroidales;f__Azobacteroidaceae;g__;s__	N/A	N/A	N/A	N/A	N/A	N/A	N/A	N/A	N/A	N/A	d__Bacteria;p__Bacteroidota;c__Bacteroidia;o__Bacteroidales;f__Azobacteroidaceae;g__;s__	taxonomic classification fully defined by topology	classification based on placement in class-level tree	N/A	82.38	11	0.89456	N/A
Pame_bac_bin164	d__Bacteria;p__Bacteroidota;c__Bacteroidia;o__Bacteroidales;f__Azobacteroidaceae;g__;s__	N/A	N/A	N/A	N/A	N/A	N/A	N/A	N/A	N/A	N/A	d__Bacteria;p__Bacteroidota;c__Bacteroidia;o__Bacteroidales;f__Azobacteroidaceae;g__;s__	taxonomic classification fully defined by topology	classification based on placement in class-level tree	N/A	53.6	11	0.89471	N/A
Pame_bac_bin165	d__Bacteria;p__Bacteroidota;c__Bacteroidia;o__Bacteroidales;f__Azobacteroidaceae;g__;s__	N/A	N/A	N/A	N/A	N/A	N/A	N/A	N/A	N/A	N/A	d__Bacteria;p__Bacteroidota;c__Bacteroidia;o__Bacteroidales;f__Azobacteroidaceae;g__;s__	taxonomic classification fully defined by topology	classification based on placement in class-level tree	N/A	50.55	11	0.8921	N/A
Pame_bac_bin166	d__Bacteria;p__Bacteroidota;c__Bacteroidia;o__Bacteroidales;f__Azobacteroidaceae;g__;s__	N/A	N/A	N/A	N/A	N/A	N/A	N/A	N/A	N/A	N/A	d__Bacteria;p__Bacteroidota;c__Bacteroidia;o__Bacteroidales;f__Azobacteroidaceae;g__;s__	taxonomic classification fully defined by topology	classification based on placement in class-level tree	N/A	57.02	11	0.89443	N/A
Pame_bac_bin167	d__Bacteria;p__Bacteroidota;c__Bacteroidia;o__Bacteroidales;f__Azobacteroidaceae;g__;s__	N/A	N/A	N/A	N/A	N/A	N/A	N/A	N/A	N/A	N/A	d__Bacteria;p__Bacteroidota;c__Bacteroidia;o__Bacteroidales;f__Azobacteroidaceae;g__;s__	taxonomic classification fully defined by topology	classification based on placement in class-level tree	N/A	40.24	11	0.9313	N/A
Pame_bac_bin168	d__Bacteria;p__Bacteroidota;c__Bacteroidia;o__Bacteroidales;f__Azobacteroidaceae;g__JAIRVZ01;s__	N/A	N/A	N/A	N/A	N/A	N/A	N/A	N/A	N/A	N/A	d__Bacteria;p__Bacteroidota;c__Bacteroidia;o__Bacteroidales;f__Azobacteroidaceae;g__JAIRVZ01;s__	taxonomic novelty determined using RED	classification based on placement in class-level tree	N/A	56.15	11	0.91925	N/A
Pame_bac_bin169	d__Bacteria;p__Bacteroidota;c__Bacteroidia;o__Bacteroidales;f__Azobacteroidaceae;g__JAJBTS01;s__	N/A	N/A	N/A	N/A	N/A	N/A	N/A	N/A	N/A	N/A	d__Bacteria;p__Bacteroidota;c__Bacteroidia;o__Bacteroidales;f__Azobacteroidaceae;g__JAJBTS01;s__	taxonomic classification fully defined by topology	classification based on placement in class-level tree	N/A	58.09	11	0.96551	N/A
Pame_bac_bin170	d__Bacteria;p__Bacteroidota;c__Bacteroidia;o__Bacteroidales;f__Azobacteroidaceae;g__JAJBTS01;s__	N/A	N/A	N/A	N/A	N/A	N/A	N/A	N/A	N/A	N/A	d__Bacteria;p__Bacteroidota;c__Bacteroidia;o__Bacteroidales;f__Azobacteroidaceae;g__JAJBTS01;s__	taxonomic classification fully defined by topology	classification based on placement in class-level tree	N/A	49.83	11	0.96259	N/A
Pame_bac_bin171	d__Bacteria;p__Bacteroidota;c__Bacteroidia;o__Bacteroidales;f__Azobacteroidaceae;g__JAJBTS01;s__	N/A	N/A	N/A	N/A	N/A	N/A	N/A	N/A	N/A	N/A	d__Bacteria;p__Bacteroidota;c__Bacteroidia;o__Bacteroidales;f__Azobacteroidaceae;g__JAJBTS01;s__	taxonomic classification fully defined by topology	classification based on placement in class-level tree	N/A	56.8	11	0.96723	N/A
Pame_bac_bin172	d__Bacteria;p__Bacteroidota;c__Bacteroidia;o__Bacteroidales;f__Azobacteroidaceae;g__JAJBTS01;s__JAJBTS01 sp029916745	GCA_029916745.1	95.0	d__Bacteria;p__Bacteroidota;c__Bacteroidia;o__Bacteroidales;f__Azobacteroidaceae;g__JAJBTS01;s__JAJBTS01 sp029916745	98.17	0.842	N/A	N/A	N/A	N/A	N/A	N/A	ani_screen	classification based on ANI only	N/A	N/A	N/A	N/A	N/A
Pame_bac_bin173	d__Bacteria;p__Bacteroidota;c__Bacteroidia;o__Bacteroidales;f__Azobacteroidaceae;g__JAJDGO01;s__	N/A	N/A	N/A	N/A	N/A	N/A	N/A	N/A	N/A	N/A	d__Bacteria;p__Bacteroidota;c__Bacteroidia;o__Bacteroidales;f__Azobacteroidaceae;g__JAJDGO01;s__	taxonomic novelty determined using RED	classification based on placement in class-level tree	N/A	89.14	11	0.95637	N/A
Pame_bac_bin174	d__Bacteria;p__Bacteroidota;c__Bacteroidia;o__Bacteroidales;f__Azobacteroidaceae;g__JAJDGO01;s__	N/A	N/A	N/A	N/A	N/A	N/A	N/A	N/A	N/A	N/A	d__Bacteria;p__Bacteroidota;c__Bacteroidia;o__Bacteroidales;f__Azobacteroidaceae;g__JAJDGO01;s__	taxonomic novelty determined using RED	classification based on placement in class-level tree	N/A	84.75	11	0.95905	N/A
Pame_bac_bin175	d__Bacteria;p__Bacteroidota;c__Bacteroidia;o__Bacteroidales;f__Azobacteroidaceae;g__JAJDGO01;s__	N/A	N/A	N/A	N/A	N/A	N/A	N/A	N/A	N/A	N/A	d__Bacteria;p__Bacteroidota;c__Bacteroidia;o__Bacteroidales;f__Azobacteroidaceae;g__JAJDGO01;s__	taxonomic novelty determined using RED	classification based on placement in class-level tree	N/A	68.72	11	0.96204	N/A
Pame_bac_bin176	d__Bacteria;p__Bacteroidota;c__Bacteroidia;o__Bacteroidales;f__Azobacteroidaceae;g__JAJDGO01;s__	N/A	N/A	N/A	N/A	N/A	N/A	N/A	N/A	N/A	N/A	d__Bacteria;p__Bacteroidota;c__Bacteroidia;o__Bacteroidales;f__Azobacteroidaceae;g__JAJDGO01;s__	taxonomic novelty determined using RED	classification based on placement in class-level tree	N/A	51.26	11	0.95751	N/A
Pame_bac_bin177	d__Bacteria;p__Bacteroidota;c__Bacteroidia;o__Bacteroidales;f__Azobacteroidaceae;g__JAJDGO01;s__	N/A	N/A	N/A	N/A	N/A	N/A	N/A	N/A	N/A	N/A	d__Bacteria;p__Bacteroidota;c__Bacteroidia;o__Bacteroidales;f__Azobacteroidaceae;g__JAJDGO01;s__	taxonomic novelty determined using RED	classification based on placement in class-level tree	N/A	55.85	11	0.95561	N/A
Pame_bac_bin178	d__Bacteria;p__Bacteroidota;c__Bacteroidia;o__Bacteroidales;f__Azobacteroidaceae;g__JAJDGO01;s__	N/A	N/A	N/A	N/A	N/A	N/A	N/A	N/A	N/A	N/A	d__Bacteria;p__Bacteroidota;c__Bacteroidia;o__Bacteroidales;f__Azobacteroidaceae;g__JAJDGO01;s__	taxonomic novelty determined using RED	classification based on placement in class-level tree	N/A	53.96	11	0.95732	N/A
Pame_bac_bin179	d__Bacteria;p__Bacteroidota;c__Bacteroidia;o__Bacteroidales;f__Azobacteroidaceae;g__JAJDGO01;s__	N/A	N/A	N/A	N/A	N/A	N/A	N/A	N/A	N/A	N/A	d__Bacteria;p__Bacteroidota;c__Bacteroidia;o__Bacteroidales;f__Azobacteroidaceae;g__JAJDGO01;s__	taxonomic novelty determined using RED	classification based on placement in class-level tree	N/A	51.5	11	0.95738	N/A
Pame_bac_bin180	d__Bacteria;p__Bacteroidota;c__Bacteroidia;o__Bacteroidales;f__Bacteroidaceae;g__;s__	N/A	N/A	N/A	N/A	N/A	N/A	N/A	N/A	N/A	N/A	d__Bacteria;p__Bacteroidota;c__Bacteroidia;o__Bacteroidales;f__Bacteroidaceae;g__;s__	taxonomic novelty determined using RED	classification based on placement in class-level tree	N/A	88.04	11	0.89565	N/A
Pame_bac_bin181	d__Bacteria;p__Bacteroidota;c__Bacteroidia;o__Bacteroidales;f__Bacteroidaceae;g__;s__	N/A	N/A	N/A	N/A	N/A	N/A	N/A	N/A	N/A	N/A	d__Bacteria;p__Bacteroidota;c__Bacteroidia;o__Bacteroidales;f__Bacteroidaceae;g__;s__	taxonomic novelty determined using RED	classification based on placement in class-level tree	N/A	77.99	11	0.89559	N/A
Pame_bac_bin182	d__Bacteria;p__Bacteroidota;c__Bacteroidia;o__Bacteroidales;f__Bacteroidaceae;g__;s__	N/A	N/A	N/A	N/A	N/A	N/A	N/A	N/A	N/A	N/A	d__Bacteria;p__Bacteroidota;c__Bacteroidia;o__Bacteroidales;f__Bacteroidaceae;g__;s__	taxonomic novelty determined using RED	classification based on placement in class-level tree	N/A	76.09	11	0.8965	N/A
Pame_bac_bin183	d__Bacteria;p__Bacteroidota;c__Bacteroidia;o__Bacteroidales;f__Bacteroidaceae;g__;s__	N/A	N/A	N/A	N/A	N/A	N/A	N/A	N/A	N/A	N/A	d__Bacteria;p__Bacteroidota;c__Bacteroidia;o__Bacteroidales;f__Bacteroidaceae;g__;s__	taxonomic novelty determined using RED	classification based on placement in class-level tree	N/A	70.51	11	0.89565	N/A
Pame_bac_bin184	d__Bacteria;p__Bacteroidota;c__Bacteroidia;o__Bacteroidales;f__Bacteroidaceae;g__;s__	N/A	N/A	N/A	N/A	N/A	N/A	N/A	N/A	N/A	N/A	d__Bacteria;p__Bacteroidota;c__Bacteroidia;o__Bacteroidales;f__Bacteroidaceae;g__;s__	taxonomic novelty determined using RED	classification based on placement in class-level tree	N/A	66.95	11	0.91172	N/A
Pame_bac_bin185	d__Bacteria;p__Bacteroidota;c__Bacteroidia;o__Bacteroidales;f__Bacteroidaceae;g__Bacteroides;s__	N/A	N/A	N/A	N/A	N/A	N/A	N/A	N/A	N/A	N/A	d__Bacteria;p__Bacteroidota;c__Bacteroidia;o__Bacteroidales;f__Bacteroidaceae;g__Bacteroides;s__	taxonomic classification fully defined by topology	classification based on placement in class-level tree	N/A	81.85	11	0.97231	N/A
Pame_bac_bin186	d__Bacteria;p__Bacteroidota;c__Bacteroidia;o__Bacteroidales;f__Bacteroidaceae;g__Bacteroides;s__	N/A	N/A	N/A	N/A	N/A	N/A	N/A	N/A	N/A	N/A	d__Bacteria;p__Bacteroidota;c__Bacteroidia;o__Bacteroidales;f__Bacteroidaceae;g__Bacteroides;s__	taxonomic classification fully defined by topology	classification based on placement in class-level tree	N/A	60.36	11	0.97285	N/A
Pame_bac_bin187	d__Bacteria;p__Bacteroidota;c__Bacteroidia;o__Bacteroidales;f__Bacteroidaceae;g__Bacteroides_H;s__	N/A	N/A	N/A	N/A	N/A	N/A	N/A	N/A	N/A	N/A	d__Bacteria;p__Bacteroidota;c__Bacteroidia;o__Bacteroidales;f__Bacteroidaceae;g__Bacteroides_H;s__	taxonomic classification fully defined by topology	classification based on placement in class-level tree	N/A	95.49	11	0.96216	N/A
Pame_bac_bin188	d__Bacteria;p__Bacteroidota;c__Bacteroidia;o__Bacteroidales;f__Bacteroidaceae;g__Bacteroides_H;s__	N/A	N/A	N/A	N/A	N/A	GCF_010500965.1	95.0	d__Bacteria;p__Bacteroidota;c__Bacteroidia;o__Bacteroidales;f__Bacteroidaceae;g__Bacteroides_H;s__Bacteroides_H sp010500965	82.03	0.208	d__Bacteria;p__Bacteroidota;c__Bacteroidia;o__Bacteroidales;f__Bacteroidaceae;g__Bacteroides_H;s__	taxonomic classification defined by topology and ANI	classification based on placement in class-level tree	N/A	75.69	11	0.9745	N/A
Pame_bac_bin189	d__Bacteria;p__Bacteroidota;c__Bacteroidia;o__Bacteroidales;f__Bacteroidaceae;g__Bacteroides_H;s__	N/A	N/A	N/A	N/A	N/A	N/A	N/A	N/A	N/A	N/A	d__Bacteria;p__Bacteroidota;c__Bacteroidia;o__Bacteroidales;f__Bacteroidaceae;g__Bacteroides_H;s__	taxonomic classification fully defined by topology	classification based on placement in class-level tree	N/A	95.0	11	0.95161	N/A
Pame_bac_bin190	d__Bacteria;p__Bacteroidota;c__Bacteroidia;o__Bacteroidales;f__Bacteroidaceae;g__Bacteroides_H;s__	N/A	N/A	N/A	N/A	N/A	N/A	N/A	N/A	N/A	N/A	d__Bacteria;p__Bacteroidota;c__Bacteroidia;o__Bacteroidales;f__Bacteroidaceae;g__Bacteroides_H;s__	taxonomic classification fully defined by topology	classification based on placement in class-level tree	N/A	91.2	11	0.95945	N/A
Pame_bac_bin191	d__Bacteria;p__Bacteroidota;c__Bacteroidia;o__Bacteroidales;f__Bacteroidaceae;g__Bacteroides_H;s__	N/A	N/A	N/A	N/A	N/A	N/A	N/A	N/A	N/A	N/A	d__Bacteria;p__Bacteroidota;c__Bacteroidia;o__Bacteroidales;f__Bacteroidaceae;g__Bacteroides_H;s__	taxonomic classification fully defined by topology	classification based on placement in class-level tree	N/A	72.21	11	0.97423	N/A
Pame_bac_bin192	d__Bacteria;p__Bacteroidota;c__Bacteroidia;o__Bacteroidales;f__Bacteroidaceae;g__Bacteroides_H;s__	N/A	N/A	N/A	N/A	N/A	N/A	N/A	N/A	N/A	N/A	d__Bacteria;p__Bacteroidota;c__Bacteroidia;o__Bacteroidales;f__Bacteroidaceae;g__Bacteroides_H;s__	taxonomic classification fully defined by topology	classification based on placement in class-level tree	N/A	75.07	11	0.96053	N/A
Pame_bac_bin193	d__Bacteria;p__Bacteroidota;c__Bacteroidia;o__Bacteroidales;f__Bacteroidaceae;g__Bacteroides_H;s__	N/A	N/A	N/A	N/A	N/A	N/A	N/A	N/A	N/A	N/A	d__Bacteria;p__Bacteroidota;c__Bacteroidia;o__Bacteroidales;f__Bacteroidaceae;g__Bacteroides_H;s__	taxonomic classification fully defined by topology	classification based on placement in class-level tree	N/A	89.29	11	0.97188	N/A
Pame_bac_bin194	d__Bacteria;p__Bacteroidota;c__Bacteroidia;o__Bacteroidales;f__Bacteroidaceae;g__Bacteroides_H;s__	N/A	N/A	N/A	N/A	N/A	N/A	N/A	N/A	N/A	N/A	d__Bacteria;p__Bacteroidota;c__Bacteroidia;o__Bacteroidales;f__Bacteroidaceae;g__Bacteroides_H;s__	taxonomic classification fully defined by topology	classification based on placement in class-level tree	N/A	75.0	11	0.93799	N/A
Pame_bac_bin195	d__Bacteria;p__Bacteroidota;c__Bacteroidia;o__Bacteroidales;f__Bacteroidaceae;g__Bacteroides_H;s__	N/A	N/A	N/A	N/A	N/A	N/A	N/A	N/A	N/A	N/A	d__Bacteria;p__Bacteroidota;c__Bacteroidia;o__Bacteroidales;f__Bacteroidaceae;g__Bacteroides_H;s__	taxonomic classification fully defined by topology	classification based on placement in class-level tree	N/A	76.29	11	0.96934	N/A
Pame_bac_bin196	d__Bacteria;p__Bacteroidota;c__Bacteroidia;o__Bacteroidales;f__Bacteroidaceae;g__Bacteroides_H;s__	N/A	N/A	N/A	N/A	N/A	GCF_010500965.1	95.0	d__Bacteria;p__Bacteroidota;c__Bacteroidia;o__Bacteroidales;f__Bacteroidaceae;g__Bacteroides_H;s__Bacteroides_H sp010500965	82.01	0.283	d__Bacteria;p__Bacteroidota;c__Bacteroidia;o__Bacteroidales;f__Bacteroidaceae;g__Bacteroides_H;s__	taxonomic classification defined by topology and ANI	classification based on placement in class-level tree	N/A	84.69	11	0.97809	N/A
Pame_bac_bin197	d__Bacteria;p__Bacteroidota;c__Bacteroidia;o__Bacteroidales;f__Bacteroidaceae;g__Bacteroides_H;s__	N/A	N/A	N/A	N/A	N/A	GCF_010500965.1	95.0	d__Bacteria;p__Bacteroidota;c__Bacteroidia;o__Bacteroidales;f__Bacteroidaceae;g__Bacteroides_H;s__Bacteroides_H sp010500965	84.26	0.308	d__Bacteria;p__Bacteroidota;c__Bacteroidia;o__Bacteroidales;f__Bacteroidaceae;g__Bacteroides_H;s__	taxonomic classification defined by topology and ANI	classification based on placement in class-level tree	N/A	65.88	11	0.98219	N/A
Pame_bac_bin198	d__Bacteria;p__Bacteroidota;c__Bacteroidia;o__Bacteroidales;f__Bacteroidaceae;g__Bacteroides_H;s__	N/A	N/A	N/A	N/A	N/A	N/A	N/A	N/A	N/A	N/A	d__Bacteria;p__Bacteroidota;c__Bacteroidia;o__Bacteroidales;f__Bacteroidaceae;g__Bacteroides_H;s__	taxonomic classification fully defined by topology	classification based on placement in class-level tree	N/A	80.64	11	0.93813	N/A
Pame_bac_bin199	d__Bacteria;p__Bacteroidota;c__Bacteroidia;o__Bacteroidales;f__Bacteroidaceae;g__Bacteroides_H;s__	N/A	N/A	N/A	N/A	N/A	N/A	N/A	N/A	N/A	N/A	d__Bacteria;p__Bacteroidota;c__Bacteroidia;o__Bacteroidales;f__Bacteroidaceae;g__Bacteroides_H;s__	taxonomic classification fully defined by topology	classification based on placement in class-level tree	N/A	56.29	11	0.95591	N/A
Pame_bac_bin200	d__Bacteria;p__Bacteroidota;c__Bacteroidia;o__Bacteroidales;f__Bacteroidaceae;g__Bacteroides_H;s__	N/A	N/A	N/A	N/A	N/A	N/A	N/A	N/A	N/A	N/A	d__Bacteria;p__Bacteroidota;c__Bacteroidia;o__Bacteroidales;f__Bacteroidaceae;g__Bacteroides_H;s__	taxonomic classification fully defined by topology	classification based on placement in class-level tree	N/A	63.59	11	0.93182	N/A
Pame_bac_bin201	d__Bacteria;p__Bacteroidota;c__Bacteroidia;o__Bacteroidales;f__Bacteroidaceae;g__Bacteroides_H;s__	N/A	N/A	N/A	N/A	N/A	N/A	N/A	N/A	N/A	N/A	d__Bacteria;p__Bacteroidota;c__Bacteroidia;o__Bacteroidales;f__Bacteroidaceae;g__Bacteroides_H;s__	taxonomic classification fully defined by topology	classification based on placement in class-level tree	N/A	55.07	11	0.9782	N/A
Pame_bac_bin202	d__Bacteria;p__Bacteroidota;c__Bacteroidia;o__Bacteroidales;f__Bacteroidaceae;g__Bacteroides_H;s__	N/A	N/A	N/A	N/A	N/A	N/A	N/A	N/A	N/A	N/A	d__Bacteria;p__Bacteroidota;c__Bacteroidia;o__Bacteroidales;f__Bacteroidaceae;g__Bacteroides_H;s__	taxonomic classification fully defined by topology	classification based on placement in class-level tree	N/A	41.37	11	0.93672	N/A
Pame_bac_bin203	d__Bacteria;p__Bacteroidota;c__Bacteroidia;o__Bacteroidales;f__Bacteroidaceae;g__Bacteroides_H;s__	N/A	N/A	N/A	N/A	N/A	N/A	N/A	N/A	N/A	N/A	d__Bacteria;p__Bacteroidota;c__Bacteroidia;o__Bacteroidales;f__Bacteroidaceae;g__Bacteroides_H;s__	taxonomic classification fully defined by topology	classification based on placement in class-level tree	N/A	43.52	11	0.95829	N/A
Pame_bac_bin204	d__Bacteria;p__Bacteroidota;c__Bacteroidia;o__Bacteroidales;f__Bacteroidaceae;g__Bacteroides_H;s__Bacteroides_H sp010500955	GCF_010500955.1	95.0	d__Bacteria;p__Bacteroidota;c__Bacteroidia;o__Bacteroidales;f__Bacteroidaceae;g__Bacteroides_H;s__Bacteroides_H sp010500955	97.97	0.837	N/A	N/A	N/A	N/A	N/A	N/A	ani_screen	classification based on ANI only	N/A	N/A	N/A	N/A	N/A
Pame_bac_bin205	d__Bacteria;p__Bacteroidota;c__Bacteroidia;o__Bacteroidales;f__Bacteroidaceae;g__Bacteroides_H;s__Bacteroides_H sp010500995	GCF_010500995.1	95.0	d__Bacteria;p__Bacteroidota;c__Bacteroidia;o__Bacteroidales;f__Bacteroidaceae;g__Bacteroides_H;s__Bacteroides_H sp010500995	98.26	0.848	N/A	N/A	N/A	N/A	N/A	N/A	ani_screen	classification based on ANI only	N/A	N/A	N/A	N/A	N/A
Pame_bac_bin206	d__Bacteria;p__Bacteroidota;c__Bacteroidia;o__Bacteroidales;f__Bacteroidaceae;g__Bacteroides_H;s__Bacteroides_H sp010501015	GCF_010501015.1	95.0	d__Bacteria;p__Bacteroidota;c__Bacteroidia;o__Bacteroidales;f__Bacteroidaceae;g__Bacteroides_H;s__Bacteroides_H sp010501015	97.26	0.812	N/A	N/A	N/A	N/A	N/A	N/A	ani_screen	classification based on ANI only	N/A	N/A	N/A	N/A	N/A
Pame_bac_bin207	d__Bacteria;p__Bacteroidota;c__Bacteroidia;o__Bacteroidales;f__BM520;g__RGIG7150;s__	N/A	N/A	N/A	N/A	N/A	N/A	N/A	N/A	N/A	N/A	d__Bacteria;p__Bacteroidota;c__Bacteroidia;o__Bacteroidales;f__BM520;g__RGIG7150;s__	taxonomic classification fully defined by topology	classification based on placement in class-level tree	N/A	72.71	11	0.972	N/A
Pame_bac_bin208	d__Bacteria;p__Bacteroidota;c__Bacteroidia;o__Bacteroidales;f__BM520;g__RGIG7150;s__RGIG7150 sp030265965	GCA_030265965.1	95.0	d__Bacteria;p__Bacteroidota;c__Bacteroidia;o__Bacteroidales;f__BM520;g__RGIG7150;s__RGIG7150 sp030265965	98.41	0.638	N/A	N/A	N/A	N/A	N/A	N/A	ani_screen	classification based on ANI only	N/A	N/A	N/A	N/A	N/A
Pame_bac_bin209	d__Bacteria;p__Bacteroidota;c__Bacteroidia;o__Bacteroidales;f__Dysgonomonadaceae;g__Dysgonomonas;s__	N/A	N/A	N/A	N/A	N/A	N/A	N/A	N/A	N/A	N/A	d__Bacteria;p__Bacteroidota;c__Bacteroidia;o__Bacteroidales;f__Dysgonomonadaceae;g__Dysgonomonas;s__	taxonomic classification fully defined by topology	classification based on placement in class-level tree	N/A	95.21	11	0.93078	N/A
Pame_bac_bin210	d__Bacteria;p__Bacteroidota;c__Bacteroidia;o__Bacteroidales;f__Dysgonomonadaceae;g__Dysgonomonas;s__	N/A	N/A	N/A	N/A	N/A	N/A	N/A	N/A	N/A	N/A	d__Bacteria;p__Bacteroidota;c__Bacteroidia;o__Bacteroidales;f__Dysgonomonadaceae;g__Dysgonomonas;s__	taxonomic classification fully defined by topology	classification based on placement in class-level tree	N/A	94.52	11	0.9458	N/A
Pame_bac_bin211	d__Bacteria;p__Bacteroidota;c__Bacteroidia;o__Bacteroidales;f__Dysgonomonadaceae;g__Dysgonomonas;s__	N/A	N/A	N/A	N/A	N/A	N/A	N/A	N/A	N/A	N/A	d__Bacteria;p__Bacteroidota;c__Bacteroidia;o__Bacteroidales;f__Dysgonomonadaceae;g__Dysgonomonas;s__	taxonomic classification fully defined by topology	classification based on placement in class-level tree	N/A	83.16	11	0.92628	N/A
Pame_bac_bin212	d__Bacteria;p__Bacteroidota;c__Bacteroidia;o__Bacteroidales;f__Dysgonomonadaceae;g__Dysgonomonas;s__	N/A	N/A	N/A	N/A	N/A	N/A	N/A	N/A	N/A	N/A	d__Bacteria;p__Bacteroidota;c__Bacteroidia;o__Bacteroidales;f__Dysgonomonadaceae;g__Dysgonomonas;s__	taxonomic classification fully defined by topology	classification based on placement in class-level tree	N/A	85.74	11	0.94923	N/A
Pame_bac_bin213	d__Bacteria;p__Bacteroidota;c__Bacteroidia;o__Bacteroidales;f__Dysgonomonadaceae;g__Dysgonomonas;s__	N/A	N/A	N/A	N/A	N/A	N/A	N/A	N/A	N/A	N/A	d__Bacteria;p__Bacteroidota;c__Bacteroidia;o__Bacteroidales;f__Dysgonomonadaceae;g__Dysgonomonas;s__	taxonomic classification fully defined by topology	classification based on placement in class-level tree	N/A	86.08	11	0.96643	N/A
Pame_bac_bin214	d__Bacteria;p__Bacteroidota;c__Bacteroidia;o__Bacteroidales;f__Dysgonomonadaceae;g__Dysgonomonas;s__	N/A	N/A	N/A	N/A	N/A	N/A	N/A	N/A	N/A	N/A	d__Bacteria;p__Bacteroidota;c__Bacteroidia;o__Bacteroidales;f__Dysgonomonadaceae;g__Dysgonomonas;s__	taxonomic classification fully defined by topology	classification based on placement in class-level tree	N/A	78.59	11	0.92588	N/A
Pame_bac_bin215	d__Bacteria;p__Bacteroidota;c__Bacteroidia;o__Bacteroidales;f__Dysgonomonadaceae;g__Dysgonomonas;s__	N/A	N/A	N/A	N/A	N/A	N/A	N/A	N/A	N/A	N/A	d__Bacteria;p__Bacteroidota;c__Bacteroidia;o__Bacteroidales;f__Dysgonomonadaceae;g__Dysgonomonas;s__	taxonomic classification fully defined by topology	classification based on placement in class-level tree	N/A	41.37	11	0.93288	N/A
Pame_bac_bin216	d__Bacteria;p__Bacteroidota;c__Bacteroidia;o__Bacteroidales;f__Dysgonomonadaceae;g__Dysgonomonas;s__	N/A	N/A	N/A	N/A	N/A	N/A	N/A	N/A	N/A	N/A	d__Bacteria;p__Bacteroidota;c__Bacteroidia;o__Bacteroidales;f__Dysgonomonadaceae;g__Dysgonomonas;s__	taxonomic classification fully defined by topology	classification based on placement in class-level tree	N/A	47.73	11	0.93365	N/A
Pame_bac_bin217	d__Bacteria;p__Bacteroidota;c__Bacteroidia;o__Bacteroidales;f__Dysgonomonadaceae;g__Dysgonomonas;s__	N/A	N/A	N/A	N/A	N/A	N/A	N/A	N/A	N/A	N/A	d__Bacteria;p__Bacteroidota;c__Bacteroidia;o__Bacteroidales;f__Dysgonomonadaceae;g__Dysgonomonas;s__	taxonomic classification fully defined by topology	classification based on placement in class-level tree	N/A	45.66	11	0.94724	N/A
Pame_bac_bin218	d__Bacteria;p__Bacteroidota;c__Bacteroidia;o__Bacteroidales;f__Dysgonomonadaceae;g__Dysgonomonas;s__	N/A	N/A	N/A	N/A	N/A	N/A	N/A	N/A	N/A	N/A	d__Bacteria;p__Bacteroidota;c__Bacteroidia;o__Bacteroidales;f__Dysgonomonadaceae;g__Dysgonomonas;s__	taxonomic classification fully defined by topology	classification based on placement in class-level tree	N/A	44.21	11	0.97575	N/A
Pame_bac_bin219	d__Bacteria;p__Bacteroidota;c__Bacteroidia;o__Bacteroidales;f__Dysgonomonadaceae;g__Dysgonomonas;s__	N/A	N/A	N/A	N/A	N/A	GCA_031285905.1	95.0	d__Bacteria;p__Bacteroidota;c__Bacteroidia;o__Bacteroidales;f__Dysgonomonadaceae;g__Dysgonomonas;s__Dysgonomonas sp031285905	84.18	0.312	d__Bacteria;p__Bacteroidota;c__Bacteroidia;o__Bacteroidales;f__Dysgonomonadaceae;g__Dysgonomonas;s__	taxonomic classification defined by topology and ANI	classification based on placement in class-level tree	N/A	46.59	11	0.9789	N/A
Pame_bac_bin220	d__Bacteria;p__Bacteroidota;c__Bacteroidia;o__Bacteroidales;f__Dysgonomonadaceae;g__Dysgonomonas;s__Dysgonomonas sp010501075	GCF_010501075.1	95.0	d__Bacteria;p__Bacteroidota;c__Bacteroidia;o__Bacteroidales;f__Dysgonomonadaceae;g__Dysgonomonas;s__Dysgonomonas sp010501075	96.65	0.743	N/A	N/A	N/A	N/A	N/A	N/A	ani_screen	classification based on ANI only	N/A	N/A	N/A	N/A	N/A
Pame_bac_bin221	d__Bacteria;p__Bacteroidota;c__Bacteroidia;o__Bacteroidales;f__F082;g__JAISHW01;s__	N/A	N/A	N/A	N/A	N/A	GCA_031262365.1	95.0	d__Bacteria;p__Bacteroidota;c__Bacteroidia;o__Bacteroidales;f__F082;g__JAISHW01;s__JAISHW01 sp031262365	82.81	0.277	d__Bacteria;p__Bacteroidota;c__Bacteroidia;o__Bacteroidales;f__F082;g__JAISHW01;s__	taxonomic classification defined by topology and ANI	classification based on placement in class-level tree	N/A	63.91	11	0.95424	N/A
Pame_bac_bin222	d__Bacteria;p__Bacteroidota;c__Bacteroidia;o__Bacteroidales;f__F082;g__JAISHW01;s__	N/A	N/A	N/A	N/A	N/A	GCA_031262365.1	95.0	d__Bacteria;p__Bacteroidota;c__Bacteroidia;o__Bacteroidales;f__F082;g__JAISHW01;s__JAISHW01 sp031262365	82.23	0.246	d__Bacteria;p__Bacteroidota;c__Bacteroidia;o__Bacteroidales;f__F082;g__JAISHW01;s__	taxonomic classification defined by topology and ANI	classification based on placement in class-level tree	N/A	73.09	11	0.95559	N/A
Pame_bac_bin223	d__Bacteria;p__Bacteroidota;c__Bacteroidia;o__Bacteroidales;f__Marinifilaceae;g__JAIRKS01;s__	N/A	N/A	N/A	N/A	N/A	N/A	N/A	N/A	N/A	N/A	d__Bacteria;p__Bacteroidota;c__Bacteroidia;o__Bacteroidales;f__Marinifilaceae;g__JAIRKS01;s__	taxonomic novelty determined using RED	classification based on placement in class-level tree	N/A	93.6	11	0.92827	N/A
Pame_bac_bin224	d__Bacteria;p__Bacteroidota;c__Bacteroidia;o__Bacteroidales;f__Marinifilaceae;g__JAIRKS01;s__	N/A	N/A	N/A	N/A	N/A	N/A	N/A	N/A	N/A	N/A	d__Bacteria;p__Bacteroidota;c__Bacteroidia;o__Bacteroidales;f__Marinifilaceae;g__JAIRKS01;s__	taxonomic novelty determined using RED	classification based on placement in class-level tree	N/A	55.11	11	0.92872	N/A
Pame_bac_bin225	d__Bacteria;p__Bacteroidota;c__Bacteroidia;o__Bacteroidales;f__Marinifilaceae;g__JAIRKS01;s__	N/A	N/A	N/A	N/A	N/A	N/A	N/A	N/A	N/A	N/A	d__Bacteria;p__Bacteroidota;c__Bacteroidia;o__Bacteroidales;f__Marinifilaceae;g__JAIRKS01;s__	taxonomic novelty determined using RED	classification based on placement in class-level tree	N/A	55.79	11	0.9255	N/A
Pame_bac_bin226	d__Bacteria;p__Bacteroidota;c__Bacteroidia;o__Bacteroidales;f__Marinifilaceae;g__JAISHE01;s__	N/A	N/A	N/A	N/A	N/A	N/A	N/A	N/A	N/A	N/A	d__Bacteria;p__Bacteroidota;c__Bacteroidia;o__Bacteroidales;f__Marinifilaceae;g__JAISHE01;s__	taxonomic classification fully defined by topology	classification based on placement in class-level tree	N/A	70.35	11	0.9165	N/A
Pame_bac_bin227	d__Bacteria;p__Bacteroidota;c__Bacteroidia;o__Bacteroidales;f__Marinifilaceae;g__JAISHE01;s__	N/A	N/A	N/A	N/A	N/A	N/A	N/A	N/A	N/A	N/A	d__Bacteria;p__Bacteroidota;c__Bacteroidia;o__Bacteroidales;f__Marinifilaceae;g__JAISHE01;s__	taxonomic classification fully defined by topology	classification based on placement in class-level tree	N/A	72.39	11	0.9138	N/A
Pame_bac_bin228	d__Bacteria;p__Bacteroidota;c__Bacteroidia;o__Bacteroidales;f__Marinifilaceae;g__Odoribacter;s__	N/A	N/A	N/A	N/A	N/A	N/A	N/A	N/A	N/A	N/A	d__Bacteria;p__Bacteroidota;c__Bacteroidia;o__Bacteroidales;f__Marinifilaceae;g__Odoribacter;s__	taxonomic classification fully defined by topology	classification based on placement in class-level tree	N/A	94.46	11	0.92027	N/A
Pame_bac_bin229	d__Bacteria;p__Bacteroidota;c__Bacteroidia;o__Bacteroidales;f__Marinifilaceae;g__Odoribacter;s__	N/A	N/A	N/A	N/A	N/A	N/A	N/A	N/A	N/A	N/A	d__Bacteria;p__Bacteroidota;c__Bacteroidia;o__Bacteroidales;f__Marinifilaceae;g__Odoribacter;s__	taxonomic classification fully defined by topology	classification based on placement in class-level tree	N/A	92.53	11	0.95833	N/A
Pame_bac_bin230	d__Bacteria;p__Bacteroidota;c__Bacteroidia;o__Bacteroidales;f__ML635J-15;g__Bact-19;s__	N/A	N/A	N/A	N/A	N/A	N/A	N/A	N/A	N/A	N/A	d__Bacteria;p__Bacteroidota;c__Bacteroidia;o__Bacteroidales;f__ML635J-15;g__Bact-19;s__	taxonomic classification fully defined by topology	classification based on placement in class-level tree	N/A	44.35	11	0.91716	N/A
Pame_bac_bin231	d__Bacteria;p__Bacteroidota;c__Bacteroidia;o__Bacteroidales;f__ML635J-15;g__Bact-19;s__	N/A	N/A	N/A	N/A	N/A	N/A	N/A	N/A	N/A	N/A	d__Bacteria;p__Bacteroidota;c__Bacteroidia;o__Bacteroidales;f__ML635J-15;g__Bact-19;s__	taxonomic classification fully defined by topology	classification based on placement in class-level tree	N/A	35.41	11	0.92717	N/A
Pame_bac_bin232	d__Bacteria;p__Bacteroidota;c__Bacteroidia;o__Bacteroidales;f__P3;g__;s__	N/A	N/A	N/A	N/A	N/A	N/A	N/A	N/A	N/A	N/A	d__Bacteria;p__Bacteroidota;c__Bacteroidia;o__Bacteroidales;f__P3;g__;s__	taxonomic classification fully defined by topology	classification based on placement in class-level tree	N/A	84.41	11	0.77282	N/A
Pame_bac_bin233	d__Bacteria;p__Bacteroidota;c__Bacteroidia;o__Bacteroidales;f__P3;g__;s__	N/A	N/A	N/A	N/A	N/A	N/A	N/A	N/A	N/A	N/A	d__Bacteria;p__Bacteroidota;c__Bacteroidia;o__Bacteroidales;f__P3;g__;s__	taxonomic classification fully defined by topology	classification based on placement in class-level tree	N/A	87.33	11	0.77512	N/A
Pame_bac_bin234	d__Bacteria;p__Bacteroidota;c__Bacteroidia;o__Bacteroidales;f__P3;g__;s__	N/A	N/A	N/A	N/A	N/A	N/A	N/A	N/A	N/A	N/A	d__Bacteria;p__Bacteroidota;c__Bacteroidia;o__Bacteroidales;f__P3;g__;s__	taxonomic novelty determined using RED	classification based on placement in class-level tree	N/A	55.31	11	0.83364	N/A
Pame_bac_bin235	d__Bacteria;p__Bacteroidota;c__Bacteroidia;o__Bacteroidales;f__P3;g__;s__	N/A	N/A	N/A	N/A	N/A	N/A	N/A	N/A	N/A	N/A	d__Bacteria;p__Bacteroidota;c__Bacteroidia;o__Bacteroidales;f__P3;g__;s__	taxonomic classification fully defined by topology	classification based on placement in class-level tree	N/A	53.41	11	0.7914	N/A
Pame_bac_bin236	d__Bacteria;p__Bacteroidota;c__Bacteroidia;o__Bacteroidales;f__P3;g__BNXT01;s__	N/A	N/A	N/A	N/A	N/A	N/A	N/A	N/A	N/A	N/A	d__Bacteria;p__Bacteroidota;c__Bacteroidia;o__Bacteroidales;f__P3;g__BNXT01;s__	taxonomic novelty determined using RED	classification based on placement in class-level tree	N/A	82.62	11	0.8713	N/A
Pame_bac_bin237	d__Bacteria;p__Bacteroidota;c__Bacteroidia;o__Bacteroidales;f__P3;g__Pullibacteroides;s__	N/A	N/A	N/A	N/A	N/A	N/A	N/A	N/A	N/A	N/A	d__Bacteria;p__Bacteroidota;c__Bacteroidia;o__Bacteroidales;f__P3;g__Pullibacteroides;s__	taxonomic classification fully defined by topology	classification based on placement in class-level tree	N/A	95.43	11	0.86287	N/A
Pame_bac_bin238	d__Bacteria;p__Bacteroidota;c__Bacteroidia;o__Bacteroidales;f__Paludibacteraceae;g__;s__	N/A	N/A	N/A	N/A	N/A	N/A	N/A	N/A	N/A	N/A	d__Bacteria;p__Bacteroidota;c__Bacteroidia;o__Bacteroidales;f__Paludibacteraceae;g__;s__	taxonomic novelty determined using RED	classification based on placement in class-level tree	N/A	71.54	11	0.89021	N/A
Pame_bac_bin239	d__Bacteria;p__Bacteroidota;c__Bacteroidia;o__Bacteroidales;f__Paludibacteraceae;g__;s__	N/A	N/A	N/A	N/A	N/A	N/A	N/A	N/A	N/A	N/A	d__Bacteria;p__Bacteroidota;c__Bacteroidia;o__Bacteroidales;f__Paludibacteraceae;g__;s__	taxonomic classification fully defined by topology	classification based on placement in class-level tree	N/A	53.05	11	0.87496	N/A
Pame_bac_bin240	d__Bacteria;p__Bacteroidota;c__Bacteroidia;o__Bacteroidales;f__Paludibacteraceae;g__;s__	N/A	N/A	N/A	N/A	N/A	N/A	N/A	N/A	N/A	N/A	d__Bacteria;p__Bacteroidota;c__Bacteroidia;o__Bacteroidales;f__Paludibacteraceae;g__;s__	taxonomic novelty determined using RED	classification based on placement in class-level tree	N/A	68.88	11	0.90341	N/A
Pame_bac_bin241	d__Bacteria;p__Bacteroidota;c__Bacteroidia;o__Bacteroidales;f__Paludibacteraceae;g__JAIRTG01;s__	N/A	N/A	N/A	N/A	N/A	N/A	N/A	N/A	N/A	N/A	d__Bacteria;p__Bacteroidota;c__Bacteroidia;o__Bacteroidales;f__Paludibacteraceae;g__JAIRTG01;s__	taxonomic novelty determined using RED	classification based on placement in class-level tree	N/A	93.68	11	0.92946	N/A
Pame_bac_bin242	d__Bacteria;p__Bacteroidota;c__Bacteroidia;o__Bacteroidales;f__Paludibacteraceae;g__JAIRTG01;s__	N/A	N/A	N/A	N/A	N/A	N/A	N/A	N/A	N/A	N/A	d__Bacteria;p__Bacteroidota;c__Bacteroidia;o__Bacteroidales;f__Paludibacteraceae;g__JAIRTG01;s__	taxonomic novelty determined using RED	classification based on placement in class-level tree	N/A	86.57	11	0.9063	N/A
Pame_bac_bin243	d__Bacteria;p__Bacteroidota;c__Bacteroidia;o__Bacteroidales;f__Paludibacteraceae;g__JAIRTG01;s__	N/A	N/A	N/A	N/A	N/A	N/A	N/A	N/A	N/A	N/A	d__Bacteria;p__Bacteroidota;c__Bacteroidia;o__Bacteroidales;f__Paludibacteraceae;g__JAIRTG01;s__	taxonomic novelty determined using RED	classification based on placement in class-level tree	N/A	41.83	11	0.93253	N/A
Pame_bac_bin244	d__Bacteria;p__Bacteroidota;c__Bacteroidia;o__Bacteroidales;f__Paludibacteraceae;g__QVMH01;s__	N/A	N/A	N/A	N/A	N/A	N/A	N/A	N/A	N/A	N/A	d__Bacteria;p__Bacteroidota;c__Bacteroidia;o__Bacteroidales;f__Paludibacteraceae;g__QVMH01;s__	taxonomic classification fully defined by topology	classification based on placement in class-level tree	N/A	84.69	11	0.93905	N/A
Pame_bac_bin245	d__Bacteria;p__Bacteroidota;c__Bacteroidia;o__Bacteroidales;f__Paludibacteraceae;g__QVMH01;s__	N/A	N/A	N/A	N/A	N/A	N/A	N/A	N/A	N/A	N/A	d__Bacteria;p__Bacteroidota;c__Bacteroidia;o__Bacteroidales;f__Paludibacteraceae;g__QVMH01;s__	taxonomic classification fully defined by topology	classification based on placement in class-level tree	N/A	68.14	11	0.94631	N/A
Pame_bac_bin246	d__Bacteria;p__Bacteroidota;c__Bacteroidia;o__Bacteroidales;f__Paludibacteraceae;g__QVMH01;s__	N/A	N/A	N/A	N/A	N/A	N/A	N/A	N/A	N/A	N/A	d__Bacteria;p__Bacteroidota;c__Bacteroidia;o__Bacteroidales;f__Paludibacteraceae;g__QVMH01;s__	taxonomic classification fully defined by topology	classification based on placement in class-level tree	N/A	70.23	11	0.9446	N/A
Pame_bac_bin247	d__Bacteria;p__Bacteroidota;c__Bacteroidia;o__Bacteroidales;f__Paludibacteraceae;g__QVMH01;s__	N/A	N/A	N/A	N/A	N/A	N/A	N/A	N/A	N/A	N/A	d__Bacteria;p__Bacteroidota;c__Bacteroidia;o__Bacteroidales;f__Paludibacteraceae;g__QVMH01;s__	taxonomic classification fully defined by topology	classification based on placement in class-level tree	N/A	58.43	11	0.94836	N/A
Pame_bac_bin248	d__Bacteria;p__Bacteroidota;c__Bacteroidia;o__Bacteroidales;f__Paludibacteraceae;g__QVMH01;s__	N/A	N/A	N/A	N/A	N/A	N/A	N/A	N/A	N/A	N/A	d__Bacteria;p__Bacteroidota;c__Bacteroidia;o__Bacteroidales;f__Paludibacteraceae;g__QVMH01;s__	taxonomic classification fully defined by topology	classification based on placement in class-level tree	N/A	51.64	11	0.94457	N/A
Pame_bac_bin249	d__Bacteria;p__Bacteroidota;c__Bacteroidia;o__Bacteroidales;f__Paludibacteraceae;g__QVMH01;s__	N/A	N/A	N/A	N/A	N/A	N/A	N/A	N/A	N/A	N/A	d__Bacteria;p__Bacteroidota;c__Bacteroidia;o__Bacteroidales;f__Paludibacteraceae;g__QVMH01;s__	taxonomic classification fully defined by topology	classification based on placement in class-level tree	N/A	42.6	11	0.9401	N/A
Pame_bac_bin250	d__Bacteria;p__Bacteroidota;c__Bacteroidia;o__Bacteroidales;f__Prolixibacteraceae;g__UBA1413;s__	N/A	N/A	N/A	N/A	N/A	N/A	N/A	N/A	N/A	N/A	d__Bacteria;p__Bacteroidota;c__Bacteroidia;o__Bacteroidales;f__Prolixibacteraceae;g__UBA1413;s__	taxonomic classification fully defined by topology	classification based on placement in class-level tree	N/A	54.02	11	0.97272	N/A
Pame_bac_bin251	d__Bacteria;p__Bacteroidota;c__Bacteroidia;o__Bacteroidales;f__Rikenellaceae;g__Alistipes;s__	N/A	N/A	N/A	N/A	N/A	GCF_900760675.1	95.0	d__Bacteria;p__Bacteroidota;c__Bacteroidia;o__Bacteroidales;f__Rikenellaceae;g__Alistipes;s__Alistipes sp900760675	84.36	0.469	d__Bacteria;p__Bacteroidota;c__Bacteroidia;o__Bacteroidales;f__Rikenellaceae;g__Alistipes;s__	taxonomic classification defined by topology and ANI	classification based on placement in class-level tree	GCF_000265365.1, s__Alistipes finegoldii, 95.0, 80.2, 0.154	96.37	11	0.99304	N/A
Pame_bac_bin252	d__Bacteria;p__Bacteroidota;c__Bacteroidia;o__Bacteroidales;f__Rikenellaceae;g__Alistipes_A;s__	N/A	N/A	N/A	N/A	N/A	N/A	N/A	N/A	N/A	N/A	d__Bacteria;p__Bacteroidota;c__Bacteroidia;o__Bacteroidales;f__Rikenellaceae;g__Alistipes_A;s__	taxonomic classification fully defined by topology	classification based on placement in class-level tree	N/A	40.28	11	0.93109	N/A
Pame_bac_bin253	d__Bacteria;p__Bacteroidota;c__Bacteroidia;o__Bacteroidales;f__Rikenellaceae;g__JAJQAW01;s__	N/A	N/A	N/A	N/A	N/A	N/A	N/A	N/A	N/A	N/A	d__Bacteria;p__Bacteroidota;c__Bacteroidia;o__Bacteroidales;f__Rikenellaceae;g__JAJQAW01;s__	taxonomic classification fully defined by topology	classification based on placement in class-level tree	N/A	75.51	11	0.95261	N/A
Pame_bac_bin254	d__Bacteria;p__Bacteroidota;c__Bacteroidia;o__Bacteroidales;f__Rikenellaceae;g__JAJQAW01;s__	N/A	N/A	N/A	N/A	N/A	N/A	N/A	N/A	N/A	N/A	d__Bacteria;p__Bacteroidota;c__Bacteroidia;o__Bacteroidales;f__Rikenellaceae;g__JAJQAW01;s__	taxonomic classification fully defined by topology	classification based on placement in class-level tree	N/A	75.79	11	0.95196	N/A
Pame_bac_bin255	d__Bacteria;p__Bacteroidota;c__Bacteroidia;o__Bacteroidales;f__Rikenellaceae;g__JAJQAW01;s__	N/A	N/A	N/A	N/A	N/A	N/A	N/A	N/A	N/A	N/A	d__Bacteria;p__Bacteroidota;c__Bacteroidia;o__Bacteroidales;f__Rikenellaceae;g__JAJQAW01;s__	taxonomic classification fully defined by topology	classification based on placement in class-level tree	N/A	70.78	11	0.95979	N/A
Pame_bac_bin256	d__Bacteria;p__Bacteroidota;c__Bacteroidia;o__Bacteroidales;f__Rikenellaceae;g__JAJQAW01;s__	N/A	N/A	N/A	N/A	N/A	N/A	N/A	N/A	N/A	N/A	d__Bacteria;p__Bacteroidota;c__Bacteroidia;o__Bacteroidales;f__Rikenellaceae;g__JAJQAW01;s__	taxonomic classification fully defined by topology	classification based on placement in class-level tree	N/A	48.62	11	0.94656	N/A
Pame_bac_bin257	d__Bacteria;p__Bacteroidota;c__Bacteroidia;o__Bacteroidales;f__Rikenellaceae;g__JAJQAW01;s__	N/A	N/A	N/A	N/A	N/A	N/A	N/A	N/A	N/A	N/A	d__Bacteria;p__Bacteroidota;c__Bacteroidia;o__Bacteroidales;f__Rikenellaceae;g__JAJQAW01;s__	taxonomic classification fully defined by topology	classification based on placement in class-level tree	N/A	56.98	11	0.95396	N/A
Pame_bac_bin258	d__Bacteria;p__Bacteroidota;c__Bacteroidia;o__Bacteroidales;f__Rikenellaceae;g__Tidjanibacter;s__	N/A	N/A	N/A	N/A	N/A	N/A	N/A	N/A	N/A	N/A	d__Bacteria;p__Bacteroidota;c__Bacteroidia;o__Bacteroidales;f__Rikenellaceae;g__Tidjanibacter;s__	taxonomic classification fully defined by topology	classification based on placement in class-level tree	N/A	93.76	11	0.94076	N/A
Pame_bac_bin259	d__Bacteria;p__Bacteroidota;c__Bacteroidia;o__Bacteroidales;f__Rikenellaceae;g__Tidjanibacter;s__	N/A	N/A	N/A	N/A	N/A	N/A	N/A	N/A	N/A	N/A	d__Bacteria;p__Bacteroidota;c__Bacteroidia;o__Bacteroidales;f__Rikenellaceae;g__Tidjanibacter;s__	taxonomic classification fully defined by topology	classification based on placement in class-level tree	N/A	83.63	11	0.91059	N/A
Pame_bac_bin260	d__Bacteria;p__Bacteroidota;c__Bacteroidia;o__Bacteroidales;f__Rikenellaceae;g__Tidjanibacter;s__	N/A	N/A	N/A	N/A	N/A	N/A	N/A	N/A	N/A	N/A	d__Bacteria;p__Bacteroidota;c__Bacteroidia;o__Bacteroidales;f__Rikenellaceae;g__Tidjanibacter;s__	taxonomic classification fully defined by topology	classification based on placement in class-level tree	N/A	59.3	11	0.94358	N/A
Pame_bac_bin261	d__Bacteria;p__Bacteroidota;c__Bacteroidia;o__Bacteroidales;f__Rikenellaceae;g__Tidjanibacter;s__	N/A	N/A	N/A	N/A	N/A	N/A	N/A	N/A	N/A	N/A	d__Bacteria;p__Bacteroidota;c__Bacteroidia;o__Bacteroidales;f__Rikenellaceae;g__Tidjanibacter;s__	taxonomic classification fully defined by topology	classification based on placement in class-level tree	N/A	76.15	11	0.94648	N/A
Pame_bac_bin262	d__Bacteria;p__Bacteroidota;c__Bacteroidia;o__Bacteroidales;f__Rikenellaceae;g__Tidjanibacter;s__	N/A	N/A	N/A	N/A	N/A	GCA_934663885.1	95.0	d__Bacteria;p__Bacteroidota;c__Bacteroidia;o__Bacteroidales;f__Rikenellaceae;g__Tidjanibacter;s__Tidjanibacter sp934663885	85.61	0.3	d__Bacteria;p__Bacteroidota;c__Bacteroidia;o__Bacteroidales;f__Rikenellaceae;g__Tidjanibacter;s__	taxonomic classification defined by topology and ANI	classification based on placement in class-level tree	N/A	52.69	11	0.98586	N/A
Pame_bac_bin263	d__Bacteria;p__Bacteroidota;c__Bacteroidia;o__Bacteroidales;f__Rikenellaceae;g__Tidjanibacter;s__	N/A	N/A	N/A	N/A	N/A	N/A	N/A	N/A	N/A	N/A	d__Bacteria;p__Bacteroidota;c__Bacteroidia;o__Bacteroidales;f__Rikenellaceae;g__Tidjanibacter;s__	taxonomic classification fully defined by topology	classification based on placement in class-level tree	N/A	46.81	11	0.9095	N/A
Pame_bac_bin264	d__Bacteria;p__Bacteroidota;c__Bacteroidia;o__Bacteroidales;f__Rikenellaceae;g__Tidjanibacter;s__	N/A	N/A	N/A	N/A	N/A	N/A	N/A	N/A	N/A	N/A	d__Bacteria;p__Bacteroidota;c__Bacteroidia;o__Bacteroidales;f__Rikenellaceae;g__Tidjanibacter;s__	taxonomic classification fully defined by topology	classification based on placement in class-level tree	N/A	47.67	11	0.93841	N/A
Pame_bac_bin265	d__Bacteria;p__Bacteroidota;c__Bacteroidia;o__Bacteroidales;f__Rikenellaceae;g__Tidjanibacter;s__	N/A	N/A	N/A	N/A	N/A	GCA_934663885.1	95.0	d__Bacteria;p__Bacteroidota;c__Bacteroidia;o__Bacteroidales;f__Rikenellaceae;g__Tidjanibacter;s__Tidjanibacter sp934663885	83.52	0.23	d__Bacteria;p__Bacteroidota;c__Bacteroidia;o__Bacteroidales;f__Rikenellaceae;g__Tidjanibacter;s__	taxonomic classification defined by topology and ANI	classification based on placement in class-level tree	N/A	51.0	11	0.98449	N/A
Pame_bac_bin266	d__Bacteria;p__Bacteroidota;c__Bacteroidia;o__Bacteroidales;f__Rikenellaceae;g__UBA940;s__	N/A	N/A	N/A	N/A	N/A	N/A	N/A	N/A	N/A	N/A	d__Bacteria;p__Bacteroidota;c__Bacteroidia;o__Bacteroidales;f__Rikenellaceae;g__UBA940;s__	taxonomic classification fully defined by topology	classification based on placement in class-level tree	N/A	38.93	11	0.92743	N/A
Pame_bac_bin267	d__Bacteria;p__Bacteroidota;c__Bacteroidia;o__Bacteroidales;f__Rikenellaceae;g__WRDF01;s__	N/A	N/A	N/A	N/A	N/A	N/A	N/A	N/A	N/A	N/A	d__Bacteria;p__Bacteroidota;c__Bacteroidia;o__Bacteroidales;f__Rikenellaceae;g__WRDF01;s__	taxonomic classification fully defined by topology	classification based on placement in class-level tree	N/A	94.92	11	0.9166	N/A
Pame_bac_bin268	d__Bacteria;p__Bacteroidota;c__Bacteroidia;o__Bacteroidales;f__Rikenellaceae;g__WRDF01;s__	N/A	N/A	N/A	N/A	N/A	N/A	N/A	N/A	N/A	N/A	d__Bacteria;p__Bacteroidota;c__Bacteroidia;o__Bacteroidales;f__Rikenellaceae;g__WRDF01;s__	taxonomic classification fully defined by topology	classification based on placement in class-level tree	N/A	68.2	11	0.92343	N/A
Pame_bac_bin269	d__Bacteria;p__Bacteroidota;c__Bacteroidia;o__Bacteroidales;f__Rikenellaceae;g__WRDF01;s__	N/A	N/A	N/A	N/A	N/A	N/A	N/A	N/A	N/A	N/A	d__Bacteria;p__Bacteroidota;c__Bacteroidia;o__Bacteroidales;f__Rikenellaceae;g__WRDF01;s__	taxonomic classification fully defined by topology	classification based on placement in class-level tree	N/A	42.36	11	0.91891	N/A
Pame_bac_bin270	d__Bacteria;p__Bacteroidota;c__Bacteroidia;o__Bacteroidales;f__Rikenellaceae;g__WRDF01;s__	N/A	N/A	N/A	N/A	N/A	N/A	N/A	N/A	N/A	N/A	d__Bacteria;p__Bacteroidota;c__Bacteroidia;o__Bacteroidales;f__Rikenellaceae;g__WRDF01;s__	taxonomic classification fully defined by topology	classification based on placement in class-level tree	N/A	50.25	11	0.9042	N/A
Pame_bac_bin271	d__Bacteria;p__Bacteroidota;c__Bacteroidia;o__Bacteroidales;f__Tannerellaceae;g__;s__	N/A	N/A	N/A	N/A	N/A	N/A	N/A	N/A	N/A	N/A	d__Bacteria;p__Bacteroidota;c__Bacteroidia;o__Bacteroidales;f__Tannerellaceae;g__;s__	taxonomic classification fully defined by topology	classification based on placement in class-level tree	N/A	65.3	11	0.91758	N/A
Pame_bac_bin272	d__Bacteria;p__Bacteroidota;c__Bacteroidia;o__Bacteroidales;f__Tannerellaceae;g__DFXE01;s__	N/A	N/A	N/A	N/A	N/A	N/A	N/A	N/A	N/A	N/A	d__Bacteria;p__Bacteroidota;c__Bacteroidia;o__Bacteroidales;f__Tannerellaceae;g__DFXE01;s__	taxonomic classification fully defined by topology	classification based on placement in class-level tree	N/A	80.26	11	0.94078	N/A
Pame_bac_bin273	d__Bacteria;p__Bacteroidota;c__Bacteroidia;o__Bacteroidales;f__Tannerellaceae;g__DFXE01;s__	N/A	N/A	N/A	N/A	N/A	N/A	N/A	N/A	N/A	N/A	d__Bacteria;p__Bacteroidota;c__Bacteroidia;o__Bacteroidales;f__Tannerellaceae;g__DFXE01;s__	taxonomic classification fully defined by topology	classification based on placement in class-level tree	N/A	72.39	11	0.95219	N/A
Pame_bac_bin274	d__Bacteria;p__Bacteroidota;c__Bacteroidia;o__Bacteroidales;f__Tannerellaceae;g__DFXE01;s__	N/A	N/A	N/A	N/A	N/A	N/A	N/A	N/A	N/A	N/A	d__Bacteria;p__Bacteroidota;c__Bacteroidia;o__Bacteroidales;f__Tannerellaceae;g__DFXE01;s__	taxonomic classification fully defined by topology	classification based on placement in class-level tree	N/A	59.25	11	0.94055	N/A
Pame_bac_bin275	d__Bacteria;p__Bacteroidota;c__Bacteroidia;o__Bacteroidales;f__Tannerellaceae;g__DFXE01;s__	N/A	N/A	N/A	N/A	N/A	N/A	N/A	N/A	N/A	N/A	d__Bacteria;p__Bacteroidota;c__Bacteroidia;o__Bacteroidales;f__Tannerellaceae;g__DFXE01;s__	taxonomic classification fully defined by topology	classification based on placement in class-level tree	N/A	55.91	11	0.94389	N/A
Pame_bac_bin276	d__Bacteria;p__Bacteroidota;c__Bacteroidia;o__Bacteroidales;f__Tannerellaceae;g__JAJDIA01;s__	N/A	N/A	N/A	N/A	N/A	N/A	N/A	N/A	N/A	N/A	d__Bacteria;p__Bacteroidota;c__Bacteroidia;o__Bacteroidales;f__Tannerellaceae;g__JAJDIA01;s__	taxonomic novelty determined using RED	classification based on placement in class-level tree	N/A	95.11	11	0.9507	N/A
Pame_bac_bin277	d__Bacteria;p__Bacteroidota;c__Bacteroidia;o__Bacteroidales;f__Tannerellaceae;g__JAJDIA01;s__	N/A	N/A	N/A	N/A	N/A	N/A	N/A	N/A	N/A	N/A	d__Bacteria;p__Bacteroidota;c__Bacteroidia;o__Bacteroidales;f__Tannerellaceae;g__JAJDIA01;s__	taxonomic novelty determined using RED	classification based on placement in class-level tree	N/A	93.15	11	0.95162	N/A
Pame_bac_bin278	d__Bacteria;p__Bacteroidota;c__Bacteroidia;o__Bacteroidales;f__Tannerellaceae;g__JAJDIA01;s__	N/A	N/A	N/A	N/A	N/A	N/A	N/A	N/A	N/A	N/A	d__Bacteria;p__Bacteroidota;c__Bacteroidia;o__Bacteroidales;f__Tannerellaceae;g__JAJDIA01;s__	taxonomic novelty determined using RED	classification based on placement in class-level tree	N/A	71.84	11	0.95383	N/A
Pame_bac_bin279	d__Bacteria;p__Bacteroidota;c__Bacteroidia;o__Bacteroidales;f__Tannerellaceae;g__JAJDIA01;s__	N/A	N/A	N/A	N/A	N/A	N/A	N/A	N/A	N/A	N/A	d__Bacteria;p__Bacteroidota;c__Bacteroidia;o__Bacteroidales;f__Tannerellaceae;g__JAJDIA01;s__	taxonomic novelty determined using RED	classification based on placement in class-level tree	N/A	64.95	11	0.95537	N/A
Pame_bac_bin280	d__Bacteria;p__Bacteroidota;c__Bacteroidia;o__Bacteroidales;f__Tannerellaceae;g__JAJDIA01;s__	N/A	N/A	N/A	N/A	N/A	N/A	N/A	N/A	N/A	N/A	d__Bacteria;p__Bacteroidota;c__Bacteroidia;o__Bacteroidales;f__Tannerellaceae;g__JAJDIA01;s__	taxonomic novelty determined using RED	classification based on placement in class-level tree	N/A	51.84	11	0.94887	N/A
Pame_bac_bin281	d__Bacteria;p__Bacteroidota;c__Bacteroidia;o__Bacteroidales;f__Tannerellaceae;g__JAJDIA01;s__JAJDIA01 sp030266465	GCA_030266465.1	95.0	d__Bacteria;p__Bacteroidota;c__Bacteroidia;o__Bacteroidales;f__Tannerellaceae;g__JAJDIA01;s__JAJDIA01 sp030266465	95.31	0.561	N/A	N/A	N/A	N/A	N/A	N/A	ani_screen	classification based on ANI only	N/A	N/A	N/A	N/A	N/A
Pame_bac_bin282	d__Bacteria;p__Bacteroidota;c__Bacteroidia;o__Bacteroidales;f__Tannerellaceae;g__JARXWG01;s__	N/A	N/A	N/A	N/A	N/A	N/A	N/A	N/A	N/A	N/A	d__Bacteria;p__Bacteroidota;c__Bacteroidia;o__Bacteroidales;f__Tannerellaceae;g__JARXWG01;s__	taxonomic novelty determined using RED	classification based on placement in class-level tree	N/A	80.83	11	0.94829	N/A
Pame_bac_bin283	d__Bacteria;p__Bacteroidota;c__Bacteroidia;o__Bacteroidales;f__Tannerellaceae;g__QVMG01;s__	N/A	N/A	N/A	N/A	N/A	N/A	N/A	N/A	N/A	N/A	d__Bacteria;p__Bacteroidota;c__Bacteroidia;o__Bacteroidales;f__Tannerellaceae;g__QVMG01;s__	taxonomic classification fully defined by topology	classification based on placement in class-level tree	N/A	81.89	11	0.9643	N/A
Pame_bac_bin284	d__Bacteria;p__Bacteroidota;c__Bacteroidia;o__Bacteroidales;f__Tannerellaceae;g__QVMG01;s__	N/A	N/A	N/A	N/A	N/A	N/A	N/A	N/A	N/A	N/A	d__Bacteria;p__Bacteroidota;c__Bacteroidia;o__Bacteroidales;f__Tannerellaceae;g__QVMG01;s__	taxonomic novelty determined using RED	classification based on placement in class-level tree	N/A	70.9	11	0.93646	N/A
Pame_bac_bin285	d__Bacteria;p__Bacteroidota;c__Bacteroidia;o__Bacteroidales;f__Tannerellaceae;g__QVMG01;s__	N/A	N/A	N/A	N/A	N/A	N/A	N/A	N/A	N/A	N/A	d__Bacteria;p__Bacteroidota;c__Bacteroidia;o__Bacteroidales;f__Tannerellaceae;g__QVMG01;s__	taxonomic classification fully defined by topology	classification based on placement in class-level tree	N/A	57.34	11	0.95122	N/A
Pame_bac_bin286	d__Bacteria;p__Bacteroidota;c__Bacteroidia;o__Bacteroidales;f__Tannerellaceae;g__QVMG01;s__	N/A	N/A	N/A	N/A	N/A	N/A	N/A	N/A	N/A	N/A	d__Bacteria;p__Bacteroidota;c__Bacteroidia;o__Bacteroidales;f__Tannerellaceae;g__QVMG01;s__	taxonomic classification fully defined by topology	classification based on placement in class-level tree	N/A	56.74	11	0.97744	N/A
Pame_bac_bin287	d__Bacteria;p__Bacteroidota;c__Bacteroidia;o__Bacteroidales;f__Tannerellaceae;g__QVMG01;s__	N/A	N/A	N/A	N/A	N/A	GCF_029893085.1	95.0	d__Bacteria;p__Bacteroidota;c__Bacteroidia;o__Bacteroidales;f__Tannerellaceae;g__QVMG01;s__QVMG01 sp029893085	94.35	0.558	d__Bacteria;p__Bacteroidota;c__Bacteroidia;o__Bacteroidales;f__Tannerellaceae;g__QVMG01;s__	taxonomic classification defined by topology and ANI	classification based on placement in class-level tree	GCF_029892605.1, s__QVMG01 sp029892605, 95.0, 88.29, 0.366	39.94	11	0.99749	Genome not assigned to closest species as it falls outside its pre-defined ANI radius
Pame_bac_bin288	d__Bacteria;p__Bacteroidota;c__Bacteroidia;o__Bacteroidales;f__Tannerellaceae;g__QVMG01;s__	N/A	N/A	N/A	N/A	N/A	N/A	N/A	N/A	N/A	N/A	d__Bacteria;p__Bacteroidota;c__Bacteroidia;o__Bacteroidales;f__Tannerellaceae;g__QVMG01;s__	taxonomic classification fully defined by topology	classification based on placement in class-level tree	N/A	42.54	11	0.96694	N/A
Pame_bac_bin289	d__Bacteria;p__Bacteroidota;c__Bacteroidia;o__Bacteroidales;f__Tannerellaceae;g__QVMG01;s__	N/A	N/A	N/A	N/A	N/A	GCF_029893085.1	95.0	d__Bacteria;p__Bacteroidota;c__Bacteroidia;o__Bacteroidales;f__Tannerellaceae;g__QVMG01;s__QVMG01 sp029893085	91.63	0.645	d__Bacteria;p__Bacteroidota;c__Bacteroidia;o__Bacteroidales;f__Tannerellaceae;g__QVMG01;s__	taxonomic classification defined by topology and ANI	classification based on placement in class-level tree	GCF_029892605.1, s__QVMG01 sp029892605, 95.0, 89.34, 0.556	54.54	11	0.99671	Genome not assigned to closest species as it falls outside its pre-defined ANI radius
Pame_bac_bin290	d__Bacteria;p__Bacteroidota;c__Bacteroidia;o__Bacteroidales;f__Tannerellaceae;g__QVMG01;s__	N/A	N/A	N/A	N/A	N/A	N/A	N/A	N/A	N/A	N/A	d__Bacteria;p__Bacteroidota;c__Bacteroidia;o__Bacteroidales;f__Tannerellaceae;g__QVMG01;s__	taxonomic novelty determined using RED	classification based on placement in class-level tree	N/A	32.57	11	0.93745	N/A
Pame_bac_bin291	d__Bacteria;p__Bacteroidota;c__Bacteroidia;o__Bacteroidales;f__Tannerellaceae;g__QVMG01;s__QVMG01 sp010500925	GCF_010500925.1	95.0	d__Bacteria;p__Bacteroidota;c__Bacteroidia;o__Bacteroidales;f__Tannerellaceae;g__QVMG01;s__QVMG01 sp010500925	99.07	0.844	N/A	N/A	N/A	N/A	N/A	N/A	ani_screen	classification based on ANI only	N/A	N/A	N/A	N/A	N/A
Pame_bac_bin292	d__Bacteria;p__Bacteroidota;c__Bacteroidia;o__Bacteroidales;f__Tannerellaceae;g__QVMG01;s__QVMG01 sp029892605	GCF_029892605.1	95.0	d__Bacteria;p__Bacteroidota;c__Bacteroidia;o__Bacteroidales;f__Tannerellaceae;g__QVMG01;s__QVMG01 sp029892605	97.56	0.865	N/A	N/A	N/A	N/A	N/A	N/A	ani_screen	classification based on ANI only	GCF_029893085.1, s__QVMG01 sp029893085, 95.0, 88.79, 0.499	N/A	N/A	N/A	N/A
Pame_bac_bin293	d__Bacteria;p__Bacteroidota;c__Bacteroidia;o__Bacteroidales;f__Tannerellaceae;g__Tannerella;s__	N/A	N/A	N/A	N/A	N/A	N/A	N/A	N/A	N/A	N/A	d__Bacteria;p__Bacteroidota;c__Bacteroidia;o__Bacteroidales;f__Tannerellaceae;g__Tannerella;s__	taxonomic classification fully defined by topology	classification based on placement in class-level tree	N/A	97.87	11	0.96598	N/A
Pame_bac_bin294	d__Bacteria;p__Bacteroidota;c__Bacteroidia;o__Bacteroidales;f__Tannerellaceae;g__Tannerella;s__	N/A	N/A	N/A	N/A	N/A	N/A	N/A	N/A	N/A	N/A	d__Bacteria;p__Bacteroidota;c__Bacteroidia;o__Bacteroidales;f__Tannerellaceae;g__Tannerella;s__	taxonomic classification fully defined by topology	classification based on placement in class-level tree	N/A	90.67	11	0.97654	N/A
Pame_bac_bin295	d__Bacteria;p__Bacteroidota;c__Bacteroidia;o__Bacteroidales;f__Tannerellaceae;g__Tannerella;s__	N/A	N/A	N/A	N/A	N/A	N/A	N/A	N/A	N/A	N/A	d__Bacteria;p__Bacteroidota;c__Bacteroidia;o__Bacteroidales;f__Tannerellaceae;g__Tannerella;s__	taxonomic classification fully defined by topology	classification based on placement in class-level tree	N/A	82.38	11	0.96571	N/A
Pame_bac_bin296	d__Bacteria;p__Bacteroidota;c__Bacteroidia;o__Bacteroidales;f__Tannerellaceae;g__Tannerella;s__	N/A	N/A	N/A	N/A	N/A	N/A	N/A	N/A	N/A	N/A	d__Bacteria;p__Bacteroidota;c__Bacteroidia;o__Bacteroidales;f__Tannerellaceae;g__Tannerella;s__	taxonomic classification fully defined by topology	classification based on placement in class-level tree	N/A	76.66	11	0.97293	N/A
Pame_bac_bin297	d__Bacteria;p__Bacteroidota;c__Bacteroidia;o__Bacteroidales;f__Tannerellaceae;g__Tannerella;s__	N/A	N/A	N/A	N/A	N/A	N/A	N/A	N/A	N/A	N/A	d__Bacteria;p__Bacteroidota;c__Bacteroidia;o__Bacteroidales;f__Tannerellaceae;g__Tannerella;s__	taxonomic classification fully defined by topology	classification based on placement in class-level tree	N/A	53.05	11	0.97311	N/A
Pame_bac_bin298	d__Bacteria;p__Bacteroidota;c__Bacteroidia;o__Bacteroidales;f__UBA1402;g__UBA8389;s__	N/A	N/A	N/A	N/A	N/A	N/A	N/A	N/A	N/A	N/A	d__Bacteria;p__Bacteroidota;c__Bacteroidia;o__Bacteroidales;f__UBA1402;g__UBA8389;s__	taxonomic classification fully defined by topology	classification based on placement in class-level tree	N/A	96.07	11	0.90081	N/A
Pame_bac_bin299	d__Bacteria;p__Bacteroidota;c__Bacteroidia;o__Bacteroidales;f__UBA4181;g__JAIRLS01;s__	N/A	N/A	N/A	N/A	N/A	N/A	N/A	N/A	N/A	N/A	d__Bacteria;p__Bacteroidota;c__Bacteroidia;o__Bacteroidales;f__UBA4181;g__JAIRLS01;s__	taxonomic classification fully defined by topology	classification based on placement in class-level tree	N/A	41.89	11	0.91844	N/A
Pame_bac_bin300	d__Bacteria;p__Bacteroidota;c__Bacteroidia;o__Bacteroidales;f__UBA932;g__;s__	N/A	N/A	N/A	N/A	N/A	N/A	N/A	N/A	N/A	N/A	d__Bacteria;p__Bacteroidota;c__Bacteroidia;o__Bacteroidales;f__UBA932;g__;s__	taxonomic classification fully defined by topology	classification based on placement in class-level tree	N/A	86.51	11	0.81021	N/A
Pame_bac_bin301	d__Bacteria;p__Bacteroidota;c__Bacteroidia;o__Bacteroidales;f__UBA932;g__;s__	N/A	N/A	N/A	N/A	N/A	N/A	N/A	N/A	N/A	N/A	d__Bacteria;p__Bacteroidota;c__Bacteroidia;o__Bacteroidales;f__UBA932;g__;s__	taxonomic classification fully defined by topology	classification based on placement in class-level tree	N/A	79.05	11	0.83539	N/A
Pame_bac_bin302	d__Bacteria;p__Bacteroidota;c__Bacteroidia;o__Bacteroidales;f__UBA932;g__;s__	N/A	N/A	N/A	N/A	N/A	N/A	N/A	N/A	N/A	N/A	d__Bacteria;p__Bacteroidota;c__Bacteroidia;o__Bacteroidales;f__UBA932;g__;s__	taxonomic classification fully defined by topology	classification based on placement in class-level tree	N/A	80.24	11	0.83438	N/A
Pame_bac_bin303	d__Bacteria;p__Bacteroidota;c__Bacteroidia;o__Bacteroidales;f__UBA932;g__;s__	N/A	N/A	N/A	N/A	N/A	N/A	N/A	N/A	N/A	N/A	d__Bacteria;p__Bacteroidota;c__Bacteroidia;o__Bacteroidales;f__UBA932;g__;s__	taxonomic novelty determined using RED	classification based on placement in class-level tree	N/A	71.52	11	0.87486	N/A
Pame_bac_bin304	d__Bacteria;p__Bacteroidota;c__Bacteroidia;o__Bacteroidales;f__UBA932;g__;s__	N/A	N/A	N/A	N/A	N/A	N/A	N/A	N/A	N/A	N/A	d__Bacteria;p__Bacteroidota;c__Bacteroidia;o__Bacteroidales;f__UBA932;g__;s__	taxonomic classification fully defined by topology	classification based on placement in class-level tree	N/A	68.58	11	0.81023	N/A
Pame_bac_bin305	d__Bacteria;p__Bacteroidota;c__Bacteroidia;o__Bacteroidales;f__UBA932;g__;s__	N/A	N/A	N/A	N/A	N/A	N/A	N/A	N/A	N/A	N/A	d__Bacteria;p__Bacteroidota;c__Bacteroidia;o__Bacteroidales;f__UBA932;g__;s__	taxonomic classification fully defined by topology	classification based on placement in class-level tree	N/A	44.65	11	0.83319	N/A
Pame_bac_bin306	d__Bacteria;p__Bacteroidota;c__Bacteroidia;o__Bacteroidales;f__UBA932;g__BNTQ01;s__	N/A	N/A	N/A	N/A	N/A	N/A	N/A	N/A	N/A	N/A	d__Bacteria;p__Bacteroidota;c__Bacteroidia;o__Bacteroidales;f__UBA932;g__BNTQ01;s__	taxonomic novelty determined using RED	classification based on placement in class-level tree	N/A	87.94	11	0.85884	N/A
Pame_bac_bin307	d__Bacteria;p__Bacteroidota;c__Bacteroidia;o__Bacteroidales;f__UBA932;g__JAIRNF01;s__	N/A	N/A	N/A	N/A	N/A	N/A	N/A	N/A	N/A	N/A	d__Bacteria;p__Bacteroidota;c__Bacteroidia;o__Bacteroidales;f__UBA932;g__JAIRNF01;s__	taxonomic novelty determined using RED	classification based on placement in class-level tree	N/A	83.28	11	0.95313	N/A
Pame_bac_bin308	d__Bacteria;p__Bacteroidota;c__Bacteroidia;o__Bacteroidales;f__UBA932;g__JAIRNF01;s__	N/A	N/A	N/A	N/A	N/A	N/A	N/A	N/A	N/A	N/A	d__Bacteria;p__Bacteroidota;c__Bacteroidia;o__Bacteroidales;f__UBA932;g__JAIRNF01;s__	taxonomic novelty determined using RED	classification based on placement in class-level tree	N/A	66.1	11	0.95341	N/A
Pame_bac_bin309	d__Bacteria;p__Bacteroidota;c__Bacteroidia;o__Bacteroidales;f__UBA932;g__JAISFN01;s__	N/A	N/A	N/A	N/A	N/A	N/A	N/A	N/A	N/A	N/A	d__Bacteria;p__Bacteroidota;c__Bacteroidia;o__Bacteroidales;f__UBA932;g__JAISFN01;s__	taxonomic novelty determined using RED	classification based on placement in class-level tree	N/A	97.02	11	0.9029	N/A
Pame_bac_bin310	d__Bacteria;p__Bacteroidota;c__Bacteroidia;o__Bacteroidales;f__WCHB1-69;g__;s__	N/A	N/A	N/A	N/A	N/A	N/A	N/A	N/A	N/A	N/A	d__Bacteria;p__Bacteroidota;c__Bacteroidia;o__Bacteroidales;f__WCHB1-69;g__;s__	taxonomic novelty determined using RED	classification based on placement in class-level tree	N/A	66.43	11	0.86274	N/A
Pame_bac_bin311	d__Bacteria;p__Bacteroidota;c__Bacteroidia;o__Bacteroidales;f__WCHB1-69;g__JAGVVH01;s__	N/A	N/A	N/A	N/A	N/A	N/A	N/A	N/A	N/A	N/A	d__Bacteria;p__Bacteroidota;c__Bacteroidia;o__Bacteroidales;f__WCHB1-69;g__JAGVVH01;s__	taxonomic classification fully defined by topology	classification based on placement in class-level tree	N/A	78.87	11	0.92702	N/A
Pame_bac_bin312	d__Bacteria;p__Bacteroidota;c__Bacteroidia;o__Bacteroidales;f__WCHB1-69;g__JAGVVH01;s__	N/A	N/A	N/A	N/A	N/A	N/A	N/A	N/A	N/A	N/A	d__Bacteria;p__Bacteroidota;c__Bacteroidia;o__Bacteroidales;f__WCHB1-69;g__JAGVVH01;s__	taxonomic classification fully defined by topology	classification based on placement in class-level tree	N/A	57.34	11	0.92631	N/A
Pame_bac_bin313	d__Bacteria;p__Bacteroidota;c__Bacteroidia;o__Bacteroidales;f__WCHB1-69;g__JAGVVH01;s__	N/A	N/A	N/A	N/A	N/A	N/A	N/A	N/A	N/A	N/A	d__Bacteria;p__Bacteroidota;c__Bacteroidia;o__Bacteroidales;f__WCHB1-69;g__JAGVVH01;s__	taxonomic classification fully defined by topology	classification based on placement in class-level tree	N/A	71.98	11	0.95157	N/A
Pame_bac_bin314	d__Bacteria;p__Bacteroidota;c__Bacteroidia;o__Bacteroidales;f__WCHB1-69;g__JAGVVH01;s__	N/A	N/A	N/A	N/A	N/A	N/A	N/A	N/A	N/A	N/A	d__Bacteria;p__Bacteroidota;c__Bacteroidia;o__Bacteroidales;f__WCHB1-69;g__JAGVVH01;s__	taxonomic classification fully defined by topology	classification based on placement in class-level tree	N/A	47.43	11	0.94805	N/A
Pame_bac_bin315	d__Bacteria;p__Bacteroidota;c__Bacteroidia;o__Bacteroidales;f__WCHB1-69;g__JAGVVH01;s__	N/A	N/A	N/A	N/A	N/A	N/A	N/A	N/A	N/A	N/A	d__Bacteria;p__Bacteroidota;c__Bacteroidia;o__Bacteroidales;f__WCHB1-69;g__JAGVVH01;s__	taxonomic classification fully defined by topology	classification based on placement in class-level tree	N/A	49.02	11	0.92811	N/A
Pame_bac_bin316	d__Bacteria;p__Bacteroidota;c__Bacteroidia;o__Bacteroidales;f__WCHB1-69;g__JAGVVH01;s__	N/A	N/A	N/A	N/A	N/A	N/A	N/A	N/A	N/A	N/A	d__Bacteria;p__Bacteroidota;c__Bacteroidia;o__Bacteroidales;f__WCHB1-69;g__JAGVVH01;s__	taxonomic classification fully defined by topology	classification based on placement in class-level tree	N/A	41.05	11	0.92747	N/A
Pame_bac_bin317	d__Bacteria;p__Bacteroidota;c__Bacteroidia;o__Bacteroidales;f__WCHB1-69;g__JAGVVH01;s__JAGVVH01 sp030267125	GCA_030267125.1	95.0	d__Bacteria;p__Bacteroidota;c__Bacteroidia;o__Bacteroidales;f__WCHB1-69;g__JAGVVH01;s__JAGVVH01 sp030267125	98.03	0.629	N/A	N/A	N/A	N/A	N/A	N/A	ani_screen	classification based on ANI only	N/A	N/A	N/A	N/A	N/A
Pame_bac_bin318	d__Bacteria;p__Bacteroidota;c__Bacteroidia;o__Bacteroidales;f__WCHB1-69;g__JAIROC01;s__	N/A	N/A	N/A	N/A	N/A	N/A	N/A	N/A	N/A	N/A	d__Bacteria;p__Bacteroidota;c__Bacteroidia;o__Bacteroidales;f__WCHB1-69;g__JAIROC01;s__	taxonomic classification fully defined by topology	classification based on placement in class-level tree	N/A	42.96	11	0.92457	N/A
Pame_bac_bin319	d__Bacteria;p__Bacteroidota;c__Bacteroidia;o__Bacteroidales;f__WCHB1-69;g__JAIROC01;s__	N/A	N/A	N/A	N/A	N/A	N/A	N/A	N/A	N/A	N/A	d__Bacteria;p__Bacteroidota;c__Bacteroidia;o__Bacteroidales;f__WCHB1-69;g__JAIROC01;s__	taxonomic classification fully defined by topology	classification based on placement in class-level tree	N/A	33.43	11	0.93561	N/A
Pame_bac_bin320	d__Bacteria;p__Bacteroidota;c__Bacteroidia;o__Bacteroidales;f__WRLA01;g__WRLA01;s__	N/A	N/A	N/A	N/A	N/A	N/A	N/A	N/A	N/A	N/A	d__Bacteria;p__Bacteroidota;c__Bacteroidia;o__Bacteroidales;f__WRLA01;g__WRLA01;s__	taxonomic classification fully defined by topology	classification based on placement in class-level tree	N/A	81.27	11	0.92973	N/A
Pame_bac_bin321	d__Bacteria;p__Bacteroidota;c__Bacteroidia;o__Bacteroidales;f__WRLA01;g__WRLA01;s__	N/A	N/A	N/A	N/A	N/A	N/A	N/A	N/A	N/A	N/A	d__Bacteria;p__Bacteroidota;c__Bacteroidia;o__Bacteroidales;f__WRLA01;g__WRLA01;s__	taxonomic classification fully defined by topology	classification based on placement in class-level tree	N/A	53.78	11	0.94981	N/A
Pame_bac_bin322	d__Bacteria;p__Bacteroidota;c__Bacteroidia;o__Bacteroidales;f__WRLA01;g__WRLA01;s__	N/A	N/A	N/A	N/A	N/A	N/A	N/A	N/A	N/A	N/A	d__Bacteria;p__Bacteroidota;c__Bacteroidia;o__Bacteroidales;f__WRLA01;g__WRLA01;s__	taxonomic classification fully defined by topology	classification based on placement in class-level tree	N/A	39.23	11	0.94412	N/A
Pame_bac_bin323	d__Bacteria;p__Bacteroidota;c__Bacteroidia;o__Bacteroidales;f__WRLA01;g__WRLA01;s__	N/A	N/A	N/A	N/A	N/A	N/A	N/A	N/A	N/A	N/A	d__Bacteria;p__Bacteroidota;c__Bacteroidia;o__Bacteroidales;f__WRLA01;g__WRLA01;s__	taxonomic classification fully defined by topology	classification based on placement in class-level tree	N/A	41.89	11	0.94773	N/A
Pame_bac_bin324	d__Bacteria;p__Campylobacterota;c__Campylobacteria;o__Campylobacterales;f__Arcobacteraceae;g__Aliarcobacter;s__	N/A	N/A	N/A	N/A	N/A	N/A	N/A	N/A	N/A	N/A	d__Bacteria;p__Campylobacterota;c__Campylobacteria;o__Campylobacterales;f__Arcobacteraceae;g__Aliarcobacter;s__	taxonomic classification defined by topology and ANI	classification based on placement in class-level tree	GCA_017996075.1, s__Aliarcobacter sp017996075, 95.0, 83.86, 0.218; GCF_013201705.1, s__Aliarcobacter faecis, 95.0, 81.97, 0.286; GCF_003355515.1, s__Aliarcobacter trophiarum, 95.0, 81.7, 0.27; GCF_014352935.1, s__Aliarcobacter cryaerophilus_A, 95.09, 81.47, 0.259; GCA_947629065.1, s__Aliarcobacter sp947629065, 95.0, 81.44, 0.164; GCF_003660105.1, s__Aliarcobacter cryaerophilus, 95.0, 81.42, 0.258; GCF_003544835.1, s__Aliarcobacter skirrowii, 95.0, 80.89, 0.216; GCF_013372265.1, s__Aliarcobacter cibarius, 95.0, 80.75, 0.194; GCF_013201625.1, s__Aliarcobacter lanthieri, 95.0, 80.63, 0.207; GCF_002993025.1, s__Aliarcobacter cryaerophilus_B, 95.0, 80.52, 0.245; GCF_004299785.2, s__Aliarcobacter porcinus, 95.0, 80.52, 0.187; GCF_016106035.1, s__Aliarcobacter vandammei, 95.0, 80.39, 0.24; GCF_004214815.1, s__Aliarcobacter thereius, 95.0, 80.33, 0.195; GCF_900187115.1, s__Aliarcobacter butzleri, 95.0, 79.97, 0.157; GCF_003316695.1, s__Aliarcobacter vitoriensis, 95.0, 79.54, 0.197	92.39	11	0.9689	N/A
Pame_bac_bin325	d__Bacteria;p__Campylobacterota;c__Campylobacteria;o__Campylobacterales;f__Campylobacteraceae;g__JAIRQK01;s__	N/A	N/A	N/A	N/A	N/A	N/A	N/A	N/A	N/A	N/A	d__Bacteria;p__Campylobacterota;c__Campylobacteria;o__Campylobacterales;f__Campylobacteraceae;g__JAIRQK01;s__	taxonomic novelty determined using RED	classification based on placement in class-level tree	N/A	73.64	11	0.90912	N/A
Pame_bac_bin326	d__Bacteria;p__Campylobacterota;c__Campylobacteria;o__Campylobacterales;f__Campylobacteraceae;g__JAIRQK01;s__	N/A	N/A	N/A	N/A	N/A	N/A	N/A	N/A	N/A	N/A	d__Bacteria;p__Campylobacterota;c__Campylobacteria;o__Campylobacterales;f__Campylobacteraceae;g__JAIRQK01;s__	taxonomic novelty determined using RED	classification based on placement in class-level tree	N/A	39.8	11	0.89305	N/A
Pame_bac_bin327	d__Bacteria;p__Deferribacterota;c__Deferribacteres;o__Deferribacterales;f__JAISNW01;g__JAITWL01;s__	N/A	N/A	N/A	N/A	N/A	N/A	N/A	N/A	N/A	N/A	d__Bacteria;p__Deferribacterota;c__Deferribacteres;o__Deferribacterales;f__JAISNW01;g__JAITWL01;s__	taxonomic novelty determined using RED	classification based on placement in class-level tree	N/A	93.15	11	0.89617	N/A
Pame_bac_bin328	d__Bacteria;p__Desulfobacterota;c__Desulfarculia;o__Adiutricales;f__Adiutricaceae;g__Adiutrix;s__	N/A	N/A	N/A	N/A	N/A	N/A	N/A	N/A	N/A	N/A	d__Bacteria;p__Desulfobacterota;c__Desulfarculia;o__Adiutricales;f__Adiutricaceae;g__Adiutrix;s__	taxonomic classification fully defined by topology	classification based on placement in class-level tree	N/A	54.52	11	0.8909	N/A
Pame_bac_bin329	d__Bacteria;p__Desulfobacterota;c__Desulfobacteria;o__Desulfobacterales;f__ASO4-4;g__;s__	N/A	N/A	N/A	N/A	N/A	N/A	N/A	N/A	N/A	N/A	d__Bacteria;p__Desulfobacterota;c__Desulfobacteria;o__Desulfobacterales;f__ASO4-4;g__;s__	taxonomic novelty determined using RED	classification based on placement in class-level tree	N/A	52.41	11	0.89564	N/A
Pame_bac_bin330	d__Bacteria;p__Desulfobacterota;c__Desulfobacteria;o__Desulfobacterales;f__ASO4-4;g__;s__	N/A	N/A	N/A	N/A	N/A	N/A	N/A	N/A	N/A	N/A	d__Bacteria;p__Desulfobacterota;c__Desulfobacteria;o__Desulfobacterales;f__ASO4-4;g__;s__	taxonomic novelty determined using RED	classification based on placement in class-level tree	N/A	48.68	11	0.89079	N/A
Pame_bac_bin331	d__Bacteria;p__Desulfobacterota;c__Desulfobacteria;o__Desulfobacterales;f__Desulfosarcinaceae;g__Desulfosarcina;s__	N/A	N/A	N/A	N/A	N/A	GCA_030267325.1	95.0	d__Bacteria;p__Desulfobacterota;c__Desulfobacteria;o__Desulfobacterales;f__Desulfosarcinaceae;g__Desulfosarcina;s__Desulfosarcina sp030267325	93.1	0.493	d__Bacteria;p__Desulfobacterota;c__Desulfobacteria;o__Desulfobacterales;f__Desulfosarcinaceae;g__Desulfosarcina;s__	taxonomic classification defined by topology and ANI	classification based on placement in class-level tree	N/A	45.68	11	0.97795	N/A
Pame_bac_bin332	d__Bacteria;p__Desulfobacterota;c__Desulfobacteria;o__Desulfobacterales;f__Desulfosarcinaceae;g__Desulfosarcina;s__	N/A	N/A	N/A	N/A	N/A	N/A	N/A	N/A	N/A	N/A	d__Bacteria;p__Desulfobacterota;c__Desulfobacteria;o__Desulfobacterales;f__Desulfosarcinaceae;g__Desulfosarcina;s__	taxonomic classification fully defined by topology	classification based on placement in class-level tree	N/A	59.96	11	0.94246	N/A
Pame_bac_bin333	d__Bacteria;p__Desulfobacterota;c__Desulfobacteria;o__Desulfobacterales;f__UBA2174_A;g__;s__	N/A	N/A	N/A	N/A	N/A	N/A	N/A	N/A	N/A	N/A	d__Bacteria;p__Desulfobacterota;c__Desulfobacteria;o__Desulfobacterales;f__UBA2174_A;g__;s__	taxonomic novelty determined using RED	classification based on placement in class-level tree	N/A	61.99	11	0.83669	N/A
Pame_bac_bin334	d__Bacteria;p__Desulfobacterota;c__Desulfovibrionia;o__Desulfovibrionales;f__Desulfovibrionaceae;g__FLUQ01;s__	N/A	N/A	N/A	N/A	N/A	N/A	N/A	N/A	N/A	N/A	d__Bacteria;p__Desulfobacterota;c__Desulfovibrionia;o__Desulfovibrionales;f__Desulfovibrionaceae;g__FLUQ01;s__	taxonomic novelty determined using RED	classification based on placement in class-level tree	N/A	65.36	11	0.9342	N/A
Pame_bac_bin335	d__Bacteria;p__Desulfobacterota;c__Desulfovibrionia;o__Desulfovibrionales;f__Desulfovibrionaceae;g__FLUQ01;s__	N/A	N/A	N/A	N/A	N/A	N/A	N/A	N/A	N/A	N/A	d__Bacteria;p__Desulfobacterota;c__Desulfovibrionia;o__Desulfovibrionales;f__Desulfovibrionaceae;g__FLUQ01;s__	taxonomic novelty determined using RED	classification based on placement in class-level tree	N/A	66.87	11	0.9473	N/A
Pame_bac_bin336	d__Bacteria;p__Desulfobacterota;c__Desulfovibrionia;o__Desulfovibrionales;f__Desulfovibrionaceae;g__FLUQ01;s__	N/A	N/A	N/A	N/A	N/A	N/A	N/A	N/A	N/A	N/A	d__Bacteria;p__Desulfobacterota;c__Desulfovibrionia;o__Desulfovibrionales;f__Desulfovibrionaceae;g__FLUQ01;s__	taxonomic novelty determined using RED	classification based on placement in class-level tree	N/A	52.61	11	0.93562	N/A
Pame_bac_bin337	d__Bacteria;p__Desulfobacterota;c__Desulfovibrionia;o__Desulfovibrionales;f__Desulfovibrionaceae;g__Frigididesulfovibrio;s__	N/A	N/A	N/A	N/A	N/A	N/A	N/A	N/A	N/A	N/A	d__Bacteria;p__Desulfobacterota;c__Desulfovibrionia;o__Desulfovibrionales;f__Desulfovibrionaceae;g__Frigididesulfovibrio;s__	taxonomic classification fully defined by topology	classification based on placement in class-level tree	N/A	88.14	11	0.8678	N/A
Pame_bac_bin338	d__Bacteria;p__Desulfobacterota;c__Desulfovibrionia;o__Desulfovibrionales;f__Desulfovibrionaceae;g__Frigididesulfovibrio;s__	N/A	N/A	N/A	N/A	N/A	N/A	N/A	N/A	N/A	N/A	d__Bacteria;p__Desulfobacterota;c__Desulfovibrionia;o__Desulfovibrionales;f__Desulfovibrionaceae;g__Frigididesulfovibrio;s__	taxonomic classification fully defined by topology	classification based on placement in class-level tree	N/A	84.77	11	0.91362	N/A
Pame_bac_bin339	d__Bacteria;p__Desulfobacterota;c__Desulfovibrionia;o__Desulfovibrionales;f__Desulfovibrionaceae;g__Frigididesulfovibrio;s__	N/A	N/A	N/A	N/A	N/A	N/A	N/A	N/A	N/A	N/A	d__Bacteria;p__Desulfobacterota;c__Desulfovibrionia;o__Desulfovibrionales;f__Desulfovibrionaceae;g__Frigididesulfovibrio;s__	taxonomic classification fully defined by topology	classification based on placement in class-level tree	N/A	79.4	11	0.95334	N/A
Pame_bac_bin340	d__Bacteria;p__Desulfobacterota;c__Desulfovibrionia;o__Desulfovibrionales;f__Desulfovibrionaceae;g__Frigididesulfovibrio;s__	N/A	N/A	N/A	N/A	N/A	N/A	N/A	N/A	N/A	N/A	d__Bacteria;p__Desulfobacterota;c__Desulfovibrionia;o__Desulfovibrionales;f__Desulfovibrionaceae;g__Frigididesulfovibrio;s__	taxonomic classification fully defined by topology	classification based on placement in class-level tree	N/A	75.81	11	0.91747	N/A
Pame_bac_bin341	d__Bacteria;p__Desulfobacterota;c__Desulfovibrionia;o__Desulfovibrionales;f__Desulfovibrionaceae;g__Frigididesulfovibrio;s__	N/A	N/A	N/A	N/A	N/A	N/A	N/A	N/A	N/A	N/A	d__Bacteria;p__Desulfobacterota;c__Desulfovibrionia;o__Desulfovibrionales;f__Desulfovibrionaceae;g__Frigididesulfovibrio;s__	taxonomic classification fully defined by topology	classification based on placement in class-level tree	N/A	68.08	11	0.90598	N/A
Pame_bac_bin342	d__Bacteria;p__Desulfobacterota;c__Desulfovibrionia;o__Desulfovibrionales;f__Desulfovibrionaceae;g__Frigididesulfovibrio;s__	N/A	N/A	N/A	N/A	N/A	N/A	N/A	N/A	N/A	N/A	d__Bacteria;p__Desulfobacterota;c__Desulfovibrionia;o__Desulfovibrionales;f__Desulfovibrionaceae;g__Frigididesulfovibrio;s__	taxonomic classification fully defined by topology	classification based on placement in class-level tree	N/A	49.87	11	0.93641	N/A
Pame_bac_bin343	d__Bacteria;p__Desulfobacterota;c__Desulfovibrionia;o__Desulfovibrionales;f__Desulfovibrionaceae;g__Frigididesulfovibrio;s__	N/A	N/A	N/A	N/A	N/A	N/A	N/A	N/A	N/A	N/A	d__Bacteria;p__Desulfobacterota;c__Desulfovibrionia;o__Desulfovibrionales;f__Desulfovibrionaceae;g__Frigididesulfovibrio;s__	taxonomic classification fully defined by topology	classification based on placement in class-level tree	N/A	41.75	11	0.89106	Genome has more than 10.8% of markers with multiple hits
Pame_bac_bin344	d__Bacteria;p__Desulfobacterota;c__Desulfovibrionia;o__Desulfovibrionales;f__Desulfovibrionaceae;g__Frigididesulfovibrio;s__	N/A	N/A	N/A	N/A	N/A	N/A	N/A	N/A	N/A	N/A	d__Bacteria;p__Desulfobacterota;c__Desulfovibrionia;o__Desulfovibrionales;f__Desulfovibrionaceae;g__Frigididesulfovibrio;s__	taxonomic classification fully defined by topology	classification based on placement in class-level tree	N/A	51.88	11	0.93121	N/A
Pame_bac_bin345	d__Bacteria;p__Desulfobacterota;c__Desulfovibrionia;o__Desulfovibrionales;f__Desulfovibrionaceae;g__Frigididesulfovibrio;s__	N/A	N/A	N/A	N/A	N/A	N/A	N/A	N/A	N/A	N/A	d__Bacteria;p__Desulfobacterota;c__Desulfovibrionia;o__Desulfovibrionales;f__Desulfovibrionaceae;g__Frigididesulfovibrio;s__	taxonomic classification fully defined by topology	classification based on placement in class-level tree	N/A	56.19	11	0.93573	N/A
Pame_bac_bin346	d__Bacteria;p__Desulfobacterota;c__Desulfovibrionia;o__Desulfovibrionales;f__Desulfovibrionaceae;g__Frigididesulfovibrio;s__	N/A	N/A	N/A	N/A	N/A	GCA_030266525.1	95.0	d__Bacteria;p__Desulfobacterota;c__Desulfovibrionia;o__Desulfovibrionales;f__Desulfovibrionaceae;g__Frigididesulfovibrio;s__Frigididesulfovibrio sp030266525	88.35	0.305	d__Bacteria;p__Desulfobacterota;c__Desulfovibrionia;o__Desulfovibrionales;f__Desulfovibrionaceae;g__Frigididesulfovibrio;s__	taxonomic classification defined by topology and ANI	classification based on placement in class-level tree	N/A	39.05	11	0.98536	N/A
Pame_bac_bin347	d__Bacteria;p__Desulfobacterota;c__Desulfovibrionia;o__Desulfovibrionales;f__Desulfovibrionaceae;g__Frigididesulfovibrio;s__	N/A	N/A	N/A	N/A	N/A	N/A	N/A	N/A	N/A	N/A	d__Bacteria;p__Desulfobacterota;c__Desulfovibrionia;o__Desulfovibrionales;f__Desulfovibrionaceae;g__Frigididesulfovibrio;s__	taxonomic classification fully defined by topology	classification based on placement in class-level tree	N/A	47.73	11	0.93461	N/A
Pame_bac_bin348	d__Bacteria;p__Desulfobacterota;c__Desulfovibrionia;o__Desulfovibrionales;f__Desulfovibrionaceae;g__Mailhella;s__	N/A	N/A	N/A	N/A	N/A	N/A	N/A	N/A	N/A	N/A	d__Bacteria;p__Desulfobacterota;c__Desulfovibrionia;o__Desulfovibrionales;f__Desulfovibrionaceae;g__Mailhella;s__	taxonomic classification fully defined by topology	classification based on placement in class-level tree	N/A	40.7	11	0.89257	N/A
Pame_bac_bin349	d__Bacteria;p__Desulfobacterota;c__Desulfovibrionia;o__Desulfovibrionales;f__Desulfovibrionaceae;g__RGIG1962;s__	N/A	N/A	N/A	N/A	N/A	N/A	N/A	N/A	N/A	N/A	d__Bacteria;p__Desulfobacterota;c__Desulfovibrionia;o__Desulfovibrionales;f__Desulfovibrionaceae;g__RGIG1962;s__	taxonomic novelty determined using RED	classification based on placement in class-level tree	N/A	67.75	11	0.93707	N/A
Pame_bac_bin350	d__Bacteria;p__Desulfobacterota;c__Desulfovibrionia;o__Desulfovibrionales;f__Desulfovibrionaceae;g__WRHT01;s__	N/A	N/A	N/A	N/A	N/A	GCA_030267065.1	95.0	d__Bacteria;p__Desulfobacterota;c__Desulfovibrionia;o__Desulfovibrionales;f__Desulfovibrionaceae;g__WRHT01;s__WRHT01 sp030267065	87.58	0.326	d__Bacteria;p__Desulfobacterota;c__Desulfovibrionia;o__Desulfovibrionales;f__Desulfovibrionaceae;g__WRHT01;s__	taxonomic classification defined by topology and ANI	classification based on placement in class-level tree	N/A	90.84	11	0.98377	N/A
Pame_bac_bin351	d__Bacteria;p__Desulfobacterota;c__Desulfovibrionia;o__Desulfovibrionales;f__Desulfovibrionaceae;g__WRHT01;s__	N/A	N/A	N/A	N/A	N/A	N/A	N/A	N/A	N/A	N/A	d__Bacteria;p__Desulfobacterota;c__Desulfovibrionia;o__Desulfovibrionales;f__Desulfovibrionaceae;g__WRHT01;s__	taxonomic classification fully defined by topology	classification based on placement in class-level tree	N/A	76.35	11	0.87946	N/A
Pame_bac_bin352	d__Bacteria;p__Desulfobacterota;c__Desulfovibrionia;o__Desulfovibrionales;f__Desulfovibrionaceae;g__WRHT01;s__	N/A	N/A	N/A	N/A	N/A	N/A	N/A	N/A	N/A	N/A	d__Bacteria;p__Desulfobacterota;c__Desulfovibrionia;o__Desulfovibrionales;f__Desulfovibrionaceae;g__WRHT01;s__	taxonomic classification fully defined by topology	classification based on placement in class-level tree	N/A	67.63	11	0.9506	N/A
Pame_bac_bin353	d__Bacteria;p__Desulfobacterota;c__Desulfovibrionia;o__Desulfovibrionales;f__Desulfovibrionaceae;g__WRHT01;s__	N/A	N/A	N/A	N/A	N/A	N/A	N/A	N/A	N/A	N/A	d__Bacteria;p__Desulfobacterota;c__Desulfovibrionia;o__Desulfovibrionales;f__Desulfovibrionaceae;g__WRHT01;s__	taxonomic classification fully defined by topology	classification based on placement in class-level tree	N/A	46.81	11	0.88133	N/A
Pame_bac_bin354	d__Bacteria;p__Desulfobacterota;c__Desulfovibrionia;o__Desulfovibrionales;f__Desulfovibrionaceae;g__WRHT01;s__	N/A	N/A	N/A	N/A	N/A	N/A	N/A	N/A	N/A	N/A	d__Bacteria;p__Desulfobacterota;c__Desulfovibrionia;o__Desulfovibrionales;f__Desulfovibrionaceae;g__WRHT01;s__	taxonomic classification fully defined by topology	classification based on placement in class-level tree	N/A	43.08	11	0.88591	N/A
Pame_bac_bin355	d__Bacteria;p__Desulfobacterota;c__Desulfovibrionia;o__Desulfovibrionales;f__Desulfovibrionaceae;g__WRHT01;s__	N/A	N/A	N/A	N/A	N/A	N/A	N/A	N/A	N/A	N/A	d__Bacteria;p__Desulfobacterota;c__Desulfovibrionia;o__Desulfovibrionales;f__Desulfovibrionaceae;g__WRHT01;s__	taxonomic classification fully defined by topology	classification based on placement in class-level tree	N/A	40.32	11	0.88235	N/A
Pame_bac_bin356	d__Bacteria;p__Elusimicrobiota;c__Endomicrobiia;o__Endomicrobiales;f__Endomicrobiaceae;g__Endomicrobium;s__	N/A	N/A	N/A	N/A	N/A	N/A	N/A	N/A	N/A	N/A	d__Bacteria;p__Elusimicrobiota;c__Endomicrobiia;o__Endomicrobiales;f__Endomicrobiaceae;g__Endomicrobium;s__	taxonomic classification fully defined by topology	classification based on placement in class-level tree	N/A	92.41	11	0.83662	N/A
Pame_bac_bin357	d__Bacteria;p__Elusimicrobiota;c__Endomicrobiia;o__Endomicrobiales;f__Endomicrobiaceae;g__Endomicrobium;s__	N/A	N/A	N/A	N/A	N/A	N/A	N/A	N/A	N/A	N/A	d__Bacteria;p__Elusimicrobiota;c__Endomicrobiia;o__Endomicrobiales;f__Endomicrobiaceae;g__Endomicrobium;s__	taxonomic classification fully defined by topology	classification based on placement in class-level tree	N/A	65.58	11	0.83657	N/A
Pame_bac_bin358	d__Bacteria;p__Elusimicrobiota;c__Endomicrobiia;o__Endomicrobiales;f__Endomicrobiaceae;g__Endomicrobium;s__	N/A	N/A	N/A	N/A	N/A	N/A	N/A	N/A	N/A	N/A	d__Bacteria;p__Elusimicrobiota;c__Endomicrobiia;o__Endomicrobiales;f__Endomicrobiaceae;g__Endomicrobium;s__	taxonomic classification fully defined by topology	classification based on placement in class-level tree	N/A	64.05	11	0.86917	N/A
Pame_bac_bin359	d__Bacteria;p__Eremiobacterota;c__CADAWZ01;o__CADAWZ01;f__CADAWZ01;g__;s__	N/A	N/A	N/A	N/A	N/A	N/A	N/A	N/A	N/A	N/A	d__Bacteria;p__Eremiobacterota;c__CADAWZ01;o__CADAWZ01;f__CADAWZ01;g__;s__	taxonomic novelty determined using RED	classification based on placement in class-level tree	N/A	84.83	11	0.73036	N/A
Pame_bac_bin360	d__Bacteria;p__Eremiobacterota;c__CADAWZ01;o__CADAWZ01;f__CADAWZ01;g__;s__	N/A	N/A	N/A	N/A	N/A	N/A	N/A	N/A	N/A	N/A	d__Bacteria;p__Eremiobacterota;c__CADAWZ01;o__CADAWZ01;f__CADAWZ01;g__;s__	taxonomic novelty determined using RED	classification based on placement in class-level tree	N/A	46.93	11	0.73474	N/A
Pame_bac_bin361	d__Bacteria;p__Fibrobacterota;c__Chitinivibrionia;o__Chitinivibrionales;f__WRFX01;g__WRFX01;s__	N/A	N/A	N/A	N/A	N/A	N/A	N/A	N/A	N/A	N/A	d__Bacteria;p__Fibrobacterota;c__Chitinivibrionia;o__Chitinivibrionales;f__WRFX01;g__WRFX01;s__	taxonomic classification fully defined by topology	classification based on placement in class-level tree	N/A	70.27	11	0.91338	N/A
Pame_bac_bin362	d__Bacteria;p__Fibrobacterota;c__Fibrobacteria;o__Fibrobacterales;f__Fibrobacteraceae;g__JAISUZ01;s__	N/A	N/A	N/A	N/A	N/A	N/A	N/A	N/A	N/A	N/A	d__Bacteria;p__Fibrobacterota;c__Fibrobacteria;o__Fibrobacterales;f__Fibrobacteraceae;g__JAISUZ01;s__	taxonomic novelty determined using RED	classification based on placement in class-level tree	N/A	51.78	11	0.91651	N/A
Pame_bac_bin363	d__Bacteria;p__Fusobacteriota;c__Fusobacteriia;o__Fusobacteriales;f__Fusobacteriaceae;g__;s__	N/A	N/A	N/A	N/A	N/A	N/A	N/A	N/A	N/A	N/A	d__Bacteria;p__Fusobacteriota;c__Fusobacteriia;o__Fusobacteriales;f__Fusobacteriaceae;g__;s__	taxonomic novelty determined using RED	classification based on placement in class-level tree	N/A	44.07	11	0.88639	N/A
Pame_bac_bin364	d__Bacteria;p__Fusobacteriota;c__Fusobacteriia;o__Fusobacteriales;f__Fusobacteriaceae;g__Fusobacterium_A;s__	N/A	N/A	N/A	N/A	N/A	N/A	N/A	N/A	N/A	N/A	d__Bacteria;p__Fusobacteriota;c__Fusobacteriia;o__Fusobacteriales;f__Fusobacteriaceae;g__Fusobacterium_A;s__	taxonomic classification defined by topology and ANI	classification based on placement in class-level tree	GCA_002356455.1, s__Fusobacterium_A varium_A, 95.0, 90.93, 0.669; GCF_900683735.1, s__Fusobacterium_A ulcerans_A, 95.0, 89.1, 0.636; GCF_900637705.1, s__Fusobacterium_A varium, 95.0, 88.51, 0.618; GCF_003019675.1, s__Fusobacterium_A ulcerans, 95.0, 87.48, 0.572	92.87	11	0.98565	Genome not assigned to closest species as it falls outside its pre-defined ANI radius
Pame_bac_bin365	d__Bacteria;p__JAAYKD01;c__JAAYKD01;o__JAAYKD01;f__WRDA01;g__;s__	N/A	N/A	N/A	N/A	N/A	N/A	N/A	N/A	N/A	N/A	d__Bacteria;p__JAAYKD01;c__JAAYKD01;o__JAAYKD01;f__WRDA01;g__;s__	taxonomic novelty determined using RED	classification based on placement in class-level tree	N/A	50.88	11	0.74069	N/A
Pame_bac_bin366	d__Bacteria;p__JAAYKD01;c__JAAYKD01;o__JAAYKD01;f__WRDA01;g__;s__	N/A	N/A	N/A	N/A	N/A	N/A	N/A	N/A	N/A	N/A	d__Bacteria;p__JAAYKD01;c__JAAYKD01;o__JAAYKD01;f__WRDA01;g__;s__	taxonomic novelty determined using RED	classification based on placement in class-level tree	N/A	37.24	11	0.7439	N/A
Pame_bac_bin367	d__Bacteria;p__Patescibacteria;c__Gracilibacteria;o__JAHISY01;f__;g__;s__	N/A	N/A	N/A	N/A	N/A	N/A	N/A	N/A	N/A	N/A	d__Bacteria;p__Patescibacteria;c__Gracilibacteria;o__JAHISY01;f__;g__;s__	taxonomic novelty determined using RED	classification based on placement in class-level tree	N/A	63.2	11	0.60011	N/A
Pame_bac_bin368	d__Bacteria;p__Patescibacteria;c__Microgenomatia;o__UBA1400;f__PJMF01;g__WRMU01;s__	N/A	N/A	N/A	N/A	N/A	N/A	N/A	N/A	N/A	N/A	d__Bacteria;p__Patescibacteria;c__Microgenomatia;o__UBA1400;f__PJMF01;g__WRMU01;s__	taxonomic novelty determined using RED	classification based on placement in class-level tree	N/A	66.28	11	0.87047	N/A
Pame_bac_bin369	d__Bacteria;p__Patescibacteria;c__Microgenomatia;o__UBA1400;f__PJMF01;g__WRMU01;s__	N/A	N/A	N/A	N/A	N/A	N/A	N/A	N/A	N/A	N/A	d__Bacteria;p__Patescibacteria;c__Microgenomatia;o__UBA1400;f__PJMF01;g__WRMU01;s__	taxonomic novelty determined using RED	classification based on placement in class-level tree	N/A	40.32	11	0.85473	N/A
Pame_bac_bin370	d__Bacteria;p__Patescibacteria;c__Saccharimonadia;o__Saccharimonadales;f__Nanoperiomorbaceae;g__;s__	N/A	N/A	N/A	N/A	N/A	N/A	N/A	N/A	N/A	N/A	d__Bacteria;p__Patescibacteria;c__Saccharimonadia;o__Saccharimonadales;f__Nanoperiomorbaceae;g__;s__	taxonomic novelty determined using RED	classification based on placement in class-level tree	N/A	37.87	11	0.86744	Genome has more than 10.8% of markers with multiple hits
Pame_bac_bin371	d__Bacteria;p__Patescibacteria;c__Saccharimonadia;o__Saccharimonadales;f__Nanosyncoccaceae;g__UBA2834;s__	N/A	N/A	N/A	N/A	N/A	N/A	N/A	N/A	N/A	N/A	d__Bacteria;p__Patescibacteria;c__Saccharimonadia;o__Saccharimonadales;f__Nanosyncoccaceae;g__UBA2834;s__	taxonomic classification fully defined by topology	classification based on placement in class-level tree	N/A	48.96	11	0.94592	N/A
Pame_bac_bin372	d__Bacteria;p__Patescibacteria;c__Saccharimonadia;o__Saccharimonadales;f__Nanosyncoccaceae;g__UBA2834;s__	N/A	N/A	N/A	N/A	N/A	N/A	N/A	N/A	N/A	N/A	d__Bacteria;p__Patescibacteria;c__Saccharimonadia;o__Saccharimonadales;f__Nanosyncoccaceae;g__UBA2834;s__	taxonomic classification fully defined by topology	classification based on placement in class-level tree	N/A	49.87	11	0.94856	N/A
Pame_bac_bin373	d__Bacteria;p__Planctomycetota;c__Planctomycetia;o__Pirellulales;f__Thermoguttaceae;g__RGIG3701;s__	N/A	N/A	N/A	N/A	N/A	N/A	N/A	N/A	N/A	N/A	d__Bacteria;p__Planctomycetota;c__Planctomycetia;o__Pirellulales;f__Thermoguttaceae;g__RGIG3701;s__	taxonomic classification fully defined by topology	classification based on placement in class-level tree	N/A	37.68	11	0.94144	N/A
Pame_bac_bin374	d__Bacteria;p__Planctomycetota;c__Planctomycetia;o__Pirellulales;f__Thermoguttaceae;g__UBA8133;s__	N/A	N/A	N/A	N/A	N/A	N/A	N/A	N/A	N/A	N/A	d__Bacteria;p__Planctomycetota;c__Planctomycetia;o__Pirellulales;f__Thermoguttaceae;g__UBA8133;s__	taxonomic classification fully defined by topology	classification based on placement in class-level tree	N/A	37.08	11	0.93145	N/A
Pame_bac_bin375	d__Bacteria;p__Planctomycetota;c__Planctomycetia;o__Pirellulales;f__Thermoguttaceae;g__WRKP01;s__	N/A	N/A	N/A	N/A	N/A	N/A	N/A	N/A	N/A	N/A	d__Bacteria;p__Planctomycetota;c__Planctomycetia;o__Pirellulales;f__Thermoguttaceae;g__WRKP01;s__	taxonomic classification fully defined by topology	classification based on placement in class-level tree	N/A	51.72	11	0.91807	N/A
Pame_bac_bin376	d__Bacteria;p__Planctomycetota;c__SZUA-567;o__SZUA-567;f__SZUA-567;g__JAJBSZ01;s__	N/A	N/A	N/A	N/A	N/A	N/A	N/A	N/A	N/A	N/A	d__Bacteria;p__Planctomycetota;c__SZUA-567;o__SZUA-567;f__SZUA-567;g__JAJBSZ01;s__	taxonomic classification fully defined by topology	classification based on placement in class-level tree	N/A	83.38	11	0.91554	N/A
Pame_bac_bin377	d__Bacteria;p__Planctomycetota;c__SZUA-567;o__SZUA-567;f__SZUA-567;g__JAJBSZ01;s__	N/A	N/A	N/A	N/A	N/A	N/A	N/A	N/A	N/A	N/A	d__Bacteria;p__Planctomycetota;c__SZUA-567;o__SZUA-567;f__SZUA-567;g__JAJBSZ01;s__	taxonomic classification fully defined by topology	classification based on placement in class-level tree	N/A	77.14	11	0.94992	N/A
Pame_bac_bin378	d__Bacteria;p__Planctomycetota;c__SZUA-567;o__SZUA-567;f__SZUA-567;g__JAJBSZ01;s__	N/A	N/A	N/A	N/A	N/A	N/A	N/A	N/A	N/A	N/A	d__Bacteria;p__Planctomycetota;c__SZUA-567;o__SZUA-567;f__SZUA-567;g__JAJBSZ01;s__	taxonomic classification fully defined by topology	classification based on placement in class-level tree	N/A	52.17	11	0.9148	N/A
Pame_bac_bin379	d__Bacteria;p__Planctomycetota;c__SZUA-567;o__SZUA-567;f__SZUA-567;g__JAJBSZ01;s__	N/A	N/A	N/A	N/A	N/A	N/A	N/A	N/A	N/A	N/A	d__Bacteria;p__Planctomycetota;c__SZUA-567;o__SZUA-567;f__SZUA-567;g__JAJBSZ01;s__	taxonomic classification fully defined by topology	classification based on placement in class-level tree	N/A	64.23	11	0.91311	N/A
Pame_bac_bin380	d__Bacteria;p__Planctomycetota;c__SZUA-567;o__SZUA-567;f__SZUA-567;g__JAJBSZ01;s__	N/A	N/A	N/A	N/A	N/A	N/A	N/A	N/A	N/A	N/A	d__Bacteria;p__Planctomycetota;c__SZUA-567;o__SZUA-567;f__SZUA-567;g__JAJBSZ01;s__	taxonomic classification fully defined by topology	classification based on placement in class-level tree	N/A	30.03	11	0.91674	N/A
Pame_bac_bin381	d__Bacteria;p__Planctomycetota;c__SZUA-567;o__SZUA-567;f__SZUA-567;g__JAJBSZ01;s__	N/A	N/A	N/A	N/A	N/A	N/A	N/A	N/A	N/A	N/A	d__Bacteria;p__Planctomycetota;c__SZUA-567;o__SZUA-567;f__SZUA-567;g__JAJBSZ01;s__	taxonomic classification fully defined by topology	classification based on placement in class-level tree	N/A	32.95	11	0.93858	N/A
Pame_bac_bin382	d__Bacteria;p__Pseudomonadota;c__Alphaproteobacteria;o__Rs-D84;f__Rs-D84;g__;s__	N/A	N/A	N/A	N/A	N/A	N/A	N/A	N/A	N/A	N/A	d__Bacteria;p__Pseudomonadota;c__Alphaproteobacteria;o__Rs-D84;f__Rs-D84;g__;s__	taxonomic novelty determined using RED	classification based on placement in class-level tree	N/A	60.18	11	0.90731	N/A
Pame_bac_bin383	d__Bacteria;p__Pseudomonadota;c__Alphaproteobacteria;o__Rs-D84;f__Rs-D84;g__;s__	N/A	N/A	N/A	N/A	N/A	N/A	N/A	N/A	N/A	N/A	d__Bacteria;p__Pseudomonadota;c__Alphaproteobacteria;o__Rs-D84;f__Rs-D84;g__;s__	taxonomic novelty determined using RED	classification based on placement in class-level tree	N/A	44.31	11	0.90837	N/A
Pame_bac_bin384	d__Bacteria;p__Pseudomonadota;c__Alphaproteobacteria;o__Rs-D84;f__Rs-D84;g__JAIRLB01;s__	N/A	N/A	N/A	N/A	N/A	N/A	N/A	N/A	N/A	N/A	d__Bacteria;p__Pseudomonadota;c__Alphaproteobacteria;o__Rs-D84;f__Rs-D84;g__JAIRLB01;s__	taxonomic classification fully defined by topology	classification based on placement in class-level tree	N/A	80.2	11	0.95849	N/A
Pame_bac_bin385	d__Bacteria;p__Pseudomonadota;c__Alphaproteobacteria;o__Rs-D84;f__Rs-D84;g__JAIRLB01;s__	N/A	N/A	N/A	N/A	N/A	N/A	N/A	N/A	N/A	N/A	d__Bacteria;p__Pseudomonadota;c__Alphaproteobacteria;o__Rs-D84;f__Rs-D84;g__JAIRLB01;s__	taxonomic classification fully defined by topology	classification based on placement in class-level tree	N/A	33.64	11	0.95623	N/A
Pame_bac_bin386	d__Bacteria;p__Pseudomonadota;c__Alphaproteobacteria;o__Rs-D84;f__Rs-D84;g__WQUT01;s__	N/A	N/A	N/A	N/A	N/A	N/A	N/A	N/A	N/A	N/A	d__Bacteria;p__Pseudomonadota;c__Alphaproteobacteria;o__Rs-D84;f__Rs-D84;g__WQUT01;s__	taxonomic novelty determined using RED	classification based on placement in class-level tree	N/A	60.62	11	0.87602	N/A
Pame_bac_bin387	d__Bacteria;p__Pseudomonadota;c__Alphaproteobacteria;o__Rs-D84;f__Rs-D84;g__WRCC01;s__	N/A	N/A	N/A	N/A	N/A	N/A	N/A	N/A	N/A	N/A	d__Bacteria;p__Pseudomonadota;c__Alphaproteobacteria;o__Rs-D84;f__Rs-D84;g__WRCC01;s__	taxonomic classification fully defined by topology	classification based on placement in class-level tree	N/A	71.06	11	0.90496	N/A
Pame_bac_bin388	d__Bacteria;p__Pseudomonadota;c__Gammaproteobacteria;o__Burkholderiales;f__;g__;s__	N/A	N/A	N/A	N/A	N/A	N/A	N/A	N/A	N/A	N/A	d__Bacteria;p__Pseudomonadota;c__Gammaproteobacteria;o__Burkholderiales;f__;g__;s__	taxonomic classification fully defined by topology	classification based on placement in class-level tree	N/A	40.3	11	0.54725	N/A
Pame_bac_bin389	d__Bacteria;p__Pseudomonadota;c__Gammaproteobacteria;o__Burkholderiales;f__Burkholderiaceae;g__Oxalobacter;s__	N/A	N/A	N/A	N/A	N/A	GCF_027118995.1	95.0	d__Bacteria;p__Pseudomonadota;c__Gammaproteobacteria;o__Burkholderiales;f__Burkholderiaceae;g__Oxalobacter;s__Oxalobacter vibrioformis	86.21	0.541	d__Bacteria;p__Pseudomonadota;c__Gammaproteobacteria;o__Burkholderiales;f__Burkholderiaceae;g__Oxalobacter;s__	taxonomic classification defined by topology and ANI	classification based on placement in class-level tree	GCA_030269625.1, s__Oxalobacter sp030269625, 95.0, 85.36, 0.325	71.58	11	0.97594	Genome not assigned to closest species as it falls outside its pre-defined ANI radius
Pame_bac_bin390	d__Bacteria;p__Pseudomonadota;c__Gammaproteobacteria;o__Burkholderiales;f__Burkholderiaceae;g__Saezia;s__	N/A	N/A	N/A	N/A	N/A	N/A	N/A	N/A	N/A	N/A	d__Bacteria;p__Pseudomonadota;c__Gammaproteobacteria;o__Burkholderiales;f__Burkholderiaceae;g__Saezia;s__	taxonomic novelty determined using RED	classification based on placement in class-level tree	N/A	72.27	11	0.90752	N/A
Pame_bac_bin391	d__Bacteria;p__Pseudomonadota;c__Gammaproteobacteria;o__Burkholderiales;f__Neisseriaceae;g__QFNR01;s__	N/A	N/A	N/A	N/A	N/A	N/A	N/A	N/A	N/A	N/A	d__Bacteria;p__Pseudomonadota;c__Gammaproteobacteria;o__Burkholderiales;f__Neisseriaceae;g__QFNR01;s__	taxonomic classification fully defined by topology	classification based on placement in class-level tree	N/A	91.84	11	0.96804	N/A
Pame_bac_bin392	d__Bacteria;p__Pseudomonadota;c__Gammaproteobacteria;o__Burkholderiales;f__Rhodocyclaceae;g__;s__	N/A	N/A	N/A	N/A	N/A	N/A	N/A	N/A	N/A	N/A	d__Bacteria;p__Pseudomonadota;c__Gammaproteobacteria;o__Burkholderiales;f__Rhodocyclaceae;g__;s__	taxonomic novelty determined using RED	classification based on placement in class-level tree	N/A	93.07	11	0.83859	N/A
Pame_bac_bin393	d__Bacteria;p__Pseudomonadota;c__Gammaproteobacteria;o__Burkholderiales;f__Rhodocyclaceae;g__UBA2357;s__	N/A	N/A	N/A	N/A	N/A	N/A	N/A	N/A	N/A	N/A	d__Bacteria;p__Pseudomonadota;c__Gammaproteobacteria;o__Burkholderiales;f__Rhodocyclaceae;g__UBA2357;s__	taxonomic novelty determined using RED	classification based on placement in class-level tree	N/A	53.35	11	0.91197	N/A
Pame_bac_bin394	d__Bacteria;p__Pseudomonadota;c__Gammaproteobacteria;o__Enterobacterales;f__Enterobacteriaceae;g__Citrobacter;s__Citrobacter werkmanii	GCF_000759755.1	95.0	d__Bacteria;p__Pseudomonadota;c__Gammaproteobacteria;o__Enterobacterales;f__Enterobacteriaceae;g__Citrobacter;s__Citrobacter werkmanii	98.58	0.913	N/A	N/A	N/A	N/A	N/A	N/A	ani_screen	classification based on ANI only	GCF_008373795.1, s__Citrobacter pasteurii, 95.0, 89.04, 0.692; GCF_001037495.1, s__Citrobacter sp001037495, 95.0, 86.69, 0.592; GCF_029717145.1, s__Citrobacter gillenii, 95.0, 86.69, 0.625; GCF_945906775.1, s__Citrobacter sp945906775, 95.0, 86.72, 0.571; GCF_001559075.2, s__Citrobacter_A amalonaticus_F, 95.0, 83.3, 0.375; GCF_002075345.1, s__Citrobacter braakii, 95.0, 90.53, 0.718; GCF_003818115.1, s__Citrobacter youngae, 95.0, 89.28, 0.706; GCF_002042885.1, s__Citrobacter portucalensis, 95.0, 90.8, 0.768; GCF_004353845.1, s__Citrobacter arsenatis, 95.0, 90.82, 0.755; GCF_024023655.1, s__Citrobacter meridianamericanus, 95.0, 89.63, 0.706; GCF_011064845.1, s__Citrobacter freundii, 95.0, 90.53, 0.763; GCF_015672735.1, s__Citrobacter sp015672735, 95.0, 87.07, 0.623; GCA_020099315.1, s__Citrobacter europaeus, 95.0, 90.79, 0.722; GCF_004684345.1, s__Citrobacter tructae, 95.0, 87.14, 0.636; GCF_030332225.1, s__Citrobacter sp030332225, 95.0, 87.42, 0.647; GCF_018342065.1, s__Citrobacter sp018342065, 95.0, 87.74, 0.644; GCF_000155975.1, s__Citrobacter portucalensis_A, 95.0, 92.24, 0.765; GCF_005281345.1, s__Citrobacter sp005281345, 95.0, 88.43, 0.642	N/A	N/A	N/A	N/A
Pame_bac_bin395	d__Bacteria;p__Pseudomonadota;c__Gammaproteobacteria;o__Pseudomonadales;f__Moraxellaceae;g__Acinetobacter;s__	N/A	N/A	N/A	N/A	N/A	GCF_000368565.1	95.0	d__Bacteria;p__Pseudomonadota;c__Gammaproteobacteria;o__Pseudomonadales;f__Moraxellaceae;g__Acinetobacter;s__Acinetobacter gerneri	94.55	0.701	d__Bacteria;p__Pseudomonadota;c__Gammaproteobacteria;o__Pseudomonadales;f__Moraxellaceae;g__Acinetobacter;s__	taxonomic classification defined by topology and ANI	classification based on placement in class-level tree	GCF_026344175.1, s__Acinetobacter nematophilus, 95.0, 90.57, 0.356; GCF_000368925.1, s__Acinetobacter bereziniae, 95.0, 86.07, 0.309; GCA_009912575.1, s__Acinetobacter bereziniae_A, 95.0, 84.37, 0.27; GCF_000368145.1, s__Acinetobacter guillouiae, 95.0, 81.45, 0.184	35.97	11	0.98875	Genome not assigned to closest species as it falls outside its pre-defined ANI radius
Pame_bac_bin396	d__Bacteria;p__Pseudomonadota;c__Gammaproteobacteria;o__Pseudomonadales;f__Moraxellaceae;g__Acinetobacter;s__Acinetobacter nematophilus	GCF_026344175.1	95.0	d__Bacteria;p__Pseudomonadota;c__Gammaproteobacteria;o__Pseudomonadales;f__Moraxellaceae;g__Acinetobacter;s__Acinetobacter nematophilus	95.92	0.858	N/A	N/A	N/A	N/A	N/A	N/A	ani_screen	classification based on ANI only	GCA_009912575.1, s__Acinetobacter bereziniae_A, 95.0, 87.56, 0.587; GCF_000368925.1, s__Acinetobacter bereziniae, 95.0, 90.02, 0.719	N/A	N/A	N/A	N/A
Pame_bac_bin397	d__Bacteria;p__Pseudomonadota;c__Gammaproteobacteria;o__Pseudomonadales;f__Pseudomonadaceae;g__Pseudomonas;s__Pseudomonas aeruginosa	GCF_001457615.1	95.0	d__Bacteria;p__Pseudomonadota;c__Gammaproteobacteria;o__Pseudomonadales;f__Pseudomonadaceae;g__Pseudomonas;s__Pseudomonas aeruginosa	97.58	0.923	N/A	N/A	N/A	N/A	N/A	N/A	ani_screen	classification based on ANI only	GCF_003205495.1, s__Pseudomonas_E alcaligenes_B, 95.0, 80.9, 0.183; GCF_014204515.1, s__Pseudomonas nitritireducens_A, 95.0, 81.75, 0.204; GCF_009189165.1, s__Pseudomonas sp009189165, 95.0, 81.4, 0.168; GCF_014852585.1, s__Pseudomonas sp014852585, 95.0, 81.02, 0.171; GCF_000364625.1, s__Pseudomonas_E thermotolerans, 95.0, 80.53, 0.165; GCF_029335315.1, s__Pseudomonas citronellolis_A, 95.0, 83.06, 0.231; GCF_902506505.1, s__Pseudomonas_E sp902506505, 95.0, 80.59, 0.169; GCF_900111835.1, s__Pseudomonas_F otitidis, 95.0, 80.75, 0.16; GCF_021603645.1, s__Pseudomonas pseudonitroreducens, 95.0, 81.03, 0.181; GCF_024170165.1, s__Pseudomonas nitroreducens_C, 95.0, 81.43, 0.178; GCF_900099785.1, s__Pseudomonas panipatensis, 95.0, 82.02, 0.207; GCF_900112375.1, s__Pseudomonas citronellolis, 95.0, 82.3, 0.228; GCF_019145435.1, s__Pseudomonas_E ekonensis, 95.0, 80.73, 0.159; GCF_005877905.1, s__Pseudomonas nicosulfuronedens, 95.0, 80.94, 0.168; GCF_000689415.1, s__Pseudomonas knackmussii, 95.0, 81.59, 0.19; GCF_002091755.1, s__Pseudomonas nitroreducens, 95.0, 81.3, 0.193; GCF_008807415.1, s__Pseudomonas sp002079985, 95.0, 81.33, 0.193; GCF_018398425.1, s__Pseudomonas_E lalucatii, 95.0, 80.81, 0.156; GCF_001902145.1, s__Pseudomonas_E fluorescens_BV, 95.0, 85.8, 0.225; GCF_023823685.1, s__Pseudomonas_E subflava, 95.0, 80.65, 0.151; GCF_009799925.1, s__Pseudomonas_E sp009799925, 95.0, 80.88, 0.182; GCF_003852405.1, s__Pseudomonas_E sp003852405, 95.0, 82.08, 0.171; GCF_014490745.1, s__Pseudomonas_E alcaligenes_C, 95.0, 80.46, 0.161; GCF_012971725.1, s__Pseudomonas multiresinivorans, 95.0, 81.42, 0.187; GCF_002601815.1, s__Pseudomonas paraeruginosa, 95.0, 91.93, 0.772; GCF_000349845.1, s__Pseudomonas sp000349845, 95.0, 81.82, 0.215; GCF_000931465.1, s__Pseudomonas_E sp000931465, 95.0, 80.72, 0.165; GCF_904061905.1, s__Pseudomonas_E carbonaria, 95.0, 81.57, 0.169; GCF_001921865.1, s__Pseudomonas_E chlororaphis_D, 95.0, 81.1, 0.163; GCF_030462585.1, s__Pseudomonas sp030462585, 95.0, 81.69, 0.201; GCF_900103845.1, s__Pseudomonas jinjuensis, 95.0, 82.49, 0.211; GCF_026686735.1, s__Pseudomonas sp024259745, 95.0, 80.37, 0.162; GCF_904063055.1, s__Pseudomonas_E paracarnis, 95.0, 85.68, 0.222; GCF_025133575.1, s__Pseudomonas nitroreducens_B, 95.0, 81.49, 0.189; GCF_000955805.1, s__Pseudomonas sp000955805, 95.0, 81.4, 0.191; GCF_000313755.1, s__Pseudomonas nitroreducens_A, 95.0, 81.42, 0.175; GCF_003696305.1, s__Pseudomonas_E sp003696305, 95.0, 80.79, 0.155; GCF_001439845.1, s__Pseudomonas_E lactis, 95.0, 86.12, 0.22; GCF_029203285.1, s__Pseudomonas sp029203285, 95.0, 81.27, 0.194; GCF_900187975.1, s__Pseudomonas delhiensis, 95.0, 82.55, 0.239; GCF_012767755.2, s__Pseudomonas_F tohonis, 95.0, 80.64, 0.163; GCF_016919445.1, s__Pseudomonas sp016919445, 95.0, 81.27, 0.174; GCF_026072635.1, s__Pseudomonas_F solani, 95.0, 80.64, 0.158; GCF_017491605.1, s__Pseudomonas sp017491605, 95.0, 81.61, 0.186; GCF_017589465.1, s__Pseudomonas schmalbachii, 95.0, 81.95, 0.197; GCF_002796985.1, s__Pseudomonas sp002796985, 95.0, 81.29, 0.178	N/A	N/A	N/A	N/A
Pame_bac_bin398	d__Bacteria;p__Pseudomonadota;c__Gammaproteobacteria;o__Pseudomonadales;f__Pseudomonadaceae;g__Pseudomonas_E;s__Pseudomonas_E lactis	GCF_001439845.1	95.0	d__Bacteria;p__Pseudomonadota;c__Gammaproteobacteria;o__Pseudomonadales;f__Pseudomonadaceae;g__Pseudomonas_E;s__Pseudomonas_E lactis	95.62	0.803	N/A	N/A	N/A	N/A	N/A	N/A	ani_screen	classification based on ANI only	GCF_001439805.1, s__Pseudomonas_E trivialis, 95.0, 87.16, 0.511; GCA_900580675.1, s__Pseudomonas_E sp900580675, 95.0, 87.85, 0.566; GCF_030816195.1, s__Pseudomonas_E sp030816195, 95.0, 88.27, 0.637; GCF_024169765.1, s__Pseudomonas_E quebecensis, 95.0, 87.04, 0.531; GCF_019139815.1, s__Pseudomonas_E asgharzadehiana, 95.0, 87.29, 0.548; GCF_001439695.1, s__Pseudomonas_E veronii, 95.0, 87.71, 0.503; GCF_002018875.1, s__Pseudomonas_E sp002018875, 95.0, 82.94, 0.247; GCF_002979555.1, s__Pseudomonas_E sp002979555, 95.0, 87.58, 0.534; GCF_030580855.1, s__Pseudomonas_E sp030580855, 95.0, 83.21, 0.26; GCF_013385985.1, s__Pseudomonas_E sp013385985, 95.0, 87.25, 0.522; GCF_018614655.1, s__Pseudomonas_E fluorescens_BX, 95.0, 85.44, 0.406; GCF_009707515.1, s__Pseudomonas_E karstica, 95.0, 85.15, 0.403; GCF_014268455.2, s__Pseudomonas_E shahriarae, 95.0, 86.09, 0.453; GCF_900111895.1, s__Pseudomonas_E simiae, 95.0, 87.39, 0.553; GCF_003852235.1, s__Pseudomonas_E sp003852235, 95.0, 88.59, 0.64; GCF_001983165.1, s__Pseudomonas_E gessardii, 95.0, 86.11, 0.433; GCF_001439685.1, s__Pseudomonas_E libanensis, 95.0, 90.16, 0.687; GCF_022807995.1, s__Pseudomonas_E orientalis_B, 95.0, 88.56, 0.622; GCF_012985465.1, s__Pseudomonas_E sp012985465, 95.0, 86.21, 0.457; GCF_004682055.1, s__Pseudomonas_E kairouanensis, 95.0, 86.93, 0.495; GCA_900591205.1, s__Pseudomonas_E sp900591205, 95.0, 87.31, 0.543; GCF_002837185.1, s__Pseudomonas_E fluorescens_AM, 95.0, 88.35, 0.622; GCF_002874965.1, s__Pseudomonas_E sp002874965, 95.0, 86.78, 0.457; GCF_015163715.1, s__Pseudomonas_E cyclaminis, 95.0, 87.47, 0.521; GCF_012935715.1, s__Pseudomonas_E sp000242655, 95.0, 86.68, 0.455; GCF_001269925.1, s__Pseudomonas_E sp001269925, 95.0, 87.67, 0.517; GCF_900105325.1, s__Pseudomonas_E marginalis, 95.0, 87.83, 0.517; GCF_029320995.1, s__Pseudomonas_E marginalis_D, 95.0, 87.17, 0.503; GCF_019145435.1, s__Pseudomonas_E ekonensis, 95.0, 82.93, 0.265; GCF_019145355.1, s__Pseudomonas_E azadiae, 95.0, 87.18, 0.535; GCF_001439815.1, s__Pseudomonas_E orientalis, 95.0, 88.4, 0.606; GCF_005938045.2, s__Pseudomonas_E sp005938045, 95.0, 87.17, 0.542; GCF_001708445.1, s__Pseudomonas_E fluorescens_AN, 95.0, 87.23, 0.504; GCF_003945765.1, s__Pseudomonas_E chlororaphis, 95.0, 83.31, 0.262; GCF_000931465.1, s__Pseudomonas_E sp000931465, 95.0, 82.96, 0.264; GCF_003852405.1, s__Pseudomonas_E sp003852405, 95.0, 87.3, 0.532; GCF_000503215.1, s__Pseudomonas_E canadensis, 95.0, 87.5, 0.541; GCF_003851685.1, s__Pseudomonas_E sp003851685, 95.0, 88.8, 0.652; GCF_009834565.1, s__Pseudomonas_E sp009834565, 95.0, 87.86, 0.535; GCF_009707325.1, s__Pseudomonas_E sp002263605, 95.0, 88.43, 0.645; GCF_003852315.1, s__Pseudomonas_E sp003014915, 95.0, 87.02, 0.53; GCF_001439785.1, s__Pseudomonas_E poae, 95.0, 86.98, 0.497; GCF_021166635.1, s__Pseudomonas_E petroselini, 95.0, 87.61, 0.515; GCF_900103345.1, s__Pseudomonas_E azotoformans, 95.0, 87.97, 0.538; GCF_002813445.1, s__Pseudomonas_E tolaasii, 95.0, 86.96, 0.509; GCF_001870465.1, s__Pseudomonas_E extremorientalis, 95.0, 87.77, 0.552; GCF_007858185.1, s__Pseudomonas_E grimontii, 95.0, 87.36, 0.506; GCF_900105735.1, s__Pseudomonas_E yamanorum, 95.0, 86.43, 0.456; GCF_007858285.1, s__Pseudomonas_E brenneri, 95.0, 86.24, 0.462; GCF_002934065.1, s__Pseudomonas_E orientalis_A, 95.0, 88.39, 0.612; GCF_000612585.1, s__Pseudomonas_E sp000612585, 95.0, 87.82, 0.525; GCF_001439735.1, s__Pseudomonas_E paralactis, 95.0, 90.88, 0.743; GCF_016925675.1, s__Pseudomonas_E sp012985665, 95.0, 85.74, 0.424; GCF_008369295.1, s__Pseudomonas_E sp008369295, 95.0, 85.32, 0.396; GCF_005863185.1, s__Pseudomonas_E edaphica, 95.0, 88.44, 0.475; GCF_900106045.1, s__Pseudomonas_E mucidolens, 95.0, 84.51, 0.366; GCA_021606685.1, s__Pseudomonas_E syringae_R, 95.0, 87.8, 0.567; GCF_002563895.1, s__Pseudomonas_E lurida, 95.0, 87.22, 0.552; GCF_016937615.1, s__Pseudomonas_E lactucae, 95.0, 87.52, 0.513; GCF_013386765.1, s__Pseudomonas_E yamanorum_A, 95.0, 86.18, 0.457; GCF_030687535.1, s__Pseudomonas_E sp014851685, 95.0, 87.6, 0.559; GCF_014839385.1, s__Pseudomonas_E fluorescens_CB, 95.0, 87.08, 0.51; GCF_900107155.1, s__Pseudomonas_E salomonii, 95.0, 87.73, 0.541; GCF_021018765.1, s__Pseudomonas_E fitomaticsae, 95.0, 82.68, 0.259; GCF_019145205.1, s__Pseudomonas_E khavaziana, 95.0, 89.6, 0.665; GCF_013386825.1, s__Pseudomonas_E sp013386825, 95.0, 86.3, 0.439; GCF_001984065.1, s__Pseudomonas_E sp001984065, 95.0, 83.51, 0.239; GCF_001579805.1, s__Pseudomonas_E azotoformans_A, 95.0, 87.64, 0.503; GCF_003031675.1, s__Pseudomonas_E palleroniana, 95.0, 86.99, 0.548; GCF_002204795.1, s__Pseudomonas_E sp002204795, 95.0, 86.17, 0.451; GCF_030687575.1, s__Pseudomonas_E sp023148575, 95.0, 87.38, 0.545; GCA_900590885.1, s__Pseudomonas_E viridiflava_D, 95.0, 87.82, 0.548; GCF_024112395.1, s__Pseudomonas_E pergaminensis, 95.0, 87.46, 0.539; GCF_026241895.1, s__Pseudomonas_E mandelii_F, 95.0, 82.78, 0.222; GCF_900105675.1, s__Pseudomonas_E synxantha, 95.32, 89.97, 0.648; GCF_000730425.1, s__Pseudomonas_E fluorescens_X, 95.0, 85.6, 0.429; GCF_001902145.1, s__Pseudomonas_E fluorescens_BV, 95.0, 94.12, 0.811; GCA_016937595.1, s__Pseudomonas_E fulgida, 95.0, 87.93, 0.458; GCF_001050345.1, s__Pseudomonas_E fildesensis, 95.0, 87.86, 0.548; GCF_030147005.1, s__Pseudomonas_E sp030147005, 95.0, 88.2, 0.624; GCF_904063055.1, s__Pseudomonas_E paracarnis, 95.0, 94.63, 0.818; GCF_001870435.1, s__Pseudomonas_E costantinii, 95.0, 86.85, 0.49; GCF_900624995.1, s__Pseudomonas_E antarctica, 95.0, 87.77, 0.531; GCF_001952855.1, s__Pseudomonas_E sp001952855, 95.0, 86.12, 0.455; GCF_009866765.1, s__Pseudomonas_E sp009866765, 95.0, 87.5, 0.51; GCF_023242475.1, s__Pseudomonas_E sp023242475, 95.0, 88.11, 0.6; GCF_015461805.1, s__Pseudomonas_E pisciculturae, 95.0, 87.17, 0.517; GCF_009659625.1, s__Pseudomonas_E haemolytica, 95.0, 89.99, 0.705; GCF_013778505.1, s__Pseudomonas_E sivasensis, 95.0, 87.11, 0.508; GCF_013386585.1, s__Pseudomonas_E sp013386585, 95.0, 87.6, 0.509; GCF_014230465.1, s__Pseudomonas_E cremoris, 95.0, 86.64, 0.474; GCF_007858255.1, s__Pseudomonas_E rhodesiae, 95.0, 87.04, 0.504; GCF_001983175.1, s__Pseudomonas_E cedrina, 95.0, 87.04, 0.503; GCF_030687495.1, s__Pseudomonas_E sp000346755, 95.0, 87.62, 0.557; GCA_028869255.1, s__Pseudomonas_E poae_C, 95.0, 87.65, 0.534; GCA_900583165.1, s__Pseudomonas_E sp900583165, 95.0, 86.76, 0.506; GCF_004682045.1, s__Pseudomonas_E nabeulensis, 95.0, 87.27, 0.504; GCF_009296165.1, s__Pseudomonas_E kitaguniensis, 95.0, 86.54, 0.481; GCF_004519405.1, s__Pseudomonas_E sp004519405, 95.0, 86.87, 0.522; GCF_021390155.1, s__Pseudomonas_E sp021390155, 95.0, 87.03, 0.517; GCF_014268275.3, s__Pseudomonas_E tritici, 95.0, 87.18, 0.526; GCF_009724245.1, s__Pseudomonas_E spelaei, 95.0, 85.78, 0.42; GCF_001702265.1, s__Pseudomonas_E aylmerensis, 95.0, 87.02, 0.511; GCF_001647715.1, s__Pseudomonas_E antarctica_A, 95.0, 87.22, 0.53; GCF_000263715.2, s__Pseudomonas_E synxantha_A, 95.0, 90.02, 0.701; GCF_012935695.1, s__Pseudomonas_E sp012935695, 95.0, 85.2, 0.412; GCF_900215245.1, s__Pseudomonas_E fluorescens, 95.0, 87.19, 0.534; GCF_900102035.1, s__Pseudomonas_E extremaustralis, 95.0, 87.06, 0.463; GCF_003850345.1, s__Pseudomonas_E piscium, 95.0, 83.18, 0.268; GCF_002251635.1, s__Pseudomonas_E mandelii_B, 95.0, 85.34, 0.299; GCF_007858275.1, s__Pseudomonas_E proteolytica, 95.0, 86.09, 0.442; GCF_014207255.1, s__Pseudomonas_E sp014207255, 95.0, 87.5, 0.498; GCF_002022275.1, s__Pseudomonas_E fluorescens_AJ, 95.0, 87.04, 0.498; GCF_002843605.1, s__Pseudomonas_E sp002843605, 95.0, 87.84, 0.528; GCF_013385825.1, s__Pseudomonas_E reactans, 95.0, 87.19, 0.528	N/A	N/A	N/A	N/A
Pame_bac_bin399	d__Bacteria;p__Riflebacteria;c__Ozemobacteria;o__Ozemobacterales;f__Ozemobacteraceae;g__;s__	N/A	N/A	N/A	N/A	N/A	N/A	N/A	N/A	N/A	N/A	d__Bacteria;p__Riflebacteria;c__Ozemobacteria;o__Ozemobacterales;f__Ozemobacteraceae;g__;s__	taxonomic classification fully defined by topology	classification based on placement in class-level tree	N/A	90.74	11	0.85173	N/A
Pame_bac_bin400	d__Bacteria;p__Spirochaetota;c__GWB1-36-13;o__GWB1-36-13;f__;g__;s__	N/A	N/A	N/A	N/A	N/A	N/A	N/A	N/A	N/A	N/A	d__Bacteria;p__Spirochaetota;c__GWB1-36-13;o__GWB1-36-13;f__;g__;s__	taxonomic novelty determined using RED	classification based on placement in class-level tree	N/A	86.47	11	0.63313	N/A
Pame_bac_bin401	d__Bacteria;p__Spirochaetota;c__Spirochaetia;o__CADAEX01;f__CADAEX01;g__;s__	N/A	N/A	N/A	N/A	N/A	N/A	N/A	N/A	N/A	N/A	d__Bacteria;p__Spirochaetota;c__Spirochaetia;o__CADAEX01;f__CADAEX01;g__;s__	taxonomic novelty determined using RED	classification based on placement in class-level tree	N/A	77.16	11	0.8868	N/A
Pame_bac_bin402	d__Bacteria;p__Spirochaetota;c__Spirochaetia;o__Sphaerochaetales;f__Sphaerochaetaceae;g__;s__	N/A	N/A	N/A	N/A	N/A	N/A	N/A	N/A	N/A	N/A	d__Bacteria;p__Spirochaetota;c__Spirochaetia;o__Sphaerochaetales;f__Sphaerochaetaceae;g__;s__	taxonomic classification fully defined by topology	classification based on placement in class-level tree	N/A	79.25	11	0.79745	N/A
Pame_bac_bin403	d__Bacteria;p__Spirochaetota;c__Spirochaetia;o__Treponematales;f__Breznakiellaceae;g__UBA937;s__	N/A	N/A	N/A	N/A	N/A	N/A	N/A	N/A	N/A	N/A	d__Bacteria;p__Spirochaetota;c__Spirochaetia;o__Treponematales;f__Breznakiellaceae;g__UBA937;s__	taxonomic novelty determined using RED	classification based on placement in class-level tree	N/A	51.36	11	0.92782	N/A
Pame_bac_bin404	d__Bacteria;p__Spirochaetota;c__Spirochaetia;o__UBA9216;f__UBA9216;g__JAISRN01;s__	N/A	N/A	N/A	N/A	N/A	N/A	N/A	N/A	N/A	N/A	d__Bacteria;p__Spirochaetota;c__Spirochaetia;o__UBA9216;f__UBA9216;g__JAISRN01;s__	taxonomic novelty determined using RED	classification based on placement in class-level tree	N/A	43.61	11	0.85187	N/A
Pame_bac_bin405	d__Bacteria;p__Spirochaetota;c__Spirochaetia;o__UBA9216;f__UBA9216;g__JAISRN01;s__	N/A	N/A	N/A	N/A	N/A	N/A	N/A	N/A	N/A	N/A	d__Bacteria;p__Spirochaetota;c__Spirochaetia;o__UBA9216;f__UBA9216;g__JAISRN01;s__	taxonomic novelty determined using RED	classification based on placement in class-level tree	N/A	47.49	11	0.86619	N/A
Pame_bac_bin406	d__Bacteria;p__Spirochaetota;c__Spirochaetia;o__WRBN01;f__WRBN01;g__;s__	N/A	N/A	N/A	N/A	N/A	N/A	N/A	N/A	N/A	N/A	d__Bacteria;p__Spirochaetota;c__Spirochaetia;o__WRBN01;f__WRBN01;g__;s__	taxonomic novelty determined using RED	classification based on placement in class-level tree	N/A	38.89	11	0.71853	N/A
Pame_bac_bin407	d__Bacteria;p__Spirochaetota;c__UBA4802;o__UBA4802;f__UBA5550;g__JAITPE01;s__	N/A	N/A	N/A	N/A	N/A	N/A	N/A	N/A	N/A	N/A	d__Bacteria;p__Spirochaetota;c__UBA4802;o__UBA4802;f__UBA5550;g__JAITPE01;s__	taxonomic novelty determined using RED	classification based on placement in class-level tree	N/A	78.65	11	0.90812	N/A
Pame_bac_bin408	d__Bacteria;p__Synergistota;c__Synergistia;o__Synergistales;f__Synergistaceae;g__JAJDJB01;s__JAJDJB01 sp030266985	GCA_030266985.1	95.0	d__Bacteria;p__Synergistota;c__Synergistia;o__Synergistales;f__Synergistaceae;g__JAJDJB01;s__JAJDJB01 sp030266985	97.4	0.658	N/A	N/A	N/A	N/A	N/A	N/A	ani_screen	classification based on ANI only	N/A	N/A	N/A	N/A	N/A
Pame_bac_bin409	d__Bacteria;p__Verrucomicrobiota;c__Kiritimatiellia;o__LD1-PB3_B;f__Lenti-01;g__;s__	N/A	N/A	N/A	N/A	N/A	N/A	N/A	N/A	N/A	N/A	d__Bacteria;p__Verrucomicrobiota;c__Kiritimatiellia;o__LD1-PB3_B;f__Lenti-01;g__;s__	taxonomic novelty determined using RED	classification based on placement in class-level tree	N/A	63.77	11	0.79351	N/A
Pame_bac_bin410	d__Bacteria;p__Verrucomicrobiota;c__Kiritimatiellia;o__LD1-PB3_B;f__Lenti-01;g__RGIG3480;s__	N/A	N/A	N/A	N/A	N/A	N/A	N/A	N/A	N/A	N/A	d__Bacteria;p__Verrucomicrobiota;c__Kiritimatiellia;o__LD1-PB3_B;f__Lenti-01;g__RGIG3480;s__	taxonomic novelty determined using RED	classification based on placement in class-level tree	N/A	67.41	11	0.90902	N/A
Pame_bac_bin411	d__Bacteria;p__Verrucomicrobiota;c__Kiritimatiellia;o__LD1-PB3_B;f__Lenti-01;g__RGIG3480;s__	N/A	N/A	N/A	N/A	N/A	N/A	N/A	N/A	N/A	N/A	d__Bacteria;p__Verrucomicrobiota;c__Kiritimatiellia;o__LD1-PB3_B;f__Lenti-01;g__RGIG3480;s__	taxonomic novelty determined using RED	classification based on placement in class-level tree	N/A	31.08	11	0.91023	N/A
Pame_bac_bin412	d__Bacteria;p__Verrucomicrobiota;c__Kiritimatiellia;o__RFP12;f__UBA1067;g__;s__	N/A	N/A	N/A	N/A	N/A	N/A	N/A	N/A	N/A	N/A	d__Bacteria;p__Verrucomicrobiota;c__Kiritimatiellia;o__RFP12;f__UBA1067;g__;s__	taxonomic novelty determined using RED	classification based on placement in class-level tree	N/A	45.34	11	0.81717	N/A
Pame_bac_bin413	d__Bacteria;p__Verrucomicrobiota;c__Kiritimatiellia;o__RFP12;f__UBA3636;g__;s__	N/A	N/A	N/A	N/A	N/A	N/A	N/A	N/A	N/A	N/A	d__Bacteria;p__Verrucomicrobiota;c__Kiritimatiellia;o__RFP12;f__UBA3636;g__;s__	taxonomic classification fully defined by topology	classification based on placement in class-level tree	N/A	50.45	11	0.81218	N/A
Pame_bac_bin414	d__Bacteria;p__Verrucomicrobiota;c__Lentisphaeria;o__Victivallales;f__Victivallaceae;g__CALXXL01;s__	N/A	N/A	N/A	N/A	N/A	N/A	N/A	N/A	N/A	N/A	d__Bacteria;p__Verrucomicrobiota;c__Lentisphaeria;o__Victivallales;f__Victivallaceae;g__CALXXL01;s__	taxonomic classification fully defined by topology	classification based on placement in class-level tree	N/A	48.4	11	0.92478	N/A
Pame_bac_bin415	d__Bacteria;p__Verrucomicrobiota;c__Verrucomicrobiae;o__Opitutales;f__CAG-312;g__Merdousia;s__	N/A	N/A	N/A	N/A	N/A	N/A	N/A	N/A	N/A	N/A	d__Bacteria;p__Verrucomicrobiota;c__Verrucomicrobiae;o__Opitutales;f__CAG-312;g__Merdousia;s__	taxonomic classification fully defined by topology	classification based on placement in class-level tree	N/A	65.08	11	0.91441	N/A
Pame_bac_bin416	d__Bacteria;p__Verrucomicrobiota;c__Verrucomicrobiae;o__Verrucomicrobiales;f__Akkermansiaceae;g__;s__	N/A	N/A	N/A	N/A	N/A	N/A	N/A	N/A	N/A	N/A	d__Bacteria;p__Verrucomicrobiota;c__Verrucomicrobiae;o__Verrucomicrobiales;f__Akkermansiaceae;g__;s__	taxonomic novelty determined using RED	classification based on placement in class-level tree	N/A	91.92	11	0.82584	N/A
Pful_bac_bin001	d__Bacteria;p__Actinomycetota;c__Actinomycetes;o__Mycobacteriales;f__Mycobacteriaceae;g__Corynebacterium;s__	N/A	N/A	N/A	N/A	N/A	N/A	N/A	N/A	N/A	N/A	d__Bacteria;p__Actinomycetota;c__Actinomycetes;o__Mycobacteriales;f__Mycobacteriaceae;g__Corynebacterium;s__	taxonomic classification fully defined by topology	classification based on placement in class-level tree	N/A	96.66	11	0.98742	N/A
Pful_bac_bin002	d__Bacteria;p__Actinomycetota;c__Coriobacteriia;o__Coriobacteriales;f__Eggerthellaceae;g__Raoultibacter;s__	N/A	N/A	N/A	N/A	N/A	N/A	N/A	N/A	N/A	N/A	d__Bacteria;p__Actinomycetota;c__Coriobacteriia;o__Coriobacteriales;f__Eggerthellaceae;g__Raoultibacter;s__	taxonomic classification fully defined by topology	classification based on placement in class-level tree	N/A	40.64	11	0.91144	N/A
Pful_bac_bin003	d__Bacteria;p__Actinomycetota;c__Coriobacteriia;o__Coriobacteriales;f__Eggerthellaceae;g__Raoultibacter;s__	N/A	N/A	N/A	N/A	N/A	N/A	N/A	N/A	N/A	N/A	d__Bacteria;p__Actinomycetota;c__Coriobacteriia;o__Coriobacteriales;f__Eggerthellaceae;g__Raoultibacter;s__	taxonomic classification fully defined by topology	classification based on placement in class-level tree	N/A	54.12	11	0.91051	N/A
Pful_bac_bin004	d__Bacteria;p__Actinomycetota;c__Coriobacteriia;o__Coriobacteriales;f__Eggerthellaceae;g__Raoultibacter;s__	N/A	N/A	N/A	N/A	N/A	N/A	N/A	N/A	N/A	N/A	d__Bacteria;p__Actinomycetota;c__Coriobacteriia;o__Coriobacteriales;f__Eggerthellaceae;g__Raoultibacter;s__	taxonomic classification fully defined by topology	classification based on placement in class-level tree	N/A	55.81	11	0.90993	N/A
Pful_bac_bin005	d__Bacteria;p__Actinomycetota;c__Coriobacteriia;o__Coriobacteriales;f__Eggerthellaceae;g__Raoultibacter;s__	N/A	N/A	N/A	N/A	N/A	N/A	N/A	N/A	N/A	N/A	d__Bacteria;p__Actinomycetota;c__Coriobacteriia;o__Coriobacteriales;f__Eggerthellaceae;g__Raoultibacter;s__	taxonomic classification fully defined by topology	classification based on placement in class-level tree	N/A	57.64	11	0.90865	N/A
Pful_bac_bin006	d__Bacteria;p__Actinomycetota;c__Coriobacteriia;o__Coriobacteriales;f__Eggerthellaceae;g__Raoultibacter;s__	N/A	N/A	N/A	N/A	N/A	N/A	N/A	N/A	N/A	N/A	d__Bacteria;p__Actinomycetota;c__Coriobacteriia;o__Coriobacteriales;f__Eggerthellaceae;g__Raoultibacter;s__	taxonomic classification fully defined by topology	classification based on placement in class-level tree	N/A	72.14	11	0.90888	N/A
Pful_bac_bin007	d__Bacteria;p__Actinomycetota;c__Coriobacteriia;o__Coriobacteriales;f__Eggerthellaceae;g__;s__	N/A	N/A	N/A	N/A	N/A	N/A	N/A	N/A	N/A	N/A	d__Bacteria;p__Actinomycetota;c__Coriobacteriia;o__Coriobacteriales;f__Eggerthellaceae;g__;s__	taxonomic novelty determined using RED	classification based on placement in class-level tree	N/A	34.72	11	0.88581	N/A
Pful_bac_bin008	d__Bacteria;p__Actinomycetota;c__Coriobacteriia;o__Coriobacteriales;f__UBA8131;g__;s__	N/A	N/A	N/A	N/A	N/A	N/A	N/A	N/A	N/A	N/A	d__Bacteria;p__Actinomycetota;c__Coriobacteriia;o__Coriobacteriales;f__UBA8131;g__;s__	taxonomic novelty determined using RED	classification based on placement in class-level tree	N/A	46.81	11	0.89762	N/A
Pful_bac_bin009	d__Bacteria;p__Bacillota_A;c__Clostridia;o__Christensenellales;f__Aristaeellaceae;g__Avichristensenella;s__	N/A	N/A	N/A	N/A	N/A	N/A	N/A	N/A	N/A	N/A	d__Bacteria;p__Bacillota_A;c__Clostridia;o__Christensenellales;f__Aristaeellaceae;g__Avichristensenella;s__	taxonomic classification fully defined by topology	classification based on placement in class-level tree	N/A	31.1	11	0.89488	N/A
Pful_bac_bin010	d__Bacteria;p__Bacillota_A;c__Clostridia;o__Christensenellales;f__Aristaeellaceae;g__Avichristensenella;s__	N/A	N/A	N/A	N/A	N/A	N/A	N/A	N/A	N/A	N/A	d__Bacteria;p__Bacillota_A;c__Clostridia;o__Christensenellales;f__Aristaeellaceae;g__Avichristensenella;s__	taxonomic classification fully defined by topology	classification based on placement in class-level tree	N/A	38.67	11	0.89976	N/A
Pful_bac_bin011	d__Bacteria;p__Bacillota_A;c__Clostridia;o__Christensenellales;f__Aristaeellaceae;g__Avichristensenella;s__	N/A	N/A	N/A	N/A	N/A	N/A	N/A	N/A	N/A	N/A	d__Bacteria;p__Bacillota_A;c__Clostridia;o__Christensenellales;f__Aristaeellaceae;g__Avichristensenella;s__	taxonomic classification fully defined by topology	classification based on placement in class-level tree	N/A	56.37	11	0.89705	N/A
Pful_bac_bin012	d__Bacteria;p__Bacillota_A;c__Clostridia;o__Christensenellales;f__Aristaeellaceae;g__Avichristensenella;s__	N/A	N/A	N/A	N/A	N/A	N/A	N/A	N/A	N/A	N/A	d__Bacteria;p__Bacillota_A;c__Clostridia;o__Christensenellales;f__Aristaeellaceae;g__Avichristensenella;s__	taxonomic classification fully defined by topology	classification based on placement in class-level tree	N/A	75.59	11	0.8967	N/A
Pful_bac_bin013	d__Bacteria;p__Bacillota_A;c__Clostridia;o__Christensenellales;f__Aristaeellaceae;g__Avichristensenella;s__	N/A	N/A	N/A	N/A	N/A	N/A	N/A	N/A	N/A	N/A	d__Bacteria;p__Bacillota_A;c__Clostridia;o__Christensenellales;f__Aristaeellaceae;g__Avichristensenella;s__	taxonomic classification fully defined by topology	classification based on placement in class-level tree	N/A	88.64	11	0.8976	N/A
Pful_bac_bin014	d__Bacteria;p__Bacillota_A;c__Clostridia;o__Christensenellales;f__Aristaeellaceae;g__Avichristensenella;s__	N/A	N/A	N/A	N/A	N/A	N/A	N/A	N/A	N/A	N/A	d__Bacteria;p__Bacillota_A;c__Clostridia;o__Christensenellales;f__Aristaeellaceae;g__Avichristensenella;s__	taxonomic classification fully defined by topology	classification based on placement in class-level tree	N/A	89.89	11	0.89864	N/A
Pful_bac_bin015	d__Bacteria;p__Bacillota_A;c__Clostridia;o__Christensenellales;f__Aristaeellaceae;g__Avichristensenella;s__	N/A	N/A	N/A	N/A	N/A	N/A	N/A	N/A	N/A	N/A	d__Bacteria;p__Bacillota_A;c__Clostridia;o__Christensenellales;f__Aristaeellaceae;g__Avichristensenella;s__	taxonomic classification fully defined by topology	classification based on placement in class-level tree	N/A	91.66	11	0.89666	N/A
Pful_bac_bin016	d__Bacteria;p__Bacillota_A;c__Clostridia;o__Christensenellales;f__Aristaeellaceae;g__Limiplasma;s__	N/A	N/A	N/A	N/A	N/A	N/A	N/A	N/A	N/A	N/A	d__Bacteria;p__Bacillota_A;c__Clostridia;o__Christensenellales;f__Aristaeellaceae;g__Limiplasma;s__	taxonomic classification fully defined by topology	classification based on placement in class-level tree	N/A	91.92	11	0.90196	N/A
Pful_bac_bin017	d__Bacteria;p__Bacillota_A;c__Clostridia;o__Christensenellales;f__Aristaeellaceae;g__;s__	N/A	N/A	N/A	N/A	N/A	N/A	N/A	N/A	N/A	N/A	d__Bacteria;p__Bacillota_A;c__Clostridia;o__Christensenellales;f__Aristaeellaceae;g__;s__	taxonomic classification fully defined by topology	classification based on placement in class-level tree	N/A	85.72	11	0.82564	N/A
Pful_bac_bin018	d__Bacteria;p__Bacillota_A;c__Clostridia;o__Christensenellales;f__Aristaeellaceae;g__;s__	N/A	N/A	N/A	N/A	N/A	N/A	N/A	N/A	N/A	N/A	d__Bacteria;p__Bacillota_A;c__Clostridia;o__Christensenellales;f__Aristaeellaceae;g__;s__	taxonomic novelty determined using RED	classification based on placement in class-level tree	N/A	33.31	11	0.84799	N/A
Pful_bac_bin019	d__Bacteria;p__Bacillota_A;c__Clostridia;o__Christensenellales;f__Aristaeellaceae;g__;s__	N/A	N/A	N/A	N/A	N/A	N/A	N/A	N/A	N/A	N/A	d__Bacteria;p__Bacillota_A;c__Clostridia;o__Christensenellales;f__Aristaeellaceae;g__;s__	taxonomic novelty determined using RED	classification based on placement in class-level tree	N/A	41.55	11	0.84315	N/A
Pful_bac_bin020	d__Bacteria;p__Bacillota_A;c__Clostridia;o__Christensenellales;f__Aristaeellaceae;g__;s__	N/A	N/A	N/A	N/A	N/A	N/A	N/A	N/A	N/A	N/A	d__Bacteria;p__Bacillota_A;c__Clostridia;o__Christensenellales;f__Aristaeellaceae;g__;s__	taxonomic novelty determined using RED	classification based on placement in class-level tree	N/A	59.64	11	0.88527	N/A
Pful_bac_bin021	d__Bacteria;p__Bacillota_A;c__Clostridia;o__Christensenellales;f__Aristaeellaceae;g__;s__	N/A	N/A	N/A	N/A	N/A	N/A	N/A	N/A	N/A	N/A	d__Bacteria;p__Bacillota_A;c__Clostridia;o__Christensenellales;f__Aristaeellaceae;g__;s__	taxonomic novelty determined using RED	classification based on placement in class-level tree	N/A	65.72	11	0.87935	N/A
Pful_bac_bin022	d__Bacteria;p__Bacillota_A;c__Clostridia;o__Christensenellales;f__Aristaeellaceae;g__;s__	N/A	N/A	N/A	N/A	N/A	N/A	N/A	N/A	N/A	N/A	d__Bacteria;p__Bacillota_A;c__Clostridia;o__Christensenellales;f__Aristaeellaceae;g__;s__	taxonomic novelty determined using RED	classification based on placement in class-level tree	N/A	74.84	11	0.83829	N/A
Pful_bac_bin023	d__Bacteria;p__Bacillota_A;c__Clostridia;o__Christensenellales;f__Aristaeellaceae;g__;s__	N/A	N/A	N/A	N/A	N/A	N/A	N/A	N/A	N/A	N/A	d__Bacteria;p__Bacillota_A;c__Clostridia;o__Christensenellales;f__Aristaeellaceae;g__;s__	taxonomic novelty determined using RED	classification based on placement in class-level tree	N/A	75.81	11	0.7957	N/A
Pful_bac_bin024	d__Bacteria;p__Bacillota_A;c__Clostridia;o__Christensenellales;f__Aristaeellaceae;g__;s__	N/A	N/A	N/A	N/A	N/A	N/A	N/A	N/A	N/A	N/A	d__Bacteria;p__Bacillota_A;c__Clostridia;o__Christensenellales;f__Aristaeellaceae;g__;s__	taxonomic novelty determined using RED	classification based on placement in class-level tree	N/A	79.03	11	0.79394	Genome has more than 10.8% of markers with multiple hits
Pful_bac_bin025	d__Bacteria;p__Bacillota_A;c__Clostridia;o__Christensenellales;f__CAG-138;g__JAISXK01;s__	N/A	N/A	N/A	N/A	N/A	N/A	N/A	N/A	N/A	N/A	d__Bacteria;p__Bacillota_A;c__Clostridia;o__Christensenellales;f__CAG-138;g__JAISXK01;s__	taxonomic novelty determined using RED	classification based on placement in class-level tree	N/A	41.35	11	0.86298	N/A
Pful_bac_bin026	d__Bacteria;p__Bacillota_A;c__Clostridia;o__Christensenellales;f__CAG-138;g__JAISXK01;s__	N/A	N/A	N/A	N/A	N/A	N/A	N/A	N/A	N/A	N/A	d__Bacteria;p__Bacillota_A;c__Clostridia;o__Christensenellales;f__CAG-138;g__JAISXK01;s__	taxonomic novelty determined using RED	classification based on placement in class-level tree	N/A	68.46	11	0.864	N/A
Pful_bac_bin027	d__Bacteria;p__Bacillota_A;c__Clostridia;o__Christensenellales;f__CAG-917;g__;s__	N/A	N/A	N/A	N/A	N/A	N/A	N/A	N/A	N/A	N/A	d__Bacteria;p__Bacillota_A;c__Clostridia;o__Christensenellales;f__CAG-917;g__;s__	taxonomic novelty determined using RED	classification based on placement in class-level tree	N/A	48.4	11	0.8471	N/A
Pful_bac_bin028	d__Bacteria;p__Bacillota_A;c__Clostridia;o__Christensenellales;f__CAG-917;g__;s__	N/A	N/A	N/A	N/A	N/A	N/A	N/A	N/A	N/A	N/A	d__Bacteria;p__Bacillota_A;c__Clostridia;o__Christensenellales;f__CAG-917;g__;s__	taxonomic novelty determined using RED	classification based on placement in class-level tree	N/A	89.31	11	0.89786	N/A
Pful_bac_bin029	d__Bacteria;p__Bacillota_A;c__Clostridia;o__Christensenellales;f__Christensenellaceae;g__QANA01;s__	N/A	N/A	N/A	N/A	N/A	N/A	N/A	N/A	N/A	N/A	d__Bacteria;p__Bacillota_A;c__Clostridia;o__Christensenellales;f__Christensenellaceae;g__QANA01;s__	taxonomic classification fully defined by topology	classification based on placement in class-level tree	N/A	88.34	11	0.87872	N/A
Pful_bac_bin030	d__Bacteria;p__Bacillota_A;c__Clostridia;o__Christensenellales;f__Christensenellaceae;g__;s__	N/A	N/A	N/A	N/A	N/A	N/A	N/A	N/A	N/A	N/A	d__Bacteria;p__Bacillota_A;c__Clostridia;o__Christensenellales;f__Christensenellaceae;g__;s__	taxonomic novelty determined using RED	classification based on placement in class-level tree	N/A	38.33	11	0.86913	N/A
Pful_bac_bin031	d__Bacteria;p__Bacillota_A;c__Clostridia;o__Christensenellales;f__;g__;s__	N/A	N/A	N/A	N/A	N/A	N/A	N/A	N/A	N/A	N/A	d__Bacteria;p__Bacillota_A;c__Clostridia;o__Christensenellales;f__;g__;s__	taxonomic novelty determined using RED	classification based on placement in class-level tree	N/A	32.53	4	0.72095	N/A
Pful_bac_bin032	d__Bacteria;p__Bacillota_A;c__Clostridia;o__Christensenellales;f__;g__;s__	N/A	N/A	N/A	N/A	N/A	N/A	N/A	N/A	N/A	N/A	d__Bacteria;p__Bacillota_A;c__Clostridia;o__Christensenellales;f__;g__;s__	taxonomic novelty determined using RED	classification based on placement in class-level tree	N/A	51.16	11	0.70082	N/A
Pful_bac_bin033	d__Bacteria;p__Bacillota_A;c__Clostridia;o__Christensenellales;f__;g__;s__	N/A	N/A	N/A	N/A	N/A	N/A	N/A	N/A	N/A	N/A	d__Bacteria;p__Bacillota_A;c__Clostridia;o__Christensenellales;f__;g__;s__	taxonomic novelty determined using RED	classification based on placement in class-level tree	N/A	52.75	11	0.64934	N/A
Pful_bac_bin034	d__Bacteria;p__Bacillota_A;c__Clostridia;o__Christensenellales;f__;g__;s__	N/A	N/A	N/A	N/A	N/A	N/A	N/A	N/A	N/A	N/A	d__Bacteria;p__Bacillota_A;c__Clostridia;o__Christensenellales;f__;g__;s__	taxonomic novelty determined using RED	classification based on placement in class-level tree	N/A	71.06	11	0.64933	N/A
Pful_bac_bin035	d__Bacteria;p__Bacillota_A;c__Clostridia;o__Christensenellales;f__Pumilibacteraceae;g__;s__	N/A	N/A	N/A	N/A	N/A	N/A	N/A	N/A	N/A	N/A	d__Bacteria;p__Bacillota_A;c__Clostridia;o__Christensenellales;f__Pumilibacteraceae;g__;s__	taxonomic classification fully defined by topology	classification based on placement in class-level tree	N/A	67.19	11	0.79391	N/A
Pful_bac_bin036	d__Bacteria;p__Bacillota_A;c__Clostridia;o__Christensenellales;f__Pumilibacteraceae;g__;s__	N/A	N/A	N/A	N/A	N/A	N/A	N/A	N/A	N/A	N/A	d__Bacteria;p__Bacillota_A;c__Clostridia;o__Christensenellales;f__Pumilibacteraceae;g__;s__	taxonomic novelty determined using RED	classification based on placement in class-level tree	N/A	56.09	11	0.83634	N/A
Pful_bac_bin037	d__Bacteria;p__Bacillota_A;c__Clostridia;o__Christensenellales;f__Pumilibacteraceae;g__;s__	N/A	N/A	N/A	N/A	N/A	N/A	N/A	N/A	N/A	N/A	d__Bacteria;p__Bacillota_A;c__Clostridia;o__Christensenellales;f__Pumilibacteraceae;g__;s__	taxonomic novelty determined using RED	classification based on placement in class-level tree	N/A	73.09	11	0.89447	N/A
Pful_bac_bin038	d__Bacteria;p__Bacillota_A;c__Clostridia;o__Christensenellales;f__Pumilibacteraceae;g__;s__	N/A	N/A	N/A	N/A	N/A	N/A	N/A	N/A	N/A	N/A	d__Bacteria;p__Bacillota_A;c__Clostridia;o__Christensenellales;f__Pumilibacteraceae;g__;s__	taxonomic novelty determined using RED	classification based on placement in class-level tree	N/A	90.72	11	0.82268	N/A
Pful_bac_bin039	d__Bacteria;p__Bacillota_A;c__Clostridia;o__Christensenellales;f__QAND01;g__;s__	N/A	N/A	N/A	N/A	N/A	N/A	N/A	N/A	N/A	N/A	d__Bacteria;p__Bacillota_A;c__Clostridia;o__Christensenellales;f__QAND01;g__;s__	taxonomic classification fully defined by topology	classification based on placement in class-level tree	N/A	42.52	11	0.76452	Genome has more than 12.5% of markers with multiple hits
Pful_bac_bin040	d__Bacteria;p__Bacillota_A;c__Clostridia;o__Christensenellales;f__UBA3700;g__;s__	N/A	N/A	N/A	N/A	N/A	N/A	N/A	N/A	N/A	N/A	d__Bacteria;p__Bacillota_A;c__Clostridia;o__Christensenellales;f__UBA3700;g__;s__	taxonomic classification fully defined by topology	classification based on placement in class-level tree	N/A	49.79	11	0.7388	N/A
Pful_bac_bin041	d__Bacteria;p__Bacillota_A;c__Clostridia;o__Clostridiales;f__Clostridiaceae;g__Clostridium_K;s__	N/A	N/A	N/A	N/A	N/A	N/A	N/A	N/A	N/A	N/A	d__Bacteria;p__Bacillota_A;c__Clostridia;o__Clostridiales;f__Clostridiaceae;g__Clostridium_K;s__	taxonomic novelty determined using RED	classification based on placement in class-level tree	N/A	37.06	11	0.88378	N/A
Pful_bac_bin042	d__Bacteria;p__Bacillota_A;c__Clostridia;o__Clostridiales;f__Clostridiaceae;g__WQUF01;s__	N/A	N/A	N/A	N/A	N/A	N/A	N/A	N/A	N/A	N/A	d__Bacteria;p__Bacillota_A;c__Clostridia;o__Clostridiales;f__Clostridiaceae;g__WQUF01;s__	taxonomic novelty determined using RED	classification based on placement in class-level tree	N/A	91.0	11	0.90629	N/A
Pful_bac_bin043	d__Bacteria;p__Bacillota_A;c__Clostridia;o__Eubacteriales;f__Anaerofustaceae;g__;s__	N/A	N/A	N/A	N/A	N/A	N/A	N/A	N/A	N/A	N/A	d__Bacteria;p__Bacillota_A;c__Clostridia;o__Eubacteriales;f__Anaerofustaceae;g__;s__	taxonomic novelty determined using RED	classification based on placement in class-level tree	N/A	56.43	11	0.86082	N/A
Pful_bac_bin044	d__Bacteria;p__Bacillota_A;c__Clostridia;o__Eubacteriales;f__Eubacteriaceae;g__;s__	N/A	N/A	N/A	N/A	N/A	N/A	N/A	N/A	N/A	N/A	d__Bacteria;p__Bacillota_A;c__Clostridia;o__Eubacteriales;f__Eubacteriaceae;g__;s__	taxonomic novelty determined using RED	classification based on placement in class-level tree	N/A	41.37	11	0.78367	N/A
Pful_bac_bin045	d__Bacteria;p__Bacillota_A;c__Clostridia;o__Lachnospirales;f__Anaerotignaceae;g__Anaerotignum;s__	N/A	N/A	N/A	N/A	N/A	N/A	N/A	N/A	N/A	N/A	d__Bacteria;p__Bacillota_A;c__Clostridia;o__Lachnospirales;f__Anaerotignaceae;g__Anaerotignum;s__	taxonomic classification fully defined by topology	classification based on placement in class-level tree	N/A	58.55	11	0.91918	N/A
Pful_bac_bin046	d__Bacteria;p__Bacillota_A;c__Clostridia;o__Lachnospirales;f__Bianqueaceae;g__;s__	N/A	N/A	N/A	N/A	N/A	N/A	N/A	N/A	N/A	N/A	d__Bacteria;p__Bacillota_A;c__Clostridia;o__Lachnospirales;f__Bianqueaceae;g__;s__	taxonomic classification fully defined by topology	classification based on placement in class-level tree	N/A	92.85	11	0.84	N/A
Pful_bac_bin047	d__Bacteria;p__Bacillota_A;c__Clostridia;o__Lachnospirales;f__;g__;s__	N/A	N/A	N/A	N/A	N/A	N/A	N/A	N/A	N/A	N/A	d__Bacteria;p__Bacillota_A;c__Clostridia;o__Lachnospirales;f__;g__;s__	taxonomic classification fully defined by topology	classification based on placement in class-level tree	N/A	59.62	11	0.60152	N/A
Pful_bac_bin048	d__Bacteria;p__Bacillota_A;c__Clostridia;o__Lachnospirales;f__JAITVM01;g__;s__	N/A	N/A	N/A	N/A	N/A	N/A	N/A	N/A	N/A	N/A	d__Bacteria;p__Bacillota_A;c__Clostridia;o__Lachnospirales;f__JAITVM01;g__;s__	taxonomic novelty determined using RED	classification based on placement in class-level tree	N/A	43.91	11	0.77764	N/A
Pful_bac_bin049	d__Bacteria;p__Bacillota_A;c__Clostridia;o__Lachnospirales;f__JAITVM01;g__;s__	N/A	N/A	N/A	N/A	N/A	N/A	N/A	N/A	N/A	N/A	d__Bacteria;p__Bacillota_A;c__Clostridia;o__Lachnospirales;f__JAITVM01;g__;s__	taxonomic novelty determined using RED	classification based on placement in class-level tree	N/A	78.95	11	0.77659	N/A
Pful_bac_bin050	d__Bacteria;p__Bacillota_A;c__Clostridia;o__Lachnospirales;f__Lachnospiraceae;g__Aequitasia;s__	N/A	N/A	N/A	N/A	N/A	GCF_024721265.1	95.0	d__Bacteria;p__Bacillota_A;c__Clostridia;o__Lachnospirales;f__Lachnospiraceae;g__Aequitasia;s__Aequitasia blattaphilus_A	94.93	0.777	d__Bacteria;p__Bacillota_A;c__Clostridia;o__Lachnospirales;f__Lachnospiraceae;g__Aequitasia;s__	taxonomic classification defined by topology and ANI	classification based on placement in class-level tree	N/A	82.6	11	0.99661	Genome not assigned to closest species as it falls outside its pre-defined ANI radius
Pful_bac_bin051	d__Bacteria;p__Bacillota_A;c__Clostridia;o__Lachnospirales;f__Lachnospiraceae;g__Brotaphodocola;s__	N/A	N/A	N/A	N/A	N/A	N/A	N/A	N/A	N/A	N/A	d__Bacteria;p__Bacillota_A;c__Clostridia;o__Lachnospirales;f__Lachnospiraceae;g__Brotaphodocola;s__	taxonomic classification fully defined by topology	classification based on placement in class-level tree	N/A	51.46	11	0.95673	N/A
Pful_bac_bin052	d__Bacteria;p__Bacillota_A;c__Clostridia;o__Lachnospirales;f__Lachnospiraceae;g__Brotaphodocola;s__	N/A	N/A	N/A	N/A	N/A	N/A	N/A	N/A	N/A	N/A	d__Bacteria;p__Bacillota_A;c__Clostridia;o__Lachnospirales;f__Lachnospiraceae;g__Brotaphodocola;s__	taxonomic classification fully defined by topology	classification based on placement in class-level tree	N/A	77.18	11	0.96016	N/A
Pful_bac_bin053	d__Bacteria;p__Bacillota_A;c__Clostridia;o__Lachnospirales;f__Lachnospiraceae;g__Brotaphodocola;s__	N/A	N/A	N/A	N/A	N/A	N/A	N/A	N/A	N/A	N/A	d__Bacteria;p__Bacillota_A;c__Clostridia;o__Lachnospirales;f__Lachnospiraceae;g__Brotaphodocola;s__	taxonomic classification fully defined by topology	classification based on placement in class-level tree	N/A	77.91	11	0.95136	Genome has more than 15.0% of markers with multiple hits
Pful_bac_bin054	d__Bacteria;p__Bacillota_A;c__Clostridia;o__Lachnospirales;f__Lachnospiraceae;g__CANQSA01;s__	N/A	N/A	N/A	N/A	N/A	N/A	N/A	N/A	N/A	N/A	d__Bacteria;p__Bacillota_A;c__Clostridia;o__Lachnospirales;f__Lachnospiraceae;g__CANQSA01;s__	taxonomic novelty determined using RED	classification based on placement in class-level tree	N/A	37.06	11	0.87004	N/A
Pful_bac_bin055	d__Bacteria;p__Bacillota_A;c__Clostridia;o__Lachnospirales;f__Lachnospiraceae;g__CANQSA01;s__	N/A	N/A	N/A	N/A	N/A	N/A	N/A	N/A	N/A	N/A	d__Bacteria;p__Bacillota_A;c__Clostridia;o__Lachnospirales;f__Lachnospiraceae;g__CANQSA01;s__	taxonomic novelty determined using RED	classification based on placement in class-level tree	N/A	43.1	11	0.87028	N/A
Pful_bac_bin056	d__Bacteria;p__Bacillota_A;c__Clostridia;o__Lachnospirales;f__Lachnospiraceae;g__CANQSA01;s__	N/A	N/A	N/A	N/A	N/A	N/A	N/A	N/A	N/A	N/A	d__Bacteria;p__Bacillota_A;c__Clostridia;o__Lachnospirales;f__Lachnospiraceae;g__CANQSA01;s__	taxonomic novelty determined using RED	classification based on placement in class-level tree	N/A	86.87	11	0.87027	Genome has more than 10.0% of markers with multiple hits
Pful_bac_bin057	d__Bacteria;p__Bacillota_A;c__Clostridia;o__Lachnospirales;f__Lachnospiraceae;g__Faecalimonas;s__	N/A	N/A	N/A	N/A	N/A	N/A	N/A	N/A	N/A	N/A	d__Bacteria;p__Bacillota_A;c__Clostridia;o__Lachnospirales;f__Lachnospiraceae;g__Faecalimonas;s__	taxonomic classification fully defined by topology	classification based on placement in class-level tree	N/A	57.66	11	0.95043	N/A
Pful_bac_bin058	d__Bacteria;p__Bacillota_A;c__Clostridia;o__Lachnospirales;f__Lachnospiraceae;g__Hominisplanchenecus_A;s__	N/A	N/A	N/A	N/A	N/A	N/A	N/A	N/A	N/A	N/A	d__Bacteria;p__Bacillota_A;c__Clostridia;o__Lachnospirales;f__Lachnospiraceae;g__Hominisplanchenecus_A;s__	taxonomic classification fully defined by topology	classification based on placement in class-level tree	N/A	44.31	11	0.93666	N/A
Pful_bac_bin059	d__Bacteria;p__Bacillota_A;c__Clostridia;o__Lachnospirales;f__Lachnospiraceae;g__Hominisplanchenecus_A;s__	N/A	N/A	N/A	N/A	N/A	N/A	N/A	N/A	N/A	N/A	d__Bacteria;p__Bacillota_A;c__Clostridia;o__Lachnospirales;f__Lachnospiraceae;g__Hominisplanchenecus_A;s__	taxonomic classification fully defined by topology	classification based on placement in class-level tree	N/A	75.37	11	0.93707	N/A
Pful_bac_bin060	d__Bacteria;p__Bacillota_A;c__Clostridia;o__Lachnospirales;f__Lachnospiraceae;g__Merdenecus;s__	N/A	N/A	N/A	N/A	N/A	N/A	N/A	N/A	N/A	N/A	d__Bacteria;p__Bacillota_A;c__Clostridia;o__Lachnospirales;f__Lachnospiraceae;g__Merdenecus;s__	taxonomic novelty determined using RED	classification based on placement in class-level tree	N/A	50.59	11	0.90298	N/A
Pful_bac_bin061	d__Bacteria;p__Bacillota_A;c__Clostridia;o__Lachnospirales;f__Lachnospiraceae;g__MGBC140009;s__	N/A	N/A	N/A	N/A	N/A	N/A	N/A	N/A	N/A	N/A	d__Bacteria;p__Bacillota_A;c__Clostridia;o__Lachnospirales;f__Lachnospiraceae;g__MGBC140009;s__	taxonomic novelty determined using RED	classification based on placement in class-level tree	N/A	31.74	11	0.87067	N/A
Pful_bac_bin062	d__Bacteria;p__Bacillota_A;c__Clostridia;o__Lachnospirales;f__Lachnospiraceae;g__RGIG3040;s__	N/A	N/A	N/A	N/A	N/A	N/A	N/A	N/A	N/A	N/A	d__Bacteria;p__Bacillota_A;c__Clostridia;o__Lachnospirales;f__Lachnospiraceae;g__RGIG3040;s__	taxonomic classification fully defined by topology	classification based on placement in class-level tree	N/A	45.44	11	0.91404	N/A
Pful_bac_bin063	d__Bacteria;p__Bacillota_A;c__Clostridia;o__Lachnospirales;f__Lachnospiraceae;g__;s__	N/A	N/A	N/A	N/A	N/A	N/A	N/A	N/A	N/A	N/A	d__Bacteria;p__Bacillota_A;c__Clostridia;o__Lachnospirales;f__Lachnospiraceae;g__;s__	taxonomic classification fully defined by topology	classification based on placement in class-level tree	N/A	46.95	11	0.87945	Genome has more than 19.2% of markers with multiple hits
Pful_bac_bin064	d__Bacteria;p__Bacillota_A;c__Clostridia;o__Lachnospirales;f__Lachnospiraceae;g__;s__	N/A	N/A	N/A	N/A	N/A	N/A	N/A	N/A	N/A	N/A	d__Bacteria;p__Bacillota_A;c__Clostridia;o__Lachnospirales;f__Lachnospiraceae;g__;s__	taxonomic classification fully defined by topology	classification based on placement in class-level tree	N/A	88.46	11	0.88736	N/A
Pful_bac_bin065	d__Bacteria;p__Bacillota_A;c__Clostridia;o__Lachnospirales;f__Lachnospiraceae;g__;s__	N/A	N/A	N/A	N/A	N/A	N/A	N/A	N/A	N/A	N/A	d__Bacteria;p__Bacillota_A;c__Clostridia;o__Lachnospirales;f__Lachnospiraceae;g__;s__	taxonomic novelty determined using RED	classification based on placement in class-level tree	N/A	36.62	4	0.88766	N/A
Pful_bac_bin066	d__Bacteria;p__Bacillota_A;c__Clostridia;o__Lachnospirales;f__Lachnospiraceae;g__;s__	N/A	N/A	N/A	N/A	N/A	N/A	N/A	N/A	N/A	N/A	d__Bacteria;p__Bacillota_A;c__Clostridia;o__Lachnospirales;f__Lachnospiraceae;g__;s__	taxonomic novelty determined using RED	classification based on placement in class-level tree	N/A	40.2	11	0.89437	N/A
Pful_bac_bin067	d__Bacteria;p__Bacillota_A;c__Clostridia;o__Lachnospirales;f__Lachnospiraceae;g__;s__	N/A	N/A	N/A	N/A	N/A	N/A	N/A	N/A	N/A	N/A	d__Bacteria;p__Bacillota_A;c__Clostridia;o__Lachnospirales;f__Lachnospiraceae;g__;s__	taxonomic novelty determined using RED	classification based on placement in class-level tree	N/A	40.93	11	0.89981	N/A
Pful_bac_bin068	d__Bacteria;p__Bacillota_A;c__Clostridia;o__Lachnospirales;f__Lachnospiraceae;g__;s__	N/A	N/A	N/A	N/A	N/A	N/A	N/A	N/A	N/A	N/A	d__Bacteria;p__Bacillota_A;c__Clostridia;o__Lachnospirales;f__Lachnospiraceae;g__;s__	taxonomic novelty determined using RED	classification based on placement in class-level tree	N/A	51.46	11	0.87267	N/A
Pful_bac_bin069	d__Bacteria;p__Bacillota_A;c__Clostridia;o__Lachnospirales;f__Lachnospiraceae;g__;s__	N/A	N/A	N/A	N/A	N/A	N/A	N/A	N/A	N/A	N/A	d__Bacteria;p__Bacillota_A;c__Clostridia;o__Lachnospirales;f__Lachnospiraceae;g__;s__	taxonomic novelty determined using RED	classification based on placement in class-level tree	N/A	56.9	11	0.88137	N/A
Pful_bac_bin070	d__Bacteria;p__Bacillota_A;c__Clostridia;o__Lachnospirales;f__Lachnospiraceae;g__;s__	N/A	N/A	N/A	N/A	N/A	N/A	N/A	N/A	N/A	N/A	d__Bacteria;p__Bacillota_A;c__Clostridia;o__Lachnospirales;f__Lachnospiraceae;g__;s__	taxonomic novelty determined using RED	classification based on placement in class-level tree	N/A	59.38	11	0.81492	N/A
Pful_bac_bin071	d__Bacteria;p__Bacillota_A;c__Clostridia;o__Lachnospirales;f__Lachnospiraceae;g__;s__	N/A	N/A	N/A	N/A	N/A	N/A	N/A	N/A	N/A	N/A	d__Bacteria;p__Bacillota_A;c__Clostridia;o__Lachnospirales;f__Lachnospiraceae;g__;s__	taxonomic novelty determined using RED	classification based on placement in class-level tree	N/A	64.57	11	0.89618	N/A
Pful_bac_bin072	d__Bacteria;p__Bacillota_A;c__Clostridia;o__Lachnospirales;f__Lachnospiraceae;g__;s__	N/A	N/A	N/A	N/A	N/A	N/A	N/A	N/A	N/A	N/A	d__Bacteria;p__Bacillota_A;c__Clostridia;o__Lachnospirales;f__Lachnospiraceae;g__;s__	taxonomic novelty determined using RED	classification based on placement in class-level tree	N/A	87.03	11	0.8947	N/A
Pful_bac_bin073	d__Bacteria;p__Bacillota_A;c__Clostridia;o__Lachnospirales;f__Lachnospiraceae;g__;s__	N/A	N/A	N/A	N/A	N/A	N/A	N/A	N/A	N/A	N/A	d__Bacteria;p__Bacillota_A;c__Clostridia;o__Lachnospirales;f__Lachnospiraceae;g__;s__	taxonomic novelty determined using RED	classification based on placement in class-level tree	N/A	88.42	11	0.89508	N/A
Pful_bac_bin074	d__Bacteria;p__Bacillota_A;c__Clostridia;o__Lachnospirales;f__Lachnospiraceae;g__;s__	N/A	N/A	N/A	N/A	N/A	N/A	N/A	N/A	N/A	N/A	d__Bacteria;p__Bacillota_A;c__Clostridia;o__Lachnospirales;f__Lachnospiraceae;g__;s__	taxonomic novelty determined using RED	classification based on placement in class-level tree	N/A	90.13	11	0.81965	N/A
Pful_bac_bin075	d__Bacteria;p__Bacillota_A;c__Clostridia;o__Lachnospirales;f__UBA5962;g__WRBA01;s__	N/A	N/A	N/A	N/A	N/A	N/A	N/A	N/A	N/A	N/A	d__Bacteria;p__Bacillota_A;c__Clostridia;o__Lachnospirales;f__UBA5962;g__WRBA01;s__	taxonomic novelty determined using RED	classification based on placement in class-level tree	N/A	63.57	11	0.87034	N/A
Pful_bac_bin076	d__Bacteria;p__Bacillota_A;c__Clostridia;o__Oscillospirales;f__Acutalibacteraceae;g__CAG-177;s__	N/A	N/A	N/A	N/A	N/A	N/A	N/A	N/A	N/A	N/A	d__Bacteria;p__Bacillota_A;c__Clostridia;o__Oscillospirales;f__Acutalibacteraceae;g__CAG-177;s__	taxonomic classification fully defined by topology	classification based on placement in class-level tree	N/A	85.4	11	0.90799	N/A
Pful_bac_bin077	d__Bacteria;p__Bacillota_A;c__Clostridia;o__Oscillospirales;f__Acutalibacteraceae;g__CAKTEE01;s__	N/A	N/A	N/A	N/A	N/A	N/A	N/A	N/A	N/A	N/A	d__Bacteria;p__Bacillota_A;c__Clostridia;o__Oscillospirales;f__Acutalibacteraceae;g__CAKTEE01;s__	taxonomic novelty determined using RED	classification based on placement in class-level tree	N/A	53.43	11	0.90098	N/A
Pful_bac_bin078	d__Bacteria;p__Bacillota_A;c__Clostridia;o__Oscillospirales;f__Acutalibacteraceae;g__Scatolibacter;s__	N/A	N/A	N/A	N/A	N/A	N/A	N/A	N/A	N/A	N/A	d__Bacteria;p__Bacillota_A;c__Clostridia;o__Oscillospirales;f__Acutalibacteraceae;g__Scatolibacter;s__	taxonomic classification fully defined by topology	classification based on placement in class-level tree	N/A	27.69	11	0.93895	Genome has more than 10.8% of markers with multiple hits
Pful_bac_bin079	d__Bacteria;p__Bacillota_A;c__Clostridia;o__Oscillospirales;f__Acutalibacteraceae;g__Scatolibacter;s__	N/A	N/A	N/A	N/A	N/A	N/A	N/A	N/A	N/A	N/A	d__Bacteria;p__Bacillota_A;c__Clostridia;o__Oscillospirales;f__Acutalibacteraceae;g__Scatolibacter;s__	taxonomic classification fully defined by topology	classification based on placement in class-level tree	N/A	89.95	11	0.93602	N/A
Pful_bac_bin080	d__Bacteria;p__Bacillota_A;c__Clostridia;o__Oscillospirales;f__Acutalibacteraceae;g__;s__	N/A	N/A	N/A	N/A	N/A	N/A	N/A	N/A	N/A	N/A	d__Bacteria;p__Bacillota_A;c__Clostridia;o__Oscillospirales;f__Acutalibacteraceae;g__;s__	taxonomic classification fully defined by topology	classification based on placement in class-level tree	N/A	85.92	11	0.85159	N/A
Pful_bac_bin081	d__Bacteria;p__Bacillota_A;c__Clostridia;o__Oscillospirales;f__Acutalibacteraceae;g__;s__	N/A	N/A	N/A	N/A	N/A	N/A	N/A	N/A	N/A	N/A	d__Bacteria;p__Bacillota_A;c__Clostridia;o__Oscillospirales;f__Acutalibacteraceae;g__;s__	taxonomic novelty determined using RED	classification based on placement in class-level tree	N/A	63.75	11	0.91726	N/A
Pful_bac_bin082	d__Bacteria;p__Bacillota_A;c__Clostridia;o__Oscillospirales;f__Acutalibacteraceae;g__;s__	N/A	N/A	N/A	N/A	N/A	N/A	N/A	N/A	N/A	N/A	d__Bacteria;p__Bacillota_A;c__Clostridia;o__Oscillospirales;f__Acutalibacteraceae;g__;s__	taxonomic novelty determined using RED	classification based on placement in class-level tree	N/A	67.51	11	0.83269	N/A
Pful_bac_bin083	d__Bacteria;p__Bacillota_A;c__Clostridia;o__Oscillospirales;f__Acutalibacteraceae;g__;s__	N/A	N/A	N/A	N/A	N/A	N/A	N/A	N/A	N/A	N/A	d__Bacteria;p__Bacillota_A;c__Clostridia;o__Oscillospirales;f__Acutalibacteraceae;g__;s__	taxonomic novelty determined using RED	classification based on placement in class-level tree	N/A	95.97	11	0.81315	N/A
Pful_bac_bin084	d__Bacteria;p__Bacillota_A;c__Clostridia;o__Oscillospirales;f__Acutalibacteraceae;g__UBA1081;s__	N/A	N/A	N/A	N/A	N/A	N/A	N/A	N/A	N/A	N/A	d__Bacteria;p__Bacillota_A;c__Clostridia;o__Oscillospirales;f__Acutalibacteraceae;g__UBA1081;s__	taxonomic classification fully defined by topology	classification based on placement in class-level tree	N/A	41.79	11	0.89221	N/A
Pful_bac_bin085	d__Bacteria;p__Bacillota_A;c__Clostridia;o__Oscillospirales;f__Acutalibacteraceae;g__UBA3903;s__	N/A	N/A	N/A	N/A	N/A	N/A	N/A	N/A	N/A	N/A	d__Bacteria;p__Bacillota_A;c__Clostridia;o__Oscillospirales;f__Acutalibacteraceae;g__UBA3903;s__	taxonomic novelty determined using RED	classification based on placement in class-level tree	N/A	74.34	11	0.89644	N/A
Pful_bac_bin086	d__Bacteria;p__Bacillota_A;c__Clostridia;o__Oscillospirales;f__Butyricicoccaceae;g__Agathobaculum;s__	N/A	N/A	N/A	N/A	N/A	N/A	N/A	N/A	N/A	N/A	d__Bacteria;p__Bacillota_A;c__Clostridia;o__Oscillospirales;f__Butyricicoccaceae;g__Agathobaculum;s__	taxonomic classification fully defined by topology	classification based on placement in class-level tree	N/A	96.76	11	0.9323	N/A
Pful_bac_bin087	d__Bacteria;p__Bacillota_A;c__Clostridia;o__Oscillospirales;f__Butyricicoccaceae;g__RGIG1902;s__	N/A	N/A	N/A	N/A	N/A	N/A	N/A	N/A	N/A	N/A	d__Bacteria;p__Bacillota_A;c__Clostridia;o__Oscillospirales;f__Butyricicoccaceae;g__RGIG1902;s__	taxonomic classification fully defined by topology	classification based on placement in class-level tree	N/A	53.11	11	0.92693	N/A
Pful_bac_bin088	d__Bacteria;p__Bacillota_A;c__Clostridia;o__Oscillospirales;f__Oscillospiraceae;g__Evtepia;s__	N/A	N/A	N/A	N/A	N/A	N/A	N/A	N/A	N/A	N/A	d__Bacteria;p__Bacillota_A;c__Clostridia;o__Oscillospirales;f__Oscillospiraceae;g__Evtepia;s__	taxonomic classification fully defined by topology	classification based on placement in class-level tree	N/A	46.95	11	0.9209	N/A
Pful_bac_bin089	d__Bacteria;p__Bacillota_A;c__Clostridia;o__Oscillospirales;f__Oscillospiraceae;g__Evtepia;s__	N/A	N/A	N/A	N/A	N/A	N/A	N/A	N/A	N/A	N/A	d__Bacteria;p__Bacillota_A;c__Clostridia;o__Oscillospirales;f__Oscillospiraceae;g__Evtepia;s__	taxonomic classification fully defined by topology	classification based on placement in class-level tree	N/A	71.26	11	0.94149	N/A
Pful_bac_bin090	d__Bacteria;p__Bacillota_A;c__Clostridia;o__Oscillospirales;f__Oscillospiraceae;g__JAEWRY01;s__	N/A	N/A	N/A	N/A	N/A	N/A	N/A	N/A	N/A	N/A	d__Bacteria;p__Bacillota_A;c__Clostridia;o__Oscillospirales;f__Oscillospiraceae;g__JAEWRY01;s__	taxonomic novelty determined using RED	classification based on placement in class-level tree	N/A	64.67	11	0.905	N/A
Pful_bac_bin091	d__Bacteria;p__Bacillota_A;c__Clostridia;o__Oscillospirales;f__Oscillospiraceae;g__JAJQCF01;s__	N/A	N/A	N/A	N/A	N/A	N/A	N/A	N/A	N/A	N/A	d__Bacteria;p__Bacillota_A;c__Clostridia;o__Oscillospirales;f__Oscillospiraceae;g__JAJQCF01;s__	taxonomic novelty determined using RED	classification based on placement in class-level tree	N/A	38.15	11	0.89032	N/A
Pful_bac_bin092	d__Bacteria;p__Bacillota_A;c__Clostridia;o__Oscillospirales;f__Oscillospiraceae;g__Lawsonibacter;s__	N/A	N/A	N/A	N/A	N/A	N/A	N/A	N/A	N/A	N/A	d__Bacteria;p__Bacillota_A;c__Clostridia;o__Oscillospirales;f__Oscillospiraceae;g__Lawsonibacter;s__	taxonomic classification fully defined by topology	classification based on placement in class-level tree	N/A	74.96	11	0.95472	N/A
Pful_bac_bin093	d__Bacteria;p__Bacillota_A;c__Clostridia;o__Oscillospirales;f__Oscillospiraceae;g__Limivicinus;s__	N/A	N/A	N/A	N/A	N/A	N/A	N/A	N/A	N/A	N/A	d__Bacteria;p__Bacillota_A;c__Clostridia;o__Oscillospirales;f__Oscillospiraceae;g__Limivicinus;s__	taxonomic classification fully defined by topology	classification based on placement in class-level tree	N/A	46.97	11	0.95123	N/A
Pful_bac_bin094	d__Bacteria;p__Bacillota_A;c__Clostridia;o__Oscillospirales;f__Oscillospiraceae;g__;s__	N/A	N/A	N/A	N/A	N/A	N/A	N/A	N/A	N/A	N/A	d__Bacteria;p__Bacillota_A;c__Clostridia;o__Oscillospirales;f__Oscillospiraceae;g__;s__	taxonomic classification fully defined by topology	classification based on placement in class-level tree	N/A	41.05	11	0.83089	N/A
Pful_bac_bin095	d__Bacteria;p__Bacillota_A;c__Clostridia;o__Oscillospirales;f__Ruminococcaceae;g__Anaerotruncus;s__	N/A	N/A	N/A	N/A	N/A	N/A	N/A	N/A	N/A	N/A	d__Bacteria;p__Bacillota_A;c__Clostridia;o__Oscillospirales;f__Ruminococcaceae;g__Anaerotruncus;s__	taxonomic classification fully defined by topology	classification based on placement in class-level tree	N/A	72.41	11	0.93622	N/A
Pful_bac_bin096	d__Bacteria;p__Bacillota_A;c__Clostridia;o__Oscillospirales;f__Ruminococcaceae;g__JAAYCI01;s__	N/A	N/A	N/A	N/A	N/A	N/A	N/A	N/A	N/A	N/A	d__Bacteria;p__Bacillota_A;c__Clostridia;o__Oscillospirales;f__Ruminococcaceae;g__JAAYCI01;s__	taxonomic classification fully defined by topology	classification based on placement in class-level tree	N/A	35.29	11	0.94729	N/A
Pful_bac_bin097	d__Bacteria;p__Bacillota_A;c__Clostridia;o__Oscillospirales;f__Ruminococcaceae;g__JAAYCI01;s__	N/A	N/A	N/A	N/A	N/A	N/A	N/A	N/A	N/A	N/A	d__Bacteria;p__Bacillota_A;c__Clostridia;o__Oscillospirales;f__Ruminococcaceae;g__JAAYCI01;s__	taxonomic classification fully defined by topology	classification based on placement in class-level tree	N/A	39.48	11	0.91652	N/A
Pful_bac_bin098	d__Bacteria;p__Bacillota_A;c__Clostridia;o__Oscillospirales;f__Ruminococcaceae;g__JAAYCI01;s__	N/A	N/A	N/A	N/A	N/A	N/A	N/A	N/A	N/A	N/A	d__Bacteria;p__Bacillota_A;c__Clostridia;o__Oscillospirales;f__Ruminococcaceae;g__JAAYCI01;s__	taxonomic classification fully defined by topology	classification based on placement in class-level tree	N/A	44.79	11	0.94881	N/A
Pful_bac_bin099	d__Bacteria;p__Bacillota_A;c__Clostridia;o__Oscillospirales;f__Ruminococcaceae;g__JAAYCI01;s__	N/A	N/A	N/A	N/A	N/A	N/A	N/A	N/A	N/A	N/A	d__Bacteria;p__Bacillota_A;c__Clostridia;o__Oscillospirales;f__Ruminococcaceae;g__JAAYCI01;s__	taxonomic classification fully defined by topology	classification based on placement in class-level tree	N/A	52.51	11	0.949	N/A
Pful_bac_bin100	d__Bacteria;p__Bacillota_A;c__Clostridia;o__Oscillospirales;f__Ruminococcaceae;g__JAAYCI01;s__	N/A	N/A	N/A	N/A	N/A	N/A	N/A	N/A	N/A	N/A	d__Bacteria;p__Bacillota_A;c__Clostridia;o__Oscillospirales;f__Ruminococcaceae;g__JAAYCI01;s__	taxonomic classification fully defined by topology	classification based on placement in class-level tree	N/A	54.14	11	0.94489	N/A
Pful_bac_bin101	d__Bacteria;p__Bacillota_A;c__Clostridia;o__Oscillospirales;f__Ruminococcaceae;g__JAAYCI01;s__	N/A	N/A	N/A	N/A	N/A	N/A	N/A	N/A	N/A	N/A	d__Bacteria;p__Bacillota_A;c__Clostridia;o__Oscillospirales;f__Ruminococcaceae;g__JAAYCI01;s__	taxonomic classification fully defined by topology	classification based on placement in class-level tree	N/A	58.25	11	0.96274	N/A
Pful_bac_bin102	d__Bacteria;p__Bacillota_A;c__Clostridia;o__Oscillospirales;f__Ruminococcaceae;g__JAAYCI01;s__	N/A	N/A	N/A	N/A	N/A	N/A	N/A	N/A	N/A	N/A	d__Bacteria;p__Bacillota_A;c__Clostridia;o__Oscillospirales;f__Ruminococcaceae;g__JAAYCI01;s__	taxonomic classification fully defined by topology	classification based on placement in class-level tree	N/A	62.38	11	0.94768	N/A
Pful_bac_bin103	d__Bacteria;p__Bacillota_A;c__Clostridia;o__Oscillospirales;f__Ruminococcaceae;g__JAAYCI01;s__	N/A	N/A	N/A	N/A	N/A	N/A	N/A	N/A	N/A	N/A	d__Bacteria;p__Bacillota_A;c__Clostridia;o__Oscillospirales;f__Ruminococcaceae;g__JAAYCI01;s__	taxonomic classification fully defined by topology	classification based on placement in class-level tree	N/A	74.52	11	0.92634	N/A
Pful_bac_bin104	d__Bacteria;p__Bacillota_A;c__Clostridia;o__Oscillospirales;f__Ruminococcaceae;g__Massiliimalia;s__	N/A	N/A	N/A	N/A	N/A	N/A	N/A	N/A	N/A	N/A	d__Bacteria;p__Bacillota_A;c__Clostridia;o__Oscillospirales;f__Ruminococcaceae;g__Massiliimalia;s__	taxonomic classification fully defined by topology	classification based on placement in class-level tree	N/A	45.96	11	0.95604	N/A
Pful_bac_bin105	d__Bacteria;p__Bacillota_A;c__Clostridia;o__Oscillospirales;f__Ruminococcaceae;g__Massiliimalia;s__	N/A	N/A	N/A	N/A	N/A	N/A	N/A	N/A	N/A	N/A	d__Bacteria;p__Bacillota_A;c__Clostridia;o__Oscillospirales;f__Ruminococcaceae;g__Massiliimalia;s__	taxonomic classification fully defined by topology	classification based on placement in class-level tree	N/A	47.69	11	0.91433	N/A
Pful_bac_bin106	d__Bacteria;p__Bacillota_A;c__Clostridia;o__Oscillospirales;f__Ruminococcaceae;g__Ruminiclostridium_E;s__	N/A	N/A	N/A	N/A	N/A	N/A	N/A	N/A	N/A	N/A	d__Bacteria;p__Bacillota_A;c__Clostridia;o__Oscillospirales;f__Ruminococcaceae;g__Ruminiclostridium_E;s__	taxonomic classification fully defined by topology	classification based on placement in class-level tree	N/A	35.47	11	0.89729	N/A
Pful_bac_bin107	d__Bacteria;p__Bacillota_A;c__Clostridia;o__Oscillospirales;f__Ruminococcaceae;g__Ruminiclostridium_E;s__	N/A	N/A	N/A	N/A	N/A	N/A	N/A	N/A	N/A	N/A	d__Bacteria;p__Bacillota_A;c__Clostridia;o__Oscillospirales;f__Ruminococcaceae;g__Ruminiclostridium_E;s__	taxonomic classification fully defined by topology	classification based on placement in class-level tree	N/A	48.6	11	0.89412	N/A
Pful_bac_bin108	d__Bacteria;p__Bacillota_A;c__Clostridia;o__Oscillospirales;f__Ruminococcaceae;g__Ruminococcus_C;s__	N/A	N/A	N/A	N/A	N/A	N/A	N/A	N/A	N/A	N/A	d__Bacteria;p__Bacillota_A;c__Clostridia;o__Oscillospirales;f__Ruminococcaceae;g__Ruminococcus_C;s__	taxonomic classification fully defined by topology	classification based on placement in class-level tree	N/A	58.13	11	0.93362	N/A
Pful_bac_bin109	d__Bacteria;p__Bacillota_A;c__Clostridia;o__Oscillospirales;f__Ruminococcaceae;g__Ruthenibacterium;s__	N/A	N/A	N/A	N/A	N/A	N/A	N/A	N/A	N/A	N/A	d__Bacteria;p__Bacillota_A;c__Clostridia;o__Oscillospirales;f__Ruminococcaceae;g__Ruthenibacterium;s__	taxonomic classification fully defined by topology	classification based on placement in class-level tree	N/A	41.03	11	0.93542	N/A
Pful_bac_bin110	d__Bacteria;p__Bacillota_A;c__Clostridia;o__Oscillospirales;f__Ruminococcaceae;g__;s__	N/A	N/A	N/A	N/A	N/A	N/A	N/A	N/A	N/A	N/A	d__Bacteria;p__Bacillota_A;c__Clostridia;o__Oscillospirales;f__Ruminococcaceae;g__;s__	taxonomic classification fully defined by topology	classification based on placement in class-level tree	N/A	37.89	11	0.85269	N/A
Pful_bac_bin111	d__Bacteria;p__Bacillota_A;c__Clostridia;o__Oscillospirales;f__Ruminococcaceae;g__;s__	N/A	N/A	N/A	N/A	N/A	N/A	N/A	N/A	N/A	N/A	d__Bacteria;p__Bacillota_A;c__Clostridia;o__Oscillospirales;f__Ruminococcaceae;g__;s__	taxonomic classification fully defined by topology	classification based on placement in class-level tree	N/A	40.42	11	0.81707	N/A
Pful_bac_bin112	d__Bacteria;p__Bacillota_A;c__Clostridia;o__Oscillospirales;f__Ruminococcaceae;g__;s__	N/A	N/A	N/A	N/A	N/A	N/A	N/A	N/A	N/A	N/A	d__Bacteria;p__Bacillota_A;c__Clostridia;o__Oscillospirales;f__Ruminococcaceae;g__;s__	taxonomic classification fully defined by topology	classification based on placement in class-level tree	N/A	51.98	11	0.81493	N/A
Pful_bac_bin113	d__Bacteria;p__Bacillota_A;c__Clostridia;o__Oscillospirales;f__Ruminococcaceae;g__;s__	N/A	N/A	N/A	N/A	N/A	N/A	N/A	N/A	N/A	N/A	d__Bacteria;p__Bacillota_A;c__Clostridia;o__Oscillospirales;f__Ruminococcaceae;g__;s__	taxonomic classification fully defined by topology	classification based on placement in class-level tree	N/A	58.97	11	0.77641	N/A
Pful_bac_bin114	d__Bacteria;p__Bacillota_A;c__Clostridia;o__Oscillospirales;f__Ruminococcaceae;g__;s__	N/A	N/A	N/A	N/A	N/A	N/A	N/A	N/A	N/A	N/A	d__Bacteria;p__Bacillota_A;c__Clostridia;o__Oscillospirales;f__Ruminococcaceae;g__;s__	taxonomic classification fully defined by topology	classification based on placement in class-level tree	N/A	62.58	11	0.76686	N/A
Pful_bac_bin115	d__Bacteria;p__Bacillota_A;c__Clostridia;o__Oscillospirales;f__Ruminococcaceae;g__;s__	N/A	N/A	N/A	N/A	N/A	N/A	N/A	N/A	N/A	N/A	d__Bacteria;p__Bacillota_A;c__Clostridia;o__Oscillospirales;f__Ruminococcaceae;g__;s__	taxonomic classification fully defined by topology	classification based on placement in class-level tree	N/A	77.02	11	0.84975	N/A
Pful_bac_bin116	d__Bacteria;p__Bacillota_A;c__Clostridia;o__Oscillospirales;f__Ruminococcaceae;g__;s__	N/A	N/A	N/A	N/A	N/A	N/A	N/A	N/A	N/A	N/A	d__Bacteria;p__Bacillota_A;c__Clostridia;o__Oscillospirales;f__Ruminococcaceae;g__;s__	taxonomic classification fully defined by topology	classification based on placement in class-level tree	N/A	90.53	11	0.81387	N/A
Pful_bac_bin117	d__Bacteria;p__Bacillota_A;c__Clostridia;o__Oscillospirales;f__Ruminococcaceae;g__;s__	N/A	N/A	N/A	N/A	N/A	N/A	N/A	N/A	N/A	N/A	d__Bacteria;p__Bacillota_A;c__Clostridia;o__Oscillospirales;f__Ruminococcaceae;g__;s__	taxonomic novelty determined using RED	classification based on placement in class-level tree	N/A	32.02	11	0.89156	N/A
Pful_bac_bin118	d__Bacteria;p__Bacillota_A;c__Clostridia;o__Oscillospirales;f__Ruminococcaceae;g__;s__	N/A	N/A	N/A	N/A	N/A	N/A	N/A	N/A	N/A	N/A	d__Bacteria;p__Bacillota_A;c__Clostridia;o__Oscillospirales;f__Ruminococcaceae;g__;s__	taxonomic novelty determined using RED	classification based on placement in class-level tree	N/A	47.79	11	0.82772	N/A
Pful_bac_bin119	d__Bacteria;p__Bacillota_A;c__Clostridia;o__Oscillospirales;f__Ruminococcaceae;g__;s__	N/A	N/A	N/A	N/A	N/A	N/A	N/A	N/A	N/A	N/A	d__Bacteria;p__Bacillota_A;c__Clostridia;o__Oscillospirales;f__Ruminococcaceae;g__;s__	taxonomic novelty determined using RED	classification based on placement in class-level tree	N/A	82.38	11	0.75831	N/A
Pful_bac_bin120	d__Bacteria;p__Bacillota_A;c__Clostridia;o__Oscillospirales;f__Ruminococcaceae;g__WRIP01;s__	N/A	N/A	N/A	N/A	N/A	N/A	N/A	N/A	N/A	N/A	d__Bacteria;p__Bacillota_A;c__Clostridia;o__Oscillospirales;f__Ruminococcaceae;g__WRIP01;s__	taxonomic classification fully defined by topology	classification based on placement in class-level tree	N/A	71.92	11	0.90743	N/A
Pful_bac_bin121	d__Bacteria;p__Bacillota_A;c__Clostridia;o__Peptostreptococcales;f__Anaerovoracaceae;g__Emergencia;s__	N/A	N/A	N/A	N/A	N/A	N/A	N/A	N/A	N/A	N/A	d__Bacteria;p__Bacillota_A;c__Clostridia;o__Peptostreptococcales;f__Anaerovoracaceae;g__Emergencia;s__	taxonomic classification fully defined by topology	classification based on placement in class-level tree	N/A	92.59	11	0.94583	N/A
Pful_bac_bin122	d__Bacteria;p__Bacillota_A;c__Clostridia;o__Peptostreptococcales;f__Anaerovoracaceae;g__;s__	N/A	N/A	N/A	N/A	N/A	N/A	N/A	N/A	N/A	N/A	d__Bacteria;p__Bacillota_A;c__Clostridia;o__Peptostreptococcales;f__Anaerovoracaceae;g__;s__	taxonomic classification fully defined by topology	classification based on placement in class-level tree	N/A	32.19	11	0.7899	N/A
Pful_bac_bin123	d__Bacteria;p__Bacillota_A;c__Clostridia;o__Peptostreptococcales;f__Anaerovoracaceae;g__;s__	N/A	N/A	N/A	N/A	N/A	N/A	N/A	N/A	N/A	N/A	d__Bacteria;p__Bacillota_A;c__Clostridia;o__Peptostreptococcales;f__Anaerovoracaceae;g__;s__	taxonomic classification fully defined by topology	classification based on placement in class-level tree	N/A	35.43	11	0.79808	N/A
Pful_bac_bin124	d__Bacteria;p__Bacillota_A;c__Clostridia;o__Peptostreptococcales;f__Anaerovoracaceae;g__;s__	N/A	N/A	N/A	N/A	N/A	N/A	N/A	N/A	N/A	N/A	d__Bacteria;p__Bacillota_A;c__Clostridia;o__Peptostreptococcales;f__Anaerovoracaceae;g__;s__	taxonomic classification fully defined by topology	classification based on placement in class-level tree	N/A	36.94	11	0.78653	N/A
Pful_bac_bin125	d__Bacteria;p__Bacillota_A;c__Clostridia;o__Peptostreptococcales;f__Anaerovoracaceae;g__;s__	N/A	N/A	N/A	N/A	N/A	N/A	N/A	N/A	N/A	N/A	d__Bacteria;p__Bacillota_A;c__Clostridia;o__Peptostreptococcales;f__Anaerovoracaceae;g__;s__	taxonomic classification fully defined by topology	classification based on placement in class-level tree	N/A	43.54	11	0.85602	N/A
Pful_bac_bin126	d__Bacteria;p__Bacillota_A;c__Clostridia;o__Peptostreptococcales;f__Anaerovoracaceae;g__;s__	N/A	N/A	N/A	N/A	N/A	N/A	N/A	N/A	N/A	N/A	d__Bacteria;p__Bacillota_A;c__Clostridia;o__Peptostreptococcales;f__Anaerovoracaceae;g__;s__	taxonomic classification fully defined by topology	classification based on placement in class-level tree	N/A	53.07	11	0.80001	N/A
Pful_bac_bin127	d__Bacteria;p__Bacillota_A;c__Clostridia;o__Peptostreptococcales;f__Anaerovoracaceae;g__;s__	N/A	N/A	N/A	N/A	N/A	N/A	N/A	N/A	N/A	N/A	d__Bacteria;p__Bacillota_A;c__Clostridia;o__Peptostreptococcales;f__Anaerovoracaceae;g__;s__	taxonomic classification fully defined by topology	classification based on placement in class-level tree	N/A	56.52	11	0.79761	N/A
Pful_bac_bin128	d__Bacteria;p__Bacillota_A;c__Clostridia;o__Peptostreptococcales;f__Anaerovoracaceae;g__;s__	N/A	N/A	N/A	N/A	N/A	N/A	N/A	N/A	N/A	N/A	d__Bacteria;p__Bacillota_A;c__Clostridia;o__Peptostreptococcales;f__Anaerovoracaceae;g__;s__	taxonomic classification fully defined by topology	classification based on placement in class-level tree	N/A	59.94	11	0.79838	N/A
Pful_bac_bin129	d__Bacteria;p__Bacillota_A;c__Clostridia;o__Peptostreptococcales;f__Anaerovoracaceae;g__;s__	N/A	N/A	N/A	N/A	N/A	N/A	N/A	N/A	N/A	N/A	d__Bacteria;p__Bacillota_A;c__Clostridia;o__Peptostreptococcales;f__Anaerovoracaceae;g__;s__	taxonomic classification fully defined by topology	classification based on placement in class-level tree	N/A	61.83	11	0.85499	N/A
Pful_bac_bin130	d__Bacteria;p__Bacillota_A;c__Clostridia;o__Peptostreptococcales;f__Anaerovoracaceae;g__;s__	N/A	N/A	N/A	N/A	N/A	N/A	N/A	N/A	N/A	N/A	d__Bacteria;p__Bacillota_A;c__Clostridia;o__Peptostreptococcales;f__Anaerovoracaceae;g__;s__	taxonomic classification fully defined by topology	classification based on placement in class-level tree	N/A	73.23	11	0.7984	N/A
Pful_bac_bin131	d__Bacteria;p__Bacillota_A;c__Clostridia;o__Peptostreptococcales;f__Peptostreptococcaceae;g__Romboutsia_A;s__	N/A	N/A	N/A	N/A	N/A	N/A	N/A	N/A	N/A	N/A	d__Bacteria;p__Bacillota_A;c__Clostridia;o__Peptostreptococcales;f__Peptostreptococcaceae;g__Romboutsia_A;s__	taxonomic novelty determined using RED	classification based on placement in class-level tree	N/A	57.62	11	0.94963	N/A
Pful_bac_bin132	d__Bacteria;p__Bacillota_A;c__Clostridia;o__UBA1381;f__UBA1381;g__Ornithomonoglobus_A;s__	N/A	N/A	N/A	N/A	N/A	N/A	N/A	N/A	N/A	N/A	d__Bacteria;p__Bacillota_A;c__Clostridia;o__UBA1381;f__UBA1381;g__Ornithomonoglobus_A;s__	taxonomic novelty determined using RED	classification based on placement in class-level tree	N/A	86.43	11	0.92181	N/A
Pful_bac_bin133	d__Bacteria;p__Bacillota_B;c__Dehalobacteriia;o__UBA4068;f__UBA4068;g__HGM13862;s__	N/A	N/A	N/A	N/A	N/A	N/A	N/A	N/A	N/A	N/A	d__Bacteria;p__Bacillota_B;c__Dehalobacteriia;o__UBA4068;f__UBA4068;g__HGM13862;s__	taxonomic classification fully defined by topology	classification based on placement in class-level tree	N/A	29.14	11	0.92528	N/A
Pful_bac_bin134	d__Bacteria;p__Bacillota_B;c__Dehalobacteriia;o__UBA4068;f__UBA4997;g__;s__	N/A	N/A	N/A	N/A	N/A	N/A	N/A	N/A	N/A	N/A	d__Bacteria;p__Bacillota_B;c__Dehalobacteriia;o__UBA4068;f__UBA4997;g__;s__	taxonomic novelty determined using RED	classification based on placement in class-level tree	N/A	59.84	11	0.81459	N/A
Pful_bac_bin135	d__Bacteria;p__Bacillota;c__Bacilli;o__Lactobacillales;f__Enterococcaceae;g__Enterococcus_A;s__Enterococcus_A pseudoavium	GCF_001544295.1	95.0	d__Bacteria;p__Bacillota;c__Bacilli;o__Lactobacillales;f__Enterococcaceae;g__Enterococcus_A;s__Enterococcus_A pseudoavium	97.68	0.881	N/A	N/A	N/A	N/A	N/A	N/A	ani_screen	classification based on ANI only	N/A	N/A	N/A	N/A	N/A
Pful_bac_bin136	d__Bacteria;p__Bacillota;c__Bacilli;o__Lactobacillales;f__Enterococcaceae;g__Enterococcus_A;s__Enterococcus_A raffinosus_A	GCF_018917525.1	95.0	d__Bacteria;p__Bacillota;c__Bacilli;o__Lactobacillales;f__Enterococcaceae;g__Enterococcus_A;s__Enterococcus_A raffinosus_A	97.12	0.804	N/A	N/A	N/A	N/A	N/A	N/A	ani_screen	classification based on ANI only	GCF_000406965.1, s__Enterococcus_A avium, 95.0, 90.72, 0.653	N/A	N/A	N/A	N/A
Pful_bac_bin137	d__Bacteria;p__Bacillota;c__Bacilli;o__Lactobacillales;f__Enterococcaceae;g__Enterococcus_A;s__	N/A	N/A	N/A	N/A	N/A	N/A	N/A	N/A	N/A	N/A	d__Bacteria;p__Bacillota;c__Bacilli;o__Lactobacillales;f__Enterococcaceae;g__Enterococcus_A;s__	taxonomic classification defined by topology and ANI	classification based on placement in class-level tree	GCF_018917525.1, s__Enterococcus_A raffinosus_A, 95.0, 90.09, 0.473; GCF_000406965.1, s__Enterococcus_A avium, 95.0, 85.73, 0.361; GCF_000407185.1, s__Enterococcus_A malodoratus, 95.0, 81.29, 0.152; GCF_005405485.1, s__Enterococcus_A hulanensis, 95.0, 80.75, 0.162	34.68	11	0.9922	N/A
Pful_bac_bin138	d__Bacteria;p__Bacillota;c__Bacilli;o__Lactobacillales;f__Enterococcaceae;g__Enterococcus_B;s__Enterococcus_B thailandicus	GCF_001886265.1	95.0	d__Bacteria;p__Bacillota;c__Bacilli;o__Lactobacillales;f__Enterococcaceae;g__Enterococcus_B;s__Enterococcus_B thailandicus	98.09	0.825	N/A	N/A	N/A	N/A	N/A	N/A	ani_screen	classification based on ANI only	GCF_017316125.1, s__Enterococcus_B sp017316125, 95.0, 90.7, 0.759; GCF_017315945.1, s__Enterococcus_B courvalinii, 95.0, 92.37, 0.816	N/A	N/A	N/A	N/A
Pful_bac_bin139	d__Bacteria;p__Bacillota;c__Bacilli;o__Lactobacillales;f__Enterococcaceae;g__Enterococcus_C;s__Enterococcus_C asini	GCF_000407365.1	95.0	d__Bacteria;p__Bacillota;c__Bacilli;o__Lactobacillales;f__Enterococcaceae;g__Enterococcus_C;s__Enterococcus_C asini	95.38	0.815	N/A	N/A	N/A	N/A	N/A	N/A	ani_screen	classification based on ANI only	N/A	N/A	N/A	N/A	N/A
Pful_bac_bin140	d__Bacteria;p__Bacillota;c__Bacilli;o__Lactobacillales;f__Enterococcaceae;g__Enterococcus_C;s__Enterococcus_C stercoravium	GCA_019114905.1	95.0	d__Bacteria;p__Bacillota;c__Bacilli;o__Lactobacillales;f__Enterococcaceae;g__Enterococcus_C;s__Enterococcus_C stercoravium	98.09	0.828	N/A	N/A	N/A	N/A	N/A	N/A	ani_screen	classification based on ANI only	N/A	N/A	N/A	N/A	N/A
Pful_bac_bin141	d__Bacteria;p__Bacillota;c__Bacilli;o__Lactobacillales;f__Enterococcaceae;g__Enterococcus_C;s__	N/A	N/A	N/A	N/A	N/A	N/A	N/A	N/A	N/A	N/A	d__Bacteria;p__Bacillota;c__Bacilli;o__Lactobacillales;f__Enterococcaceae;g__Enterococcus_C;s__	taxonomic classification defined by topology and ANI	classification based on placement in class-level tree	GCF_000406945.1, s__Enterococcus_C dispar, 95.0, 93.73, 0.658; GCF_029983095.1, s__Enterococcus_C myersii, 95.0, 85.88, 0.325; GCF_001885735.1, s__Enterococcus_C canintestini, 95.0, 82.29, 0.282; GCF_011397115.1, s__Enterococcus_C saigonensis, 95.0, 80.76, 0.155	31.98	11	0.94793	Genome not assigned to closest species as it falls outside its pre-defined ANI radius;Genome has more than 15.0% of markers with multiple hits
Pful_bac_bin142	d__Bacteria;p__Bacillota;c__Bacilli;o__Lactobacillales;f__Lactobacillaceae;g__Lactiplantibacillus;s__Lactiplantibacillus plantarum	GCF_014131735.1	95.0	d__Bacteria;p__Bacillota;c__Bacilli;o__Lactobacillales;f__Lactobacillaceae;g__Lactiplantibacillus;s__Lactiplantibacillus plantarum	99.08	0.924	N/A	N/A	N/A	N/A	N/A	N/A	ani_screen	classification based on ANI only	GCF_003641145.1, s__Lactiplantibacillus paraplantarum, 95.0, 88.38, 0.579	N/A	N/A	N/A	N/A
Pful_bac_bin143	d__Bacteria;p__Bacillota;c__Bacilli;o__Lactobacillales;f__Lactobacillaceae;g__Lapidilactobacillus;s__Lapidilactobacillus dextrinicus	GCF_001436095.1	95.0	d__Bacteria;p__Bacillota;c__Bacilli;o__Lactobacillales;f__Lactobacillaceae;g__Lapidilactobacillus;s__Lapidilactobacillus dextrinicus	95.61	0.674	N/A	N/A	N/A	N/A	N/A	N/A	ani_screen	classification based on ANI only	N/A	N/A	N/A	N/A	N/A
Pful_bac_bin144	d__Bacteria;p__Bacillota;c__Bacilli;o__Lactobacillales;f__Lactobacillaceae;g__Lapidilactobacillus;s__Lapidilactobacillus dextrinicus	GCF_001436095.1	95.0	d__Bacteria;p__Bacillota;c__Bacilli;o__Lactobacillales;f__Lactobacillaceae;g__Lapidilactobacillus;s__Lapidilactobacillus dextrinicus	95.75	0.803	N/A	N/A	N/A	N/A	N/A	N/A	ani_screen	classification based on ANI only	N/A	N/A	N/A	N/A	N/A
Pful_bac_bin145	d__Bacteria;p__Bacillota;c__Bacilli;o__Lactobacillales;f__Lactobacillaceae;g__Lentilactobacillus;s__Lentilactobacillus kribbianus	GCF_013184075.1	95.0	d__Bacteria;p__Bacillota;c__Bacilli;o__Lactobacillales;f__Lactobacillaceae;g__Lentilactobacillus;s__Lentilactobacillus kribbianus	97.28	0.907	N/A	N/A	N/A	N/A	N/A	N/A	ani_screen	classification based on ANI only	N/A	N/A	N/A	N/A	N/A
Pful_bac_bin146	d__Bacteria;p__Bacillota;c__Bacilli;o__Lactobacillales;f__Lactobacillaceae;g__Lentilactobacillus;s__Lentilactobacillus senioris	GCF_001436555.1	95.0	d__Bacteria;p__Bacillota;c__Bacilli;o__Lactobacillales;f__Lactobacillaceae;g__Lentilactobacillus;s__Lentilactobacillus senioris	97.65	0.824	N/A	N/A	N/A	N/A	N/A	N/A	ani_screen	classification based on ANI only	GCF_026798195.1, s__Lentilactobacillus senioris_A, 95.0, 89.49, 0.697	N/A	N/A	N/A	N/A
Pful_bac_bin147	d__Bacteria;p__Bacillota;c__Bacilli;o__Lactobacillales;f__Lactobacillaceae;g__Lentilactobacillus;s__	N/A	N/A	N/A	N/A	N/A	GCF_013184075.1	95.0	d__Bacteria;p__Bacillota;c__Bacilli;o__Lactobacillales;f__Lactobacillaceae;g__Lentilactobacillus;s__Lentilactobacillus kribbianus	87.67	0.382	d__Bacteria;p__Bacillota;c__Bacilli;o__Lactobacillales;f__Lactobacillaceae;g__Lentilactobacillus;s__	taxonomic classification defined by topology and ANI	classification based on placement in class-level tree	GCF_001436555.1, s__Lentilactobacillus senioris, 95.0, 84.26, 0.217; GCF_026798195.1, s__Lentilactobacillus senioris_A, 95.0, 82.88, 0.186	43.89	11	0.98182	N/A
Pful_bac_bin148	d__Bacteria;p__Bacillota;c__Bacilli;o__Lactobacillales;f__Lactobacillaceae;g__Lentilactobacillus;s__	N/A	N/A	N/A	N/A	N/A	GCF_020616595.1	95.0	d__Bacteria;p__Bacillota;c__Bacilli;o__Lactobacillales;f__Lactobacillaceae;g__Lentilactobacillus;s__Lentilactobacillus laojiaonis	89.09	0.546	d__Bacteria;p__Bacillota;c__Bacilli;o__Lactobacillales;f__Lactobacillaceae;g__Lentilactobacillus;s__	taxonomic classification defined by topology and ANI	classification based on placement in class-level tree	N/A	50.33	11	0.97087	Genome not assigned to closest species as it falls outside its pre-defined ANI radius
Pful_bac_bin149	d__Bacteria;p__Bacillota;c__Bacilli;o__Lactobacillales;f__Lactobacillaceae;g__Lentilactobacillus;s__	N/A	N/A	N/A	N/A	N/A	N/A	N/A	N/A	N/A	N/A	d__Bacteria;p__Bacillota;c__Bacilli;o__Lactobacillales;f__Lactobacillaceae;g__Lentilactobacillus;s__	taxonomic classification defined by topology and ANI	classification based on placement in class-level tree	GCF_001436555.1, s__Lentilactobacillus senioris, 95.0, 89.62, 0.644; GCF_026798195.1, s__Lentilactobacillus senioris_A, 95.0, 88.44, 0.643	46.87	11	0.99151	Genome not assigned to closest species as it falls outside its pre-defined ANI radius
Pful_bac_bin150	d__Bacteria;p__Bacillota;c__Bacilli;o__Lactobacillales;f__Lactobacillaceae;g__Levilactobacillus;s__Levilactobacillus brevis	GCF_001433855.1	95.0	d__Bacteria;p__Bacillota;c__Bacilli;o__Lactobacillales;f__Lactobacillaceae;g__Levilactobacillus;s__Levilactobacillus brevis	97.4	0.792	N/A	N/A	N/A	N/A	N/A	N/A	ani_screen	classification based on ANI only	N/A	N/A	N/A	N/A	N/A
Pful_bac_bin151	d__Bacteria;p__Bacillota;c__Bacilli;o__Lactobacillales;f__Lactobacillaceae;g__Pediococcus;s__Pediococcus pentosaceus	GCF_001437285.1	95.0	d__Bacteria;p__Bacillota;c__Bacilli;o__Lactobacillales;f__Lactobacillaceae;g__Pediococcus;s__Pediococcus pentosaceus	98.9	0.903	N/A	N/A	N/A	N/A	N/A	N/A	ani_screen	classification based on ANI only	N/A	N/A	N/A	N/A	N/A
Pful_bac_bin152	d__Bacteria;p__Bacillota;c__Bacilli;o__Lactobacillales;f__Lactobacillaceae;g__Pediococcus;s__Pediococcus stilesii	GCF_001437075.1	95.0	d__Bacteria;p__Bacillota;c__Bacilli;o__Lactobacillales;f__Lactobacillaceae;g__Pediococcus;s__Pediococcus stilesii	97.65	0.918	N/A	N/A	N/A	N/A	N/A	N/A	ani_screen	classification based on ANI only	N/A	N/A	N/A	N/A	N/A
Pful_bac_bin153	d__Bacteria;p__Bacillota;c__Bacilli;o__Lactobacillales;f__Lactobacillaceae;g__Weissella;s__	N/A	N/A	N/A	N/A	N/A	GCF_001438705.1	95.0	d__Bacteria;p__Bacillota;c__Bacilli;o__Lactobacillales;f__Lactobacillaceae;g__Weissella;s__Weissella kandleri	89.7	0.77	d__Bacteria;p__Bacillota;c__Bacilli;o__Lactobacillales;f__Lactobacillaceae;g__Weissella;s__	taxonomic classification defined by topology and ANI	classification based on placement in class-level tree	N/A	61.65	11	0.99616	Genome not assigned to closest species as it falls outside its pre-defined ANI radius
Pful_bac_bin154	d__Bacteria;p__Bacillota;c__Bacilli;o__Lactobacillales;f__Streptococcaceae;g__Lactococcus;s__Lactococcus petauri	GCF_002154895.1	95.0	d__Bacteria;p__Bacillota;c__Bacilli;o__Lactobacillales;f__Streptococcaceae;g__Lactococcus;s__Lactococcus petauri	98.21	0.895	N/A	N/A	N/A	N/A	N/A	N/A	ani_screen	classification based on ANI only	GCF_018403745.1, s__Lactococcus formosensis, 95.0, 93.0, 0.807; GCF_934191625.1, s__Lactococcus sp934191625, 95.0, 90.44, 0.775; GCF_029024465.1, s__Lactococcus garvieae, 95.0, 93.23, 0.816	N/A	N/A	N/A	N/A
Pful_bac_bin155	d__Bacteria;p__Bacillota_C;c__Negativicutes;o__Acidaminococcales;f__Acidaminococcaceae;g__Phascolarctobacterium;s__Phascolarctobacterium faecium	GCF_003269275.1	95.0	d__Bacteria;p__Bacillota_C;c__Negativicutes;o__Acidaminococcales;f__Acidaminococcaceae;g__Phascolarctobacterium;s__Phascolarctobacterium faecium	98.74	0.877	N/A	N/A	N/A	N/A	N/A	N/A	ani_screen	classification based on ANI only	GCA_900551745.1, s__Phascolarctobacterium sp900551745, 95.0, 94.3, 0.785; GCF_900545535.1, s__Phascolarctobacterium sp900545535, 95.0, 85.65, 0.525	N/A	N/A	N/A	N/A
Pful_bac_bin156	d__Bacteria;p__Bacillota_C;c__Negativicutes;o__Acidaminococcales;f__JAISLQ01;g__;s__	N/A	N/A	N/A	N/A	N/A	N/A	N/A	N/A	N/A	N/A	d__Bacteria;p__Bacillota_C;c__Negativicutes;o__Acidaminococcales;f__JAISLQ01;g__;s__	taxonomic novelty determined using RED	classification based on placement in class-level tree	N/A	41.81	11	0.758	N/A
Pful_bac_bin157	d__Bacteria;p__Bacillota_C;c__Negativicutes;o__Acidaminococcales;f__JAISLQ01;g__;s__	N/A	N/A	N/A	N/A	N/A	N/A	N/A	N/A	N/A	N/A	d__Bacteria;p__Bacillota_C;c__Negativicutes;o__Acidaminococcales;f__JAISLQ01;g__;s__	taxonomic novelty determined using RED	classification based on placement in class-level tree	N/A	55.89	11	0.78109	N/A
Pful_bac_bin158	d__Bacteria;p__Bacillota_G;c__DTU025;o__DTUO25;f__HGM14224;g__;s__	N/A	N/A	N/A	N/A	N/A	N/A	N/A	N/A	N/A	N/A	d__Bacteria;p__Bacillota_G;c__DTU025;o__DTUO25;f__HGM14224;g__;s__	taxonomic novelty determined using RED	classification based on placement in class-level tree	N/A	85.26	11	0.81792	N/A
Pful_bac_bin159	d__Bacteria;p__Bacillota_I;c__Bacilli_A;o__Acholeplasmatales;f__Acholeplasmataceae;g__JAJDIT01;s__	N/A	N/A	N/A	N/A	N/A	N/A	N/A	N/A	N/A	N/A	d__Bacteria;p__Bacillota_I;c__Bacilli_A;o__Acholeplasmatales;f__Acholeplasmataceae;g__JAJDIT01;s__	taxonomic novelty determined using RED	classification based on placement in class-level tree	N/A	30.23	11	0.85593	N/A
Pful_bac_bin160	d__Bacteria;p__Bacillota_I;c__Bacilli_A;o__Acholeplasmatales;f__Acholeplasmataceae;g__JAJDIT01;s__	N/A	N/A	N/A	N/A	N/A	N/A	N/A	N/A	N/A	N/A	d__Bacteria;p__Bacillota_I;c__Bacilli_A;o__Acholeplasmatales;f__Acholeplasmataceae;g__JAJDIT01;s__	taxonomic novelty determined using RED	classification based on placement in class-level tree	N/A	38.89	11	0.84365	N/A
Pful_bac_bin161	d__Bacteria;p__Bacillota_I;c__Bacilli_A;o__Acholeplasmatales;f__Acholeplasmataceae;g__;s__	N/A	N/A	N/A	N/A	N/A	N/A	N/A	N/A	N/A	N/A	d__Bacteria;p__Bacillota_I;c__Bacilli_A;o__Acholeplasmatales;f__Acholeplasmataceae;g__;s__	taxonomic novelty determined using RED	classification based on placement in class-level tree	N/A	70.61	11	0.83942	N/A
Pful_bac_bin162	d__Bacteria;p__Bacillota_I;c__Bacilli_A;o__Erysipelotrichales;f__Coprobacillaceae;g__CAKVJS01;s__	N/A	N/A	N/A	N/A	N/A	N/A	N/A	N/A	N/A	N/A	d__Bacteria;p__Bacillota_I;c__Bacilli_A;o__Erysipelotrichales;f__Coprobacillaceae;g__CAKVJS01;s__	taxonomic novelty determined using RED	classification based on placement in class-level tree	N/A	36.29	11	0.89016	N/A
Pful_bac_bin163	d__Bacteria;p__Bacillota_I;c__Bacilli_A;o__Erysipelotrichales;f__Coprobacillaceae;g__CAKVJS01;s__	N/A	N/A	N/A	N/A	N/A	N/A	N/A	N/A	N/A	N/A	d__Bacteria;p__Bacillota_I;c__Bacilli_A;o__Erysipelotrichales;f__Coprobacillaceae;g__CAKVJS01;s__	taxonomic novelty determined using RED	classification based on placement in class-level tree	N/A	70.8	11	0.88706	N/A
Pful_bac_bin164	d__Bacteria;p__Bacillota_I;c__Bacilli_A;o__Erysipelotrichales;f__Coprobacillaceae;g__CAKVJS01;s__	N/A	N/A	N/A	N/A	N/A	N/A	N/A	N/A	N/A	N/A	d__Bacteria;p__Bacillota_I;c__Bacilli_A;o__Erysipelotrichales;f__Coprobacillaceae;g__CAKVJS01;s__	taxonomic novelty determined using RED	classification based on placement in class-level tree	N/A	78.37	11	0.88544	N/A
Pful_bac_bin165	d__Bacteria;p__Bacillota_I;c__Bacilli_A;o__Erysipelotrichales;f__Erysipelotrichaceae;g__Breznakia;s__Breznakia blatticola	GCF_004365815.1	95.0	d__Bacteria;p__Bacillota_I;c__Bacilli_A;o__Erysipelotrichales;f__Erysipelotrichaceae;g__Breznakia;s__Breznakia blatticola	95.2	0.779	N/A	N/A	N/A	N/A	N/A	N/A	ani_screen	classification based on ANI only	GCA_001695645.1, s__Breznakia sp001695645, 95.0, 88.62, 0.429	N/A	N/A	N/A	N/A
Pful_bac_bin166	d__Bacteria;p__Bacillota_I;c__Bacilli_A;o__Erysipelotrichales;f__Erysipelotrichaceae;g__Breznakia;s__	N/A	N/A	N/A	N/A	N/A	GCA_001695645.1	95.0	d__Bacteria;p__Bacillota_I;c__Bacilli_A;o__Erysipelotrichales;f__Erysipelotrichaceae;g__Breznakia;s__Breznakia sp001695645	94.37	0.754	d__Bacteria;p__Bacillota_I;c__Bacilli_A;o__Erysipelotrichales;f__Erysipelotrichaceae;g__Breznakia;s__	taxonomic classification defined by topology and ANI	classification based on placement in class-level tree	GCF_004365815.1, s__Breznakia blatticola, 95.0, 89.82, 0.544	73.19	11	0.98674	Genome not assigned to closest species as it falls outside its pre-defined ANI radius
Pful_bac_bin167	d__Bacteria;p__Bacillota_I;c__Bacilli_A;o__Erysipelotrichales;f__Erysipelotrichaceae;g__Breznakia;s__	N/A	N/A	N/A	N/A	N/A	GCF_029504745.1	95.0	d__Bacteria;p__Bacillota_I;c__Bacilli_A;o__Erysipelotrichales;f__Erysipelotrichaceae;g__Breznakia;s__Breznakia sp029504745	92.13	0.572	d__Bacteria;p__Bacillota_I;c__Bacilli_A;o__Erysipelotrichales;f__Erysipelotrichaceae;g__Breznakia;s__	taxonomic classification defined by topology and ANI	classification based on placement in class-level tree	N/A	36.74	11	0.94634	Genome not assigned to closest species as it falls outside its pre-defined ANI radius
Pful_bac_bin168	d__Bacteria;p__Bacillota_I;c__Bacilli_A;o__Erysipelotrichales;f__Erysipelotrichaceae;g__Breznakia;s__	N/A	N/A	N/A	N/A	N/A	GCF_030814225.1	95.0	d__Bacteria;p__Bacillota_I;c__Bacilli_A;o__Erysipelotrichales;f__Erysipelotrichaceae;g__Breznakia;s__Breznakia pachnodae	88.98	0.586	d__Bacteria;p__Bacillota_I;c__Bacilli_A;o__Erysipelotrichales;f__Erysipelotrichaceae;g__Breznakia;s__	taxonomic classification defined by topology and ANI	classification based on placement in class-level tree	N/A	78.57	11	0.98482	Genome not assigned to closest species as it falls outside its pre-defined ANI radius
Pful_bac_bin169	d__Bacteria;p__Bacillota_I;c__Bacilli_A;o__Erysipelotrichales;f__Erysipelotrichaceae;g__Breznakia;s__	N/A	N/A	N/A	N/A	N/A	N/A	N/A	N/A	N/A	N/A	d__Bacteria;p__Bacillota_I;c__Bacilli_A;o__Erysipelotrichales;f__Erysipelotrichaceae;g__Breznakia;s__	taxonomic classification fully defined by topology	classification based on placement in class-level tree	N/A	63.26	11	0.93392	N/A
Pful_bac_bin170	d__Bacteria;p__Bacillota_I;c__Bacilli_A;o__Erysipelotrichales;f__Erysipelotrichaceae;g__RGIG1896;s__	N/A	N/A	N/A	N/A	N/A	N/A	N/A	N/A	N/A	N/A	d__Bacteria;p__Bacillota_I;c__Bacilli_A;o__Erysipelotrichales;f__Erysipelotrichaceae;g__RGIG1896;s__	taxonomic classification fully defined by topology	classification based on placement in class-level tree	N/A	88.84	11	0.85789	N/A
Pful_bac_bin171	d__Bacteria;p__Bacillota_I;c__Bacilli_A;o__Erysipelotrichales;f__Erysipelotrichaceae;g__;s__	N/A	N/A	N/A	N/A	N/A	N/A	N/A	N/A	N/A	N/A	d__Bacteria;p__Bacillota_I;c__Bacilli_A;o__Erysipelotrichales;f__Erysipelotrichaceae;g__;s__	taxonomic novelty determined using RED	classification based on placement in class-level tree	N/A	44.13	11	0.76192	N/A
Pful_bac_bin172	d__Bacteria;p__Bacillota_I;c__Bacilli_A;o__JAJDGJ01;f__JAJDGJ01;g__JAJDGJ01;s__	N/A	N/A	N/A	N/A	N/A	GCA_029893765.1	95.0	d__Bacteria;p__Bacillota_I;c__Bacilli_A;o__JAJDGJ01;f__JAJDGJ01;g__JAJDGJ01;s__JAJDGJ01 sp029893765	80.62	0.166	d__Bacteria;p__Bacillota_I;c__Bacilli_A;o__JAJDGJ01;f__JAJDGJ01;g__JAJDGJ01;s__	taxonomic classification defined by topology and ANI	classification based on placement in class-level tree	N/A	69.04	11	0.91039	N/A
Pful_bac_bin173	d__Bacteria;p__Bacillota_I;c__Bacilli_A;o__Mycoplasmatales;f__Mycoplasmataceae;g__Spiroplasma;s__	N/A	N/A	N/A	N/A	N/A	N/A	N/A	N/A	N/A	N/A	d__Bacteria;p__Bacillota_I;c__Bacilli_A;o__Mycoplasmatales;f__Mycoplasmataceae;g__Spiroplasma;s__	taxonomic classification defined by topology and ANI	classification based on placement in class-level tree	GCF_001886495.1, s__Spiroplasma sp001886495, 95.0, 81.29, 0.315; GCF_009866525.1, s__Spiroplasma poulsonii, 95.0, 81.1, 0.252; GCF_030060925.1, s__Spiroplasma sp030060925, 95.0, 80.88, 0.29; GCF_003339775.1, s__Spiroplasma phoeniceum, 95.0, 80.46, 0.217; GCF_005222125.1, s__Spiroplasma melliferum, 95.0, 80.35, 0.251; GCF_001886855.1, s__Spiroplasma citri, 95.0, 80.23, 0.225; GCA_026239495.1, s__Spiroplasma phoeniceum_A, 95.0, 80.17, 0.173	36.52	4	0.90328	N/A
Pful_bac_bin174	d__Bacteria;p__Bacillota_I;c__Bacilli_A;o__Mycoplasmatales;f__Mycoplasmoidaceae;g__;s__	N/A	N/A	N/A	N/A	N/A	N/A	N/A	N/A	N/A	N/A	d__Bacteria;p__Bacillota_I;c__Bacilli_A;o__Mycoplasmatales;f__Mycoplasmoidaceae;g__;s__	taxonomic novelty determined using RED	classification based on placement in class-level tree	N/A	49.91	4	0.79824	N/A
Pful_bac_bin175	d__Bacteria;p__Bacillota_I;c__Bacilli_A;o__RF39;f__UBA660;g__RGIG2361;s__	N/A	N/A	N/A	N/A	N/A	N/A	N/A	N/A	N/A	N/A	d__Bacteria;p__Bacillota_I;c__Bacilli_A;o__RF39;f__UBA660;g__RGIG2361;s__	taxonomic novelty determined using RED	classification based on placement in class-level tree	N/A	53.76	11	0.84597	N/A
Pful_bac_bin176	d__Bacteria;p__Bacillota_I;c__Bacilli_A;o__RF39;f__UBA660;g__RUG12867;s__	N/A	N/A	N/A	N/A	N/A	N/A	N/A	N/A	N/A	N/A	d__Bacteria;p__Bacillota_I;c__Bacilli_A;o__RF39;f__UBA660;g__RUG12867;s__	taxonomic classification fully defined by topology	classification based on placement in class-level tree	N/A	37.46	11	0.87702	N/A
Pful_bac_bin177	d__Bacteria;p__Bacillota_I;c__Bacilli_A;o__RF39;f__UBA660;g__;s__	N/A	N/A	N/A	N/A	N/A	N/A	N/A	N/A	N/A	N/A	d__Bacteria;p__Bacillota_I;c__Bacilli_A;o__RF39;f__UBA660;g__;s__	taxonomic novelty determined using RED	classification based on placement in class-level tree	N/A	40.18	11	0.80355	N/A
Pful_bac_bin178	d__Bacteria;p__Bacillota_I;c__Bacilli_A;o__RF39;f__UBA660;g__;s__	N/A	N/A	N/A	N/A	N/A	N/A	N/A	N/A	N/A	N/A	d__Bacteria;p__Bacillota_I;c__Bacilli_A;o__RF39;f__UBA660;g__;s__	taxonomic novelty determined using RED	classification based on placement in class-level tree	N/A	58.37	11	0.75463	N/A
Pful_bac_bin179	d__Bacteria;p__Bacillota_I;c__Bacilli_A;o__RFN20;f__CAG-826;g__;s__	N/A	N/A	N/A	N/A	N/A	N/A	N/A	N/A	N/A	N/A	d__Bacteria;p__Bacillota_I;c__Bacilli_A;o__RFN20;f__CAG-826;g__;s__	taxonomic novelty determined using RED	classification based on placement in class-level tree	N/A	62.82	11	0.81062	N/A
Pful_bac_bin180	d__Bacteria;p__Bacillota_I;c__Bacilli_A;o__RFN20;f__CAG-826;g__;s__	N/A	N/A	N/A	N/A	N/A	N/A	N/A	N/A	N/A	N/A	d__Bacteria;p__Bacillota_I;c__Bacilli_A;o__RFN20;f__CAG-826;g__;s__	taxonomic novelty determined using RED	classification based on placement in class-level tree	N/A	82.34	11	0.78501	N/A
Pful_bac_bin181	d__Bacteria;p__Bacteroidota;c__Bacteroidia;o__Bacteroidales;f__Azobacteroidaceae;g__JAISKG01;s__	N/A	N/A	N/A	N/A	N/A	N/A	N/A	N/A	N/A	N/A	d__Bacteria;p__Bacteroidota;c__Bacteroidia;o__Bacteroidales;f__Azobacteroidaceae;g__JAISKG01;s__	taxonomic classification fully defined by topology	classification based on placement in class-level tree	N/A	34.7	11	0.93567	N/A
Pful_bac_bin182	d__Bacteria;p__Bacteroidota;c__Bacteroidia;o__Bacteroidales;f__Azobacteroidaceae;g__JAJDGO01;s__	N/A	N/A	N/A	N/A	N/A	N/A	N/A	N/A	N/A	N/A	d__Bacteria;p__Bacteroidota;c__Bacteroidia;o__Bacteroidales;f__Azobacteroidaceae;g__JAJDGO01;s__	taxonomic novelty determined using RED	classification based on placement in class-level tree	N/A	37.87	11	0.95634	N/A
Pful_bac_bin183	d__Bacteria;p__Bacteroidota;c__Bacteroidia;o__Bacteroidales;f__Azobacteroidaceae;g__JAJDGO01;s__	N/A	N/A	N/A	N/A	N/A	N/A	N/A	N/A	N/A	N/A	d__Bacteria;p__Bacteroidota;c__Bacteroidia;o__Bacteroidales;f__Azobacteroidaceae;g__JAJDGO01;s__	taxonomic novelty determined using RED	classification based on placement in class-level tree	N/A	44.89	11	0.95282	N/A
Pful_bac_bin184	d__Bacteria;p__Bacteroidota;c__Bacteroidia;o__Bacteroidales;f__Azobacteroidaceae;g__JAJDGO01;s__	N/A	N/A	N/A	N/A	N/A	N/A	N/A	N/A	N/A	N/A	d__Bacteria;p__Bacteroidota;c__Bacteroidia;o__Bacteroidales;f__Azobacteroidaceae;g__JAJDGO01;s__	taxonomic novelty determined using RED	classification based on placement in class-level tree	N/A	53.84	11	0.95669	N/A
Pful_bac_bin185	d__Bacteria;p__Bacteroidota;c__Bacteroidia;o__Bacteroidales;f__Azobacteroidaceae;g__JAJDGO01;s__	N/A	N/A	N/A	N/A	N/A	N/A	N/A	N/A	N/A	N/A	d__Bacteria;p__Bacteroidota;c__Bacteroidia;o__Bacteroidales;f__Azobacteroidaceae;g__JAJDGO01;s__	taxonomic novelty determined using RED	classification based on placement in class-level tree	N/A	55.0	11	0.95901	N/A
Pful_bac_bin186	d__Bacteria;p__Bacteroidota;c__Bacteroidia;o__Bacteroidales;f__Azobacteroidaceae;g__JAJDGO01;s__	N/A	N/A	N/A	N/A	N/A	N/A	N/A	N/A	N/A	N/A	d__Bacteria;p__Bacteroidota;c__Bacteroidia;o__Bacteroidales;f__Azobacteroidaceae;g__JAJDGO01;s__	taxonomic novelty determined using RED	classification based on placement in class-level tree	N/A	59.72	11	0.95351	N/A
Pful_bac_bin187	d__Bacteria;p__Bacteroidota;c__Bacteroidia;o__Bacteroidales;f__Azobacteroidaceae;g__JAJDGO01;s__	N/A	N/A	N/A	N/A	N/A	N/A	N/A	N/A	N/A	N/A	d__Bacteria;p__Bacteroidota;c__Bacteroidia;o__Bacteroidales;f__Azobacteroidaceae;g__JAJDGO01;s__	taxonomic novelty determined using RED	classification based on placement in class-level tree	N/A	60.34	11	0.94681	N/A
Pful_bac_bin188	d__Bacteria;p__Bacteroidota;c__Bacteroidia;o__Bacteroidales;f__Azobacteroidaceae;g__JAJDGO01;s__	N/A	N/A	N/A	N/A	N/A	N/A	N/A	N/A	N/A	N/A	d__Bacteria;p__Bacteroidota;c__Bacteroidia;o__Bacteroidales;f__Azobacteroidaceae;g__JAJDGO01;s__	taxonomic novelty determined using RED	classification based on placement in class-level tree	N/A	66.3	11	0.95591	N/A
Pful_bac_bin189	d__Bacteria;p__Bacteroidota;c__Bacteroidia;o__Bacteroidales;f__Azobacteroidaceae;g__JAJDGO01;s__	N/A	N/A	N/A	N/A	N/A	N/A	N/A	N/A	N/A	N/A	d__Bacteria;p__Bacteroidota;c__Bacteroidia;o__Bacteroidales;f__Azobacteroidaceae;g__JAJDGO01;s__	taxonomic novelty determined using RED	classification based on placement in class-level tree	N/A	69.0	11	0.94532	N/A
Pful_bac_bin190	d__Bacteria;p__Bacteroidota;c__Bacteroidia;o__Bacteroidales;f__Azobacteroidaceae;g__JAJDGO01;s__	N/A	N/A	N/A	N/A	N/A	N/A	N/A	N/A	N/A	N/A	d__Bacteria;p__Bacteroidota;c__Bacteroidia;o__Bacteroidales;f__Azobacteroidaceae;g__JAJDGO01;s__	taxonomic novelty determined using RED	classification based on placement in class-level tree	N/A	69.28	11	0.94374	N/A
Pful_bac_bin191	d__Bacteria;p__Bacteroidota;c__Bacteroidia;o__Bacteroidales;f__Azobacteroidaceae;g__JAJDGO01;s__	N/A	N/A	N/A	N/A	N/A	N/A	N/A	N/A	N/A	N/A	d__Bacteria;p__Bacteroidota;c__Bacteroidia;o__Bacteroidales;f__Azobacteroidaceae;g__JAJDGO01;s__	taxonomic novelty determined using RED	classification based on placement in class-level tree	N/A	74.62	11	0.94596	N/A
Pful_bac_bin192	d__Bacteria;p__Bacteroidota;c__Bacteroidia;o__Bacteroidales;f__Azobacteroidaceae;g__JAJDGO01;s__	N/A	N/A	N/A	N/A	N/A	N/A	N/A	N/A	N/A	N/A	d__Bacteria;p__Bacteroidota;c__Bacteroidia;o__Bacteroidales;f__Azobacteroidaceae;g__JAJDGO01;s__	taxonomic novelty determined using RED	classification based on placement in class-level tree	N/A	81.41	11	0.95442	N/A
Pful_bac_bin193	d__Bacteria;p__Bacteroidota;c__Bacteroidia;o__Bacteroidales;f__Azobacteroidaceae;g__JAJDGO01;s__	N/A	N/A	N/A	N/A	N/A	N/A	N/A	N/A	N/A	N/A	d__Bacteria;p__Bacteroidota;c__Bacteroidia;o__Bacteroidales;f__Azobacteroidaceae;g__JAJDGO01;s__	taxonomic novelty determined using RED	classification based on placement in class-level tree	N/A	91.66	11	0.95832	N/A
Pful_bac_bin194	d__Bacteria;p__Bacteroidota;c__Bacteroidia;o__Bacteroidales;f__Azobacteroidaceae;g__;s__	N/A	N/A	N/A	N/A	N/A	N/A	N/A	N/A	N/A	N/A	d__Bacteria;p__Bacteroidota;c__Bacteroidia;o__Bacteroidales;f__Azobacteroidaceae;g__;s__	taxonomic classification fully defined by topology	classification based on placement in class-level tree	N/A	43.89	11	0.89481	N/A
Pful_bac_bin195	d__Bacteria;p__Bacteroidota;c__Bacteroidia;o__Bacteroidales;f__Azobacteroidaceae;g__;s__	N/A	N/A	N/A	N/A	N/A	N/A	N/A	N/A	N/A	N/A	d__Bacteria;p__Bacteroidota;c__Bacteroidia;o__Bacteroidales;f__Azobacteroidaceae;g__;s__	taxonomic classification fully defined by topology	classification based on placement in class-level tree	N/A	65.7	11	0.89383	N/A
Pful_bac_bin196	d__Bacteria;p__Bacteroidota;c__Bacteroidia;o__Bacteroidales;f__Bacteroidaceae;g__Bacteroides_H;s__Bacteroides_H sp010501015	GCF_010501015.1	95.0	d__Bacteria;p__Bacteroidota;c__Bacteroidia;o__Bacteroidales;f__Bacteroidaceae;g__Bacteroides_H;s__Bacteroides_H sp010501015	97.86	0.873	N/A	N/A	N/A	N/A	N/A	N/A	ani_screen	classification based on ANI only	N/A	N/A	N/A	N/A	N/A
Pful_bac_bin197	d__Bacteria;p__Bacteroidota;c__Bacteroidia;o__Bacteroidales;f__Bacteroidaceae;g__Bacteroides_H;s__	N/A	N/A	N/A	N/A	N/A	GCF_010500955.1	95.0	d__Bacteria;p__Bacteroidota;c__Bacteroidia;o__Bacteroidales;f__Bacteroidaceae;g__Bacteroides_H;s__Bacteroides_H sp010500955	82.68	0.239	d__Bacteria;p__Bacteroidota;c__Bacteroidia;o__Bacteroidales;f__Bacteroidaceae;g__Bacteroides_H;s__	taxonomic classification defined by topology and ANI	classification based on placement in class-level tree	N/A	89.2	11	0.97856	N/A
Pful_bac_bin198	d__Bacteria;p__Bacteroidota;c__Bacteroidia;o__Bacteroidales;f__Bacteroidaceae;g__Bacteroides_H;s__	N/A	N/A	N/A	N/A	N/A	GCF_010500965.1	95.0	d__Bacteria;p__Bacteroidota;c__Bacteroidia;o__Bacteroidales;f__Bacteroidaceae;g__Bacteroides_H;s__Bacteroides_H sp010500965	83.36	0.315	d__Bacteria;p__Bacteroidota;c__Bacteroidia;o__Bacteroidales;f__Bacteroidaceae;g__Bacteroides_H;s__	taxonomic classification defined by topology and ANI	classification based on placement in class-level tree	N/A	54.7	11	0.97975	N/A
Pful_bac_bin199	d__Bacteria;p__Bacteroidota;c__Bacteroidia;o__Bacteroidales;f__Bacteroidaceae;g__Bacteroides_H;s__	N/A	N/A	N/A	N/A	N/A	GCF_010500965.1	95.0	d__Bacteria;p__Bacteroidota;c__Bacteroidia;o__Bacteroidales;f__Bacteroidaceae;g__Bacteroides_H;s__Bacteroides_H sp010500965	84.19	0.34	d__Bacteria;p__Bacteroidota;c__Bacteroidia;o__Bacteroidales;f__Bacteroidaceae;g__Bacteroides_H;s__	taxonomic classification defined by topology and ANI	classification based on placement in class-level tree	N/A	60.81	11	0.98006	N/A
Pful_bac_bin200	d__Bacteria;p__Bacteroidota;c__Bacteroidia;o__Bacteroidales;f__Bacteroidaceae;g__Bacteroides_H;s__	N/A	N/A	N/A	N/A	N/A	GCF_010500965.1	95.0	d__Bacteria;p__Bacteroidota;c__Bacteroidia;o__Bacteroidales;f__Bacteroidaceae;g__Bacteroides_H;s__Bacteroides_H sp010500965	91.05	0.674	d__Bacteria;p__Bacteroidota;c__Bacteroidia;o__Bacteroidales;f__Bacteroidaceae;g__Bacteroides_H;s__	taxonomic classification defined by topology and ANI	classification based on placement in class-level tree	N/A	61.81	11	0.99256	Genome not assigned to closest species as it falls outside its pre-defined ANI radius
Pful_bac_bin201	d__Bacteria;p__Bacteroidota;c__Bacteroidia;o__Bacteroidales;f__Bacteroidaceae;g__Bacteroides_H;s__	N/A	N/A	N/A	N/A	N/A	GCF_010500995.1	95.0	d__Bacteria;p__Bacteroidota;c__Bacteroidia;o__Bacteroidales;f__Bacteroidaceae;g__Bacteroides_H;s__Bacteroides_H sp010500995	81.54	0.193	d__Bacteria;p__Bacteroidota;c__Bacteroidia;o__Bacteroidales;f__Bacteroidaceae;g__Bacteroides_H;s__	taxonomic classification defined by topology and ANI	classification based on placement in class-level tree	N/A	54.68	11	0.97377	N/A
Pful_bac_bin202	d__Bacteria;p__Bacteroidota;c__Bacteroidia;o__Bacteroidales;f__Bacteroidaceae;g__Bacteroides_H;s__	N/A	N/A	N/A	N/A	N/A	N/A	N/A	N/A	N/A	N/A	d__Bacteria;p__Bacteroidota;c__Bacteroidia;o__Bacteroidales;f__Bacteroidaceae;g__Bacteroides_H;s__	taxonomic classification fully defined by topology	classification based on placement in class-level tree	N/A	35.75	11	0.95737	N/A
Pful_bac_bin203	d__Bacteria;p__Bacteroidota;c__Bacteroidia;o__Bacteroidales;f__Bacteroidaceae;g__Bacteroides_H;s__	N/A	N/A	N/A	N/A	N/A	N/A	N/A	N/A	N/A	N/A	d__Bacteria;p__Bacteroidota;c__Bacteroidia;o__Bacteroidales;f__Bacteroidaceae;g__Bacteroides_H;s__	taxonomic classification fully defined by topology	classification based on placement in class-level tree	N/A	38.37	11	0.97185	N/A
Pful_bac_bin204	d__Bacteria;p__Bacteroidota;c__Bacteroidia;o__Bacteroidales;f__Bacteroidaceae;g__Bacteroides_H;s__	N/A	N/A	N/A	N/A	N/A	N/A	N/A	N/A	N/A	N/A	d__Bacteria;p__Bacteroidota;c__Bacteroidia;o__Bacteroidales;f__Bacteroidaceae;g__Bacteroides_H;s__	taxonomic classification fully defined by topology	classification based on placement in class-level tree	N/A	45.42	11	0.96039	N/A
Pful_bac_bin205	d__Bacteria;p__Bacteroidota;c__Bacteroidia;o__Bacteroidales;f__Bacteroidaceae;g__Bacteroides_H;s__	N/A	N/A	N/A	N/A	N/A	N/A	N/A	N/A	N/A	N/A	d__Bacteria;p__Bacteroidota;c__Bacteroidia;o__Bacteroidales;f__Bacteroidaceae;g__Bacteroides_H;s__	taxonomic classification fully defined by topology	classification based on placement in class-level tree	N/A	60.32	11	0.93646	N/A
Pful_bac_bin206	d__Bacteria;p__Bacteroidota;c__Bacteroidia;o__Bacteroidales;f__Bacteroidaceae;g__Bacteroides_H;s__	N/A	N/A	N/A	N/A	N/A	N/A	N/A	N/A	N/A	N/A	d__Bacteria;p__Bacteroidota;c__Bacteroidia;o__Bacteroidales;f__Bacteroidaceae;g__Bacteroides_H;s__	taxonomic classification fully defined by topology	classification based on placement in class-level tree	N/A	65.62	11	0.97032	N/A
Pful_bac_bin207	d__Bacteria;p__Bacteroidota;c__Bacteroidia;o__Bacteroidales;f__Bacteroidaceae;g__Bacteroides_H;s__	N/A	N/A	N/A	N/A	N/A	N/A	N/A	N/A	N/A	N/A	d__Bacteria;p__Bacteroidota;c__Bacteroidia;o__Bacteroidales;f__Bacteroidaceae;g__Bacteroides_H;s__	taxonomic classification fully defined by topology	classification based on placement in class-level tree	N/A	76.23	11	0.94678	N/A
Pful_bac_bin208	d__Bacteria;p__Bacteroidota;c__Bacteroidia;o__Bacteroidales;f__Bacteroidaceae;g__Bacteroides_H;s__	N/A	N/A	N/A	N/A	N/A	N/A	N/A	N/A	N/A	N/A	d__Bacteria;p__Bacteroidota;c__Bacteroidia;o__Bacteroidales;f__Bacteroidaceae;g__Bacteroides_H;s__	taxonomic classification fully defined by topology	classification based on placement in class-level tree	N/A	88.54	11	0.9569	N/A
Pful_bac_bin209	d__Bacteria;p__Bacteroidota;c__Bacteroidia;o__Bacteroidales;f__Bacteroidaceae;g__Bacteroides_H;s__	N/A	N/A	N/A	N/A	N/A	N/A	N/A	N/A	N/A	N/A	d__Bacteria;p__Bacteroidota;c__Bacteroidia;o__Bacteroidales;f__Bacteroidaceae;g__Bacteroides_H;s__	taxonomic classification fully defined by topology	classification based on placement in class-level tree	N/A	89.51	11	0.95244	N/A
Pful_bac_bin210	d__Bacteria;p__Bacteroidota;c__Bacteroidia;o__Bacteroidales;f__Bacteroidaceae;g__Bacteroides;s__Bacteroides sp900557355	GCF_959601035.1	95.0	d__Bacteria;p__Bacteroidota;c__Bacteroidia;o__Bacteroidales;f__Bacteroidaceae;g__Bacteroides;s__Bacteroides sp900557355	95.15	0.657	N/A	N/A	N/A	N/A	N/A	N/A	ani_screen	classification based on ANI only	GCF_900142015.1, s__Bacteroides stercorirosoris, 95.0, 86.25, 0.387; GCA_948566455.1, s__Phocaeicola sp948566455, 95.0, 91.81, 0.334; GCA_900759525.1, s__Bacteroides sp900759525, 95.0, 91.43, 0.603; GCF_902364365.1, s__Bacteroides sp900556215, 95.0, 90.57, 0.497; GCF_000172175.1, s__Bacteroides intestinalis, 96.89, 93.43, 0.57; GCF_000315485.1, s__Bacteroides oleiciplenus, 95.0, 83.88, 0.289; GCF_020091405.1, s__Bacteroides sp900552405, 95.0, 94.12, 0.777; GCF_000513195.1, s__Bacteroides timonensis, 95.0, 91.55, 0.556; GCF_003464595.1, s__Bacteroides intestinalis_A, 95.0, 90.93, 0.487; GCF_028539415.1, s__Bacteroides cellulosilyticus, 95.0, 92.75, 0.609; GCF_905207245.1, s__Bacteroides sp905207245, 95.0, 85.38, 0.316	N/A	N/A	N/A	N/A
Pful_bac_bin211	d__Bacteria;p__Bacteroidota;c__Bacteroidia;o__Bacteroidales;f__Bacteroidaceae;g__Bacteroides;s__	N/A	N/A	N/A	N/A	N/A	GCF_014750685.1	95.0	d__Bacteria;p__Bacteroidota;c__Bacteroidia;o__Bacteroidales;f__Bacteroidaceae;g__Bacteroides;s__Bacteroides sp014750685	94.67	0.669	d__Bacteria;p__Bacteroidota;c__Bacteroidia;o__Bacteroidales;f__Bacteroidaceae;g__Bacteroides;s__	taxonomic classification defined by topology and ANI	classification based on placement in class-level tree	GCF_900130125.1, s__Bacteroides congonensis, 95.0, 87.88, 0.43; GCF_900761785.1, s__Bacteroides sp900761785, 95.0, 87.81, 0.375; GCF_959601035.1, s__Bacteroides sp900557355, 95.0, 87.54, 0.156; GCF_020091405.1, s__Bacteroides sp900552405, 95.0, 87.11, 0.157; GCF_012113595.1, s__Bacteroides faecium, 95.0, 86.65, 0.427; GCA_948847595.1, s__Bacteroides sp948847595, 95.0, 85.71, 0.304; GCF_902491285.1, s__Bacteroides sp902491285, 95.0, 84.5, 0.344; GCF_903181435.1, s__Bacteroides sp900765785, 95.0, 84.11, 0.327; GCF_024623065.1, s__Bacteroides acidifaciens, 95.0, 83.64, 0.279; GCA_019117555.1, s__Bacteroides intestinigallinarum, 95.0, 82.54, 0.254; GCF_958387885.1, s__Bacteroides sp019412865, 95.0, 82.31, 0.265; GCA_900755095.1, s__Bacteroides sp900755095, 95.0, 82.16, 0.227; GCA_947038155.1, s__Bacteroides sp947038155, 95.0, 82.13, 0.23; GCF_001314995.1, s__Bacteroides ovatus, 95.19, 82.02, 0.235; GCF_000210075.1, s__Bacteroides xylanisolvens, 95.0, 81.87, 0.202; GCA_948436425.1, s__Bacteroides sp948436425, 95.0, 81.76, 0.195; GCA_030295565.1, s__Bacteroides finegoldii, 95.57, 81.75, 0.193; GCF_001688725.2, s__Bacteroides caecimuris, 95.0, 81.69, 0.181; GCF_009193325.2, s__Bacteroides zhangwenhongii, 95.0, 81.6, 0.206; GCF_009193295.2, s__Bacteroides luhongzhouii, 95.0, 81.54, 0.205; GCA_902362375.1, s__Bacteroides sp902362375, 95.0, 81.51, 0.217; GCA_900556625.1, s__Bacteroides sp900556625, 95.0, 81.31, 0.2; GCF_002222615.2, s__Bacteroides caccae, 95.0, 80.92, 0.201; GCA_948742525.1, s__Bacteroides caecimuris_A, 95.0, 80.7, 0.174	83.46	11	0.99863	Genome not assigned to closest species as it falls outside its pre-defined ANI radius
Pful_bac_bin212	d__Bacteria;p__Bacteroidota;c__Bacteroidia;o__Bacteroidales;f__Bacteroidaceae;g__Bacteroides;s__	N/A	N/A	N/A	N/A	N/A	N/A	N/A	N/A	N/A	N/A	d__Bacteria;p__Bacteroidota;c__Bacteroidia;o__Bacteroidales;f__Bacteroidaceae;g__Bacteroides;s__	taxonomic classification defined by topology and ANI	classification based on placement in class-level tree	GCF_000011065.1, s__Bacteroides thetaiotaomicron, 95.0, 93.98, 0.625; GCA_947646015.1, s__Bacteroides sp947646015, 95.0, 93.55, 0.252; GCA_019412825.1, s__Bacteroides thetaiotaomicron_A, 95.0, 90.8, 0.535; GCA_019415065.1, s__Bacteroides sp019415065, 95.0, 90.43, 0.161; GCA_948847595.1, s__Bacteroides sp948847595, 95.0, 89.95, 0.29; GCA_900755095.1, s__Bacteroides sp900755095, 95.0, 89.25, 0.284; GCF_959601035.1, s__Bacteroides sp900557355, 95.0, 87.93, 0.166; GCF_028539415.1, s__Bacteroides cellulosilyticus, 95.0, 87.91, 0.185; GCF_020091405.1, s__Bacteroides sp900552405, 95.0, 87.51, 0.197; GCF_000172175.1, s__Bacteroides intestinalis, 96.89, 87.18, 0.173; GCF_000513195.1, s__Bacteroides timonensis, 95.0, 86.51, 0.179; GCF_902364365.1, s__Bacteroides sp900556215, 95.0, 85.48, 0.162; GCF_900106755.1, s__Bacteroides faecis, 95.0, 85.4, 0.36; GCF_003464595.1, s__Bacteroides intestinalis_A, 95.0, 85.01, 0.164; GCF_900761785.1, s__Bacteroides sp900761785, 95.0, 83.54, 0.213; GCF_958387885.1, s__Bacteroides sp019412865, 95.0, 83.52, 0.181; GCF_001314995.1, s__Bacteroides ovatus, 95.19, 83.02, 0.182	48.56	11	0.9831	Genome not assigned to closest species as it falls outside its pre-defined ANI radius
Pful_bac_bin213	d__Bacteria;p__Bacteroidota;c__Bacteroidia;o__Bacteroidales;f__Bacteroidaceae;g__;s__	N/A	N/A	N/A	N/A	N/A	N/A	N/A	N/A	N/A	N/A	d__Bacteria;p__Bacteroidota;c__Bacteroidia;o__Bacteroidales;f__Bacteroidaceae;g__;s__	taxonomic classification fully defined by topology	classification based on placement in class-level tree	N/A	62.84	11	0.87605	N/A
Pful_bac_bin214	d__Bacteria;p__Bacteroidota;c__Bacteroidia;o__Bacteroidales;f__Bacteroidaceae;g__;s__	N/A	N/A	N/A	N/A	N/A	N/A	N/A	N/A	N/A	N/A	d__Bacteria;p__Bacteroidota;c__Bacteroidia;o__Bacteroidales;f__Bacteroidaceae;g__;s__	taxonomic novelty determined using RED	classification based on placement in class-level tree	N/A	63.85	11	0.89812	N/A
Pful_bac_bin215	d__Bacteria;p__Bacteroidota;c__Bacteroidia;o__Bacteroidales;f__Bacteroidaceae;g__;s__	N/A	N/A	N/A	N/A	N/A	N/A	N/A	N/A	N/A	N/A	d__Bacteria;p__Bacteroidota;c__Bacteroidia;o__Bacteroidales;f__Bacteroidaceae;g__;s__	taxonomic novelty determined using RED	classification based on placement in class-level tree	N/A	83.87	11	0.89611	N/A
Pful_bac_bin216	d__Bacteria;p__Bacteroidota;c__Bacteroidia;o__Bacteroidales;f__Bacteroidaceae;g__UBA1794;s__	N/A	N/A	N/A	N/A	N/A	N/A	N/A	N/A	N/A	N/A	d__Bacteria;p__Bacteroidota;c__Bacteroidia;o__Bacteroidales;f__Bacteroidaceae;g__UBA1794;s__	taxonomic classification fully defined by topology	classification based on placement in class-level tree	N/A	86.89	11	0.91723	N/A
Pful_bac_bin217	d__Bacteria;p__Bacteroidota;c__Bacteroidia;o__Bacteroidales;f__Dysgonomonadaceae;g__Dysgonomonas;s__	N/A	N/A	N/A	N/A	N/A	N/A	N/A	N/A	N/A	N/A	d__Bacteria;p__Bacteroidota;c__Bacteroidia;o__Bacteroidales;f__Dysgonomonadaceae;g__Dysgonomonas;s__	taxonomic classification fully defined by topology	classification based on placement in class-level tree	N/A	37.72	11	0.96206	N/A
Pful_bac_bin218	d__Bacteria;p__Bacteroidota;c__Bacteroidia;o__Bacteroidales;f__Dysgonomonadaceae;g__Dysgonomonas;s__	N/A	N/A	N/A	N/A	N/A	N/A	N/A	N/A	N/A	N/A	d__Bacteria;p__Bacteroidota;c__Bacteroidia;o__Bacteroidales;f__Dysgonomonadaceae;g__Dysgonomonas;s__	taxonomic classification fully defined by topology	classification based on placement in class-level tree	N/A	40.2	11	0.97792	N/A
Pful_bac_bin219	d__Bacteria;p__Bacteroidota;c__Bacteroidia;o__Bacteroidales;f__Dysgonomonadaceae;g__Dysgonomonas;s__	N/A	N/A	N/A	N/A	N/A	N/A	N/A	N/A	N/A	N/A	d__Bacteria;p__Bacteroidota;c__Bacteroidia;o__Bacteroidales;f__Dysgonomonadaceae;g__Dysgonomonas;s__	taxonomic classification fully defined by topology	classification based on placement in class-level tree	N/A	43.32	11	0.95312	N/A
Pful_bac_bin220	d__Bacteria;p__Bacteroidota;c__Bacteroidia;o__Bacteroidales;f__Dysgonomonadaceae;g__Dysgonomonas;s__	N/A	N/A	N/A	N/A	N/A	N/A	N/A	N/A	N/A	N/A	d__Bacteria;p__Bacteroidota;c__Bacteroidia;o__Bacteroidales;f__Dysgonomonadaceae;g__Dysgonomonas;s__	taxonomic classification fully defined by topology	classification based on placement in class-level tree	N/A	46.49	11	0.96883	N/A
Pful_bac_bin221	d__Bacteria;p__Bacteroidota;c__Bacteroidia;o__Bacteroidales;f__Dysgonomonadaceae;g__Dysgonomonas;s__	N/A	N/A	N/A	N/A	N/A	N/A	N/A	N/A	N/A	N/A	d__Bacteria;p__Bacteroidota;c__Bacteroidia;o__Bacteroidales;f__Dysgonomonadaceae;g__Dysgonomonas;s__	taxonomic classification fully defined by topology	classification based on placement in class-level tree	N/A	46.63	11	0.92552	N/A
Pful_bac_bin222	d__Bacteria;p__Bacteroidota;c__Bacteroidia;o__Bacteroidales;f__Dysgonomonadaceae;g__Dysgonomonas;s__	N/A	N/A	N/A	N/A	N/A	N/A	N/A	N/A	N/A	N/A	d__Bacteria;p__Bacteroidota;c__Bacteroidia;o__Bacteroidales;f__Dysgonomonadaceae;g__Dysgonomonas;s__	taxonomic classification fully defined by topology	classification based on placement in class-level tree	N/A	48.42	11	0.97598	N/A
Pful_bac_bin223	d__Bacteria;p__Bacteroidota;c__Bacteroidia;o__Bacteroidales;f__Dysgonomonadaceae;g__Dysgonomonas;s__	N/A	N/A	N/A	N/A	N/A	N/A	N/A	N/A	N/A	N/A	d__Bacteria;p__Bacteroidota;c__Bacteroidia;o__Bacteroidales;f__Dysgonomonadaceae;g__Dysgonomonas;s__	taxonomic classification fully defined by topology	classification based on placement in class-level tree	N/A	55.87	11	0.92854	N/A
Pful_bac_bin224	d__Bacteria;p__Bacteroidota;c__Bacteroidia;o__Bacteroidales;f__Dysgonomonadaceae;g__Dysgonomonas;s__	N/A	N/A	N/A	N/A	N/A	N/A	N/A	N/A	N/A	N/A	d__Bacteria;p__Bacteroidota;c__Bacteroidia;o__Bacteroidales;f__Dysgonomonadaceae;g__Dysgonomonas;s__	taxonomic classification fully defined by topology	classification based on placement in class-level tree	N/A	60.99	11	0.92617	N/A
Pful_bac_bin225	d__Bacteria;p__Bacteroidota;c__Bacteroidia;o__Bacteroidales;f__Dysgonomonadaceae;g__Dysgonomonas;s__	N/A	N/A	N/A	N/A	N/A	N/A	N/A	N/A	N/A	N/A	d__Bacteria;p__Bacteroidota;c__Bacteroidia;o__Bacteroidales;f__Dysgonomonadaceae;g__Dysgonomonas;s__	taxonomic classification fully defined by topology	classification based on placement in class-level tree	N/A	61.67	11	0.96676	N/A
Pful_bac_bin226	d__Bacteria;p__Bacteroidota;c__Bacteroidia;o__Bacteroidales;f__Dysgonomonadaceae;g__Dysgonomonas;s__	N/A	N/A	N/A	N/A	N/A	N/A	N/A	N/A	N/A	N/A	d__Bacteria;p__Bacteroidota;c__Bacteroidia;o__Bacteroidales;f__Dysgonomonadaceae;g__Dysgonomonas;s__	taxonomic classification fully defined by topology	classification based on placement in class-level tree	N/A	64.07	11	0.94727	N/A
Pful_bac_bin227	d__Bacteria;p__Bacteroidota;c__Bacteroidia;o__Bacteroidales;f__Dysgonomonadaceae;g__Dysgonomonas;s__	N/A	N/A	N/A	N/A	N/A	N/A	N/A	N/A	N/A	N/A	d__Bacteria;p__Bacteroidota;c__Bacteroidia;o__Bacteroidales;f__Dysgonomonadaceae;g__Dysgonomonas;s__	taxonomic classification fully defined by topology	classification based on placement in class-level tree	N/A	67.33	11	0.93762	N/A
Pful_bac_bin228	d__Bacteria;p__Bacteroidota;c__Bacteroidia;o__Bacteroidales;f__Dysgonomonadaceae;g__Dysgonomonas;s__	N/A	N/A	N/A	N/A	N/A	N/A	N/A	N/A	N/A	N/A	d__Bacteria;p__Bacteroidota;c__Bacteroidia;o__Bacteroidales;f__Dysgonomonadaceae;g__Dysgonomonas;s__	taxonomic classification fully defined by topology	classification based on placement in class-level tree	N/A	70.09	11	0.9664	N/A
Pful_bac_bin229	d__Bacteria;p__Bacteroidota;c__Bacteroidia;o__Bacteroidales;f__Dysgonomonadaceae;g__Dysgonomonas;s__	N/A	N/A	N/A	N/A	N/A	N/A	N/A	N/A	N/A	N/A	d__Bacteria;p__Bacteroidota;c__Bacteroidia;o__Bacteroidales;f__Dysgonomonadaceae;g__Dysgonomonas;s__	taxonomic classification fully defined by topology	classification based on placement in class-level tree	N/A	81.47	11	0.95011	N/A
Pful_bac_bin230	d__Bacteria;p__Bacteroidota;c__Bacteroidia;o__Bacteroidales;f__Dysgonomonadaceae;g__Dysgonomonas;s__	N/A	N/A	N/A	N/A	N/A	N/A	N/A	N/A	N/A	N/A	d__Bacteria;p__Bacteroidota;c__Bacteroidia;o__Bacteroidales;f__Dysgonomonadaceae;g__Dysgonomonas;s__	taxonomic classification fully defined by topology	classification based on placement in class-level tree	N/A	83.79	11	0.93769	Genome has more than 11.7% of markers with multiple hits
Pful_bac_bin231	d__Bacteria;p__Bacteroidota;c__Bacteroidia;o__Bacteroidales;f__Dysgonomonadaceae;g__Dysgonomonas;s__	N/A	N/A	N/A	N/A	N/A	N/A	N/A	N/A	N/A	N/A	d__Bacteria;p__Bacteroidota;c__Bacteroidia;o__Bacteroidales;f__Dysgonomonadaceae;g__Dysgonomonas;s__	taxonomic classification fully defined by topology	classification based on placement in class-level tree	N/A	85.1	11	0.92695	N/A
Pful_bac_bin232	d__Bacteria;p__Bacteroidota;c__Bacteroidia;o__Bacteroidales;f__Dysgonomonadaceae;g__Dysgonomonas;s__	N/A	N/A	N/A	N/A	N/A	N/A	N/A	N/A	N/A	N/A	d__Bacteria;p__Bacteroidota;c__Bacteroidia;o__Bacteroidales;f__Dysgonomonadaceae;g__Dysgonomonas;s__	taxonomic classification fully defined by topology	classification based on placement in class-level tree	N/A	85.64	11	0.9263	N/A
Pful_bac_bin233	d__Bacteria;p__Bacteroidota;c__Bacteroidia;o__Bacteroidales;f__Dysgonomonadaceae;g__Dysgonomonas;s__	N/A	N/A	N/A	N/A	N/A	N/A	N/A	N/A	N/A	N/A	d__Bacteria;p__Bacteroidota;c__Bacteroidia;o__Bacteroidales;f__Dysgonomonadaceae;g__Dysgonomonas;s__	taxonomic classification fully defined by topology	classification based on placement in class-level tree	N/A	95.35	11	0.97778	N/A
Pful_bac_bin234	d__Bacteria;p__Bacteroidota;c__Bacteroidia;o__Bacteroidales;f__Dysgonomonadaceae;g__Dysgonomonas;s__	N/A	N/A	N/A	N/A	N/A	N/A	N/A	N/A	N/A	N/A	d__Bacteria;p__Bacteroidota;c__Bacteroidia;o__Bacteroidales;f__Dysgonomonadaceae;g__Dysgonomonas;s__	taxonomic classification fully defined by topology	classification based on placement in class-level tree	N/A	97.2	11	0.93941	N/A
Pful_bac_bin235	d__Bacteria;p__Bacteroidota;c__Bacteroidia;o__Bacteroidales;f__Dysgonomonadaceae;g__Dysgonomonas;s__	N/A	N/A	N/A	N/A	N/A	N/A	N/A	N/A	N/A	N/A	d__Bacteria;p__Bacteroidota;c__Bacteroidia;o__Bacteroidales;f__Dysgonomonadaceae;g__Dysgonomonas;s__	taxonomic classification fully defined by topology	classification based on placement in class-level tree	N/A	98.17	11	0.94846	N/A
Pful_bac_bin236	d__Bacteria;p__Bacteroidota;c__Bacteroidia;o__Bacteroidales;f__F082;g__JAISHW01;s__	N/A	N/A	N/A	N/A	N/A	GCA_031262365.1	95.0	d__Bacteria;p__Bacteroidota;c__Bacteroidia;o__Bacteroidales;f__F082;g__JAISHW01;s__JAISHW01 sp031262365	87.57	0.566	d__Bacteria;p__Bacteroidota;c__Bacteroidia;o__Bacteroidales;f__F082;g__JAISHW01;s__	taxonomic classification defined by topology and ANI	classification based on placement in class-level tree	N/A	88.54	11	0.95845	Genome not assigned to closest species as it falls outside its pre-defined ANI radius
Pful_bac_bin237	d__Bacteria;p__Bacteroidota;c__Bacteroidia;o__Bacteroidales;f__JAQUTK01;g__JAQUTK01;s__	N/A	N/A	N/A	N/A	N/A	N/A	N/A	N/A	N/A	N/A	d__Bacteria;p__Bacteroidota;c__Bacteroidia;o__Bacteroidales;f__JAQUTK01;g__JAQUTK01;s__	taxonomic novelty determined using RED	classification based on placement in class-level tree	N/A	94.3	11	0.88718	N/A
Pful_bac_bin238	d__Bacteria;p__Bacteroidota;c__Bacteroidia;o__Bacteroidales;f__Marinifilaceae;g__JAIRKS01;s__	N/A	N/A	N/A	N/A	N/A	N/A	N/A	N/A	N/A	N/A	d__Bacteria;p__Bacteroidota;c__Bacteroidia;o__Bacteroidales;f__Marinifilaceae;g__JAIRKS01;s__	taxonomic novelty determined using RED	classification based on placement in class-level tree	N/A	38.03	11	0.93276	N/A
Pful_bac_bin239	d__Bacteria;p__Bacteroidota;c__Bacteroidia;o__Bacteroidales;f__Marinifilaceae;g__JAIRKS01;s__	N/A	N/A	N/A	N/A	N/A	N/A	N/A	N/A	N/A	N/A	d__Bacteria;p__Bacteroidota;c__Bacteroidia;o__Bacteroidales;f__Marinifilaceae;g__JAIRKS01;s__	taxonomic novelty determined using RED	classification based on placement in class-level tree	N/A	72.08	11	0.92527	N/A
Pful_bac_bin240	d__Bacteria;p__Bacteroidota;c__Bacteroidia;o__Bacteroidales;f__Marinifilaceae;g__JAIRKS01;s__	N/A	N/A	N/A	N/A	N/A	N/A	N/A	N/A	N/A	N/A	d__Bacteria;p__Bacteroidota;c__Bacteroidia;o__Bacteroidales;f__Marinifilaceae;g__JAIRKS01;s__	taxonomic novelty determined using RED	classification based on placement in class-level tree	N/A	77.76	11	0.92409	N/A
Pful_bac_bin241	d__Bacteria;p__Bacteroidota;c__Bacteroidia;o__Bacteroidales;f__Marinifilaceae;g__JAIRKS01;s__	N/A	N/A	N/A	N/A	N/A	N/A	N/A	N/A	N/A	N/A	d__Bacteria;p__Bacteroidota;c__Bacteroidia;o__Bacteroidales;f__Marinifilaceae;g__JAIRKS01;s__	taxonomic novelty determined using RED	classification based on placement in class-level tree	N/A	82.24	11	0.92437	N/A
Pful_bac_bin242	d__Bacteria;p__Bacteroidota;c__Bacteroidia;o__Bacteroidales;f__Marinifilaceae;g__JAISHE01;s__	N/A	N/A	N/A	N/A	N/A	N/A	N/A	N/A	N/A	N/A	d__Bacteria;p__Bacteroidota;c__Bacteroidia;o__Bacteroidales;f__Marinifilaceae;g__JAISHE01;s__	taxonomic classification fully defined by topology	classification based on placement in class-level tree	N/A	70.8	11	0.91495	N/A
Pful_bac_bin243	d__Bacteria;p__Bacteroidota;c__Bacteroidia;o__Bacteroidales;f__Marinifilaceae;g__JAISHE01;s__	N/A	N/A	N/A	N/A	N/A	N/A	N/A	N/A	N/A	N/A	d__Bacteria;p__Bacteroidota;c__Bacteroidia;o__Bacteroidales;f__Marinifilaceae;g__JAISHE01;s__	taxonomic classification fully defined by topology	classification based on placement in class-level tree	N/A	77.91	11	0.91362	N/A
Pful_bac_bin244	d__Bacteria;p__Bacteroidota;c__Bacteroidia;o__Bacteroidales;f__Marinifilaceae;g__Odoribacter;s__	N/A	N/A	N/A	N/A	N/A	N/A	N/A	N/A	N/A	N/A	d__Bacteria;p__Bacteroidota;c__Bacteroidia;o__Bacteroidales;f__Marinifilaceae;g__Odoribacter;s__	taxonomic classification fully defined by topology	classification based on placement in class-level tree	N/A	52.87	11	0.92279	N/A
Pful_bac_bin245	d__Bacteria;p__Bacteroidota;c__Bacteroidia;o__Bacteroidales;f__Marinifilaceae;g__Odoribacter;s__	N/A	N/A	N/A	N/A	N/A	N/A	N/A	N/A	N/A	N/A	d__Bacteria;p__Bacteroidota;c__Bacteroidia;o__Bacteroidales;f__Marinifilaceae;g__Odoribacter;s__	taxonomic classification fully defined by topology	classification based on placement in class-level tree	N/A	85.78	11	0.95272	N/A
Pful_bac_bin246	d__Bacteria;p__Bacteroidota;c__Bacteroidia;o__Bacteroidales;f__ML635J-15;g__Bact-19;s__	N/A	N/A	N/A	N/A	N/A	N/A	N/A	N/A	N/A	N/A	d__Bacteria;p__Bacteroidota;c__Bacteroidia;o__Bacteroidales;f__ML635J-15;g__Bact-19;s__	taxonomic classification fully defined by topology	classification based on placement in class-level tree	N/A	58.45	11	0.93015	N/A
Pful_bac_bin247	d__Bacteria;p__Bacteroidota;c__Bacteroidia;o__Bacteroidales;f__ML635J-15;g__Bact-19;s__	N/A	N/A	N/A	N/A	N/A	N/A	N/A	N/A	N/A	N/A	d__Bacteria;p__Bacteroidota;c__Bacteroidia;o__Bacteroidales;f__ML635J-15;g__Bact-19;s__	taxonomic classification fully defined by topology	classification based on placement in class-level tree	N/A	75.01	11	0.93176	N/A
Pful_bac_bin248	d__Bacteria;p__Bacteroidota;c__Bacteroidia;o__Bacteroidales;f__P3;g__BNXT01;s__	N/A	N/A	N/A	N/A	N/A	N/A	N/A	N/A	N/A	N/A	d__Bacteria;p__Bacteroidota;c__Bacteroidia;o__Bacteroidales;f__P3;g__BNXT01;s__	taxonomic novelty determined using RED	classification based on placement in class-level tree	N/A	66.71	11	0.87296	N/A
Pful_bac_bin249	d__Bacteria;p__Bacteroidota;c__Bacteroidia;o__Bacteroidales;f__P3;g__;s__	N/A	N/A	N/A	N/A	N/A	N/A	N/A	N/A	N/A	N/A	d__Bacteria;p__Bacteroidota;c__Bacteroidia;o__Bacteroidales;f__P3;g__;s__	taxonomic classification fully defined by topology	classification based on placement in class-level tree	N/A	35.59	11	0.77796	N/A
Pful_bac_bin250	d__Bacteria;p__Bacteroidota;c__Bacteroidia;o__Bacteroidales;f__P3;g__;s__	N/A	N/A	N/A	N/A	N/A	N/A	N/A	N/A	N/A	N/A	d__Bacteria;p__Bacteroidota;c__Bacteroidia;o__Bacteroidales;f__P3;g__;s__	taxonomic classification fully defined by topology	classification based on placement in class-level tree	N/A	38.57	11	0.78907	N/A
Pful_bac_bin251	d__Bacteria;p__Bacteroidota;c__Bacteroidia;o__Bacteroidales;f__P3;g__;s__	N/A	N/A	N/A	N/A	N/A	N/A	N/A	N/A	N/A	N/A	d__Bacteria;p__Bacteroidota;c__Bacteroidia;o__Bacteroidales;f__P3;g__;s__	taxonomic classification fully defined by topology	classification based on placement in class-level tree	N/A	57.58	11	0.77353	N/A
Pful_bac_bin252	d__Bacteria;p__Bacteroidota;c__Bacteroidia;o__Bacteroidales;f__P3;g__;s__	N/A	N/A	N/A	N/A	N/A	N/A	N/A	N/A	N/A	N/A	d__Bacteria;p__Bacteroidota;c__Bacteroidia;o__Bacteroidales;f__P3;g__;s__	taxonomic classification fully defined by topology	classification based on placement in class-level tree	N/A	62.92	11	0.77278	N/A
Pful_bac_bin253	d__Bacteria;p__Bacteroidota;c__Bacteroidia;o__Bacteroidales;f__P3;g__;s__	N/A	N/A	N/A	N/A	N/A	N/A	N/A	N/A	N/A	N/A	d__Bacteria;p__Bacteroidota;c__Bacteroidia;o__Bacteroidales;f__P3;g__;s__	taxonomic classification fully defined by topology	classification based on placement in class-level tree	N/A	81.79	11	0.73057	N/A
Pful_bac_bin254	d__Bacteria;p__Bacteroidota;c__Bacteroidia;o__Bacteroidales;f__P3;g__;s__	N/A	N/A	N/A	N/A	N/A	N/A	N/A	N/A	N/A	N/A	d__Bacteria;p__Bacteroidota;c__Bacteroidia;o__Bacteroidales;f__P3;g__;s__	taxonomic novelty determined using RED	classification based on placement in class-level tree	N/A	43.32	11	0.83361	N/A
Pful_bac_bin255	d__Bacteria;p__Bacteroidota;c__Bacteroidia;o__Bacteroidales;f__P3;g__;s__	N/A	N/A	N/A	N/A	N/A	N/A	N/A	N/A	N/A	N/A	d__Bacteria;p__Bacteroidota;c__Bacteroidia;o__Bacteroidales;f__P3;g__;s__	taxonomic novelty determined using RED	classification based on placement in class-level tree	N/A	82.56	11	0.8339	N/A
Pful_bac_bin256	d__Bacteria;p__Bacteroidota;c__Bacteroidia;o__Bacteroidales;f__Paludibacteraceae;g__JAISJU01;s__	N/A	N/A	N/A	N/A	N/A	N/A	N/A	N/A	N/A	N/A	d__Bacteria;p__Bacteroidota;c__Bacteroidia;o__Bacteroidales;f__Paludibacteraceae;g__JAISJU01;s__	taxonomic novelty determined using RED	classification based on placement in class-level tree	N/A	30.82	11	0.89257	N/A
Pful_bac_bin257	d__Bacteria;p__Bacteroidota;c__Bacteroidia;o__Bacteroidales;f__Paludibacteraceae;g__JAISJU01;s__	N/A	N/A	N/A	N/A	N/A	N/A	N/A	N/A	N/A	N/A	d__Bacteria;p__Bacteroidota;c__Bacteroidia;o__Bacteroidales;f__Paludibacteraceae;g__JAISJU01;s__	taxonomic novelty determined using RED	classification based on placement in class-level tree	N/A	38.65	11	0.89912	N/A
Pful_bac_bin258	d__Bacteria;p__Bacteroidota;c__Bacteroidia;o__Bacteroidales;f__Paludibacteraceae;g__JAISJU01;s__	N/A	N/A	N/A	N/A	N/A	N/A	N/A	N/A	N/A	N/A	d__Bacteria;p__Bacteroidota;c__Bacteroidia;o__Bacteroidales;f__Paludibacteraceae;g__JAISJU01;s__	taxonomic novelty determined using RED	classification based on placement in class-level tree	N/A	54.86	11	0.89261	N/A
Pful_bac_bin259	d__Bacteria;p__Bacteroidota;c__Bacteroidia;o__Bacteroidales;f__Paludibacteraceae;g__JAISJU01;s__	N/A	N/A	N/A	N/A	N/A	N/A	N/A	N/A	N/A	N/A	d__Bacteria;p__Bacteroidota;c__Bacteroidia;o__Bacteroidales;f__Paludibacteraceae;g__JAISJU01;s__	taxonomic novelty determined using RED	classification based on placement in class-level tree	N/A	76.54	11	0.89373	N/A
Pful_bac_bin260	d__Bacteria;p__Bacteroidota;c__Bacteroidia;o__Bacteroidales;f__Paludibacteraceae;g__QVMH01;s__	N/A	N/A	N/A	N/A	N/A	GCF_010501035.1	95.0	d__Bacteria;p__Bacteroidota;c__Bacteroidia;o__Bacteroidales;f__Paludibacteraceae;g__QVMH01;s__QVMH01 sp010501035	85.89	0.412	d__Bacteria;p__Bacteroidota;c__Bacteroidia;o__Bacteroidales;f__Paludibacteraceae;g__QVMH01;s__	taxonomic classification defined by topology and ANI	classification based on placement in class-level tree	N/A	62.4	11	0.98478	N/A
Pful_bac_bin261	d__Bacteria;p__Bacteroidota;c__Bacteroidia;o__Bacteroidales;f__Paludibacteraceae;g__QVMH01;s__	N/A	N/A	N/A	N/A	N/A	N/A	N/A	N/A	N/A	N/A	d__Bacteria;p__Bacteroidota;c__Bacteroidia;o__Bacteroidales;f__Paludibacteraceae;g__QVMH01;s__	taxonomic classification fully defined by topology	classification based on placement in class-level tree	N/A	36.05	11	0.94566	N/A
Pful_bac_bin262	d__Bacteria;p__Bacteroidota;c__Bacteroidia;o__Bacteroidales;f__Paludibacteraceae;g__QVMH01;s__	N/A	N/A	N/A	N/A	N/A	N/A	N/A	N/A	N/A	N/A	d__Bacteria;p__Bacteroidota;c__Bacteroidia;o__Bacteroidales;f__Paludibacteraceae;g__QVMH01;s__	taxonomic classification fully defined by topology	classification based on placement in class-level tree	N/A	51.52	11	0.94489	N/A
Pful_bac_bin263	d__Bacteria;p__Bacteroidota;c__Bacteroidia;o__Bacteroidales;f__Paludibacteraceae;g__QVMH01;s__	N/A	N/A	N/A	N/A	N/A	N/A	N/A	N/A	N/A	N/A	d__Bacteria;p__Bacteroidota;c__Bacteroidia;o__Bacteroidales;f__Paludibacteraceae;g__QVMH01;s__	taxonomic classification fully defined by topology	classification based on placement in class-level tree	N/A	73.27	11	0.94469	N/A
Pful_bac_bin264	d__Bacteria;p__Bacteroidota;c__Bacteroidia;o__Bacteroidales;f__Paludibacteraceae;g__QVMH01;s__	N/A	N/A	N/A	N/A	N/A	N/A	N/A	N/A	N/A	N/A	d__Bacteria;p__Bacteroidota;c__Bacteroidia;o__Bacteroidales;f__Paludibacteraceae;g__QVMH01;s__	taxonomic classification fully defined by topology	classification based on placement in class-level tree	N/A	76.76	11	0.94306	N/A
Pful_bac_bin265	d__Bacteria;p__Bacteroidota;c__Bacteroidia;o__Bacteroidales;f__Paludibacteraceae;g__QVMH01;s__	N/A	N/A	N/A	N/A	N/A	N/A	N/A	N/A	N/A	N/A	d__Bacteria;p__Bacteroidota;c__Bacteroidia;o__Bacteroidales;f__Paludibacteraceae;g__QVMH01;s__	taxonomic classification fully defined by topology	classification based on placement in class-level tree	N/A	93.01	11	0.9435	N/A
Pful_bac_bin266	d__Bacteria;p__Bacteroidota;c__Bacteroidia;o__Bacteroidales;f__Paludibacteraceae;g__QVMH01;s__	N/A	N/A	N/A	N/A	N/A	N/A	N/A	N/A	N/A	N/A	d__Bacteria;p__Bacteroidota;c__Bacteroidia;o__Bacteroidales;f__Paludibacteraceae;g__QVMH01;s__	taxonomic classification fully defined by topology	classification based on placement in class-level tree	N/A	94.0	11	0.94178	N/A
Pful_bac_bin267	d__Bacteria;p__Bacteroidota;c__Bacteroidia;o__Bacteroidales;f__Paludibacteraceae;g__QVMH01;s__	N/A	N/A	N/A	N/A	N/A	N/A	N/A	N/A	N/A	N/A	d__Bacteria;p__Bacteroidota;c__Bacteroidia;o__Bacteroidales;f__Paludibacteraceae;g__QVMH01;s__	taxonomic classification fully defined by topology	classification based on placement in class-level tree	N/A	94.58	11	0.93917	N/A
Pful_bac_bin268	d__Bacteria;p__Bacteroidota;c__Bacteroidia;o__Bacteroidales;f__Paludibacteraceae;g__;s__	N/A	N/A	N/A	N/A	N/A	N/A	N/A	N/A	N/A	N/A	d__Bacteria;p__Bacteroidota;c__Bacteroidia;o__Bacteroidales;f__Paludibacteraceae;g__;s__	taxonomic novelty determined using RED	classification based on placement in class-level tree	N/A	88.58	11	0.90491	N/A
Pful_bac_bin269	d__Bacteria;p__Bacteroidota;c__Bacteroidia;o__Bacteroidales;f__Paludibacteraceae;g__;s__	N/A	N/A	N/A	N/A	N/A	N/A	N/A	N/A	N/A	N/A	d__Bacteria;p__Bacteroidota;c__Bacteroidia;o__Bacteroidales;f__Paludibacteraceae;g__;s__	taxonomic novelty determined using RED	classification based on placement in class-level tree	N/A	91.1	11	0.88959	N/A
Pful_bac_bin270	d__Bacteria;p__Bacteroidota;c__Bacteroidia;o__Bacteroidales;f__Rikenellaceae;g__Alistipes_A;s__	N/A	N/A	N/A	N/A	N/A	N/A	N/A	N/A	N/A	N/A	d__Bacteria;p__Bacteroidota;c__Bacteroidia;o__Bacteroidales;f__Rikenellaceae;g__Alistipes_A;s__	taxonomic classification fully defined by topology	classification based on placement in class-level tree	N/A	34.12	11	0.92438	N/A
Pful_bac_bin271	d__Bacteria;p__Bacteroidota;c__Bacteroidia;o__Bacteroidales;f__Rikenellaceae;g__Alistipes;s__	N/A	N/A	N/A	N/A	N/A	GCF_900760675.1	95.0	d__Bacteria;p__Bacteroidota;c__Bacteroidia;o__Bacteroidales;f__Rikenellaceae;g__Alistipes;s__Alistipes sp900760675	83.98	0.446	d__Bacteria;p__Bacteroidota;c__Bacteroidia;o__Bacteroidales;f__Rikenellaceae;g__Alistipes;s__	taxonomic classification defined by topology and ANI	classification based on placement in class-level tree	N/A	73.05	11	0.99413	N/A
Pful_bac_bin272	d__Bacteria;p__Bacteroidota;c__Bacteroidia;o__Bacteroidales;f__Rikenellaceae;g__Alistipes;s__	N/A	N/A	N/A	N/A	N/A	N/A	N/A	N/A	N/A	N/A	d__Bacteria;p__Bacteroidota;c__Bacteroidia;o__Bacteroidales;f__Rikenellaceae;g__Alistipes;s__	taxonomic classification fully defined by topology	classification based on placement in class-level tree	N/A	39.07	11	0.99039	Genome has more than 10.0% of markers with multiple hits
Pful_bac_bin273	d__Bacteria;p__Bacteroidota;c__Bacteroidia;o__Bacteroidales;f__Rikenellaceae;g__Alistipes;s__	N/A	N/A	N/A	N/A	N/A	N/A	N/A	N/A	N/A	N/A	d__Bacteria;p__Bacteroidota;c__Bacteroidia;o__Bacteroidales;f__Rikenellaceae;g__Alistipes;s__	taxonomic classification fully defined by topology	classification based on placement in class-level tree	N/A	59.86	11	0.991	N/A
Pful_bac_bin274	d__Bacteria;p__Bacteroidota;c__Bacteroidia;o__Bacteroidales;f__Rikenellaceae;g__CAMQVY01;s__	N/A	N/A	N/A	N/A	N/A	N/A	N/A	N/A	N/A	N/A	d__Bacteria;p__Bacteroidota;c__Bacteroidia;o__Bacteroidales;f__Rikenellaceae;g__CAMQVY01;s__	taxonomic novelty determined using RED	classification based on placement in class-level tree	N/A	70.67	11	0.87804	N/A
Pful_bac_bin275	d__Bacteria;p__Bacteroidota;c__Bacteroidia;o__Bacteroidales;f__Rikenellaceae;g__JAJQAW01;s__	N/A	N/A	N/A	N/A	N/A	N/A	N/A	N/A	N/A	N/A	d__Bacteria;p__Bacteroidota;c__Bacteroidia;o__Bacteroidales;f__Rikenellaceae;g__JAJQAW01;s__	taxonomic classification fully defined by topology	classification based on placement in class-level tree	N/A	51.44	11	0.9563	N/A
Pful_bac_bin276	d__Bacteria;p__Bacteroidota;c__Bacteroidia;o__Bacteroidales;f__Rikenellaceae;g__JAJQAW01;s__	N/A	N/A	N/A	N/A	N/A	N/A	N/A	N/A	N/A	N/A	d__Bacteria;p__Bacteroidota;c__Bacteroidia;o__Bacteroidales;f__Rikenellaceae;g__JAJQAW01;s__	taxonomic classification fully defined by topology	classification based on placement in class-level tree	N/A	53.72	11	0.95178	N/A
Pful_bac_bin277	d__Bacteria;p__Bacteroidota;c__Bacteroidia;o__Bacteroidales;f__Rikenellaceae;g__JAJQAW01;s__	N/A	N/A	N/A	N/A	N/A	N/A	N/A	N/A	N/A	N/A	d__Bacteria;p__Bacteroidota;c__Bacteroidia;o__Bacteroidales;f__Rikenellaceae;g__JAJQAW01;s__	taxonomic classification fully defined by topology	classification based on placement in class-level tree	N/A	55.0	11	0.9476	N/A
Pful_bac_bin278	d__Bacteria;p__Bacteroidota;c__Bacteroidia;o__Bacteroidales;f__Rikenellaceae;g__JAJQAW01;s__	N/A	N/A	N/A	N/A	N/A	N/A	N/A	N/A	N/A	N/A	d__Bacteria;p__Bacteroidota;c__Bacteroidia;o__Bacteroidales;f__Rikenellaceae;g__JAJQAW01;s__	taxonomic classification fully defined by topology	classification based on placement in class-level tree	N/A	64.17	11	0.94993	N/A
Pful_bac_bin279	d__Bacteria;p__Bacteroidota;c__Bacteroidia;o__Bacteroidales;f__Rikenellaceae;g__JAJQAW01;s__	N/A	N/A	N/A	N/A	N/A	N/A	N/A	N/A	N/A	N/A	d__Bacteria;p__Bacteroidota;c__Bacteroidia;o__Bacteroidales;f__Rikenellaceae;g__JAJQAW01;s__	taxonomic classification fully defined by topology	classification based on placement in class-level tree	N/A	65.74	11	0.95191	N/A
Pful_bac_bin280	d__Bacteria;p__Bacteroidota;c__Bacteroidia;o__Bacteroidales;f__Rikenellaceae;g__JAJQAW01;s__	N/A	N/A	N/A	N/A	N/A	N/A	N/A	N/A	N/A	N/A	d__Bacteria;p__Bacteroidota;c__Bacteroidia;o__Bacteroidales;f__Rikenellaceae;g__JAJQAW01;s__	taxonomic classification fully defined by topology	classification based on placement in class-level tree	N/A	67.88	11	0.94984	N/A
Pful_bac_bin281	d__Bacteria;p__Bacteroidota;c__Bacteroidia;o__Bacteroidales;f__Rikenellaceae;g__;s__	N/A	N/A	N/A	N/A	N/A	N/A	N/A	N/A	N/A	N/A	d__Bacteria;p__Bacteroidota;c__Bacteroidia;o__Bacteroidales;f__Rikenellaceae;g__;s__	taxonomic novelty determined using RED	classification based on placement in class-level tree	N/A	49.81	11	0.88204	N/A
Pful_bac_bin282	d__Bacteria;p__Bacteroidota;c__Bacteroidia;o__Bacteroidales;f__Rikenellaceae;g__;s__	N/A	N/A	N/A	N/A	N/A	N/A	N/A	N/A	N/A	N/A	d__Bacteria;p__Bacteroidota;c__Bacteroidia;o__Bacteroidales;f__Rikenellaceae;g__;s__	taxonomic novelty determined using RED	classification based on placement in class-level tree	N/A	50.49	11	0.88201	N/A
Pful_bac_bin283	d__Bacteria;p__Bacteroidota;c__Bacteroidia;o__Bacteroidales;f__Rikenellaceae;g__;s__	N/A	N/A	N/A	N/A	N/A	N/A	N/A	N/A	N/A	N/A	d__Bacteria;p__Bacteroidota;c__Bacteroidia;o__Bacteroidales;f__Rikenellaceae;g__;s__	taxonomic novelty determined using RED	classification based on placement in class-level tree	N/A	69.51	11	0.8935	N/A
Pful_bac_bin284	d__Bacteria;p__Bacteroidota;c__Bacteroidia;o__Bacteroidales;f__Rikenellaceae;g__Tidjanibacter;s__	N/A	N/A	N/A	N/A	N/A	GCA_934663885.1	95.0	d__Bacteria;p__Bacteroidota;c__Bacteroidia;o__Bacteroidales;f__Rikenellaceae;g__Tidjanibacter;s__Tidjanibacter sp934663885	83.74	0.244	d__Bacteria;p__Bacteroidota;c__Bacteroidia;o__Bacteroidales;f__Rikenellaceae;g__Tidjanibacter;s__	taxonomic classification defined by topology and ANI	classification based on placement in class-level tree	N/A	58.05	11	0.97914	N/A
Pful_bac_bin285	d__Bacteria;p__Bacteroidota;c__Bacteroidia;o__Bacteroidales;f__Rikenellaceae;g__Tidjanibacter;s__	N/A	N/A	N/A	N/A	N/A	N/A	N/A	N/A	N/A	N/A	d__Bacteria;p__Bacteroidota;c__Bacteroidia;o__Bacteroidales;f__Rikenellaceae;g__Tidjanibacter;s__	taxonomic classification fully defined by topology	classification based on placement in class-level tree	N/A	34.86	11	0.94343	N/A
Pful_bac_bin286	d__Bacteria;p__Bacteroidota;c__Bacteroidia;o__Bacteroidales;f__Rikenellaceae;g__Tidjanibacter;s__	N/A	N/A	N/A	N/A	N/A	N/A	N/A	N/A	N/A	N/A	d__Bacteria;p__Bacteroidota;c__Bacteroidia;o__Bacteroidales;f__Rikenellaceae;g__Tidjanibacter;s__	taxonomic classification fully defined by topology	classification based on placement in class-level tree	N/A	37.74	11	0.93864	N/A
Pful_bac_bin287	d__Bacteria;p__Bacteroidota;c__Bacteroidia;o__Bacteroidales;f__Rikenellaceae;g__Tidjanibacter;s__	N/A	N/A	N/A	N/A	N/A	N/A	N/A	N/A	N/A	N/A	d__Bacteria;p__Bacteroidota;c__Bacteroidia;o__Bacteroidales;f__Rikenellaceae;g__Tidjanibacter;s__	taxonomic classification fully defined by topology	classification based on placement in class-level tree	N/A	47.81	11	0.97118	N/A
Pful_bac_bin288	d__Bacteria;p__Bacteroidota;c__Bacteroidia;o__Bacteroidales;f__Rikenellaceae;g__Tidjanibacter;s__	N/A	N/A	N/A	N/A	N/A	N/A	N/A	N/A	N/A	N/A	d__Bacteria;p__Bacteroidota;c__Bacteroidia;o__Bacteroidales;f__Rikenellaceae;g__Tidjanibacter;s__	taxonomic classification fully defined by topology	classification based on placement in class-level tree	N/A	51.98	11	0.94129	N/A
Pful_bac_bin289	d__Bacteria;p__Bacteroidota;c__Bacteroidia;o__Bacteroidales;f__Rikenellaceae;g__Tidjanibacter;s__	N/A	N/A	N/A	N/A	N/A	N/A	N/A	N/A	N/A	N/A	d__Bacteria;p__Bacteroidota;c__Bacteroidia;o__Bacteroidales;f__Rikenellaceae;g__Tidjanibacter;s__	taxonomic classification fully defined by topology	classification based on placement in class-level tree	N/A	52.57	11	0.9554	N/A
Pful_bac_bin290	d__Bacteria;p__Bacteroidota;c__Bacteroidia;o__Bacteroidales;f__Rikenellaceae;g__Tidjanibacter;s__	N/A	N/A	N/A	N/A	N/A	N/A	N/A	N/A	N/A	N/A	d__Bacteria;p__Bacteroidota;c__Bacteroidia;o__Bacteroidales;f__Rikenellaceae;g__Tidjanibacter;s__	taxonomic classification fully defined by topology	classification based on placement in class-level tree	N/A	56.33	11	0.95673	N/A
Pful_bac_bin291	d__Bacteria;p__Bacteroidota;c__Bacteroidia;o__Bacteroidales;f__Rikenellaceae;g__Tidjanibacter;s__	N/A	N/A	N/A	N/A	N/A	N/A	N/A	N/A	N/A	N/A	d__Bacteria;p__Bacteroidota;c__Bacteroidia;o__Bacteroidales;f__Rikenellaceae;g__Tidjanibacter;s__	taxonomic classification fully defined by topology	classification based on placement in class-level tree	N/A	60.64	11	0.93904	N/A
Pful_bac_bin292	d__Bacteria;p__Bacteroidota;c__Bacteroidia;o__Bacteroidales;f__Rikenellaceae;g__Tidjanibacter;s__	N/A	N/A	N/A	N/A	N/A	N/A	N/A	N/A	N/A	N/A	d__Bacteria;p__Bacteroidota;c__Bacteroidia;o__Bacteroidales;f__Rikenellaceae;g__Tidjanibacter;s__	taxonomic classification fully defined by topology	classification based on placement in class-level tree	N/A	61.65	11	0.95367	N/A
Pful_bac_bin293	d__Bacteria;p__Bacteroidota;c__Bacteroidia;o__Bacteroidales;f__Rikenellaceae;g__Tidjanibacter;s__	N/A	N/A	N/A	N/A	N/A	N/A	N/A	N/A	N/A	N/A	d__Bacteria;p__Bacteroidota;c__Bacteroidia;o__Bacteroidales;f__Rikenellaceae;g__Tidjanibacter;s__	taxonomic classification fully defined by topology	classification based on placement in class-level tree	N/A	65.36	11	0.93471	N/A
Pful_bac_bin294	d__Bacteria;p__Bacteroidota;c__Bacteroidia;o__Bacteroidales;f__Rikenellaceae;g__Tidjanibacter;s__	N/A	N/A	N/A	N/A	N/A	N/A	N/A	N/A	N/A	N/A	d__Bacteria;p__Bacteroidota;c__Bacteroidia;o__Bacteroidales;f__Rikenellaceae;g__Tidjanibacter;s__	taxonomic classification fully defined by topology	classification based on placement in class-level tree	N/A	87.39	11	0.95965	N/A
Pful_bac_bin295	d__Bacteria;p__Bacteroidota;c__Bacteroidia;o__Bacteroidales;f__Rikenellaceae;g__Tidjanibacter;s__	N/A	N/A	N/A	N/A	N/A	N/A	N/A	N/A	N/A	N/A	d__Bacteria;p__Bacteroidota;c__Bacteroidia;o__Bacteroidales;f__Rikenellaceae;g__Tidjanibacter;s__	taxonomic classification fully defined by topology	classification based on placement in class-level tree	N/A	87.77	11	0.95795	N/A
Pful_bac_bin296	d__Bacteria;p__Bacteroidota;c__Bacteroidia;o__Bacteroidales;f__Rikenellaceae;g__Tidjanibacter;s__	N/A	N/A	N/A	N/A	N/A	N/A	N/A	N/A	N/A	N/A	d__Bacteria;p__Bacteroidota;c__Bacteroidia;o__Bacteroidales;f__Rikenellaceae;g__Tidjanibacter;s__	taxonomic classification fully defined by topology	classification based on placement in class-level tree	N/A	88.74	11	0.95793	N/A
Pful_bac_bin297	d__Bacteria;p__Bacteroidota;c__Bacteroidia;o__Bacteroidales;f__Rikenellaceae;g__Tidjanibacter;s__	N/A	N/A	N/A	N/A	N/A	N/A	N/A	N/A	N/A	N/A	d__Bacteria;p__Bacteroidota;c__Bacteroidia;o__Bacteroidales;f__Rikenellaceae;g__Tidjanibacter;s__	taxonomic classification fully defined by topology	classification based on placement in class-level tree	N/A	95.05	11	0.93874	N/A
Pful_bac_bin298	d__Bacteria;p__Bacteroidota;c__Bacteroidia;o__Bacteroidales;f__Rikenellaceae;g__Tidjanibacter;s__	N/A	N/A	N/A	N/A	N/A	N/A	N/A	N/A	N/A	N/A	d__Bacteria;p__Bacteroidota;c__Bacteroidia;o__Bacteroidales;f__Rikenellaceae;g__Tidjanibacter;s__	taxonomic classification fully defined by topology	classification based on placement in class-level tree	N/A	96.15	11	0.9407	N/A
Pful_bac_bin299	d__Bacteria;p__Bacteroidota;c__Bacteroidia;o__Bacteroidales;f__Rikenellaceae;g__Tidjanibacter;s__	N/A	N/A	N/A	N/A	N/A	N/A	N/A	N/A	N/A	N/A	d__Bacteria;p__Bacteroidota;c__Bacteroidia;o__Bacteroidales;f__Rikenellaceae;g__Tidjanibacter;s__	taxonomic classification fully defined by topology	classification based on placement in class-level tree	N/A	97.04	11	0.91233	N/A
Pful_bac_bin300	d__Bacteria;p__Bacteroidota;c__Bacteroidia;o__Bacteroidales;f__Rikenellaceae;g__UBA940;s__	N/A	N/A	N/A	N/A	N/A	N/A	N/A	N/A	N/A	N/A	d__Bacteria;p__Bacteroidota;c__Bacteroidia;o__Bacteroidales;f__Rikenellaceae;g__UBA940;s__	taxonomic classification fully defined by topology	classification based on placement in class-level tree	N/A	45.86	11	0.92645	N/A
Pful_bac_bin301	d__Bacteria;p__Bacteroidota;c__Bacteroidia;o__Bacteroidales;f__Rikenellaceae;g__UBA940;s__	N/A	N/A	N/A	N/A	N/A	N/A	N/A	N/A	N/A	N/A	d__Bacteria;p__Bacteroidota;c__Bacteroidia;o__Bacteroidales;f__Rikenellaceae;g__UBA940;s__	taxonomic classification fully defined by topology	classification based on placement in class-level tree	N/A	52.23	11	0.92772	N/A
Pful_bac_bin302	d__Bacteria;p__Bacteroidota;c__Bacteroidia;o__Bacteroidales;f__Rikenellaceae;g__UBA940;s__	N/A	N/A	N/A	N/A	N/A	N/A	N/A	N/A	N/A	N/A	d__Bacteria;p__Bacteroidota;c__Bacteroidia;o__Bacteroidales;f__Rikenellaceae;g__UBA940;s__	taxonomic classification fully defined by topology	classification based on placement in class-level tree	N/A	86.47	11	0.92666	N/A
Pful_bac_bin303	d__Bacteria;p__Bacteroidota;c__Bacteroidia;o__Bacteroidales;f__Rikenellaceae;g__WRDF01;s__	N/A	N/A	N/A	N/A	N/A	N/A	N/A	N/A	N/A	N/A	d__Bacteria;p__Bacteroidota;c__Bacteroidia;o__Bacteroidales;f__Rikenellaceae;g__WRDF01;s__	taxonomic classification fully defined by topology	classification based on placement in class-level tree	N/A	37.86	11	0.91211	N/A
Pful_bac_bin304	d__Bacteria;p__Bacteroidota;c__Bacteroidia;o__Bacteroidales;f__Rikenellaceae;g__WRDF01;s__	N/A	N/A	N/A	N/A	N/A	N/A	N/A	N/A	N/A	N/A	d__Bacteria;p__Bacteroidota;c__Bacteroidia;o__Bacteroidales;f__Rikenellaceae;g__WRDF01;s__	taxonomic classification fully defined by topology	classification based on placement in class-level tree	N/A	47.85	11	0.91474	N/A
Pful_bac_bin305	d__Bacteria;p__Bacteroidota;c__Bacteroidia;o__Bacteroidales;f__Rikenellaceae;g__WRDF01;s__	N/A	N/A	N/A	N/A	N/A	N/A	N/A	N/A	N/A	N/A	d__Bacteria;p__Bacteroidota;c__Bacteroidia;o__Bacteroidales;f__Rikenellaceae;g__WRDF01;s__	taxonomic classification fully defined by topology	classification based on placement in class-level tree	N/A	50.61	11	0.93947	N/A
Pful_bac_bin306	d__Bacteria;p__Bacteroidota;c__Bacteroidia;o__Bacteroidales;f__Rikenellaceae;g__WRDF01;s__	N/A	N/A	N/A	N/A	N/A	N/A	N/A	N/A	N/A	N/A	d__Bacteria;p__Bacteroidota;c__Bacteroidia;o__Bacteroidales;f__Rikenellaceae;g__WRDF01;s__	taxonomic classification fully defined by topology	classification based on placement in class-level tree	N/A	53.88	11	0.9689	N/A
Pful_bac_bin307	d__Bacteria;p__Bacteroidota;c__Bacteroidia;o__Bacteroidales;f__Rikenellaceae;g__WRDF01;s__	N/A	N/A	N/A	N/A	N/A	N/A	N/A	N/A	N/A	N/A	d__Bacteria;p__Bacteroidota;c__Bacteroidia;o__Bacteroidales;f__Rikenellaceae;g__WRDF01;s__	taxonomic classification fully defined by topology	classification based on placement in class-level tree	N/A	55.99	11	0.90336	Genome has more than 10.8% of markers with multiple hits
Pful_bac_bin308	d__Bacteria;p__Bacteroidota;c__Bacteroidia;o__Bacteroidales;f__Rikenellaceae;g__WRDF01;s__	N/A	N/A	N/A	N/A	N/A	N/A	N/A	N/A	N/A	N/A	d__Bacteria;p__Bacteroidota;c__Bacteroidia;o__Bacteroidales;f__Rikenellaceae;g__WRDF01;s__	taxonomic classification fully defined by topology	classification based on placement in class-level tree	N/A	56.37	11	0.9232	N/A
Pful_bac_bin309	d__Bacteria;p__Bacteroidota;c__Bacteroidia;o__Bacteroidales;f__Rikenellaceae;g__WRDF01;s__	N/A	N/A	N/A	N/A	N/A	N/A	N/A	N/A	N/A	N/A	d__Bacteria;p__Bacteroidota;c__Bacteroidia;o__Bacteroidales;f__Rikenellaceae;g__WRDF01;s__	taxonomic classification fully defined by topology	classification based on placement in class-level tree	N/A	62.48	11	0.91674	N/A
Pful_bac_bin310	d__Bacteria;p__Bacteroidota;c__Bacteroidia;o__Bacteroidales;f__Rikenellaceae;g__WRDF01;s__	N/A	N/A	N/A	N/A	N/A	N/A	N/A	N/A	N/A	N/A	d__Bacteria;p__Bacteroidota;c__Bacteroidia;o__Bacteroidales;f__Rikenellaceae;g__WRDF01;s__	taxonomic classification fully defined by topology	classification based on placement in class-level tree	N/A	70.01	11	0.91944	N/A
Pful_bac_bin311	d__Bacteria;p__Bacteroidota;c__Bacteroidia;o__Bacteroidales;f__Rikenellaceae;g__WRDF01;s__	N/A	N/A	N/A	N/A	N/A	N/A	N/A	N/A	N/A	N/A	d__Bacteria;p__Bacteroidota;c__Bacteroidia;o__Bacteroidales;f__Rikenellaceae;g__WRDF01;s__	taxonomic classification fully defined by topology	classification based on placement in class-level tree	N/A	73.72	11	0.92279	N/A
Pful_bac_bin312	d__Bacteria;p__Bacteroidota;c__Bacteroidia;o__Bacteroidales;f__Rikenellaceae;g__WRDF01;s__	N/A	N/A	N/A	N/A	N/A	N/A	N/A	N/A	N/A	N/A	d__Bacteria;p__Bacteroidota;c__Bacteroidia;o__Bacteroidales;f__Rikenellaceae;g__WRDF01;s__	taxonomic classification fully defined by topology	classification based on placement in class-level tree	N/A	74.54	11	0.9153	N/A
Pful_bac_bin313	d__Bacteria;p__Bacteroidota;c__Bacteroidia;o__Bacteroidales;f__Rikenellaceae;g__WRDF01;s__	N/A	N/A	N/A	N/A	N/A	N/A	N/A	N/A	N/A	N/A	d__Bacteria;p__Bacteroidota;c__Bacteroidia;o__Bacteroidales;f__Rikenellaceae;g__WRDF01;s__	taxonomic classification fully defined by topology	classification based on placement in class-level tree	N/A	77.12	11	0.92748	N/A
Pful_bac_bin314	d__Bacteria;p__Bacteroidota;c__Bacteroidia;o__Bacteroidales;f__Rikenellaceae;g__WRDF01;s__	N/A	N/A	N/A	N/A	N/A	N/A	N/A	N/A	N/A	N/A	d__Bacteria;p__Bacteroidota;c__Bacteroidia;o__Bacteroidales;f__Rikenellaceae;g__WRDF01;s__	taxonomic classification fully defined by topology	classification based on placement in class-level tree	N/A	88.74	11	0.9183	N/A
Pful_bac_bin315	d__Bacteria;p__Bacteroidota;c__Bacteroidia;o__Bacteroidales;f__Rikenellaceae;g__WRDF01;s__	N/A	N/A	N/A	N/A	N/A	N/A	N/A	N/A	N/A	N/A	d__Bacteria;p__Bacteroidota;c__Bacteroidia;o__Bacteroidales;f__Rikenellaceae;g__WRDF01;s__	taxonomic classification fully defined by topology	classification based on placement in class-level tree	N/A	89.41	11	0.92122	N/A
Pful_bac_bin316	d__Bacteria;p__Bacteroidota;c__Bacteroidia;o__Bacteroidales;f__Rikenellaceae;g__WRDF01;s__	N/A	N/A	N/A	N/A	N/A	N/A	N/A	N/A	N/A	N/A	d__Bacteria;p__Bacteroidota;c__Bacteroidia;o__Bacteroidales;f__Rikenellaceae;g__WRDF01;s__	taxonomic classification fully defined by topology	classification based on placement in class-level tree	N/A	94.6	11	0.91951	N/A
Pful_bac_bin317	d__Bacteria;p__Bacteroidota;c__Bacteroidia;o__Bacteroidales;f__Tannerellaceae;g__DFXE01;s__DFXE01 sp029892785	GCF_029892785.1	95.0	d__Bacteria;p__Bacteroidota;c__Bacteroidia;o__Bacteroidales;f__Tannerellaceae;g__DFXE01;s__DFXE01 sp029892785	96.91	0.832	N/A	N/A	N/A	N/A	N/A	N/A	ani_screen	classification based on ANI only	N/A	N/A	N/A	N/A	N/A
Pful_bac_bin318	d__Bacteria;p__Bacteroidota;c__Bacteroidia;o__Bacteroidales;f__Tannerellaceae;g__DFXE01;s__	N/A	N/A	N/A	N/A	N/A	N/A	N/A	N/A	N/A	N/A	d__Bacteria;p__Bacteroidota;c__Bacteroidia;o__Bacteroidales;f__Tannerellaceae;g__DFXE01;s__	taxonomic classification fully defined by topology	classification based on placement in class-level tree	N/A	30.67	11	0.95373	Genome has more than 13.3% of markers with multiple hits
Pful_bac_bin319	d__Bacteria;p__Bacteroidota;c__Bacteroidia;o__Bacteroidales;f__Tannerellaceae;g__DFXE01;s__	N/A	N/A	N/A	N/A	N/A	N/A	N/A	N/A	N/A	N/A	d__Bacteria;p__Bacteroidota;c__Bacteroidia;o__Bacteroidales;f__Tannerellaceae;g__DFXE01;s__	taxonomic classification fully defined by topology	classification based on placement in class-level tree	N/A	51.36	11	0.93982	N/A
Pful_bac_bin320	d__Bacteria;p__Bacteroidota;c__Bacteroidia;o__Bacteroidales;f__Tannerellaceae;g__DFXE01;s__	N/A	N/A	N/A	N/A	N/A	N/A	N/A	N/A	N/A	N/A	d__Bacteria;p__Bacteroidota;c__Bacteroidia;o__Bacteroidales;f__Tannerellaceae;g__DFXE01;s__	taxonomic classification fully defined by topology	classification based on placement in class-level tree	N/A	51.36	11	0.94663	N/A
Pful_bac_bin321	d__Bacteria;p__Bacteroidota;c__Bacteroidia;o__Bacteroidales;f__Tannerellaceae;g__JAJDIA01;s__	N/A	N/A	N/A	N/A	N/A	GCA_030266465.1	95.0	d__Bacteria;p__Bacteroidota;c__Bacteroidia;o__Bacteroidales;f__Tannerellaceae;g__JAJDIA01;s__JAJDIA01 sp030266465	86.77	0.477	d__Bacteria;p__Bacteroidota;c__Bacteroidia;o__Bacteroidales;f__Tannerellaceae;g__JAJDIA01;s__	taxonomic classification defined by topology and ANI	classification based on placement in class-level tree	N/A	75.99	11	0.98159	N/A
Pful_bac_bin322	d__Bacteria;p__Bacteroidota;c__Bacteroidia;o__Bacteroidales;f__Tannerellaceae;g__JAJDIA01;s__	N/A	N/A	N/A	N/A	N/A	N/A	N/A	N/A	N/A	N/A	d__Bacteria;p__Bacteroidota;c__Bacteroidia;o__Bacteroidales;f__Tannerellaceae;g__JAJDIA01;s__	taxonomic novelty determined using RED	classification based on placement in class-level tree	N/A	81.93	11	0.95612	N/A
Pful_bac_bin323	d__Bacteria;p__Bacteroidota;c__Bacteroidia;o__Bacteroidales;f__Tannerellaceae;g__JAJDIA01;s__	N/A	N/A	N/A	N/A	N/A	N/A	N/A	N/A	N/A	N/A	d__Bacteria;p__Bacteroidota;c__Bacteroidia;o__Bacteroidales;f__Tannerellaceae;g__JAJDIA01;s__	taxonomic novelty determined using RED	classification based on placement in class-level tree	N/A	82.78	11	0.95028	N/A
Pful_bac_bin324	d__Bacteria;p__Bacteroidota;c__Bacteroidia;o__Bacteroidales;f__Tannerellaceae;g__JAJDIA01;s__	N/A	N/A	N/A	N/A	N/A	N/A	N/A	N/A	N/A	N/A	d__Bacteria;p__Bacteroidota;c__Bacteroidia;o__Bacteroidales;f__Tannerellaceae;g__JAJDIA01;s__	taxonomic novelty determined using RED	classification based on placement in class-level tree	N/A	85.22	11	0.95317	N/A
Pful_bac_bin325	d__Bacteria;p__Bacteroidota;c__Bacteroidia;o__Bacteroidales;f__Tannerellaceae;g__JAJDIA01;s__	N/A	N/A	N/A	N/A	N/A	N/A	N/A	N/A	N/A	N/A	d__Bacteria;p__Bacteroidota;c__Bacteroidia;o__Bacteroidales;f__Tannerellaceae;g__JAJDIA01;s__	taxonomic novelty determined using RED	classification based on placement in class-level tree	N/A	89.45	11	0.95872	N/A
Pful_bac_bin326	d__Bacteria;p__Bacteroidota;c__Bacteroidia;o__Bacteroidales;f__Tannerellaceae;g__JAJDIA01;s__	N/A	N/A	N/A	N/A	N/A	N/A	N/A	N/A	N/A	N/A	d__Bacteria;p__Bacteroidota;c__Bacteroidia;o__Bacteroidales;f__Tannerellaceae;g__JAJDIA01;s__	taxonomic novelty determined using RED	classification based on placement in class-level tree	N/A	93.09	11	0.95646	N/A
Pful_bac_bin327	d__Bacteria;p__Bacteroidota;c__Bacteroidia;o__Bacteroidales;f__Tannerellaceae;g__QVMG01;s__	N/A	N/A	N/A	N/A	N/A	GCF_029504695.1	95.0	d__Bacteria;p__Bacteroidota;c__Bacteroidia;o__Bacteroidales;f__Tannerellaceae;g__QVMG01;s__QVMG01 sp029504695	79.52	0.151	d__Bacteria;p__Bacteroidota;c__Bacteroidia;o__Bacteroidales;f__Tannerellaceae;g__QVMG01;s__	taxonomic classification defined by topology and ANI	classification based on placement in class-level tree	N/A	79.68	11	0.97813	N/A
Pful_bac_bin328	d__Bacteria;p__Bacteroidota;c__Bacteroidia;o__Bacteroidales;f__Tannerellaceae;g__QVMG01;s__	N/A	N/A	N/A	N/A	N/A	GCF_029504695.1	95.0	d__Bacteria;p__Bacteroidota;c__Bacteroidia;o__Bacteroidales;f__Tannerellaceae;g__QVMG01;s__QVMG01 sp029504695	80.6	0.178	d__Bacteria;p__Bacteroidota;c__Bacteroidia;o__Bacteroidales;f__Tannerellaceae;g__QVMG01;s__	taxonomic classification defined by topology and ANI	classification based on placement in class-level tree	N/A	54.4	11	0.98373	N/A
Pful_bac_bin329	d__Bacteria;p__Bacteroidota;c__Bacteroidia;o__Bacteroidales;f__Tannerellaceae;g__QVMG01;s__	N/A	N/A	N/A	N/A	N/A	GCF_029892605.1	95.0	d__Bacteria;p__Bacteroidota;c__Bacteroidia;o__Bacteroidales;f__Tannerellaceae;g__QVMG01;s__QVMG01 sp029892605	93.49	0.789	d__Bacteria;p__Bacteroidota;c__Bacteroidia;o__Bacteroidales;f__Tannerellaceae;g__QVMG01;s__	taxonomic classification defined by topology and ANI	classification based on placement in class-level tree	GCF_029893085.1, s__QVMG01 sp029893085, 95.0, 89.83, 0.512	72.99	11	0.99615	Genome not assigned to closest species as it falls outside its pre-defined ANI radius
Pful_bac_bin330	d__Bacteria;p__Bacteroidota;c__Bacteroidia;o__Bacteroidales;f__Tannerellaceae;g__QVMG01;s__	N/A	N/A	N/A	N/A	N/A	GCF_029893085.1	95.0	d__Bacteria;p__Bacteroidota;c__Bacteroidia;o__Bacteroidales;f__Tannerellaceae;g__QVMG01;s__QVMG01 sp029893085	91.63	0.615	d__Bacteria;p__Bacteroidota;c__Bacteroidia;o__Bacteroidales;f__Tannerellaceae;g__QVMG01;s__	taxonomic classification defined by topology and ANI	classification based on placement in class-level tree	GCF_029892605.1, s__QVMG01 sp029892605, 95.0, 88.76, 0.54	75.73	11	0.99649	Genome not assigned to closest species as it falls outside its pre-defined ANI radius
Pful_bac_bin331	d__Bacteria;p__Bacteroidota;c__Bacteroidia;o__Bacteroidales;f__Tannerellaceae;g__QVMG01;s__	N/A	N/A	N/A	N/A	N/A	N/A	N/A	N/A	N/A	N/A	d__Bacteria;p__Bacteroidota;c__Bacteroidia;o__Bacteroidales;f__Tannerellaceae;g__QVMG01;s__	taxonomic classification defined by topology and ANI	classification based on placement in class-level tree	GCF_029893085.1, s__QVMG01 sp029893085, 95.0, 84.24, 0.201; GCF_029892605.1, s__QVMG01 sp029892605, 95.0, 83.63, 0.198	35.77	11	0.98708	N/A
Pful_bac_bin332	d__Bacteria;p__Bacteroidota;c__Bacteroidia;o__Bacteroidales;f__Tannerellaceae;g__QVMG01;s__	N/A	N/A	N/A	N/A	N/A	N/A	N/A	N/A	N/A	N/A	d__Bacteria;p__Bacteroidota;c__Bacteroidia;o__Bacteroidales;f__Tannerellaceae;g__QVMG01;s__	taxonomic classification fully defined by topology	classification based on placement in class-level tree	N/A	42.38	11	0.94609	N/A
Pful_bac_bin333	d__Bacteria;p__Bacteroidota;c__Bacteroidia;o__Bacteroidales;f__Tannerellaceae;g__QVMG01;s__	N/A	N/A	N/A	N/A	N/A	N/A	N/A	N/A	N/A	N/A	d__Bacteria;p__Bacteroidota;c__Bacteroidia;o__Bacteroidales;f__Tannerellaceae;g__QVMG01;s__	taxonomic classification fully defined by topology	classification based on placement in class-level tree	N/A	59.7	11	0.94563	N/A
Pful_bac_bin334	d__Bacteria;p__Bacteroidota;c__Bacteroidia;o__Bacteroidales;f__Tannerellaceae;g__QVMG01;s__	N/A	N/A	N/A	N/A	N/A	N/A	N/A	N/A	N/A	N/A	d__Bacteria;p__Bacteroidota;c__Bacteroidia;o__Bacteroidales;f__Tannerellaceae;g__QVMG01;s__	taxonomic classification fully defined by topology	classification based on placement in class-level tree	N/A	66.16	11	0.96443	N/A
Pful_bac_bin335	d__Bacteria;p__Bacteroidota;c__Bacteroidia;o__Bacteroidales;f__Tannerellaceae;g__QVMG01;s__	N/A	N/A	N/A	N/A	N/A	N/A	N/A	N/A	N/A	N/A	d__Bacteria;p__Bacteroidota;c__Bacteroidia;o__Bacteroidales;f__Tannerellaceae;g__QVMG01;s__	taxonomic classification fully defined by topology	classification based on placement in class-level tree	N/A	81.25	11	0.9645	N/A
Pful_bac_bin336	d__Bacteria;p__Bacteroidota;c__Bacteroidia;o__Bacteroidales;f__Tannerellaceae;g__QVMG01;s__	N/A	N/A	N/A	N/A	N/A	N/A	N/A	N/A	N/A	N/A	d__Bacteria;p__Bacteroidota;c__Bacteroidia;o__Bacteroidales;f__Tannerellaceae;g__QVMG01;s__	taxonomic classification fully defined by topology	classification based on placement in class-level tree	N/A	83.81	11	0.94902	N/A
Pful_bac_bin337	d__Bacteria;p__Bacteroidota;c__Bacteroidia;o__Bacteroidales;f__Tannerellaceae;g__QVMG01;s__	N/A	N/A	N/A	N/A	N/A	N/A	N/A	N/A	N/A	N/A	d__Bacteria;p__Bacteroidota;c__Bacteroidia;o__Bacteroidales;f__Tannerellaceae;g__QVMG01;s__	taxonomic classification fully defined by topology	classification based on placement in class-level tree	N/A	85.16	11	0.96493	N/A
Pful_bac_bin338	d__Bacteria;p__Bacteroidota;c__Bacteroidia;o__Bacteroidales;f__Tannerellaceae;g__QVMG01;s__	N/A	N/A	N/A	N/A	N/A	N/A	N/A	N/A	N/A	N/A	d__Bacteria;p__Bacteroidota;c__Bacteroidia;o__Bacteroidales;f__Tannerellaceae;g__QVMG01;s__	taxonomic classification fully defined by topology	classification based on placement in class-level tree	N/A	85.76	11	0.94636	N/A
Pful_bac_bin339	d__Bacteria;p__Bacteroidota;c__Bacteroidia;o__Bacteroidales;f__Tannerellaceae;g__QVMG01;s__	N/A	N/A	N/A	N/A	N/A	N/A	N/A	N/A	N/A	N/A	d__Bacteria;p__Bacteroidota;c__Bacteroidia;o__Bacteroidales;f__Tannerellaceae;g__QVMG01;s__	taxonomic classification fully defined by topology	classification based on placement in class-level tree	N/A	89.33	11	0.96409	N/A
Pful_bac_bin340	d__Bacteria;p__Bacteroidota;c__Bacteroidia;o__Bacteroidales;f__Tannerellaceae;g__QVMG01;s__	N/A	N/A	N/A	N/A	N/A	N/A	N/A	N/A	N/A	N/A	d__Bacteria;p__Bacteroidota;c__Bacteroidia;o__Bacteroidales;f__Tannerellaceae;g__QVMG01;s__	taxonomic classification fully defined by topology	classification based on placement in class-level tree	N/A	93.35	11	0.95204	N/A
Pful_bac_bin341	d__Bacteria;p__Bacteroidota;c__Bacteroidia;o__Bacteroidales;f__Tannerellaceae;g__QVMG01;s__	N/A	N/A	N/A	N/A	N/A	N/A	N/A	N/A	N/A	N/A	d__Bacteria;p__Bacteroidota;c__Bacteroidia;o__Bacteroidales;f__Tannerellaceae;g__QVMG01;s__	taxonomic classification fully defined by topology	classification based on placement in class-level tree	N/A	93.84	11	0.94962	N/A
Pful_bac_bin342	d__Bacteria;p__Bacteroidota;c__Bacteroidia;o__Bacteroidales;f__Tannerellaceae;g__QVMG01;s__	N/A	N/A	N/A	N/A	N/A	N/A	N/A	N/A	N/A	N/A	d__Bacteria;p__Bacteroidota;c__Bacteroidia;o__Bacteroidales;f__Tannerellaceae;g__QVMG01;s__	taxonomic novelty determined using RED	classification based on placement in class-level tree	N/A	30.98	11	0.93754	N/A
Pful_bac_bin343	d__Bacteria;p__Bacteroidota;c__Bacteroidia;o__Bacteroidales;f__Tannerellaceae;g__QVMG01;s__	N/A	N/A	N/A	N/A	N/A	N/A	N/A	N/A	N/A	N/A	d__Bacteria;p__Bacteroidota;c__Bacteroidia;o__Bacteroidales;f__Tannerellaceae;g__QVMG01;s__	taxonomic novelty determined using RED	classification based on placement in class-level tree	N/A	86.57	11	0.93479	N/A
Pful_bac_bin344	d__Bacteria;p__Bacteroidota;c__Bacteroidia;o__Bacteroidales;f__Tannerellaceae;g__;s__	N/A	N/A	N/A	N/A	N/A	N/A	N/A	N/A	N/A	N/A	d__Bacteria;p__Bacteroidota;c__Bacteroidia;o__Bacteroidales;f__Tannerellaceae;g__;s__	taxonomic classification fully defined by topology	classification based on placement in class-level tree	N/A	57.2	11	0.92649	N/A
Pful_bac_bin345	d__Bacteria;p__Bacteroidota;c__Bacteroidia;o__Bacteroidales;f__Tannerellaceae;g__;s__	N/A	N/A	N/A	N/A	N/A	N/A	N/A	N/A	N/A	N/A	d__Bacteria;p__Bacteroidota;c__Bacteroidia;o__Bacteroidales;f__Tannerellaceae;g__;s__	taxonomic classification fully defined by topology	classification based on placement in class-level tree	N/A	66.02	11	0.92691	N/A
Pful_bac_bin346	d__Bacteria;p__Bacteroidota;c__Bacteroidia;o__Bacteroidales;f__Tannerellaceae;g__Tannerella;s__	N/A	N/A	N/A	N/A	N/A	N/A	N/A	N/A	N/A	N/A	d__Bacteria;p__Bacteroidota;c__Bacteroidia;o__Bacteroidales;f__Tannerellaceae;g__Tannerella;s__	taxonomic classification fully defined by topology	classification based on placement in class-level tree	N/A	31.7	11	0.96755	N/A
Pful_bac_bin347	d__Bacteria;p__Bacteroidota;c__Bacteroidia;o__Bacteroidales;f__Tannerellaceae;g__Tannerella;s__	N/A	N/A	N/A	N/A	N/A	N/A	N/A	N/A	N/A	N/A	d__Bacteria;p__Bacteroidota;c__Bacteroidia;o__Bacteroidales;f__Tannerellaceae;g__Tannerella;s__	taxonomic classification fully defined by topology	classification based on placement in class-level tree	N/A	56.48	11	0.96332	N/A
Pful_bac_bin348	d__Bacteria;p__Bacteroidota;c__Bacteroidia;o__Bacteroidales;f__Tannerellaceae;g__Tannerella;s__	N/A	N/A	N/A	N/A	N/A	N/A	N/A	N/A	N/A	N/A	d__Bacteria;p__Bacteroidota;c__Bacteroidia;o__Bacteroidales;f__Tannerellaceae;g__Tannerella;s__	taxonomic classification fully defined by topology	classification based on placement in class-level tree	N/A	70.74	11	0.96627	N/A
Pful_bac_bin349	d__Bacteria;p__Bacteroidota;c__Bacteroidia;o__Bacteroidales;f__Tannerellaceae;g__Tannerella;s__	N/A	N/A	N/A	N/A	N/A	N/A	N/A	N/A	N/A	N/A	d__Bacteria;p__Bacteroidota;c__Bacteroidia;o__Bacteroidales;f__Tannerellaceae;g__Tannerella;s__	taxonomic classification fully defined by topology	classification based on placement in class-level tree	N/A	87.94	11	0.97738	N/A
Pful_bac_bin350	d__Bacteria;p__Bacteroidota;c__Bacteroidia;o__Bacteroidales;f__Tenuifilaceae;g__UBA5206;s__	N/A	N/A	N/A	N/A	N/A	N/A	N/A	N/A	N/A	N/A	d__Bacteria;p__Bacteroidota;c__Bacteroidia;o__Bacteroidales;f__Tenuifilaceae;g__UBA5206;s__	taxonomic novelty determined using RED	classification based on placement in class-level tree	N/A	37.42	11	0.91256	Genome has more than 10.8% of markers with multiple hits
Pful_bac_bin351	d__Bacteria;p__Bacteroidota;c__Bacteroidia;o__Bacteroidales;f__UBA4181;g__JAIRLS01;s__	N/A	N/A	N/A	N/A	N/A	GCA_031275285.1	95.0	d__Bacteria;p__Bacteroidota;c__Bacteroidia;o__Bacteroidales;f__UBA4181;g__JAIRLS01;s__JAIRLS01 sp031275285	90.63	0.7	d__Bacteria;p__Bacteroidota;c__Bacteroidia;o__Bacteroidales;f__UBA4181;g__JAIRLS01;s__	taxonomic classification defined by topology and ANI	classification based on placement in class-level tree	N/A	71.44	11	0.98828	Genome not assigned to closest species as it falls outside its pre-defined ANI radius
Pful_bac_bin352	d__Bacteria;p__Bacteroidota;c__Bacteroidia;o__Bacteroidales;f__UBA4181;g__JAIRLS01;s__	N/A	N/A	N/A	N/A	N/A	N/A	N/A	N/A	N/A	N/A	d__Bacteria;p__Bacteroidota;c__Bacteroidia;o__Bacteroidales;f__UBA4181;g__JAIRLS01;s__	taxonomic classification fully defined by topology	classification based on placement in class-level tree	N/A	72.99	11	0.93008	N/A
Pful_bac_bin353	d__Bacteria;p__Bacteroidota;c__Bacteroidia;o__Bacteroidales;f__UBA932;g__JAIRNF01;s__	N/A	N/A	N/A	N/A	N/A	GCA_031258195.1	95.0	d__Bacteria;p__Bacteroidota;c__Bacteroidia;o__Bacteroidales;f__UBA932;g__JAIRNF01;s__JAIRNF01 sp031258195	80.75	0.186	d__Bacteria;p__Bacteroidota;c__Bacteroidia;o__Bacteroidales;f__UBA932;g__JAIRNF01;s__	taxonomic classification defined by topology and ANI	classification based on placement in class-level tree	N/A	61.55	11	0.96565	N/A
Pful_bac_bin354	d__Bacteria;p__Bacteroidota;c__Bacteroidia;o__Bacteroidales;f__UBA932;g__JAIRNF01;s__	N/A	N/A	N/A	N/A	N/A	GCA_031258195.1	95.0	d__Bacteria;p__Bacteroidota;c__Bacteroidia;o__Bacteroidales;f__UBA932;g__JAIRNF01;s__JAIRNF01 sp031258195	89.55	0.695	d__Bacteria;p__Bacteroidota;c__Bacteroidia;o__Bacteroidales;f__UBA932;g__JAIRNF01;s__	taxonomic classification defined by topology and ANI	classification based on placement in class-level tree	N/A	92.17	11	0.9776	Genome not assigned to closest species as it falls outside its pre-defined ANI radius
Pful_bac_bin355	d__Bacteria;p__Bacteroidota;c__Bacteroidia;o__Bacteroidales;f__UBA932;g__JAIRNF01;s__	N/A	N/A	N/A	N/A	N/A	N/A	N/A	N/A	N/A	N/A	d__Bacteria;p__Bacteroidota;c__Bacteroidia;o__Bacteroidales;f__UBA932;g__JAIRNF01;s__	taxonomic novelty determined using RED	classification based on placement in class-level tree	N/A	46.1	11	0.9449	N/A
Pful_bac_bin356	d__Bacteria;p__Bacteroidota;c__Bacteroidia;o__Bacteroidales;f__UBA932;g__JAISBU01;s__	N/A	N/A	N/A	N/A	N/A	N/A	N/A	N/A	N/A	N/A	d__Bacteria;p__Bacteroidota;c__Bacteroidia;o__Bacteroidales;f__UBA932;g__JAISBU01;s__	taxonomic novelty determined using RED	classification based on placement in class-level tree	N/A	22.92	11	0.88455	N/A
Pful_bac_bin357	d__Bacteria;p__Bacteroidota;c__Bacteroidia;o__Bacteroidales;f__UBA932;g__JAISFN01;s__	N/A	N/A	N/A	N/A	N/A	N/A	N/A	N/A	N/A	N/A	d__Bacteria;p__Bacteroidota;c__Bacteroidia;o__Bacteroidales;f__UBA932;g__JAISFN01;s__	taxonomic novelty determined using RED	classification based on placement in class-level tree	N/A	31.56	11	0.88312	N/A
Pful_bac_bin358	d__Bacteria;p__Bacteroidota;c__Bacteroidia;o__Bacteroidales;f__UBA932;g__JAISFN01;s__	N/A	N/A	N/A	N/A	N/A	N/A	N/A	N/A	N/A	N/A	d__Bacteria;p__Bacteroidota;c__Bacteroidia;o__Bacteroidales;f__UBA932;g__JAISFN01;s__	taxonomic novelty determined using RED	classification based on placement in class-level tree	N/A	39.38	11	0.89348	N/A
Pful_bac_bin359	d__Bacteria;p__Bacteroidota;c__Bacteroidia;o__Bacteroidales;f__UBA932;g__JAISFN01;s__	N/A	N/A	N/A	N/A	N/A	N/A	N/A	N/A	N/A	N/A	d__Bacteria;p__Bacteroidota;c__Bacteroidia;o__Bacteroidales;f__UBA932;g__JAISFN01;s__	taxonomic novelty determined using RED	classification based on placement in class-level tree	N/A	55.61	11	0.89427	N/A
Pful_bac_bin360	d__Bacteria;p__Bacteroidota;c__Bacteroidia;o__Bacteroidales;f__UBA932;g__JAISFN01;s__	N/A	N/A	N/A	N/A	N/A	N/A	N/A	N/A	N/A	N/A	d__Bacteria;p__Bacteroidota;c__Bacteroidia;o__Bacteroidales;f__UBA932;g__JAISFN01;s__	taxonomic novelty determined using RED	classification based on placement in class-level tree	N/A	73.51	11	0.889	N/A
Pful_bac_bin361	d__Bacteria;p__Bacteroidota;c__Bacteroidia;o__Bacteroidales;f__UBA932;g__JAISFN01;s__	N/A	N/A	N/A	N/A	N/A	N/A	N/A	N/A	N/A	N/A	d__Bacteria;p__Bacteroidota;c__Bacteroidia;o__Bacteroidales;f__UBA932;g__JAISFN01;s__	taxonomic novelty determined using RED	classification based on placement in class-level tree	N/A	74.14	11	0.90509	N/A
Pful_bac_bin362	d__Bacteria;p__Bacteroidota;c__Bacteroidia;o__Bacteroidales;f__UBA932;g__;s__	N/A	N/A	N/A	N/A	N/A	N/A	N/A	N/A	N/A	N/A	d__Bacteria;p__Bacteroidota;c__Bacteroidia;o__Bacteroidales;f__UBA932;g__;s__	taxonomic classification fully defined by topology	classification based on placement in class-level tree	N/A	95.57	11	0.83534	N/A
Pful_bac_bin363	d__Bacteria;p__Bacteroidota;c__Bacteroidia;o__Bacteroidales;f__UBA932;g__;s__	N/A	N/A	N/A	N/A	N/A	N/A	N/A	N/A	N/A	N/A	d__Bacteria;p__Bacteroidota;c__Bacteroidia;o__Bacteroidales;f__UBA932;g__;s__	taxonomic novelty determined using RED	classification based on placement in class-level tree	N/A	63.3	11	0.87363	N/A
Pful_bac_bin364	d__Bacteria;p__Bacteroidota;c__Bacteroidia;o__Bacteroidales;f__WCHB1-69;g__JAGVVH01;s__	N/A	N/A	N/A	N/A	N/A	GCA_030267125.1	95.0	d__Bacteria;p__Bacteroidota;c__Bacteroidia;o__Bacteroidales;f__WCHB1-69;g__JAGVVH01;s__JAGVVH01 sp030267125	90.78	0.601	d__Bacteria;p__Bacteroidota;c__Bacteroidia;o__Bacteroidales;f__WCHB1-69;g__JAGVVH01;s__	taxonomic classification defined by topology and ANI	classification based on placement in class-level tree	N/A	81.55	11	0.98495	Genome not assigned to closest species as it falls outside its pre-defined ANI radius
Pful_bac_bin365	d__Bacteria;p__Bacteroidota;c__Bacteroidia;o__Bacteroidales;f__WCHB1-69;g__JAGVVH01;s__	N/A	N/A	N/A	N/A	N/A	N/A	N/A	N/A	N/A	N/A	d__Bacteria;p__Bacteroidota;c__Bacteroidia;o__Bacteroidales;f__WCHB1-69;g__JAGVVH01;s__	taxonomic classification fully defined by topology	classification based on placement in class-level tree	N/A	38.51	11	0.92998	N/A
Pful_bac_bin366	d__Bacteria;p__Bacteroidota;c__Bacteroidia;o__Bacteroidales;f__WCHB1-69;g__JAGVVH01;s__	N/A	N/A	N/A	N/A	N/A	N/A	N/A	N/A	N/A	N/A	d__Bacteria;p__Bacteroidota;c__Bacteroidia;o__Bacteroidales;f__WCHB1-69;g__JAGVVH01;s__	taxonomic classification fully defined by topology	classification based on placement in class-level tree	N/A	40.0	11	0.92936	N/A
Pful_bac_bin367	d__Bacteria;p__Bacteroidota;c__Bacteroidia;o__Bacteroidales;f__WCHB1-69;g__JAGVVH01;s__	N/A	N/A	N/A	N/A	N/A	N/A	N/A	N/A	N/A	N/A	d__Bacteria;p__Bacteroidota;c__Bacteroidia;o__Bacteroidales;f__WCHB1-69;g__JAGVVH01;s__	taxonomic classification fully defined by topology	classification based on placement in class-level tree	N/A	58.53	11	0.92907	N/A
Pful_bac_bin368	d__Bacteria;p__Bacteroidota;c__Bacteroidia;o__Bacteroidales;f__WCHB1-69;g__JAGVVH01;s__	N/A	N/A	N/A	N/A	N/A	N/A	N/A	N/A	N/A	N/A	d__Bacteria;p__Bacteroidota;c__Bacteroidia;o__Bacteroidales;f__WCHB1-69;g__JAGVVH01;s__	taxonomic classification fully defined by topology	classification based on placement in class-level tree	N/A	63.4	11	0.92558	N/A
Pful_bac_bin369	d__Bacteria;p__Bacteroidota;c__Bacteroidia;o__Bacteroidales;f__WCHB1-69;g__JAGVVH01;s__	N/A	N/A	N/A	N/A	N/A	N/A	N/A	N/A	N/A	N/A	d__Bacteria;p__Bacteroidota;c__Bacteroidia;o__Bacteroidales;f__WCHB1-69;g__JAGVVH01;s__	taxonomic classification fully defined by topology	classification based on placement in class-level tree	N/A	85.38	11	0.95138	N/A
Pful_bac_bin370	d__Bacteria;p__Bacteroidota;c__Bacteroidia;o__Bacteroidales;f__WCHB1-69;g__JAGVVH01;s__	N/A	N/A	N/A	N/A	N/A	N/A	N/A	N/A	N/A	N/A	d__Bacteria;p__Bacteroidota;c__Bacteroidia;o__Bacteroidales;f__WCHB1-69;g__JAGVVH01;s__	taxonomic classification fully defined by topology	classification based on placement in class-level tree	N/A	89.28	11	0.92468	N/A
Pful_bac_bin371	d__Bacteria;p__Bacteroidota;c__Bacteroidia;o__Bacteroidales;f__WCHB1-69;g__JAIROC01;s__	N/A	N/A	N/A	N/A	N/A	N/A	N/A	N/A	N/A	N/A	d__Bacteria;p__Bacteroidota;c__Bacteroidia;o__Bacteroidales;f__WCHB1-69;g__JAIROC01;s__	taxonomic classification fully defined by topology	classification based on placement in class-level tree	N/A	31.92	11	0.93901	N/A
Pful_bac_bin372	d__Bacteria;p__Bacteroidota;c__Bacteroidia;o__Bacteroidales;f__WCHB1-69;g__JAIROC01;s__	N/A	N/A	N/A	N/A	N/A	N/A	N/A	N/A	N/A	N/A	d__Bacteria;p__Bacteroidota;c__Bacteroidia;o__Bacteroidales;f__WCHB1-69;g__JAIROC01;s__	taxonomic classification fully defined by topology	classification based on placement in class-level tree	N/A	38.79	11	0.92649	N/A
Pful_bac_bin373	d__Bacteria;p__Bacteroidota;c__Bacteroidia;o__Bacteroidales;f__WRGA01;g__WRGA01;s__	N/A	N/A	N/A	N/A	N/A	N/A	N/A	N/A	N/A	N/A	d__Bacteria;p__Bacteroidota;c__Bacteroidia;o__Bacteroidales;f__WRGA01;g__WRGA01;s__	taxonomic classification fully defined by topology	classification based on placement in class-level tree	N/A	38.09	11	0.92282	N/A
Pful_bac_bin374	d__Bacteria;p__Bacteroidota;c__Bacteroidia;o__Bacteroidales;f__WRLA01;g__WRLA01;s__	N/A	N/A	N/A	N/A	N/A	N/A	N/A	N/A	N/A	N/A	d__Bacteria;p__Bacteroidota;c__Bacteroidia;o__Bacteroidales;f__WRLA01;g__WRLA01;s__	taxonomic classification fully defined by topology	classification based on placement in class-level tree	N/A	40.93	11	0.93179	N/A
Pful_bac_bin375	d__Bacteria;p__Bacteroidota;c__Bacteroidia;o__Bacteroidales;f__WRLA01;g__WRLA01;s__	N/A	N/A	N/A	N/A	N/A	N/A	N/A	N/A	N/A	N/A	d__Bacteria;p__Bacteroidota;c__Bacteroidia;o__Bacteroidales;f__WRLA01;g__WRLA01;s__	taxonomic classification fully defined by topology	classification based on placement in class-level tree	N/A	67.9	11	0.95361	N/A
Pful_bac_bin376	d__Bacteria;p__Bacteroidota;c__Kapaibacteriia;o__Kapaibacteriales;f__UBA2268;g__;s__	N/A	N/A	N/A	N/A	N/A	N/A	N/A	N/A	N/A	N/A	d__Bacteria;p__Bacteroidota;c__Kapaibacteriia;o__Kapaibacteriales;f__UBA2268;g__;s__	taxonomic novelty determined using RED	classification based on placement in class-level tree	N/A	35.75	11	0.87696	N/A
Pful_bac_bin377	d__Bacteria;p__Bdellovibrionota;c__Bacteriovoracia;o__Bacteriovoracales;f__Bacteriovoracaceae;g__;s__	N/A	N/A	N/A	N/A	N/A	N/A	N/A	N/A	N/A	N/A	d__Bacteria;p__Bdellovibrionota;c__Bacteriovoracia;o__Bacteriovoracales;f__Bacteriovoracaceae;g__;s__	taxonomic classification fully defined by topology	classification based on placement in class-level tree	N/A	49.47	11	0.83861	N/A
Pful_bac_bin378	d__Bacteria;p__Campylobacterota;c__Campylobacteria;o__Campylobacterales;f__Arcobacteraceae;g__Aliarcobacter;s__	N/A	N/A	N/A	N/A	N/A	N/A	N/A	N/A	N/A	N/A	d__Bacteria;p__Campylobacterota;c__Campylobacteria;o__Campylobacterales;f__Arcobacteraceae;g__Aliarcobacter;s__	taxonomic classification defined by topology and ANI	classification based on placement in class-level tree	GCF_014352935.1, s__Aliarcobacter cryaerophilus_A, 95.09, 82.89, 0.212; GCF_003544835.1, s__Aliarcobacter skirrowii, 95.0, 82.72, 0.168; GCF_013201705.1, s__Aliarcobacter faecis, 95.0, 82.67, 0.215; GCF_003660105.1, s__Aliarcobacter cryaerophilus, 95.0, 82.28, 0.209; GCF_013201625.1, s__Aliarcobacter lanthieri, 95.0, 82.05, 0.171; GCF_003355515.1, s__Aliarcobacter trophiarum, 95.0, 82.04, 0.18; GCF_016106035.1, s__Aliarcobacter vandammei, 95.0, 82.04, 0.164; GCF_002993025.1, s__Aliarcobacter cryaerophilus_B, 95.0, 81.99, 0.206; GCF_013372265.1, s__Aliarcobacter cibarius, 95.0, 81.85, 0.161; GCF_003316695.1, s__Aliarcobacter vitoriensis, 95.0, 81.64, 0.161; GCF_004299785.2, s__Aliarcobacter porcinus, 95.0, 81.54, 0.155	55.67	11	0.96916	N/A
Pful_bac_bin379	d__Bacteria;p__Cyanobacteriota;c__Vampirovibrionia;o__Gastranaerophilales;f__Gastranaerophilaceae;g__;s__	N/A	N/A	N/A	N/A	N/A	N/A	N/A	N/A	N/A	N/A	d__Bacteria;p__Cyanobacteriota;c__Vampirovibrionia;o__Gastranaerophilales;f__Gastranaerophilaceae;g__;s__	taxonomic novelty determined using RED	classification based on placement in class-level tree	N/A	40.42	11	0.90178	N/A
Pful_bac_bin380	d__Bacteria;p__Cyanobacteriota;c__Vampirovibrionia;o__Gastranaerophilales;f__Gastranaerophilaceae;g__;s__	N/A	N/A	N/A	N/A	N/A	N/A	N/A	N/A	N/A	N/A	d__Bacteria;p__Cyanobacteriota;c__Vampirovibrionia;o__Gastranaerophilales;f__Gastranaerophilaceae;g__;s__	taxonomic novelty determined using RED	classification based on placement in class-level tree	N/A	64.55	11	0.89956	N/A
Pful_bac_bin381	d__Bacteria;p__Deferribacterota;c__Deferribacteres;o__Deferribacterales;f__JAISNW01;g__JAITWL01;s__	N/A	N/A	N/A	N/A	N/A	N/A	N/A	N/A	N/A	N/A	d__Bacteria;p__Deferribacterota;c__Deferribacteres;o__Deferribacterales;f__JAISNW01;g__JAITWL01;s__	taxonomic novelty determined using RED	classification based on placement in class-level tree	N/A	67.01	11	0.90175	N/A
Pful_bac_bin382	d__Bacteria;p__Desulfobacterota;c__Desulfarculia;o__Desulfarculales;f__Desulfarculaceae;g__;s__	N/A	N/A	N/A	N/A	N/A	N/A	N/A	N/A	N/A	N/A	d__Bacteria;p__Desulfobacterota;c__Desulfarculia;o__Desulfarculales;f__Desulfarculaceae;g__;s__	taxonomic novelty determined using RED	classification based on placement in class-level tree	N/A	50.67	11	0.82768	N/A
Pful_bac_bin383	d__Bacteria;p__Desulfobacterota;c__Desulfobacteria;o__Desulfobacterales;f__ASO4-4;g__;s__	N/A	N/A	N/A	N/A	N/A	N/A	N/A	N/A	N/A	N/A	d__Bacteria;p__Desulfobacterota;c__Desulfobacteria;o__Desulfobacterales;f__ASO4-4;g__;s__	taxonomic novelty determined using RED	classification based on placement in class-level tree	N/A	55.61	11	0.88684	N/A
Pful_bac_bin384	d__Bacteria;p__Desulfobacterota;c__Desulfobacteria;o__Desulfobacterales;f__Desulfosudaceae;g__;s__	N/A	N/A	N/A	N/A	N/A	N/A	N/A	N/A	N/A	N/A	d__Bacteria;p__Desulfobacterota;c__Desulfobacteria;o__Desulfobacterales;f__Desulfosudaceae;g__;s__	taxonomic novelty determined using RED	classification based on placement in class-level tree	N/A	62.9	11	0.71613	N/A
Pful_bac_bin385	d__Bacteria;p__Desulfobacterota;c__Desulfobacteria;o__Desulfobacterales;f__UBA2174_A;g__;s__	N/A	N/A	N/A	N/A	N/A	N/A	N/A	N/A	N/A	N/A	d__Bacteria;p__Desulfobacterota;c__Desulfobacteria;o__Desulfobacterales;f__UBA2174_A;g__;s__	taxonomic novelty determined using RED	classification based on placement in class-level tree	N/A	30.05	11	0.82973	N/A
Pful_bac_bin386	d__Bacteria;p__Desulfobacterota;c__Desulfobacteria;o__Desulfobacterales;f__UBA2174_A;g__;s__	N/A	N/A	N/A	N/A	N/A	N/A	N/A	N/A	N/A	N/A	d__Bacteria;p__Desulfobacterota;c__Desulfobacteria;o__Desulfobacterales;f__UBA2174_A;g__;s__	taxonomic novelty determined using RED	classification based on placement in class-level tree	N/A	54.06	11	0.83852	N/A
Pful_bac_bin387	d__Bacteria;p__Desulfobacterota;c__Desulfobulbia;o__Desulfobulbales;f__Desulfobulbaceae;g__Desulfobulbus;s__	N/A	N/A	N/A	N/A	N/A	N/A	N/A	N/A	N/A	N/A	d__Bacteria;p__Desulfobacterota;c__Desulfobulbia;o__Desulfobulbales;f__Desulfobulbaceae;g__Desulfobulbus;s__	taxonomic classification fully defined by topology	classification based on placement in class-level tree	N/A	62.5	11	0.89095	N/A
Pful_bac_bin388	d__Bacteria;p__Desulfobacterota;c__Desulfobulbia;o__Desulfobulbales;f__Desulfobulbaceae;g__Desulfobulbus;s__	N/A	N/A	N/A	N/A	N/A	N/A	N/A	N/A	N/A	N/A	d__Bacteria;p__Desulfobacterota;c__Desulfobulbia;o__Desulfobulbales;f__Desulfobulbaceae;g__Desulfobulbus;s__	taxonomic classification fully defined by topology	classification based on placement in class-level tree	N/A	64.53	11	0.88937	N/A
Pful_bac_bin389	d__Bacteria;p__Desulfobacterota;c__Desulfobulbia;o__Desulfobulbales;f__Desulfobulbaceae;g__Desulfobulbus;s__	N/A	N/A	N/A	N/A	N/A	N/A	N/A	N/A	N/A	N/A	d__Bacteria;p__Desulfobacterota;c__Desulfobulbia;o__Desulfobulbales;f__Desulfobulbaceae;g__Desulfobulbus;s__	taxonomic classification fully defined by topology	classification based on placement in class-level tree	N/A	71.7	11	0.88853	N/A
Pful_bac_bin390	d__Bacteria;p__Desulfobacterota;c__Desulfovibrionia;o__Desulfovibrionales;f__Desulfovibrionaceae;g__FLUQ01;s__	N/A	N/A	N/A	N/A	N/A	N/A	N/A	N/A	N/A	N/A	d__Bacteria;p__Desulfobacterota;c__Desulfovibrionia;o__Desulfovibrionales;f__Desulfovibrionaceae;g__FLUQ01;s__	taxonomic novelty determined using RED	classification based on placement in class-level tree	N/A	62.7	11	0.94726	N/A
Pful_bac_bin391	d__Bacteria;p__Desulfobacterota;c__Desulfovibrionia;o__Desulfovibrionales;f__Desulfovibrionaceae;g__FLUQ01;s__	N/A	N/A	N/A	N/A	N/A	N/A	N/A	N/A	N/A	N/A	d__Bacteria;p__Desulfobacterota;c__Desulfovibrionia;o__Desulfovibrionales;f__Desulfovibrionaceae;g__FLUQ01;s__	taxonomic novelty determined using RED	classification based on placement in class-level tree	N/A	71.04	11	0.93772	N/A
Pful_bac_bin392	d__Bacteria;p__Desulfobacterota;c__Desulfovibrionia;o__Desulfovibrionales;f__Desulfovibrionaceae;g__Frigididesulfovibrio;s__	N/A	N/A	N/A	N/A	N/A	GCA_030266525.1	95.0	d__Bacteria;p__Desulfobacterota;c__Desulfovibrionia;o__Desulfovibrionales;f__Desulfovibrionaceae;g__Frigididesulfovibrio;s__Frigididesulfovibrio sp030266525	83.94	0.224	d__Bacteria;p__Desulfobacterota;c__Desulfovibrionia;o__Desulfovibrionales;f__Desulfovibrionaceae;g__Frigididesulfovibrio;s__	taxonomic classification defined by topology and ANI	classification based on placement in class-level tree	N/A	49.93	11	0.97869	N/A
Pful_bac_bin393	d__Bacteria;p__Desulfobacterota;c__Desulfovibrionia;o__Desulfovibrionales;f__Desulfovibrionaceae;g__Frigididesulfovibrio;s__	N/A	N/A	N/A	N/A	N/A	N/A	N/A	N/A	N/A	N/A	d__Bacteria;p__Desulfobacterota;c__Desulfovibrionia;o__Desulfovibrionales;f__Desulfovibrionaceae;g__Frigididesulfovibrio;s__	taxonomic classification fully defined by topology	classification based on placement in class-level tree	N/A	39.56	11	0.92097	N/A
Pful_bac_bin394	d__Bacteria;p__Desulfobacterota;c__Desulfovibrionia;o__Desulfovibrionales;f__Desulfovibrionaceae;g__Frigididesulfovibrio;s__	N/A	N/A	N/A	N/A	N/A	N/A	N/A	N/A	N/A	N/A	d__Bacteria;p__Desulfobacterota;c__Desulfovibrionia;o__Desulfovibrionales;f__Desulfovibrionaceae;g__Frigididesulfovibrio;s__	taxonomic classification fully defined by topology	classification based on placement in class-level tree	N/A	49.14	11	0.91399	N/A
Pful_bac_bin395	d__Bacteria;p__Desulfobacterota;c__Desulfovibrionia;o__Desulfovibrionales;f__Desulfovibrionaceae;g__Frigididesulfovibrio;s__	N/A	N/A	N/A	N/A	N/A	N/A	N/A	N/A	N/A	N/A	d__Bacteria;p__Desulfobacterota;c__Desulfovibrionia;o__Desulfovibrionales;f__Desulfovibrionaceae;g__Frigididesulfovibrio;s__	taxonomic classification fully defined by topology	classification based on placement in class-level tree	N/A	52.43	11	0.92941	Genome has more than 17.5% of markers with multiple hits
Pful_bac_bin396	d__Bacteria;p__Desulfobacterota;c__Desulfovibrionia;o__Desulfovibrionales;f__Desulfovibrionaceae;g__Frigididesulfovibrio;s__	N/A	N/A	N/A	N/A	N/A	N/A	N/A	N/A	N/A	N/A	d__Bacteria;p__Desulfobacterota;c__Desulfovibrionia;o__Desulfovibrionales;f__Desulfovibrionaceae;g__Frigididesulfovibrio;s__	taxonomic classification fully defined by topology	classification based on placement in class-level tree	N/A	53.74	11	0.92282	N/A
Pful_bac_bin397	d__Bacteria;p__Desulfobacterota;c__Desulfovibrionia;o__Desulfovibrionales;f__Desulfovibrionaceae;g__Frigididesulfovibrio;s__	N/A	N/A	N/A	N/A	N/A	N/A	N/A	N/A	N/A	N/A	d__Bacteria;p__Desulfobacterota;c__Desulfovibrionia;o__Desulfovibrionales;f__Desulfovibrionaceae;g__Frigididesulfovibrio;s__	taxonomic classification fully defined by topology	classification based on placement in class-level tree	N/A	56.48	11	0.93549	N/A
Pful_bac_bin398	d__Bacteria;p__Desulfobacterota;c__Desulfovibrionia;o__Desulfovibrionales;f__Desulfovibrionaceae;g__Frigididesulfovibrio;s__	N/A	N/A	N/A	N/A	N/A	N/A	N/A	N/A	N/A	N/A	d__Bacteria;p__Desulfobacterota;c__Desulfovibrionia;o__Desulfovibrionales;f__Desulfovibrionaceae;g__Frigididesulfovibrio;s__	taxonomic classification fully defined by topology	classification based on placement in class-level tree	N/A	78.13	11	0.87997	N/A
Pful_bac_bin399	d__Bacteria;p__Desulfobacterota;c__Desulfovibrionia;o__Desulfovibrionales;f__Desulfovibrionaceae;g__Frigididesulfovibrio;s__	N/A	N/A	N/A	N/A	N/A	N/A	N/A	N/A	N/A	N/A	d__Bacteria;p__Desulfobacterota;c__Desulfovibrionia;o__Desulfovibrionales;f__Desulfovibrionaceae;g__Frigididesulfovibrio;s__	taxonomic classification fully defined by topology	classification based on placement in class-level tree	N/A	92.17	11	0.93821	N/A
Pful_bac_bin400	d__Bacteria;p__Desulfobacterota;c__Desulfovibrionia;o__Desulfovibrionales;f__Desulfovibrionaceae;g__Mailhella;s__	N/A	N/A	N/A	N/A	N/A	N/A	N/A	N/A	N/A	N/A	d__Bacteria;p__Desulfobacterota;c__Desulfovibrionia;o__Desulfovibrionales;f__Desulfovibrionaceae;g__Mailhella;s__	taxonomic classification fully defined by topology	classification based on placement in class-level tree	N/A	55.89	11	0.89314	N/A
Pful_bac_bin401	d__Bacteria;p__Desulfobacterota;c__Desulfovibrionia;o__Desulfovibrionales;f__Desulfovibrionaceae;g__Mailhella;s__	N/A	N/A	N/A	N/A	N/A	N/A	N/A	N/A	N/A	N/A	d__Bacteria;p__Desulfobacterota;c__Desulfovibrionia;o__Desulfovibrionales;f__Desulfovibrionaceae;g__Mailhella;s__	taxonomic classification fully defined by topology	classification based on placement in class-level tree	N/A	69.69	11	0.89501	N/A
Pful_bac_bin402	d__Bacteria;p__Desulfobacterota;c__Desulfovibrionia;o__Desulfovibrionales;f__Desulfovibrionaceae;g__Mailhella;s__	N/A	N/A	N/A	N/A	N/A	N/A	N/A	N/A	N/A	N/A	d__Bacteria;p__Desulfobacterota;c__Desulfovibrionia;o__Desulfovibrionales;f__Desulfovibrionaceae;g__Mailhella;s__	taxonomic classification fully defined by topology	classification based on placement in class-level tree	N/A	83.48	11	0.89359	N/A
Pful_bac_bin403	d__Bacteria;p__Desulfobacterota;c__Desulfovibrionia;o__Desulfovibrionales;f__Desulfovibrionaceae;g__WRHT01;s__	N/A	N/A	N/A	N/A	N/A	GCA_030267065.1	95.0	d__Bacteria;p__Desulfobacterota;c__Desulfovibrionia;o__Desulfovibrionales;f__Desulfovibrionaceae;g__WRHT01;s__WRHT01 sp030267065	88.72	0.504	d__Bacteria;p__Desulfobacterota;c__Desulfovibrionia;o__Desulfovibrionales;f__Desulfovibrionaceae;g__WRHT01;s__	taxonomic classification defined by topology and ANI	classification based on placement in class-level tree	N/A	69.45	11	0.98902	Genome not assigned to closest species as it falls outside its pre-defined ANI radius
Pful_bac_bin404	d__Bacteria;p__Desulfobacterota;c__Desulfovibrionia;o__Desulfovibrionales;f__Desulfovibrionaceae;g__WRHT01;s__	N/A	N/A	N/A	N/A	N/A	GCA_031264465.1	95.0	d__Bacteria;p__Desulfobacterota;c__Desulfovibrionia;o__Desulfovibrionales;f__Desulfovibrionaceae;g__WRHT01;s__WRHT01 sp031264465	83.1	0.186	d__Bacteria;p__Desulfobacterota;c__Desulfovibrionia;o__Desulfovibrionales;f__Desulfovibrionaceae;g__WRHT01;s__	taxonomic classification defined by topology and ANI	classification based on placement in class-level tree	N/A	56.6	11	0.9645	Genome has more than 10.0% of markers with multiple hits
Pful_bac_bin405	d__Bacteria;p__Desulfobacterota;c__Desulfovibrionia;o__Desulfovibrionales;f__Desulfovibrionaceae;g__WRHT01;s__	N/A	N/A	N/A	N/A	N/A	GCA_031264465.1	95.0	d__Bacteria;p__Desulfobacterota;c__Desulfovibrionia;o__Desulfovibrionales;f__Desulfovibrionaceae;g__WRHT01;s__WRHT01 sp031264465	84.94	0.298	d__Bacteria;p__Desulfobacterota;c__Desulfovibrionia;o__Desulfovibrionales;f__Desulfovibrionaceae;g__WRHT01;s__	taxonomic classification defined by topology and ANI	classification based on placement in class-level tree	N/A	39.6	11	0.96588	Genome has more than 11.7% of markers with multiple hits
Pful_bac_bin406	d__Bacteria;p__Desulfobacterota;c__Desulfovibrionia;o__Desulfovibrionales;f__Desulfovibrionaceae;g__WRHT01;s__	N/A	N/A	N/A	N/A	N/A	N/A	N/A	N/A	N/A	N/A	d__Bacteria;p__Desulfobacterota;c__Desulfovibrionia;o__Desulfovibrionales;f__Desulfovibrionaceae;g__WRHT01;s__	taxonomic classification fully defined by topology	classification based on placement in class-level tree	N/A	38.17	11	0.88306	N/A
Pful_bac_bin407	d__Bacteria;p__Desulfobacterota;c__Desulfovibrionia;o__Desulfovibrionales;f__Desulfovibrionaceae;g__WRHT01;s__	N/A	N/A	N/A	N/A	N/A	N/A	N/A	N/A	N/A	N/A	d__Bacteria;p__Desulfobacterota;c__Desulfovibrionia;o__Desulfovibrionales;f__Desulfovibrionaceae;g__WRHT01;s__	taxonomic classification fully defined by topology	classification based on placement in class-level tree	N/A	38.89	11	0.88533	N/A
Pful_bac_bin408	d__Bacteria;p__Desulfobacterota;c__Desulfovibrionia;o__Desulfovibrionales;f__Desulfovibrionaceae;g__WRHT01;s__	N/A	N/A	N/A	N/A	N/A	N/A	N/A	N/A	N/A	N/A	d__Bacteria;p__Desulfobacterota;c__Desulfovibrionia;o__Desulfovibrionales;f__Desulfovibrionaceae;g__WRHT01;s__	taxonomic classification fully defined by topology	classification based on placement in class-level tree	N/A	56.39	11	0.88394	N/A
Pful_bac_bin409	d__Bacteria;p__Desulfobacterota;c__Desulfovibrionia;o__Desulfovibrionales;f__Desulfovibrionaceae;g__WRHT01;s__	N/A	N/A	N/A	N/A	N/A	N/A	N/A	N/A	N/A	N/A	d__Bacteria;p__Desulfobacterota;c__Desulfovibrionia;o__Desulfovibrionales;f__Desulfovibrionaceae;g__WRHT01;s__	taxonomic classification fully defined by topology	classification based on placement in class-level tree	N/A	62.24	11	0.88008	N/A
Pful_bac_bin410	d__Bacteria;p__Desulfobacterota;c__Desulfovibrionia;o__Desulfovibrionales;f__Desulfovibrionaceae;g__WRHT01;s__	N/A	N/A	N/A	N/A	N/A	N/A	N/A	N/A	N/A	N/A	d__Bacteria;p__Desulfobacterota;c__Desulfovibrionia;o__Desulfovibrionales;f__Desulfovibrionaceae;g__WRHT01;s__	taxonomic classification fully defined by topology	classification based on placement in class-level tree	N/A	62.68	11	0.88073	N/A
Pful_bac_bin411	d__Bacteria;p__Desulfobacterota;c__Desulfovibrionia;o__Desulfovibrionales;f__Desulfovibrionaceae;g__WRHT01;s__	N/A	N/A	N/A	N/A	N/A	N/A	N/A	N/A	N/A	N/A	d__Bacteria;p__Desulfobacterota;c__Desulfovibrionia;o__Desulfovibrionales;f__Desulfovibrionaceae;g__WRHT01;s__	taxonomic classification fully defined by topology	classification based on placement in class-level tree	N/A	67.23	11	0.97933	N/A
Pful_bac_bin412	d__Bacteria;p__Desulfobacterota;c__Desulfovibrionia;o__Desulfovibrionales;f__Desulfovibrionaceae;g__WRHT01;s__	N/A	N/A	N/A	N/A	N/A	N/A	N/A	N/A	N/A	N/A	d__Bacteria;p__Desulfobacterota;c__Desulfovibrionia;o__Desulfovibrionales;f__Desulfovibrionaceae;g__WRHT01;s__	taxonomic classification fully defined by topology	classification based on placement in class-level tree	N/A	76.05	11	0.88258	N/A
Pful_bac_bin413	d__Bacteria;p__Elusimicrobiota;c__Elusimicrobia;o__Elusimicrobiales;f__Elusimicrobiaceae;g__;s__	N/A	N/A	N/A	N/A	N/A	N/A	N/A	N/A	N/A	N/A	d__Bacteria;p__Elusimicrobiota;c__Elusimicrobia;o__Elusimicrobiales;f__Elusimicrobiaceae;g__;s__	taxonomic novelty determined using RED	classification based on placement in class-level tree	N/A	81.21	11	0.88214	N/A
Pful_bac_bin414	d__Bacteria;p__Elusimicrobiota;c__Elusimicrobia;o__Elusimicrobiales;f__Elusimicrobiaceae;g__UBA1174;s__	N/A	N/A	N/A	N/A	N/A	N/A	N/A	N/A	N/A	N/A	d__Bacteria;p__Elusimicrobiota;c__Elusimicrobia;o__Elusimicrobiales;f__Elusimicrobiaceae;g__UBA1174;s__	taxonomic classification fully defined by topology	classification based on placement in class-level tree	N/A	51.24	11	0.94895	N/A
Pful_bac_bin415	d__Bacteria;p__Elusimicrobiota;c__Elusimicrobia;o__Elusimicrobiales;f__Elusimicrobiaceae;g__UBA1174;s__	N/A	N/A	N/A	N/A	N/A	N/A	N/A	N/A	N/A	N/A	d__Bacteria;p__Elusimicrobiota;c__Elusimicrobia;o__Elusimicrobiales;f__Elusimicrobiaceae;g__UBA1174;s__	taxonomic classification fully defined by topology	classification based on placement in class-level tree	N/A	61.49	11	0.94126	N/A
Pful_bac_bin416	d__Bacteria;p__Elusimicrobiota;c__Endomicrobiia;o__Endomicrobiales;f__Endomicrobiaceae;g__Endomicrobium;s__	N/A	N/A	N/A	N/A	N/A	N/A	N/A	N/A	N/A	N/A	d__Bacteria;p__Elusimicrobiota;c__Endomicrobiia;o__Endomicrobiales;f__Endomicrobiaceae;g__Endomicrobium;s__	taxonomic classification fully defined by topology	classification based on placement in class-level tree	N/A	32.65	11	0.89851	N/A
Pful_bac_bin417	d__Bacteria;p__Elusimicrobiota;c__Endomicrobiia;o__Endomicrobiales;f__Endomicrobiaceae;g__Endomicrobium;s__	N/A	N/A	N/A	N/A	N/A	N/A	N/A	N/A	N/A	N/A	d__Bacteria;p__Elusimicrobiota;c__Endomicrobiia;o__Endomicrobiales;f__Endomicrobiaceae;g__Endomicrobium;s__	taxonomic classification fully defined by topology	classification based on placement in class-level tree	N/A	80.3	11	0.83373	Genome has more than 10.0% of markers with multiple hits
Pful_bac_bin418	d__Bacteria;p__Elusimicrobiota;c__Endomicrobiia;o__Endomicrobiales;f__Endomicrobiaceae;g__;s__	N/A	N/A	N/A	N/A	N/A	N/A	N/A	N/A	N/A	N/A	d__Bacteria;p__Elusimicrobiota;c__Endomicrobiia;o__Endomicrobiales;f__Endomicrobiaceae;g__;s__	taxonomic novelty determined using RED	classification based on placement in class-level tree	N/A	42.72	11	0.80571	Genome has more than 12.5% of markers with multiple hits
Pful_bac_bin419	d__Bacteria;p__Eremiobacterota;c__CADAWZ01;o__CADAWZ01;f__CADAWZ01;g__;s__	N/A	N/A	N/A	N/A	N/A	N/A	N/A	N/A	N/A	N/A	d__Bacteria;p__Eremiobacterota;c__CADAWZ01;o__CADAWZ01;f__CADAWZ01;g__;s__	taxonomic novelty determined using RED	classification based on placement in class-level tree	N/A	47.98	11	0.72965	N/A
Pful_bac_bin420	d__Bacteria;p__Fibrobacterota;c__Chitinivibrionia;o__Chitinivibrionales;f__WRFX01;g__WRFX01;s__	N/A	N/A	N/A	N/A	N/A	N/A	N/A	N/A	N/A	N/A	d__Bacteria;p__Fibrobacterota;c__Chitinivibrionia;o__Chitinivibrionales;f__WRFX01;g__WRFX01;s__	taxonomic classification fully defined by topology	classification based on placement in class-level tree	N/A	42.54	11	0.91375	N/A
Pful_bac_bin421	d__Bacteria;p__Fibrobacterota;c__Fibrobacteria;o__Fibrobacterales;f__Fibrobacteraceae;g__JAISUZ01;s__	N/A	N/A	N/A	N/A	N/A	N/A	N/A	N/A	N/A	N/A	d__Bacteria;p__Fibrobacterota;c__Fibrobacteria;o__Fibrobacterales;f__Fibrobacteraceae;g__JAISUZ01;s__	taxonomic novelty determined using RED	classification based on placement in class-level tree	N/A	91.72	11	0.91438	N/A
Pful_bac_bin422	d__Bacteria;p__Fibrobacterota;c__Fibrobacteria;o__Fibrobacterales;f__Fibrobacteraceae;g__;s__	N/A	N/A	N/A	N/A	N/A	N/A	N/A	N/A	N/A	N/A	d__Bacteria;p__Fibrobacterota;c__Fibrobacteria;o__Fibrobacterales;f__Fibrobacteraceae;g__;s__	taxonomic classification fully defined by topology	classification based on placement in class-level tree	N/A	63.54	11	0.7416	N/A
Pful_bac_bin423	d__Bacteria;p__Fusobacteriota;c__Fusobacteriia;o__Fusobacteriales;f__Fusobacteriaceae;g__Fusobacterium_A;s__	N/A	N/A	N/A	N/A	N/A	N/A	N/A	N/A	N/A	N/A	d__Bacteria;p__Fusobacteriota;c__Fusobacteriia;o__Fusobacteriales;f__Fusobacteriaceae;g__Fusobacterium_A;s__	taxonomic classification defined by topology and ANI	classification based on placement in class-level tree	GCF_003019675.1, s__Fusobacterium_A ulcerans, 95.0, 93.05, 0.859; GCA_002356455.1, s__Fusobacterium_A varium_A, 95.0, 91.08, 0.643; GCF_900683735.1, s__Fusobacterium_A ulcerans_A, 95.0, 89.83, 0.67; GCF_900637705.1, s__Fusobacterium_A varium, 95.0, 89.36, 0.665	71.96	11	0.98826	Genome not assigned to closest species as it falls outside its pre-defined ANI radius
Pful_bac_bin424	d__Bacteria;p__Fusobacteriota;c__Fusobacteriia;o__Fusobacteriales;f__Fusobacteriaceae;g__;s__	N/A	N/A	N/A	N/A	N/A	N/A	N/A	N/A	N/A	N/A	d__Bacteria;p__Fusobacteriota;c__Fusobacteriia;o__Fusobacteriales;f__Fusobacteriaceae;g__;s__	taxonomic novelty determined using RED	classification based on placement in class-level tree	N/A	91.14	11	0.89265	N/A
Pful_bac_bin425	d__Bacteria;p__JAAYKD01;c__JAAYKD01;o__JAAYKD01;f__WRDA01;g__;s__	N/A	N/A	N/A	N/A	N/A	N/A	N/A	N/A	N/A	N/A	d__Bacteria;p__JAAYKD01;c__JAAYKD01;o__JAAYKD01;f__WRDA01;g__;s__	taxonomic novelty determined using RED	classification based on placement in class-level tree	N/A	42.24	11	0.73886	N/A
Pful_bac_bin426	d__Bacteria;p__Patescibacteria;c__Gracilibacteria;o__Peribacterales;f__;g__;s__	N/A	N/A	N/A	N/A	N/A	N/A	N/A	N/A	N/A	N/A	d__Bacteria;p__Patescibacteria;c__Gracilibacteria;o__Peribacterales;f__;g__;s__	taxonomic novelty determined using RED	classification based on placement in class-level tree	N/A	62.7	11	0.5821	N/A
Pful_bac_bin427	d__Bacteria;p__Patescibacteria;c__Gracilibacteria;o__Peribacterales;f__;g__;s__	N/A	N/A	N/A	N/A	N/A	N/A	N/A	N/A	N/A	N/A	d__Bacteria;p__Patescibacteria;c__Gracilibacteria;o__Peribacterales;f__;g__;s__	taxonomic novelty determined using RED	classification based on placement in class-level tree	N/A	62.88	11	0.58074	N/A
Pful_bac_bin428	d__Bacteria;p__Patescibacteria;c__JAEDAM01;o__Absconditabacterales;f__Absconditicoccaceae;g__UBA3291;s__	N/A	N/A	N/A	N/A	N/A	N/A	N/A	N/A	N/A	N/A	d__Bacteria;p__Patescibacteria;c__JAEDAM01;o__Absconditabacterales;f__Absconditicoccaceae;g__UBA3291;s__	taxonomic classification fully defined by topology	classification based on placement in class-level tree	N/A	64.15	4	0.93012	N/A
Pful_bac_bin429	d__Bacteria;p__Patescibacteria;c__JAEDAM01;o__BD1-5;f__UBA6164;g__JAAZVM01;s__	N/A	N/A	N/A	N/A	N/A	N/A	N/A	N/A	N/A	N/A	d__Bacteria;p__Patescibacteria;c__JAEDAM01;o__BD1-5;f__UBA6164;g__JAAZVM01;s__	taxonomic novelty determined using RED	classification based on placement in class-level tree	N/A	34.22	4	0.9312	N/A
Pful_bac_bin430	d__Bacteria;p__Patescibacteria;c__JAEDAM01;o__BD1-5;f__UBA6164;g__JAAZVM01;s__	N/A	N/A	N/A	N/A	N/A	N/A	N/A	N/A	N/A	N/A	d__Bacteria;p__Patescibacteria;c__JAEDAM01;o__BD1-5;f__UBA6164;g__JAAZVM01;s__	taxonomic novelty determined using RED	classification based on placement in class-level tree	N/A	42.16	4	0.92968	N/A
Pful_bac_bin431	d__Bacteria;p__Patescibacteria;c__JAEDAM01;o__BD1-5;f__UBA6164;g__JAAZVM01;s__	N/A	N/A	N/A	N/A	N/A	N/A	N/A	N/A	N/A	N/A	d__Bacteria;p__Patescibacteria;c__JAEDAM01;o__BD1-5;f__UBA6164;g__JAAZVM01;s__	taxonomic novelty determined using RED	classification based on placement in class-level tree	N/A	60.71	4	0.92915	N/A
Pful_bac_bin432	d__Bacteria;p__Patescibacteria;c__Microgenomatia;o__UBA1400;f__PJMF01;g__WRMU01;s__	N/A	N/A	N/A	N/A	N/A	N/A	N/A	N/A	N/A	N/A	d__Bacteria;p__Patescibacteria;c__Microgenomatia;o__UBA1400;f__PJMF01;g__WRMU01;s__	taxonomic novelty determined using RED	classification based on placement in class-level tree	N/A	23.97	4	0.8712	Genome has more than 10.8% of markers with multiple hits
Pful_bac_bin433	d__Bacteria;p__Patescibacteria;c__Microgenomatia;o__UBA1400;f__PJMF01;g__WRMU01;s__	N/A	N/A	N/A	N/A	N/A	N/A	N/A	N/A	N/A	N/A	d__Bacteria;p__Patescibacteria;c__Microgenomatia;o__UBA1400;f__PJMF01;g__WRMU01;s__	taxonomic novelty determined using RED	classification based on placement in class-level tree	N/A	62.66	11	0.87167	N/A
Pful_bac_bin434	d__Bacteria;p__Patescibacteria;c__Saccharimonadia;o__Saccharimonadales;f__Nanoperiomorbaceae;g__JAISDN01;s__	N/A	N/A	N/A	N/A	N/A	N/A	N/A	N/A	N/A	N/A	d__Bacteria;p__Patescibacteria;c__Saccharimonadia;o__Saccharimonadales;f__Nanoperiomorbaceae;g__JAISDN01;s__	taxonomic classification fully defined by topology	classification based on placement in class-level tree	N/A	60.34	11	0.92204	N/A
Pful_bac_bin435	d__Bacteria;p__Patescibacteria;c__Saccharimonadia;o__Saccharimonadales;f__Nanosyncoccaceae;g__;s__	N/A	N/A	N/A	N/A	N/A	N/A	N/A	N/A	N/A	N/A	d__Bacteria;p__Patescibacteria;c__Saccharimonadia;o__Saccharimonadales;f__Nanosyncoccaceae;g__;s__	taxonomic classification fully defined by topology	classification based on placement in class-level tree	N/A	53.39	11	0.8251	N/A
Pful_bac_bin436	d__Bacteria;p__Patescibacteria;c__Saccharimonadia;o__Saccharimonadales;f__Nanosyncoccaceae;g__;s__	N/A	N/A	N/A	N/A	N/A	N/A	N/A	N/A	N/A	N/A	d__Bacteria;p__Patescibacteria;c__Saccharimonadia;o__Saccharimonadales;f__Nanosyncoccaceae;g__;s__	taxonomic classification fully defined by topology	classification based on placement in class-level tree	N/A	65.78	11	0.86553	N/A
Pful_bac_bin437	d__Bacteria;p__Patescibacteria;c__Saccharimonadia;o__Saccharimonadales;f__Nanosyncoccaceae;g__UBA2834;s__	N/A	N/A	N/A	N/A	N/A	N/A	N/A	N/A	N/A	N/A	d__Bacteria;p__Patescibacteria;c__Saccharimonadia;o__Saccharimonadales;f__Nanosyncoccaceae;g__UBA2834;s__	taxonomic classification fully defined by topology	classification based on placement in class-level tree	N/A	42.01	11	0.94981	N/A
Pful_bac_bin438	d__Bacteria;p__Patescibacteria;c__Saccharimonadia;o__Saccharimonadales;f__Nanosyncoccaceae;g__UBA2834;s__	N/A	N/A	N/A	N/A	N/A	N/A	N/A	N/A	N/A	N/A	d__Bacteria;p__Patescibacteria;c__Saccharimonadia;o__Saccharimonadales;f__Nanosyncoccaceae;g__UBA2834;s__	taxonomic classification fully defined by topology	classification based on placement in class-level tree	N/A	57.54	11	0.94437	N/A
Pful_bac_bin439	d__Bacteria;p__Patescibacteria;c__Saccharimonadia;o__Saccharimonadales;f__Nanosyncoccaceae;g__UBA2834;s__	N/A	N/A	N/A	N/A	N/A	N/A	N/A	N/A	N/A	N/A	d__Bacteria;p__Patescibacteria;c__Saccharimonadia;o__Saccharimonadales;f__Nanosyncoccaceae;g__UBA2834;s__	taxonomic classification fully defined by topology	classification based on placement in class-level tree	N/A	58.91	11	0.94958	N/A
Pful_bac_bin440	d__Bacteria;p__Patescibacteria;c__Saccharimonadia;o__Saccharimonadales;f__Nanosyncoccaceae;g__UBA2834;s__	N/A	N/A	N/A	N/A	N/A	N/A	N/A	N/A	N/A	N/A	d__Bacteria;p__Patescibacteria;c__Saccharimonadia;o__Saccharimonadales;f__Nanosyncoccaceae;g__UBA2834;s__	taxonomic classification fully defined by topology	classification based on placement in class-level tree	N/A	63.1	11	0.95825	N/A
Pful_bac_bin441	d__Bacteria;p__Planctomycetota;c__Planctomycetia;o__Pirellulales;f__Thermoguttaceae;g__RGIG3701;s__	N/A	N/A	N/A	N/A	N/A	N/A	N/A	N/A	N/A	N/A	d__Bacteria;p__Planctomycetota;c__Planctomycetia;o__Pirellulales;f__Thermoguttaceae;g__RGIG3701;s__	taxonomic classification fully defined by topology	classification based on placement in class-level tree	N/A	42.56	11	0.94204	N/A
Pful_bac_bin442	d__Bacteria;p__Planctomycetota;c__Planctomycetia;o__Pirellulales;f__Thermoguttaceae;g__WRKP01;s__	N/A	N/A	N/A	N/A	N/A	N/A	N/A	N/A	N/A	N/A	d__Bacteria;p__Planctomycetota;c__Planctomycetia;o__Pirellulales;f__Thermoguttaceae;g__WRKP01;s__	taxonomic classification fully defined by topology	classification based on placement in class-level tree	N/A	29.65	11	0.90933	N/A
Pful_bac_bin443	d__Bacteria;p__Planctomycetota;c__Planctomycetia;o__Pirellulales;f__Thermoguttaceae;g__WRKP01;s__	N/A	N/A	N/A	N/A	N/A	N/A	N/A	N/A	N/A	N/A	d__Bacteria;p__Planctomycetota;c__Planctomycetia;o__Pirellulales;f__Thermoguttaceae;g__WRKP01;s__	taxonomic classification fully defined by topology	classification based on placement in class-level tree	N/A	78.29	11	0.90736	N/A
Pful_bac_bin444	d__Bacteria;p__Planctomycetota;c__Planctomycetia;o__Pirellulales;f__Thermoguttaceae;g__WRMR01;s__	N/A	N/A	N/A	N/A	N/A	N/A	N/A	N/A	N/A	N/A	d__Bacteria;p__Planctomycetota;c__Planctomycetia;o__Pirellulales;f__Thermoguttaceae;g__WRMR01;s__	taxonomic classification fully defined by topology	classification based on placement in class-level tree	N/A	61.19	11	0.95487	N/A
Pful_bac_bin445	d__Bacteria;p__Planctomycetota;c__SZUA-567;o__SZUA-567;f__SZUA-567;g__JAJBSZ01;s__	N/A	N/A	N/A	N/A	N/A	N/A	N/A	N/A	N/A	N/A	d__Bacteria;p__Planctomycetota;c__SZUA-567;o__SZUA-567;f__SZUA-567;g__JAJBSZ01;s__	taxonomic classification fully defined by topology	classification based on placement in class-level tree	N/A	36.5	11	0.91811	N/A
Pful_bac_bin446	d__Bacteria;p__Planctomycetota;c__SZUA-567;o__SZUA-567;f__SZUA-567;g__JAJBSZ01;s__	N/A	N/A	N/A	N/A	N/A	N/A	N/A	N/A	N/A	N/A	d__Bacteria;p__Planctomycetota;c__SZUA-567;o__SZUA-567;f__SZUA-567;g__JAJBSZ01;s__	taxonomic classification fully defined by topology	classification based on placement in class-level tree	N/A	44.47	11	0.93581	N/A
Pful_bac_bin447	d__Bacteria;p__Planctomycetota;c__SZUA-567;o__SZUA-567;f__SZUA-567;g__JAJBSZ01;s__	N/A	N/A	N/A	N/A	N/A	N/A	N/A	N/A	N/A	N/A	d__Bacteria;p__Planctomycetota;c__SZUA-567;o__SZUA-567;f__SZUA-567;g__JAJBSZ01;s__	taxonomic classification fully defined by topology	classification based on placement in class-level tree	N/A	49.29	11	0.94349	N/A
Pful_bac_bin448	d__Bacteria;p__Planctomycetota;c__SZUA-567;o__SZUA-567;f__SZUA-567;g__JAJBSZ01;s__	N/A	N/A	N/A	N/A	N/A	N/A	N/A	N/A	N/A	N/A	d__Bacteria;p__Planctomycetota;c__SZUA-567;o__SZUA-567;f__SZUA-567;g__JAJBSZ01;s__	taxonomic classification fully defined by topology	classification based on placement in class-level tree	N/A	66.14	11	0.9147	N/A
Pful_bac_bin449	d__Bacteria;p__Planctomycetota;c__SZUA-567;o__SZUA-567;f__SZUA-567;g__;s__	N/A	N/A	N/A	N/A	N/A	N/A	N/A	N/A	N/A	N/A	d__Bacteria;p__Planctomycetota;c__SZUA-567;o__SZUA-567;f__SZUA-567;g__;s__	taxonomic novelty determined using RED	classification based on placement in class-level tree	N/A	58.37	11	0.86082	N/A
Pful_bac_bin450	d__Bacteria;p__Pseudomonadota;c__Alphaproteobacteria;o__RF32;f__CAG-239;g__JAISFX01;s__	N/A	N/A	N/A	N/A	N/A	N/A	N/A	N/A	N/A	N/A	d__Bacteria;p__Pseudomonadota;c__Alphaproteobacteria;o__RF32;f__CAG-239;g__JAISFX01;s__	taxonomic novelty determined using RED	classification based on placement in class-level tree	N/A	28.1	11	0.92478	N/A
Pful_bac_bin451	d__Bacteria;p__Pseudomonadota;c__Alphaproteobacteria;o__RF32;f__CAG-239;g__JAISFX01;s__	N/A	N/A	N/A	N/A	N/A	N/A	N/A	N/A	N/A	N/A	d__Bacteria;p__Pseudomonadota;c__Alphaproteobacteria;o__RF32;f__CAG-239;g__JAISFX01;s__	taxonomic novelty determined using RED	classification based on placement in class-level tree	N/A	32.47	11	0.84376	N/A
Pful_bac_bin452	d__Bacteria;p__Pseudomonadota;c__Alphaproteobacteria;o__RF32;f__CAG-239;g__JAISFX01;s__	N/A	N/A	N/A	N/A	N/A	N/A	N/A	N/A	N/A	N/A	d__Bacteria;p__Pseudomonadota;c__Alphaproteobacteria;o__RF32;f__CAG-239;g__JAISFX01;s__	taxonomic novelty determined using RED	classification based on placement in class-level tree	N/A	46.89	11	0.92075	Genome has more than 12.5% of markers with multiple hits
Pful_bac_bin453	d__Bacteria;p__Pseudomonadota;c__Alphaproteobacteria;o__RF32;f__CAG-239;g__JAISFX01;s__	N/A	N/A	N/A	N/A	N/A	N/A	N/A	N/A	N/A	N/A	d__Bacteria;p__Pseudomonadota;c__Alphaproteobacteria;o__RF32;f__CAG-239;g__JAISFX01;s__	taxonomic novelty determined using RED	classification based on placement in class-level tree	N/A	48.02	11	0.89384	N/A
Pful_bac_bin454	d__Bacteria;p__Pseudomonadota;c__Alphaproteobacteria;o__RF32;f__CAG-239;g__JAISFX01;s__	N/A	N/A	N/A	N/A	N/A	N/A	N/A	N/A	N/A	N/A	d__Bacteria;p__Pseudomonadota;c__Alphaproteobacteria;o__RF32;f__CAG-239;g__JAISFX01;s__	taxonomic novelty determined using RED	classification based on placement in class-level tree	N/A	57.5	11	0.84241	N/A
Pful_bac_bin455	d__Bacteria;p__Pseudomonadota;c__Alphaproteobacteria;o__RF32;f__CAG-239;g__JAISFX01;s__	N/A	N/A	N/A	N/A	N/A	N/A	N/A	N/A	N/A	N/A	d__Bacteria;p__Pseudomonadota;c__Alphaproteobacteria;o__RF32;f__CAG-239;g__JAISFX01;s__	taxonomic novelty determined using RED	classification based on placement in class-level tree	N/A	62.2	11	0.85277	N/A
Pful_bac_bin456	d__Bacteria;p__Pseudomonadota;c__Alphaproteobacteria;o__RF32;f__CAG-239;g__JAISFX01;s__	N/A	N/A	N/A	N/A	N/A	N/A	N/A	N/A	N/A	N/A	d__Bacteria;p__Pseudomonadota;c__Alphaproteobacteria;o__RF32;f__CAG-239;g__JAISFX01;s__	taxonomic novelty determined using RED	classification based on placement in class-level tree	N/A	73.94	11	0.90054	N/A
Pful_bac_bin457	d__Bacteria;p__Pseudomonadota;c__Alphaproteobacteria;o__RF32;f__CAG-239;g__JAQWBS01;s__	N/A	N/A	N/A	N/A	N/A	N/A	N/A	N/A	N/A	N/A	d__Bacteria;p__Pseudomonadota;c__Alphaproteobacteria;o__RF32;f__CAG-239;g__JAQWBS01;s__	taxonomic classification fully defined by topology	classification based on placement in class-level tree	N/A	79.98	11	0.95004	N/A
Pful_bac_bin458	d__Bacteria;p__Pseudomonadota;c__Alphaproteobacteria;o__RF32;f__CAG-239;g__MGBC133411;s__	N/A	N/A	N/A	N/A	N/A	N/A	N/A	N/A	N/A	N/A	d__Bacteria;p__Pseudomonadota;c__Alphaproteobacteria;o__RF32;f__CAG-239;g__MGBC133411;s__	taxonomic classification fully defined by topology	classification based on placement in class-level tree	N/A	57.16	11	0.89636	N/A
Pful_bac_bin459	d__Bacteria;p__Pseudomonadota;c__Alphaproteobacteria;o__RF32;f__CAG-239;g__;s__	N/A	N/A	N/A	N/A	N/A	N/A	N/A	N/A	N/A	N/A	d__Bacteria;p__Pseudomonadota;c__Alphaproteobacteria;o__RF32;f__CAG-239;g__;s__	taxonomic classification fully defined by topology	classification based on placement in class-level tree	N/A	33.62	11	0.85995	N/A
Pful_bac_bin460	d__Bacteria;p__Pseudomonadota;c__Alphaproteobacteria;o__RF32;f__CAG-239;g__;s__	N/A	N/A	N/A	N/A	N/A	N/A	N/A	N/A	N/A	N/A	d__Bacteria;p__Pseudomonadota;c__Alphaproteobacteria;o__RF32;f__CAG-239;g__;s__	taxonomic classification fully defined by topology	classification based on placement in class-level tree	N/A	47.85	11	0.86144	N/A
Pful_bac_bin461	d__Bacteria;p__Pseudomonadota;c__Alphaproteobacteria;o__RF32;f__CAG-977;g__;s__	N/A	N/A	N/A	N/A	N/A	N/A	N/A	N/A	N/A	N/A	d__Bacteria;p__Pseudomonadota;c__Alphaproteobacteria;o__RF32;f__CAG-977;g__;s__	taxonomic classification fully defined by topology	classification based on placement in class-level tree	N/A	85.22	11	0.81833	N/A
Pful_bac_bin462	d__Bacteria;p__Pseudomonadota;c__Alphaproteobacteria;o__RF32;f__UBA3637;g__;s__	N/A	N/A	N/A	N/A	N/A	N/A	N/A	N/A	N/A	N/A	d__Bacteria;p__Pseudomonadota;c__Alphaproteobacteria;o__RF32;f__UBA3637;g__;s__	taxonomic novelty determined using RED	classification based on placement in class-level tree	N/A	79.25	11	0.88782	Genome has more than 12.5% of markers with multiple hits
Pful_bac_bin463	d__Bacteria;p__Pseudomonadota;c__Alphaproteobacteria;o__Rs-D84;f__;g__;s__	N/A	N/A	N/A	N/A	N/A	N/A	N/A	N/A	N/A	N/A	d__Bacteria;p__Pseudomonadota;c__Alphaproteobacteria;o__Rs-D84;f__;g__;s__	taxonomic classification fully defined by topology	classification based on placement in class-level tree	N/A	23.83	11	0.64333	N/A
Pful_bac_bin464	d__Bacteria;p__Pseudomonadota;c__Alphaproteobacteria;o__Rs-D84;f__Rs-D84;g__JAIRLB01;s__	N/A	N/A	N/A	N/A	N/A	N/A	N/A	N/A	N/A	N/A	d__Bacteria;p__Pseudomonadota;c__Alphaproteobacteria;o__Rs-D84;f__Rs-D84;g__JAIRLB01;s__	taxonomic classification fully defined by topology	classification based on placement in class-level tree	N/A	36.8	11	0.94666	N/A
Pful_bac_bin465	d__Bacteria;p__Pseudomonadota;c__Alphaproteobacteria;o__Rs-D84;f__Rs-D84;g__JAIRLB01;s__	N/A	N/A	N/A	N/A	N/A	N/A	N/A	N/A	N/A	N/A	d__Bacteria;p__Pseudomonadota;c__Alphaproteobacteria;o__Rs-D84;f__Rs-D84;g__JAIRLB01;s__	taxonomic classification fully defined by topology	classification based on placement in class-level tree	N/A	37.0	11	0.93017	N/A
Pful_bac_bin466	d__Bacteria;p__Pseudomonadota;c__Alphaproteobacteria;o__Rs-D84;f__Rs-D84;g__;s__	N/A	N/A	N/A	N/A	N/A	N/A	N/A	N/A	N/A	N/A	d__Bacteria;p__Pseudomonadota;c__Alphaproteobacteria;o__Rs-D84;f__Rs-D84;g__;s__	taxonomic novelty determined using RED	classification based on placement in class-level tree	N/A	36.05	11	0.89996	N/A
Pful_bac_bin467	d__Bacteria;p__Pseudomonadota;c__Alphaproteobacteria;o__Rs-D84;f__Rs-D84;g__WQUT01;s__	N/A	N/A	N/A	N/A	N/A	N/A	N/A	N/A	N/A	N/A	d__Bacteria;p__Pseudomonadota;c__Alphaproteobacteria;o__Rs-D84;f__Rs-D84;g__WQUT01;s__	taxonomic novelty determined using RED	classification based on placement in class-level tree	N/A	38.21	11	0.88617	N/A
Pful_bac_bin468	d__Bacteria;p__Pseudomonadota;c__Alphaproteobacteria;o__Rs-D84;f__Rs-D84;g__WQUT01;s__	N/A	N/A	N/A	N/A	N/A	N/A	N/A	N/A	N/A	N/A	d__Bacteria;p__Pseudomonadota;c__Alphaproteobacteria;o__Rs-D84;f__Rs-D84;g__WQUT01;s__	taxonomic novelty determined using RED	classification based on placement in class-level tree	N/A	64.13	11	0.87425	N/A
Pful_bac_bin469	d__Bacteria;p__Pseudomonadota;c__Alphaproteobacteria;o__Rs-D84;f__SZUA-605;g__;s__	N/A	N/A	N/A	N/A	N/A	N/A	N/A	N/A	N/A	N/A	d__Bacteria;p__Pseudomonadota;c__Alphaproteobacteria;o__Rs-D84;f__SZUA-605;g__;s__	taxonomic novelty determined using RED	classification based on placement in class-level tree	N/A	62.4	11	0.73406	N/A
Pful_bac_bin470	d__Bacteria;p__Pseudomonadota;c__Gammaproteobacteria;o__Burkholderiales;f__Burkholderiaceae;g__Oxalobacter;s__	N/A	N/A	N/A	N/A	N/A	GCF_027118995.1	95.0	d__Bacteria;p__Pseudomonadota;c__Gammaproteobacteria;o__Burkholderiales;f__Burkholderiaceae;g__Oxalobacter;s__Oxalobacter vibrioformis	85.73	0.471	d__Bacteria;p__Pseudomonadota;c__Gammaproteobacteria;o__Burkholderiales;f__Burkholderiaceae;g__Oxalobacter;s__	taxonomic classification defined by topology and ANI	classification based on placement in class-level tree	GCA_030269625.1, s__Oxalobacter sp030269625, 95.0, 84.44, 0.408	73.8	11	0.97641	N/A
Pful_bac_bin471	d__Bacteria;p__Pseudomonadota;c__Gammaproteobacteria;o__Burkholderiales;f__Burkholderiaceae;g__Saezia;s__	N/A	N/A	N/A	N/A	N/A	N/A	N/A	N/A	N/A	N/A	d__Bacteria;p__Pseudomonadota;c__Gammaproteobacteria;o__Burkholderiales;f__Burkholderiaceae;g__Saezia;s__	taxonomic novelty determined using RED	classification based on placement in class-level tree	N/A	49.99	11	0.91569	N/A
Pful_bac_bin472	d__Bacteria;p__Pseudomonadota;c__Gammaproteobacteria;o__Burkholderiales;f__Rhodocyclaceae;g__UBA2357;s__	N/A	N/A	N/A	N/A	N/A	N/A	N/A	N/A	N/A	N/A	d__Bacteria;p__Pseudomonadota;c__Gammaproteobacteria;o__Burkholderiales;f__Rhodocyclaceae;g__UBA2357;s__	taxonomic novelty determined using RED	classification based on placement in class-level tree	N/A	58.45	11	0.91026	N/A
Pful_bac_bin473	d__Bacteria;p__Pseudomonadota;c__Gammaproteobacteria;o__Enterobacterales;f__Aeromonadaceae;g__Aeromonas;s__Aeromonas simiae	GCF_000820125.1	95.0	d__Bacteria;p__Pseudomonadota;c__Gammaproteobacteria;o__Enterobacterales;f__Aeromonadaceae;g__Aeromonas;s__Aeromonas simiae	98.54	0.902	N/A	N/A	N/A	N/A	N/A	N/A	ani_screen	classification based on ANI only	GCF_000819805.1, s__Aeromonas diversa, 95.0, 84.65, 0.405; GCF_000820085.1, s__Aeromonas sanarellii, 95.0, 81.62, 0.213; GCF_000820105.1, s__Aeromonas schubertii, 95.0, 84.35, 0.409	N/A	N/A	N/A	N/A
Pful_bac_bin474	d__Bacteria;p__Pseudomonadota;c__Gammaproteobacteria;o__Enterobacterales;f__Enterobacteriaceae;g__CALYQQ01;s__	N/A	N/A	N/A	N/A	N/A	N/A	N/A	N/A	N/A	N/A	d__Bacteria;p__Pseudomonadota;c__Gammaproteobacteria;o__Enterobacterales;f__Enterobacteriaceae;g__CALYQQ01;s__	taxonomic novelty determined using RED	classification based on placement in class-level tree	N/A	95.63	11	0.85705	N/A
Pful_bac_bin475	d__Bacteria;p__Pseudomonadota;c__Gammaproteobacteria;o__Enterobacterales;f__Enterobacteriaceae;g__Enterobacillus;s__Enterobacillus tribolii	GCF_003363015.1	95.0	d__Bacteria;p__Pseudomonadota;c__Gammaproteobacteria;o__Enterobacterales;f__Enterobacteriaceae;g__Enterobacillus;s__Enterobacillus tribolii	97.84	0.945	N/A	N/A	N/A	N/A	N/A	N/A	ani_screen	classification based on ANI only	N/A	N/A	N/A	N/A	N/A
Pful_bac_bin476	d__Bacteria;p__Pseudomonadota;c__Gammaproteobacteria;o__Enterobacterales;f__Enterobacteriaceae;g__Enterobacillus;s__	N/A	N/A	N/A	N/A	N/A	GCF_003363015.1	95.0	d__Bacteria;p__Pseudomonadota;c__Gammaproteobacteria;o__Enterobacterales;f__Enterobacteriaceae;g__Enterobacillus;s__Enterobacillus tribolii	87.52	0.235	d__Bacteria;p__Pseudomonadota;c__Gammaproteobacteria;o__Enterobacterales;f__Enterobacteriaceae;g__Enterobacillus;s__	taxonomic classification defined by topology and ANI	classification based on placement in class-level tree	N/A	37.64	11	0.94172	N/A
Pful_bac_bin477	d__Bacteria;p__Pseudomonadota;c__Gammaproteobacteria;o__Enterobacterales;f__Enterobacteriaceae;g__Klebsiella;s__	N/A	N/A	N/A	N/A	N/A	N/A	N/A	N/A	N/A	N/A	d__Bacteria;p__Pseudomonadota;c__Gammaproteobacteria;o__Enterobacterales;f__Enterobacteriaceae;g__Klebsiella;s__	taxonomic classification defined by topology and ANI	classification based on placement in class-level tree	GCF_000828055.2, s__Klebsiella variicola, 95.0, 93.11, 0.688; GCF_000742135.1, s__Klebsiella pneumoniae, 95.0, 91.81, 0.677; GCF_020526085.1, s__Klebsiella africana, 95.0, 90.53, 0.634; GCF_002269255.1, s__Klebsiella quasivariicola, 95.0, 90.38, 0.605; GCF_000215745.1, s__Klebsiella aerogenes, 95.0, 89.95, 0.486; GCF_020525925.1, s__Klebsiella quasipneumoniae, 95.0, 89.84, 0.636; GCA_902490055.1, s__Klebsiella sp902490055, 95.0, 87.28, 0.274; GCA_029027985.1, s__Klebsiella aerogenes_A, 95.0, 84.77, 0.349; GCF_002925905.1, s__Klebsiella michiganensis, 95.0, 83.82, 0.364; GCF_900200035.1, s__Klebsiella grimontii, 95.0, 83.74, 0.361; GCF_001598695.1, s__Klebsiella oxytoca, 95.0, 83.06, 0.328; GCF_009707385.1, s__Klebsiella oxytoca_C, 95.0, 83.04, 0.311; GCF_902158555.1, s__Klebsiella spallanzanii, 95.0, 82.83, 0.273; GCF_006539725.1, s__Klebsiella terrigena, 95.0, 82.74, 0.301; GCF_001598295.1, s__Klebsiella ornithinolytica, 95.0, 82.71, 0.299; GCF_000735435.1, s__Klebsiella planticola, 95.08, 82.45, 0.279; GCF_002270295.1, s__Klebsiella sp002270295, 95.0, 82.36, 0.294; GCA_013705725.1, s__Klebsiella sp013705725, 95.0, 82.29, 0.273; GCF_004342285.1, s__Klebsiella sp004342285, 95.0, 82.26, 0.282; GCF_003261575.2, s__Klebsiella huaxiensis, 95.0, 82.17, 0.274; GCF_014298075.1, s__Klebsiella sp003752615, 95.0, 82.1, 0.263; GCF_006711645.1, s__Klebsiella electrica, 95.0, 82.02, 0.263; GCF_005860775.1, s__Klebsiella indica, 95.0, 81.46, 0.22	34.84	11	0.99852	Genome not assigned to closest species as it falls outside its pre-defined ANI radius
Pful_bac_bin478	d__Bacteria;p__Spirochaetota;c__Spirochaetia;o__CADAEX01;f__CADAEX01;g__;s__	N/A	N/A	N/A	N/A	N/A	N/A	N/A	N/A	N/A	N/A	d__Bacteria;p__Spirochaetota;c__Spirochaetia;o__CADAEX01;f__CADAEX01;g__;s__	taxonomic novelty determined using RED	classification based on placement in class-level tree	N/A	47.73	11	0.89099	N/A
Pful_bac_bin479	d__Bacteria;p__Spirochaetota;c__Spirochaetia;o__CADAEX01;f__CADAEX01;g__;s__	N/A	N/A	N/A	N/A	N/A	N/A	N/A	N/A	N/A	N/A	d__Bacteria;p__Spirochaetota;c__Spirochaetia;o__CADAEX01;f__CADAEX01;g__;s__	taxonomic novelty determined using RED	classification based on placement in class-level tree	N/A	52.39	11	0.88227	N/A
Pful_bac_bin480	d__Bacteria;p__Spirochaetota;c__Spirochaetia;o__Treponematales;f__Breznakiellaceae;g__;s__	N/A	N/A	N/A	N/A	N/A	N/A	N/A	N/A	N/A	N/A	d__Bacteria;p__Spirochaetota;c__Spirochaetia;o__Treponematales;f__Breznakiellaceae;g__;s__	taxonomic classification fully defined by topology	classification based on placement in class-level tree	N/A	64.85	11	0.85459	N/A
Pful_bac_bin481	d__Bacteria;p__Spirochaetota;c__Spirochaetia;o__Treponematales;f__Treponemataceae;g__Brucepastera;s__Brucepastera parasyntrophica	GCF_022376835.1	95.0	d__Bacteria;p__Spirochaetota;c__Spirochaetia;o__Treponematales;f__Treponemataceae;g__Brucepastera;s__Brucepastera parasyntrophica	95.77	0.749	N/A	N/A	N/A	N/A	N/A	N/A	ani_screen	classification based on ANI only	N/A	N/A	N/A	N/A	N/A
Pful_bac_bin482	d__Bacteria;p__Synergistota;c__Synergistia;o__Synergistales;f__Aminobacteriaceae;g__;s__	N/A	N/A	N/A	N/A	N/A	N/A	N/A	N/A	N/A	N/A	d__Bacteria;p__Synergistota;c__Synergistia;o__Synergistales;f__Aminobacteriaceae;g__;s__	taxonomic classification fully defined by topology	classification based on placement in class-level tree	N/A	65.02	11	0.78747	N/A
Pful_bac_bin483	d__Bacteria;p__Synergistota;c__Synergistia;o__Synergistales;f__Synergistaceae;g__JAJDHV01;s__	N/A	N/A	N/A	N/A	N/A	N/A	N/A	N/A	N/A	N/A	d__Bacteria;p__Synergistota;c__Synergistia;o__Synergistales;f__Synergistaceae;g__JAJDHV01;s__	taxonomic novelty determined using RED	classification based on placement in class-level tree	N/A	43.93	11	0.87601	N/A
Pful_bac_bin484	d__Bacteria;p__Synergistota;c__Synergistia;o__Synergistales;f__Synergistaceae;g__JAJDHV01;s__	N/A	N/A	N/A	N/A	N/A	N/A	N/A	N/A	N/A	N/A	d__Bacteria;p__Synergistota;c__Synergistia;o__Synergistales;f__Synergistaceae;g__JAJDHV01;s__	taxonomic novelty determined using RED	classification based on placement in class-level tree	N/A	58.89	11	0.84879	N/A
Pful_bac_bin485	d__Bacteria;p__Synergistota;c__Synergistia;o__Synergistales;f__Synergistaceae;g__JAJDJB01;s__	N/A	N/A	N/A	N/A	N/A	GCA_030266985.1	95.0	d__Bacteria;p__Synergistota;c__Synergistia;o__Synergistales;f__Synergistaceae;g__JAJDJB01;s__JAJDJB01 sp030266985	87.97	0.706	d__Bacteria;p__Synergistota;c__Synergistia;o__Synergistales;f__Synergistaceae;g__JAJDJB01;s__	taxonomic classification defined by topology and ANI	classification based on placement in class-level tree	N/A	92.0	11	0.98606	Genome not assigned to closest species as it falls outside its pre-defined ANI radius
Pful_bac_bin486	d__Bacteria;p__Verrucomicrobiota;c__Kiritimatiellia;o__RFP12;f__UBA3636;g__;s__	N/A	N/A	N/A	N/A	N/A	N/A	N/A	N/A	N/A	N/A	d__Bacteria;p__Verrucomicrobiota;c__Kiritimatiellia;o__RFP12;f__UBA3636;g__;s__	taxonomic classification fully defined by topology	classification based on placement in class-level tree	N/A	55.11	11	0.81135	N/A
Pful_bac_bin487	d__Bacteria;p__Verrucomicrobiota;c__Lentisphaeria;o__Victivallales;f__;g__;s__	N/A	N/A	N/A	N/A	N/A	N/A	N/A	N/A	N/A	N/A	d__Bacteria;p__Verrucomicrobiota;c__Lentisphaeria;o__Victivallales;f__;g__;s__	taxonomic classification fully defined by topology	classification based on placement in class-level tree	N/A	32.15	11	0.62821	N/A
Pful_bac_bin488	d__Bacteria;p__Verrucomicrobiota;c__Lentisphaeria;o__Victivallales;f__Victivallaceae;g__CALXXL01;s__	N/A	N/A	N/A	N/A	N/A	N/A	N/A	N/A	N/A	N/A	d__Bacteria;p__Verrucomicrobiota;c__Lentisphaeria;o__Victivallales;f__Victivallaceae;g__CALXXL01;s__	taxonomic classification fully defined by topology	classification based on placement in class-level tree	N/A	44.23	11	0.918	N/A
Pful_bac_bin489	d__Bacteria;p__Verrucomicrobiota;c__Lentisphaeria;o__Victivallales;f__Victivallaceae;g__UBA5239;s__	N/A	N/A	N/A	N/A	N/A	N/A	N/A	N/A	N/A	N/A	d__Bacteria;p__Verrucomicrobiota;c__Lentisphaeria;o__Victivallales;f__Victivallaceae;g__UBA5239;s__	taxonomic novelty determined using RED	classification based on placement in class-level tree	N/A	51.06	11	0.92908	N/A
Pful_bac_bin490	d__Bacteria;p__Verrucomicrobiota;c__Verrucomicrobiae;o__Opitutales;f__Opitutaceae;g__Ereboglobus;s__Ereboglobus luteus	GCF_003096195.1	95.0	d__Bacteria;p__Verrucomicrobiota;c__Verrucomicrobiae;o__Opitutales;f__Opitutaceae;g__Ereboglobus;s__Ereboglobus luteus	96.1	0.716	N/A	N/A	N/A	N/A	N/A	N/A	ani_screen	classification based on ANI only	GCF_029504735.1, s__Ereboglobus sp029504735, 95.0, 93.98, 0.726	N/A	N/A	N/A	N/A
Pful_bac_bin491	d__Bacteria;p__Verrucomicrobiota;c__Verrucomicrobiae;o__Verrucomicrobiales;f__Akkermansiaceae;g__Akkermansia;s__	N/A	N/A	N/A	N/A	N/A	N/A	N/A	N/A	N/A	N/A	d__Bacteria;p__Verrucomicrobiota;c__Verrucomicrobiae;o__Verrucomicrobiales;f__Akkermansiaceae;g__Akkermansia;s__	taxonomic classification fully defined by topology	classification based on placement in class-level tree	N/A	74.28	11	0.90024	N/A
Pful_bac_bin492	d__Bacteria;p__Verrucomicrobiota;c__Verrucomicrobiae;o__Verrucomicrobiales;f__Akkermansiaceae;g__;s__	N/A	N/A	N/A	N/A	N/A	N/A	N/A	N/A	N/A	N/A	d__Bacteria;p__Verrucomicrobiota;c__Verrucomicrobiae;o__Verrucomicrobiales;f__Akkermansiaceae;g__;s__	taxonomic novelty determined using RED	classification based on placement in class-level tree	N/A	46.59	11	0.82606	N/A
Pful_bac_bin493	d__Bacteria;p__Verrucomicrobiota;c__Verrucomicrobiae;o__Verrucomicrobiales;f__Akkermansiaceae;g__;s__	N/A	N/A	N/A	N/A	N/A	N/A	N/A	N/A	N/A	N/A	d__Bacteria;p__Verrucomicrobiota;c__Verrucomicrobiae;o__Verrucomicrobiales;f__Akkermansiaceae;g__;s__	taxonomic novelty determined using RED	classification based on placement in class-level tree	N/A	82.6	11	0.82578	N/A
