BGC	Accession	Description	Product	BiG_SCAPE	Organism	Taxonomy
Bger_bac_bin001~Bger_metagenome_contig_003830.region001	Bger_metagenome_contig_003830	Bger_metagenome_contig_003830	RiPP-like	RiPPs		
Bger_bac_bin001~Bger_metagenome_contig_003830.region002	Bger_metagenome_contig_003830	Bger_metagenome_contig_003830	RiPP-like	RiPPs		
Bger_bac_bin001~Bger_metagenome_contig_004697.region001	Bger_metagenome_contig_004697	Bger_metagenome_contig_004697	NRPS-like	NRPS		
Bger_bac_bin001~Bger_metagenome_contig_012838.region001	Bger_metagenome_contig_012838	Bger_metagenome_contig_012838	terpene	Terpene		
Bger_bac_bin002~Bger_metagenome_contig_000662.region001	Bger_metagenome_contig_000662	Bger_metagenome_contig_000662	cyclic-lactone-autoinducer	RiPPs		
Bger_bac_bin002~Bger_metagenome_contig_000662.region002	Bger_metagenome_contig_000662	Bger_metagenome_contig_000662	ranthipeptide	RiPPs		
Bger_bac_bin002~Bger_metagenome_contig_002077.region001	Bger_metagenome_contig_002077	Bger_metagenome_contig_002077	NRPS-like	NRPS		
Bger_bac_bin002~Bger_metagenome_contig_003718.region001	Bger_metagenome_contig_003718	Bger_metagenome_contig_003718	RiPP-like	RiPPs		
Bger_bac_bin003~Bger_metagenome_contig_003385.region001	Bger_metagenome_contig_003385	Bger_metagenome_contig_003385	ranthipeptide	RiPPs		
Bger_bac_bin004~Bger_metagenome_contig_000478.region001	Bger_metagenome_contig_000478	Bger_metagenome_contig_000478	cyclic-lactone-autoinducer	RiPPs		
Bger_bac_bin004~Bger_metagenome_contig_000688.region001	Bger_metagenome_contig_000688	Bger_metagenome_contig_000688	RiPP-like	RiPPs		
Bger_bac_bin004~Bger_metagenome_contig_001474.region001	Bger_metagenome_contig_001474	Bger_metagenome_contig_001474	RRE-containing	RiPPs		
Bger_bac_bin005~Bger_metagenome_contig_000291.region001	Bger_metagenome_contig_000291	Bger_metagenome_contig_000291	ranthipeptide	RiPPs		
Bger_bac_bin005~Bger_metagenome_contig_000666.region001	Bger_metagenome_contig_000666	Bger_metagenome_contig_000666	RiPP-like	RiPPs		
Bger_bac_bin005~Bger_metagenome_contig_015307.region001	Bger_metagenome_contig_015307	Bger_metagenome_contig_015307	terpene	Terpene		
Bger_bac_bin006~Bger_metagenome_contig_000040.region001	Bger_metagenome_contig_000040	Bger_metagenome_contig_000040	RiPP-like	RiPPs		
Bger_bac_bin006~Bger_metagenome_contig_000040.region002	Bger_metagenome_contig_000040	Bger_metagenome_contig_000040	RRE-containing	RiPPs		
Bger_bac_bin006~Bger_metagenome_contig_000040.region003	Bger_metagenome_contig_000040	Bger_metagenome_contig_000040	cyclic-lactone-autoinducer	RiPPs		
Bger_bac_bin006~Bger_metagenome_contig_000682.region001	Bger_metagenome_contig_000682	Bger_metagenome_contig_000682	cyclic-lactone-autoinducer	RiPPs		
Bger_bac_bin007~Bger_metagenome_contig_000157.region001	Bger_metagenome_contig_000157	Bger_metagenome_contig_000157	ranthipeptide	RiPPs		
Bger_bac_bin007~Bger_metagenome_contig_000318.region001	Bger_metagenome_contig_000318	Bger_metagenome_contig_000318	HR-T2PKS	Others		
Bger_bac_bin007~Bger_metagenome_contig_002535.region001	Bger_metagenome_contig_002535	Bger_metagenome_contig_002535	betalactone	Others		
Bger_bac_bin009~Bger_metagenome_contig_006406.region001	Bger_metagenome_contig_006406	Bger_metagenome_contig_006406	ranthipeptide	RiPPs		
Bger_bac_bin010~Bger_metagenome_contig_000968.region001	Bger_metagenome_contig_000968	Bger_metagenome_contig_000968	cyclic-lactone-autoinducer	RiPPs		
Bger_bac_bin011~Bger_metagenome_contig_000352.region001	Bger_metagenome_contig_000352	Bger_metagenome_contig_000352	cyclic-lactone-autoinducer	RiPPs		
Bger_bac_bin012~Bger_metagenome_contig_006085.region001	Bger_metagenome_contig_006085	Bger_metagenome_contig_006085	cyclic-lactone-autoinducer	RiPPs		
Bger_bac_bin013~Bger_metagenome_contig_001858.region001	Bger_metagenome_contig_001858	Bger_metagenome_contig_001858	ranthipeptide	RiPPs		
Bger_bac_bin013~Bger_metagenome_contig_008792.region001	Bger_metagenome_contig_008792	Bger_metagenome_contig_008792	cyclic-lactone-autoinducer	RiPPs		
Bger_bac_bin013~Bger_metagenome_contig_049628.region001	Bger_metagenome_contig_049628	Bger_metagenome_contig_049628	cyclic-lactone-autoinducer	RiPPs		
Bger_bac_bin014~Bger_metagenome_contig_000903.region001	Bger_metagenome_contig_000903	Bger_metagenome_contig_000903	cyclic-lactone-autoinducer	RiPPs		
Bger_bac_bin014~Bger_metagenome_contig_001383.region001	Bger_metagenome_contig_001383	Bger_metagenome_contig_001383	RRE-containing	RiPPs		
Bger_bac_bin015~Bger_metagenome_contig_000223.region001	Bger_metagenome_contig_000223	Bger_metagenome_contig_000223	cyclic-lactone-autoinducer	RiPPs		
Bger_bac_bin015~Bger_metagenome_contig_000341.region001	Bger_metagenome_contig_000341	Bger_metagenome_contig_000341	cyclic-lactone-autoinducer	RiPPs		
Bger_bac_bin015~Bger_metagenome_contig_000703.region001	Bger_metagenome_contig_000703	Bger_metagenome_contig_000703	RRE-containing	RiPPs		
Bger_bac_bin015~Bger_metagenome_contig_001142.region001	Bger_metagenome_contig_001142	Bger_metagenome_contig_001142	ranthipeptide	RiPPs		
Bger_bac_bin015~Bger_metagenome_contig_003112.region001	Bger_metagenome_contig_003112	Bger_metagenome_contig_003112	cyclic-lactone-autoinducer	RiPPs		
Bger_bac_bin016~Bger_metagenome_contig_007832.region001	Bger_metagenome_contig_007832	Bger_metagenome_contig_007832	ranthipeptide	RiPPs		
Bger_bac_bin016~Bger_metagenome_contig_009953.region001	Bger_metagenome_contig_009953	Bger_metagenome_contig_009953	cyclic-lactone-autoinducer	RiPPs		
Bger_bac_bin016~Bger_metagenome_contig_010208.region001	Bger_metagenome_contig_010208	Bger_metagenome_contig_010208	ranthipeptide	RiPPs		
Bger_bac_bin016~Bger_metagenome_contig_014054.region001	Bger_metagenome_contig_014054	Bger_metagenome_contig_014054	cyclic-lactone-autoinducer	RiPPs		
Bger_bac_bin017~Bger_metagenome_contig_000847.region001	Bger_metagenome_contig_000847	Bger_metagenome_contig_000847	ranthipeptide	RiPPs		
Bger_bac_bin018~Bger_metagenome_contig_000744.region001	Bger_metagenome_contig_000744	Bger_metagenome_contig_000744	cyclic-lactone-autoinducer	RiPPs		
Bger_bac_bin018~Bger_metagenome_contig_000962.region001	Bger_metagenome_contig_000962	Bger_metagenome_contig_000962	cyclic-lactone-autoinducer	RiPPs		
Bger_bac_bin018~Bger_metagenome_contig_001056.region001	Bger_metagenome_contig_001056	Bger_metagenome_contig_001056	sactipeptide	RiPPs		
Bger_bac_bin018~Bger_metagenome_contig_001098.region001	Bger_metagenome_contig_001098	Bger_metagenome_contig_001098	cyclic-lactone-autoinducer.ranthipeptide	RiPPs		
Bger_bac_bin018~Bger_metagenome_contig_001225.region001	Bger_metagenome_contig_001225	Bger_metagenome_contig_001225	cyclic-lactone-autoinducer.ranthipeptide.transAT-PKS	Others		
Bger_bac_bin018~Bger_metagenome_contig_001225.region002	Bger_metagenome_contig_001225	Bger_metagenome_contig_001225	cyclic-lactone-autoinducer	RiPPs		
Bger_bac_bin018~Bger_metagenome_contig_001682.region001	Bger_metagenome_contig_001682	Bger_metagenome_contig_001682	butyrolactone.cyclic-lactone-autoinducer	Others		
Bger_bac_bin018~Bger_metagenome_contig_001710.region001	Bger_metagenome_contig_001710	Bger_metagenome_contig_001710	NRPS	NRPS		
Bger_bac_bin018~Bger_metagenome_contig_001851.region001	Bger_metagenome_contig_001851	Bger_metagenome_contig_001851	cyclic-lactone-autoinducer.RiPP-like	RiPPs		
Bger_bac_bin018~Bger_metagenome_contig_002246.region001	Bger_metagenome_contig_002246	Bger_metagenome_contig_002246	transAT-PKS.NRPS.cyclic-lactone-autoinducer.betalactone.NRPS-like	Others		
Bger_bac_bin018~Bger_metagenome_contig_004345.region001	Bger_metagenome_contig_004345	Bger_metagenome_contig_004345	transAT-PKS-like.PKS-like	PKSother		
Bger_bac_bin018~Bger_metagenome_contig_004378.region001	Bger_metagenome_contig_004378	Bger_metagenome_contig_004378	transAT-PKS-like	PKSother		
Bger_bac_bin018~Bger_metagenome_contig_004443.region001	Bger_metagenome_contig_004443	Bger_metagenome_contig_004443	NRPS	NRPS		
Bger_bac_bin018~Bger_metagenome_contig_004684.region001	Bger_metagenome_contig_004684	Bger_metagenome_contig_004684	cyclic-lactone-autoinducer.T1PKS.NRPS	Others		
Bger_bac_bin018~Bger_metagenome_contig_005936.region001	Bger_metagenome_contig_005936	Bger_metagenome_contig_005936	transAT-PKS-like.NRPS	PKS-NRP_Hybrids		
Bger_bac_bin018~Bger_metagenome_contig_005944.region001	Bger_metagenome_contig_005944	Bger_metagenome_contig_005944	transAT-PKS	PKSother		
Bger_bac_bin018~Bger_metagenome_contig_007712.region001	Bger_metagenome_contig_007712	Bger_metagenome_contig_007712	transAT-PKS-like	PKSother		
Bger_bac_bin018~Bger_metagenome_contig_028473.region001	Bger_metagenome_contig_028473	Bger_metagenome_contig_028473	NRPS	NRPS		
Bger_bac_bin018~Bger_metagenome_contig_029254.region001	Bger_metagenome_contig_029254	Bger_metagenome_contig_029254	NRPS	NRPS		
Bger_bac_bin019~Bger_metagenome_contig_000078.region001	Bger_metagenome_contig_000078	Bger_metagenome_contig_000078	T3PKS.transAT-PKS.PKS-like.2dos.betalactone.NRPS-like	Others		
Bger_bac_bin019~Bger_metagenome_contig_000205.region001	Bger_metagenome_contig_000205	Bger_metagenome_contig_000205	cyclic-lactone-autoinducer	RiPPs		
Bger_bac_bin019~Bger_metagenome_contig_000205.region002	Bger_metagenome_contig_000205	Bger_metagenome_contig_000205	cyclic-lactone-autoinducer.ranthipeptide	RiPPs		
Bger_bac_bin019~Bger_metagenome_contig_000217.region001	Bger_metagenome_contig_000217	Bger_metagenome_contig_000217	RRE-containing.cyclic-lactone-autoinducer	RiPPs		
Bger_bac_bin019~Bger_metagenome_contig_000217.region002	Bger_metagenome_contig_000217	Bger_metagenome_contig_000217	HR-T2PKS	Others		
Bger_bac_bin019~Bger_metagenome_contig_000217.region003	Bger_metagenome_contig_000217	Bger_metagenome_contig_000217	T1PKS.NRPS.transAT-PKS	PKS-NRP_Hybrids		
Bger_bac_bin019~Bger_metagenome_contig_000217.region004	Bger_metagenome_contig_000217	Bger_metagenome_contig_000217	RRE-containing	RiPPs		
Bger_bac_bin019~Bger_metagenome_contig_000294.region001	Bger_metagenome_contig_000294	Bger_metagenome_contig_000294	cyclic-lactone-autoinducer.NRPS-like.T1PKS.NRPS	Others		
Bger_bac_bin019~Bger_metagenome_contig_000487.region001	Bger_metagenome_contig_000487	Bger_metagenome_contig_000487	cyclic-lactone-autoinducer.ranthipeptide	RiPPs		
Bger_bac_bin019~Bger_metagenome_contig_000589.region001	Bger_metagenome_contig_000589	Bger_metagenome_contig_000589	T1PKS.NRPS.transAT-PKS	PKS-NRP_Hybrids		
Bger_bac_bin019~Bger_metagenome_contig_000781.region001	Bger_metagenome_contig_000781	Bger_metagenome_contig_000781	ranthipeptide	RiPPs		
Bger_bac_bin019~Bger_metagenome_contig_000781.region002	Bger_metagenome_contig_000781	Bger_metagenome_contig_000781	cyclic-lactone-autoinducer	RiPPs		
Bger_bac_bin019~Bger_metagenome_contig_001304.region001	Bger_metagenome_contig_001304	Bger_metagenome_contig_001304	ranthipeptide	RiPPs		
Bger_bac_bin019~Bger_metagenome_contig_001572.region001	Bger_metagenome_contig_001572	Bger_metagenome_contig_001572	ranthipeptide	RiPPs		
Bger_bac_bin020~Bger_metagenome_contig_000956.region001	Bger_metagenome_contig_000956	Bger_metagenome_contig_000956	ranthipeptide	RiPPs		
Bger_bac_bin021~Bger_metagenome_contig_000252.region001	Bger_metagenome_contig_000252	Bger_metagenome_contig_000252	cyclic-lactone-autoinducer	RiPPs		
Bger_bac_bin021~Bger_metagenome_contig_001470.region001	Bger_metagenome_contig_001470	Bger_metagenome_contig_001470	ranthipeptide	RiPPs		
Bger_bac_bin021~Bger_metagenome_contig_002311.region001	Bger_metagenome_contig_002311	Bger_metagenome_contig_002311	cyclic-lactone-autoinducer	RiPPs		
Bger_bac_bin021~Bger_metagenome_contig_002657.region001	Bger_metagenome_contig_002657	Bger_metagenome_contig_002657	cyclic-lactone-autoinducer	RiPPs		
Bger_bac_bin021~Bger_metagenome_contig_062241.region001	Bger_metagenome_contig_062241	Bger_metagenome_contig_062241	cyclic-lactone-autoinducer	RiPPs		
Bger_bac_bin022~Bger_metagenome_contig_000156.region001	Bger_metagenome_contig_000156	Bger_metagenome_contig_000156	cyclic-lactone-autoinducer	RiPPs		
Bger_bac_bin022~Bger_metagenome_contig_000156.region002	Bger_metagenome_contig_000156	Bger_metagenome_contig_000156	cyclic-lactone-autoinducer	RiPPs		
Bger_bac_bin022~Bger_metagenome_contig_000592.region001	Bger_metagenome_contig_000592	Bger_metagenome_contig_000592	cyclic-lactone-autoinducer	RiPPs		
Bger_bac_bin022~Bger_metagenome_contig_000642.region001	Bger_metagenome_contig_000642	Bger_metagenome_contig_000642	ranthipeptide	RiPPs		
Bger_bac_bin022~Bger_metagenome_contig_000710.region001	Bger_metagenome_contig_000710	Bger_metagenome_contig_000710	cyclic-lactone-autoinducer	RiPPs		
Bger_bac_bin022~Bger_metagenome_contig_000804.region001	Bger_metagenome_contig_000804	Bger_metagenome_contig_000804	cyclic-lactone-autoinducer	RiPPs		
Bger_bac_bin023~Bger_metagenome_contig_000023.region001	Bger_metagenome_contig_000023	Bger_metagenome_contig_000023	cyclic-lactone-autoinducer	RiPPs		
Bger_bac_bin023~Bger_metagenome_contig_000181.region001	Bger_metagenome_contig_000181	Bger_metagenome_contig_000181	RRE-containing	RiPPs		
Bger_bac_bin023~Bger_metagenome_contig_000181.region002	Bger_metagenome_contig_000181	Bger_metagenome_contig_000181	cyclic-lactone-autoinducer	RiPPs		
Bger_bac_bin023~Bger_metagenome_contig_000187.region001	Bger_metagenome_contig_000187	Bger_metagenome_contig_000187	cyclic-lactone-autoinducer	RiPPs		
Bger_bac_bin023~Bger_metagenome_contig_000201.region001	Bger_metagenome_contig_000201	Bger_metagenome_contig_000201	ranthipeptide	RiPPs		
Bger_bac_bin023~Bger_metagenome_contig_000264.region001	Bger_metagenome_contig_000264	Bger_metagenome_contig_000264	cyclic-lactone-autoinducer	RiPPs		
Bger_bac_bin024~Bger_metagenome_contig_008844.region001	Bger_metagenome_contig_008844	Bger_metagenome_contig_008844	cyclic-lactone-autoinducer	RiPPs		
Bger_bac_bin024~Bger_metagenome_contig_013857.region001	Bger_metagenome_contig_013857	Bger_metagenome_contig_013857	RRE-containing	RiPPs		
Bger_bac_bin024~Bger_metagenome_contig_015606.region001	Bger_metagenome_contig_015606	Bger_metagenome_contig_015606	ranthipeptide	RiPPs		
Bger_bac_bin024~Bger_metagenome_contig_018805.region001	Bger_metagenome_contig_018805	Bger_metagenome_contig_018805	cyclic-lactone-autoinducer	RiPPs		
Bger_bac_bin024~Bger_metagenome_contig_019695.region001	Bger_metagenome_contig_019695	Bger_metagenome_contig_019695	ranthipeptide	RiPPs		
Bger_bac_bin024~Bger_metagenome_contig_020472.region001	Bger_metagenome_contig_020472	Bger_metagenome_contig_020472	cyclic-lactone-autoinducer	RiPPs		
Bger_bac_bin024~Bger_metagenome_contig_023206.region001	Bger_metagenome_contig_023206	Bger_metagenome_contig_023206	RRE-containing	RiPPs		
Bger_bac_bin024~Bger_metagenome_contig_024385.region001	Bger_metagenome_contig_024385	Bger_metagenome_contig_024385	ranthipeptide	RiPPs		
Bger_bac_bin024~Bger_metagenome_contig_024485.region001	Bger_metagenome_contig_024485	Bger_metagenome_contig_024485	cyclic-lactone-autoinducer	RiPPs		
Bger_bac_bin025~Bger_metagenome_contig_000901.region001	Bger_metagenome_contig_000901	Bger_metagenome_contig_000901	ranthipeptide	RiPPs		
Bger_bac_bin026~Bger_metagenome_contig_002478.region001	Bger_metagenome_contig_002478	Bger_metagenome_contig_002478	betalactone	Others		
Bger_bac_bin027~Bger_metagenome_contig_013894.region001	Bger_metagenome_contig_013894	Bger_metagenome_contig_013894	cyclic-lactone-autoinducer	RiPPs		
Bger_bac_bin029~Bger_metagenome_contig_001272.region001	Bger_metagenome_contig_001272	Bger_metagenome_contig_001272	RiPP-like	RiPPs		
Bger_bac_bin030~Bger_metagenome_contig_000511.region001	Bger_metagenome_contig_000511	Bger_metagenome_contig_000511	hglE-KS.PUFA	Others		
Bger_bac_bin030~Bger_metagenome_contig_000523.region001	Bger_metagenome_contig_000523	Bger_metagenome_contig_000523	RiPP-like	RiPPs		
Bger_bac_bin030~Bger_metagenome_contig_000523.region002	Bger_metagenome_contig_000523	Bger_metagenome_contig_000523	ranthipeptide	RiPPs		
Bger_bac_bin031~Bger_metagenome_contig_002360.region001	Bger_metagenome_contig_002360	Bger_metagenome_contig_002360	ranthipeptide	RiPPs		
Bger_bac_bin031~Bger_metagenome_contig_005117.region001	Bger_metagenome_contig_005117	Bger_metagenome_contig_005117	RRE-containing	RiPPs		
Bger_bac_bin031~Bger_metagenome_contig_009358.region001	Bger_metagenome_contig_009358	Bger_metagenome_contig_009358	thiopeptide	RiPPs		
Bger_bac_bin031~Bger_metagenome_contig_014080.region001	Bger_metagenome_contig_014080	Bger_metagenome_contig_014080	cyclic-lactone-autoinducer	RiPPs		
Bger_bac_bin031~Bger_metagenome_contig_015968.region001	Bger_metagenome_contig_015968	Bger_metagenome_contig_015968	RRE-containing	RiPPs		
Bger_bac_bin032~Bger_metagenome_contig_003174.region001	Bger_metagenome_contig_003174	Bger_metagenome_contig_003174	cyclic-lactone-autoinducer	RiPPs		
Bger_bac_bin032~Bger_metagenome_contig_024137.region001	Bger_metagenome_contig_024137	Bger_metagenome_contig_024137	cyclic-lactone-autoinducer	RiPPs		
Bger_bac_bin033~Bger_metagenome_contig_000324.region001	Bger_metagenome_contig_000324	Bger_metagenome_contig_000324	NRPS	NRPS		
Bger_bac_bin033~Bger_metagenome_contig_000334.region001	Bger_metagenome_contig_000334	Bger_metagenome_contig_000334	NRPS	NRPS		
Bger_bac_bin033~Bger_metagenome_contig_000379.region001	Bger_metagenome_contig_000379	Bger_metagenome_contig_000379	RRE-containing	RiPPs		
Bger_bac_bin033~Bger_metagenome_contig_000379.region002	Bger_metagenome_contig_000379	Bger_metagenome_contig_000379	cyclic-lactone-autoinducer	RiPPs		
Bger_bac_bin033~Bger_metagenome_contig_001102.region001	Bger_metagenome_contig_001102	Bger_metagenome_contig_001102	cyclic-lactone-autoinducer	RiPPs		
Bger_bac_bin033~Bger_metagenome_contig_002705.region001	Bger_metagenome_contig_002705	Bger_metagenome_contig_002705	betalactone	Others		
Bger_bac_bin034~Bger_metagenome_contig_000864.region001	Bger_metagenome_contig_000864	Bger_metagenome_contig_000864	cyclic-lactone-autoinducer	RiPPs		
Bger_bac_bin034~Bger_metagenome_contig_001254.region001	Bger_metagenome_contig_001254	Bger_metagenome_contig_001254	cyclic-lactone-autoinducer	RiPPs		
Bger_bac_bin034~Bger_metagenome_contig_001254.region002	Bger_metagenome_contig_001254	Bger_metagenome_contig_001254	betalactone	Others		
Bger_bac_bin034~Bger_metagenome_contig_002523.region001	Bger_metagenome_contig_002523	Bger_metagenome_contig_002523	ranthipeptide	RiPPs		
Bger_bac_bin034~Bger_metagenome_contig_002553.region001	Bger_metagenome_contig_002553	Bger_metagenome_contig_002553	NRPS-like.NRPS	NRPS		
Bger_bac_bin034~Bger_metagenome_contig_007008.region001	Bger_metagenome_contig_007008	Bger_metagenome_contig_007008	cyclic-lactone-autoinducer	RiPPs		
Bger_bac_bin035~Bger_metagenome_contig_001227.region001	Bger_metagenome_contig_001227	Bger_metagenome_contig_001227	cyclic-lactone-autoinducer	RiPPs		
Bger_bac_bin035~Bger_metagenome_contig_001485.region001	Bger_metagenome_contig_001485	Bger_metagenome_contig_001485	NRPS	NRPS		
Bger_bac_bin035~Bger_metagenome_contig_001612.region001	Bger_metagenome_contig_001612	Bger_metagenome_contig_001612	cyclic-lactone-autoinducer	RiPPs		
Bger_bac_bin035~Bger_metagenome_contig_002547.region001	Bger_metagenome_contig_002547	Bger_metagenome_contig_002547	cyclic-lactone-autoinducer	RiPPs		
Bger_bac_bin035~Bger_metagenome_contig_003678.region001	Bger_metagenome_contig_003678	Bger_metagenome_contig_003678	RiPP-like	RiPPs		
Bger_bac_bin035~Bger_metagenome_contig_003688.region001	Bger_metagenome_contig_003688	Bger_metagenome_contig_003688	cyclic-lactone-autoinducer	RiPPs		
Bger_bac_bin035~Bger_metagenome_contig_003795.region001	Bger_metagenome_contig_003795	Bger_metagenome_contig_003795	ranthipeptide	RiPPs		
Bger_bac_bin035~Bger_metagenome_contig_005972.region001	Bger_metagenome_contig_005972	Bger_metagenome_contig_005972	cyclic-lactone-autoinducer	RiPPs		
Bger_bac_bin035~Bger_metagenome_contig_007438.region001	Bger_metagenome_contig_007438	Bger_metagenome_contig_007438	NRPS	NRPS		
Bger_bac_bin036~Bger_metagenome_contig_006786.region001	Bger_metagenome_contig_006786	Bger_metagenome_contig_006786	terpene	Terpene		
Bger_bac_bin036~Bger_metagenome_contig_011567.region001	Bger_metagenome_contig_011567	Bger_metagenome_contig_011567	RRE-containing	RiPPs		
Bger_bac_bin036~Bger_metagenome_contig_016996.region001	Bger_metagenome_contig_016996	Bger_metagenome_contig_016996	cyclic-lactone-autoinducer	RiPPs		
Bger_bac_bin037~Bger_metagenome_contig_005069.region001	Bger_metagenome_contig_005069	Bger_metagenome_contig_005069	lanthipeptide-class-ii	RiPPs		
Bger_bac_bin037~Bger_metagenome_contig_007203.region001	Bger_metagenome_contig_007203	Bger_metagenome_contig_007203	NRPS	NRPS		
Bger_bac_bin037~Bger_metagenome_contig_007509.region001	Bger_metagenome_contig_007509	Bger_metagenome_contig_007509	NRPS	NRPS		
Bger_bac_bin037~Bger_metagenome_contig_008203.region001	Bger_metagenome_contig_008203	Bger_metagenome_contig_008203	lanthipeptide-class-ii	RiPPs		
Bger_bac_bin038~Bger_metagenome_contig_038028.region001	Bger_metagenome_contig_038028	Bger_metagenome_contig_038028	T3PKS	PKSother		
Bger_bac_bin040~Bger_metagenome_contig_012864.region001	Bger_metagenome_contig_012864	Bger_metagenome_contig_012864	ranthipeptide	RiPPs		
Bger_bac_bin040~Bger_metagenome_contig_023739.region001	Bger_metagenome_contig_023739	Bger_metagenome_contig_023739	RiPP-like	RiPPs		
Bger_bac_bin041~Bger_metagenome_contig_003990.region001	Bger_metagenome_contig_003990	Bger_metagenome_contig_003990	RiPP-like	RiPPs		
Bger_bac_bin042~Bger_metagenome_contig_000170.region001	Bger_metagenome_contig_000170	Bger_metagenome_contig_000170	RiPP-like	RiPPs		
Bger_bac_bin042~Bger_metagenome_contig_000538.region001	Bger_metagenome_contig_000538	Bger_metagenome_contig_000538	ranthipeptide	RiPPs		
Bger_bac_bin043~Bger_metagenome_contig_008282.region001	Bger_metagenome_contig_008282	Bger_metagenome_contig_008282	cyclic-lactone-autoinducer	RiPPs		
Bger_bac_bin044~Bger_metagenome_contig_000601.region001	Bger_metagenome_contig_000601	Bger_metagenome_contig_000601	cyclic-lactone-autoinducer	RiPPs		
Bger_bac_bin045~Bger_metagenome_contig_000427.region001	Bger_metagenome_contig_000427	Bger_metagenome_contig_000427	cyclic-lactone-autoinducer	RiPPs		
Bger_bac_bin045~Bger_metagenome_contig_000967.region001	Bger_metagenome_contig_000967	Bger_metagenome_contig_000967	cyclic-lactone-autoinducer	RiPPs		
Bger_bac_bin046~Bger_metagenome_contig_000038.region001	Bger_metagenome_contig_000038	Bger_metagenome_contig_000038	thiopeptide	RiPPs		
Bger_bac_bin046~Bger_metagenome_contig_000038.region002	Bger_metagenome_contig_000038	Bger_metagenome_contig_000038	cyclic-lactone-autoinducer	RiPPs		
Bger_bac_bin046~Bger_metagenome_contig_000038.region003	Bger_metagenome_contig_000038	Bger_metagenome_contig_000038	cyclic-lactone-autoinducer	RiPPs		
Bger_bac_bin046~Bger_metagenome_contig_000038.region004	Bger_metagenome_contig_000038	Bger_metagenome_contig_000038	cyclic-lactone-autoinducer	RiPPs		
Bger_bac_bin046~Bger_metagenome_contig_000038.region005	Bger_metagenome_contig_000038	Bger_metagenome_contig_000038	cyclic-lactone-autoinducer	RiPPs		
Bger_bac_bin047~Bger_metagenome_contig_000042.region001	Bger_metagenome_contig_000042	Bger_metagenome_contig_000042	hglE-KS.T1PKS	PKSother		
Bger_bac_bin047~Bger_metagenome_contig_000042.region002	Bger_metagenome_contig_000042	Bger_metagenome_contig_000042	lanthipeptide-class-i	RiPPs		
Bger_bac_bin047~Bger_metagenome_contig_000066.region001	Bger_metagenome_contig_000066	Bger_metagenome_contig_000066	hglE-KS.T1PKS	PKSother		
Bger_bac_bin048~Bger_metagenome_contig_002767.region001	Bger_metagenome_contig_002767	Bger_metagenome_contig_002767	lanthipeptide-class-i	RiPPs		
Bger_bac_bin049~Bger_metagenome_contig_000720.region001	Bger_metagenome_contig_000720	Bger_metagenome_contig_000720	lanthipeptide-class-i	RiPPs		
Bger_bac_bin049~Bger_metagenome_contig_010940.region001	Bger_metagenome_contig_010940	Bger_metagenome_contig_010940	T1PKS	PKSI		
Bger_bac_bin049~Bger_metagenome_contig_012956.region001	Bger_metagenome_contig_012956	Bger_metagenome_contig_012956	T1PKS	PKSI		
Bger_bac_bin049~Bger_metagenome_contig_013744.region001	Bger_metagenome_contig_013744	Bger_metagenome_contig_013744	hglE-KS	PKSother		
Bger_bac_bin049~Bger_metagenome_contig_014397.region001	Bger_metagenome_contig_014397	Bger_metagenome_contig_014397	RRE-containing	RiPPs		
Bger_bac_bin049~Bger_metagenome_contig_029759.region001	Bger_metagenome_contig_029759	Bger_metagenome_contig_029759	hglE-KS	PKSother		
Bger_bac_bin049~Bger_metagenome_contig_061507.region001	Bger_metagenome_contig_061507	Bger_metagenome_contig_061507	T1PKS	PKSI		
Bger_bac_bin050~Bger_metagenome_contig_000017.region001	Bger_metagenome_contig_000017	Bger_metagenome_contig_000017	RRE-containing	RiPPs		
Bger_bac_bin050~Bger_metagenome_contig_000017.region002	Bger_metagenome_contig_000017	Bger_metagenome_contig_000017	arylpolyene	Others		
Bger_bac_bin050~Bger_metagenome_contig_000137.region001	Bger_metagenome_contig_000137	Bger_metagenome_contig_000137	RiPP-like	RiPPs		
Bger_bac_bin050~Bger_metagenome_contig_000345.region001	Bger_metagenome_contig_000345	Bger_metagenome_contig_000345	arylpolyene	Others		
Bger_bac_bin051~Bger_metagenome_contig_000344.region001	Bger_metagenome_contig_000344	Bger_metagenome_contig_000344	RRE-containing	RiPPs		
Bger_bac_bin051~Bger_metagenome_contig_000421.region001	Bger_metagenome_contig_000421	Bger_metagenome_contig_000421	arylpolyene	Others		
Bger_bac_bin051~Bger_metagenome_contig_000683.region001	Bger_metagenome_contig_000683	Bger_metagenome_contig_000683	RiPP-like	RiPPs		
Bger_bac_bin051~Bger_metagenome_contig_001013.region001	Bger_metagenome_contig_001013	Bger_metagenome_contig_001013	arylpolyene	Others		
Bger_bac_bin051~Bger_metagenome_contig_001241.region001	Bger_metagenome_contig_001241	Bger_metagenome_contig_001241	phosphonate	Others		
Bger_bac_bin051~Bger_metagenome_contig_001573.region001	Bger_metagenome_contig_001573	Bger_metagenome_contig_001573	RRE-containing	RiPPs		
Bger_bac_bin051~Bger_metagenome_contig_002005.region001	Bger_metagenome_contig_002005	Bger_metagenome_contig_002005	RRE-containing	RiPPs		
Bger_bac_bin052~Bger_metagenome_contig_000076.region001	Bger_metagenome_contig_000076	Bger_metagenome_contig_000076	RiPP-like	RiPPs		
Bger_bac_bin052~Bger_metagenome_contig_000083.region001	Bger_metagenome_contig_000083	Bger_metagenome_contig_000083	RRE-containing	RiPPs		
Bger_bac_bin053~Bger_metagenome_contig_000001.region001	Bger_metagenome_contig_000001	Bger_metagenome_contig_000001	arylpolyene	Others		
Bger_bac_bin053~Bger_metagenome_contig_000001.region002	Bger_metagenome_contig_000001	Bger_metagenome_contig_000001	arylpolyene	Others		
Bger_bac_bin054~Bger_metagenome_contig_000020.region001	Bger_metagenome_contig_000020	Bger_metagenome_contig_000020	arylpolyene	Others		
Bger_bac_bin054~Bger_metagenome_contig_000020.region002	Bger_metagenome_contig_000020	Bger_metagenome_contig_000020	lanthipeptide-class-i	RiPPs		
Bger_bac_bin054~Bger_metagenome_contig_000020.region003	Bger_metagenome_contig_000020	Bger_metagenome_contig_000020	arylpolyene	Others		
Bger_bac_bin055~Bger_metagenome_contig_000108.region001	Bger_metagenome_contig_000108	Bger_metagenome_contig_000108	RRE-containing	RiPPs		
Bger_bac_bin056~Bger_metagenome_contig_000593.region001	Bger_metagenome_contig_000593	Bger_metagenome_contig_000593	RRE-containing	RiPPs		
Bger_bac_bin057~Bger_metagenome_contig_000284.region001	Bger_metagenome_contig_000284	Bger_metagenome_contig_000284	arylpolyene	Others		
Bger_bac_bin057~Bger_metagenome_contig_000309.region001	Bger_metagenome_contig_000309	Bger_metagenome_contig_000309	lanthipeptide-class-i	RiPPs		
Bger_bac_bin057~Bger_metagenome_contig_000333.region001	Bger_metagenome_contig_000333	Bger_metagenome_contig_000333	arylpolyene	Others		
Bger_bac_bin057~Bger_metagenome_contig_000411.region001	Bger_metagenome_contig_000411	Bger_metagenome_contig_000411	RiPP-like	RiPPs		
Bger_bac_bin057~Bger_metagenome_contig_000411.region002	Bger_metagenome_contig_000411	Bger_metagenome_contig_000411	RRE-containing	RiPPs		
Bger_bac_bin057~Bger_metagenome_contig_000412.region001	Bger_metagenome_contig_000412	Bger_metagenome_contig_000412	RRE-containing	RiPPs		
Bger_bac_bin057~Bger_metagenome_contig_000412.region002	Bger_metagenome_contig_000412	Bger_metagenome_contig_000412	phosphonate	Others		
Bger_bac_bin058~Bger_metagenome_contig_000174.region001	Bger_metagenome_contig_000174	Bger_metagenome_contig_000174	arylpolyene	Others		
Bger_bac_bin059~Bger_metagenome_contig_000043.region001	Bger_metagenome_contig_000043	Bger_metagenome_contig_000043	RiPP-like	RiPPs		
Bger_bac_bin059~Bger_metagenome_contig_000043.region002	Bger_metagenome_contig_000043	Bger_metagenome_contig_000043	hglE-KS.T1PKS	PKSother		
Bger_bac_bin059~Bger_metagenome_contig_000043.region003	Bger_metagenome_contig_000043	Bger_metagenome_contig_000043	hglE-KS.T1PKS	PKSother		
Bger_bac_bin059~Bger_metagenome_contig_000043.region004	Bger_metagenome_contig_000043	Bger_metagenome_contig_000043	RRE-containing	RiPPs		
Bger_bac_bin059~Bger_metagenome_contig_000129.region001	Bger_metagenome_contig_000129	Bger_metagenome_contig_000129	RiPP-like	RiPPs		
Bger_bac_bin059~Bger_metagenome_contig_000266.region001	Bger_metagenome_contig_000266	Bger_metagenome_contig_000266	arylpolyene	Others		
Bger_bac_bin060~Bger_metagenome_contig_000113.region001	Bger_metagenome_contig_000113	Bger_metagenome_contig_000113	arylpolyene	Others		
Bger_bac_bin060~Bger_metagenome_contig_000265.region001	Bger_metagenome_contig_000265	Bger_metagenome_contig_000265	phosphonate	Others		
Bger_bac_bin060~Bger_metagenome_contig_000269.region001	Bger_metagenome_contig_000269	Bger_metagenome_contig_000269	arylpolyene	Others		
Bger_bac_bin060~Bger_metagenome_contig_000443.region001	Bger_metagenome_contig_000443	Bger_metagenome_contig_000443	RiPP-like	RiPPs		
Bger_bac_bin060~Bger_metagenome_contig_000443.region002	Bger_metagenome_contig_000443	Bger_metagenome_contig_000443	RRE-containing	RiPPs		
Bger_bac_bin060~Bger_metagenome_contig_000443.region003	Bger_metagenome_contig_000443	Bger_metagenome_contig_000443	RRE-containing	RiPPs		
Bger_bac_bin060~Bger_metagenome_contig_001110.region001	Bger_metagenome_contig_001110	Bger_metagenome_contig_001110	RRE-containing	RiPPs		
Bger_bac_bin061~Bger_metagenome_contig_000019.region001	Bger_metagenome_contig_000019	Bger_metagenome_contig_000019	RRE-containing	RiPPs		
Bger_bac_bin061~Bger_metagenome_contig_000019.region002	Bger_metagenome_contig_000019	Bger_metagenome_contig_000019	arylpolyene	Others		
Bger_bac_bin061~Bger_metagenome_contig_000019.region003	Bger_metagenome_contig_000019	Bger_metagenome_contig_000019	RRE-containing	RiPPs		
Bger_bac_bin061~Bger_metagenome_contig_000021.region001	Bger_metagenome_contig_000021	Bger_metagenome_contig_000021	hglE-KS.T1PKS	PKSother		
Bger_bac_bin061~Bger_metagenome_contig_000021.region002	Bger_metagenome_contig_000021	Bger_metagenome_contig_000021	NRPS.transAT-PKS	PKS-NRP_Hybrids		
Bger_bac_bin062~Bger_metagenome_contig_000028.region001	Bger_metagenome_contig_000028	Bger_metagenome_contig_000028	RRE-containing	RiPPs		
Bger_bac_bin063~Bger_metagenome_contig_000158.region001	Bger_metagenome_contig_000158	Bger_metagenome_contig_000158	T3PKS	PKSother		
Bger_bac_bin063~Bger_metagenome_contig_000249.region001	Bger_metagenome_contig_000249	Bger_metagenome_contig_000249	RRE-containing	RiPPs		
Bger_bac_bin063~Bger_metagenome_contig_001138.region001	Bger_metagenome_contig_001138	Bger_metagenome_contig_001138	terpene	Terpene		
Bger_bac_bin063~Bger_metagenome_contig_006450.region001	Bger_metagenome_contig_006450	Bger_metagenome_contig_006450	phosphonate	Others		
Bger_bac_bin064~Bger_metagenome_contig_000825.region001	Bger_metagenome_contig_000825	Bger_metagenome_contig_000825	RRE-containing	RiPPs		
Bger_bac_bin064~Bger_metagenome_contig_001362.region001	Bger_metagenome_contig_001362	Bger_metagenome_contig_001362	NRPS-like	NRPS		
Bger_bac_bin064~Bger_metagenome_contig_002429.region001	Bger_metagenome_contig_002429	Bger_metagenome_contig_002429	RRE-containing	RiPPs		
Bger_bac_bin065~Bger_metagenome_contig_000072.region001	Bger_metagenome_contig_000072	Bger_metagenome_contig_000072	RiPP-like	RiPPs		
Bger_bac_bin065~Bger_metagenome_contig_000211.region001	Bger_metagenome_contig_000211	Bger_metagenome_contig_000211	RRE-containing	RiPPs		
Bger_bac_bin066~Bger_metagenome_contig_000091.region001	Bger_metagenome_contig_000091	Bger_metagenome_contig_000091	arylpolyene	Others		
Bger_bac_bin066~Bger_metagenome_contig_000091.region002	Bger_metagenome_contig_000091	Bger_metagenome_contig_000091	arylpolyene	Others		
Bger_bac_bin066~Bger_metagenome_contig_000160.region001	Bger_metagenome_contig_000160	Bger_metagenome_contig_000160	LAP	RiPPs		
Bger_bac_bin066~Bger_metagenome_contig_000292.region001	Bger_metagenome_contig_000292	Bger_metagenome_contig_000292	RRE-containing	RiPPs		
Bger_bac_bin066~Bger_metagenome_contig_000426.region001	Bger_metagenome_contig_000426	Bger_metagenome_contig_000426	RRE-containing	RiPPs		
Bger_bac_bin068~Bger_metagenome_contig_000887.region001	Bger_metagenome_contig_000887	Bger_metagenome_contig_000887	lanthipeptide-class-i	RiPPs		
Bger_bac_bin069~Bger_metagenome_contig_000950.region001	Bger_metagenome_contig_000950	Bger_metagenome_contig_000950	thiopeptide	RiPPs		
Bger_bac_bin069~Bger_metagenome_contig_001278.region001	Bger_metagenome_contig_001278	Bger_metagenome_contig_001278	RRE-containing	RiPPs		
Bger_bac_bin071~Bger_metagenome_contig_023117.region001	Bger_metagenome_contig_023117	Bger_metagenome_contig_023117	arylpolyene	Others		
Bger_bac_bin072~Bger_metagenome_contig_000261.region001	Bger_metagenome_contig_000261	Bger_metagenome_contig_000261	RiPP-like	RiPPs		
Bger_bac_bin072~Bger_metagenome_contig_000261.region002	Bger_metagenome_contig_000261	Bger_metagenome_contig_000261	hglE-KS.T1PKS	PKSother		
Bger_bac_bin072~Bger_metagenome_contig_000409.region001	Bger_metagenome_contig_000409	Bger_metagenome_contig_000409	RiPP-like	RiPPs		
Bger_bac_bin072~Bger_metagenome_contig_000512.region001	Bger_metagenome_contig_000512	Bger_metagenome_contig_000512	terpene	Terpene		
Bger_bac_bin074~Bger_metagenome_contig_000097.region001	Bger_metagenome_contig_000097	Bger_metagenome_contig_000097	RRE-containing	RiPPs		
Bger_bac_bin074~Bger_metagenome_contig_000239.region001	Bger_metagenome_contig_000239	Bger_metagenome_contig_000239	hglE-KS.T1PKS	PKSother		
Bger_bac_bin075~Bger_metagenome_contig_002806.region001	Bger_metagenome_contig_002806	Bger_metagenome_contig_002806	RRE-containing	RiPPs		
Bger_bac_bin075~Bger_metagenome_contig_002959.region001	Bger_metagenome_contig_002959	Bger_metagenome_contig_002959	lanthipeptide-class-i	RiPPs		
Bger_bac_bin076~Bger_metagenome_contig_000670.region001	Bger_metagenome_contig_000670	Bger_metagenome_contig_000670	hglE-KS	PKSother		
Bger_bac_bin076~Bger_metagenome_contig_002665.region001	Bger_metagenome_contig_002665	Bger_metagenome_contig_002665	lanthipeptide-class-i	RiPPs		
Bger_bac_bin077~Bger_metagenome_contig_000133.region001	Bger_metagenome_contig_000133	Bger_metagenome_contig_000133	RRE-containing	RiPPs		
Bger_bac_bin077~Bger_metagenome_contig_000669.region001	Bger_metagenome_contig_000669	Bger_metagenome_contig_000669	hglE-KS.T1PKS	PKSother		
Bger_bac_bin078~Bger_metagenome_contig_000729.region001	Bger_metagenome_contig_000729	Bger_metagenome_contig_000729	RRE-containing	RiPPs		
Bger_bac_bin079~Bger_metagenome_contig_000653.region001	Bger_metagenome_contig_000653	Bger_metagenome_contig_000653	betalactone	Others		
Bger_bac_bin079~Bger_metagenome_contig_000757.region001	Bger_metagenome_contig_000757	Bger_metagenome_contig_000757	RRE-containing	RiPPs		
Bger_bac_bin079~Bger_metagenome_contig_000812.region001	Bger_metagenome_contig_000812	Bger_metagenome_contig_000812	arylpolyene	Others		
Bger_bac_bin079~Bger_metagenome_contig_003557.region001	Bger_metagenome_contig_003557	Bger_metagenome_contig_003557	RiPP-like	RiPPs		
Bger_bac_bin080~Bger_metagenome_contig_000142.region001	Bger_metagenome_contig_000142	Bger_metagenome_contig_000142	hglE-KS.T1PKS	PKSother		
Bger_bac_bin081~Bger_metagenome_contig_000159.region001	Bger_metagenome_contig_000159	Bger_metagenome_contig_000159	betalactone	Others		
Bger_bac_bin082~Bger_metagenome_contig_000138.region001	Bger_metagenome_contig_000138	Bger_metagenome_contig_000138	hglE-KS.T1PKS	PKSother		
Bger_bac_bin082~Bger_metagenome_contig_001092.region001	Bger_metagenome_contig_001092	Bger_metagenome_contig_001092	RiPP-like	RiPPs		
Bger_bac_bin084~Bger_metagenome_contig_000059.region001	Bger_metagenome_contig_000059	Bger_metagenome_contig_000059	hglE-KS.T1PKS	PKSother		
Bger_bac_bin084~Bger_metagenome_contig_000219.region001	Bger_metagenome_contig_000219	Bger_metagenome_contig_000219	RiPP-like	RiPPs		
Bger_bac_bin084~Bger_metagenome_contig_000467.region001	Bger_metagenome_contig_000467	Bger_metagenome_contig_000467	hglE-KS.T1PKS	PKSother		
Bger_bac_bin085~Bger_metagenome_contig_000165.region001	Bger_metagenome_contig_000165	Bger_metagenome_contig_000165	arylpolyene	Others		
Bger_bac_bin085~Bger_metagenome_contig_000200.region001	Bger_metagenome_contig_000200	Bger_metagenome_contig_000200	hydrogen-cyanide	Others		
Bger_bac_bin085~Bger_metagenome_contig_000366.region001	Bger_metagenome_contig_000366	Bger_metagenome_contig_000366	arylpolyene	Others		
Bger_bac_bin085~Bger_metagenome_contig_000396.region001	Bger_metagenome_contig_000396	Bger_metagenome_contig_000396	RRE-containing	RiPPs		
Bger_bac_bin086~Bger_metagenome_contig_000288.region001	Bger_metagenome_contig_000288	Bger_metagenome_contig_000288	arylpolyene	Others		
Bger_bac_bin086~Bger_metagenome_contig_000581.region001	Bger_metagenome_contig_000581	Bger_metagenome_contig_000581	phosphonate	Others		
Bger_bac_bin086~Bger_metagenome_contig_000813.region001	Bger_metagenome_contig_000813	Bger_metagenome_contig_000813	hydrogen-cyanide	Others		
Bger_bac_bin087~Bger_metagenome_contig_000024.region001	Bger_metagenome_contig_000024	Bger_metagenome_contig_000024	ranthipeptide	RiPPs		
Bger_bac_bin087~Bger_metagenome_contig_000024.region002	Bger_metagenome_contig_000024	Bger_metagenome_contig_000024	hydrogen-cyanide	Others		
Bger_bac_bin087~Bger_metagenome_contig_000065.region001	Bger_metagenome_contig_000065	Bger_metagenome_contig_000065	betalactone	Others		
Bger_bac_bin088~Bger_metagenome_contig_000861.region001	Bger_metagenome_contig_000861	Bger_metagenome_contig_000861	RRE-containing	RiPPs		
Bger_bac_bin088~Bger_metagenome_contig_001116.region001	Bger_metagenome_contig_001116	Bger_metagenome_contig_001116	NRPS-like	NRPS		
Bger_bac_bin088~Bger_metagenome_contig_002912.region001	Bger_metagenome_contig_002912	Bger_metagenome_contig_002912	arylpolyene	Others		
Bger_bac_bin089~Bger_metagenome_contig_000069.region001	Bger_metagenome_contig_000069	Bger_metagenome_contig_000069	hydrogen-cyanide	Others		
Bger_bac_bin089~Bger_metagenome_contig_000073.region001	Bger_metagenome_contig_000073	Bger_metagenome_contig_000073	arylpolyene	Others		
Bger_bac_bin089~Bger_metagenome_contig_000146.region001	Bger_metagenome_contig_000146	Bger_metagenome_contig_000146	arylpolyene	Others		
Bger_bac_bin090~Bger_metagenome_contig_000161.region001	Bger_metagenome_contig_000161	Bger_metagenome_contig_000161	resorcinol.lanthipeptide-class-i	Others		
Bger_bac_bin090~Bger_metagenome_contig_000360.region001	Bger_metagenome_contig_000360	Bger_metagenome_contig_000360	resorcinol	Others		
Bger_bac_bin091~Bger_metagenome_contig_000009.region001	Bger_metagenome_contig_000009	Bger_metagenome_contig_000009	resorcinol	Others		
Bger_bac_bin092~Bger_metagenome_contig_001069.region001	Bger_metagenome_contig_001069	Bger_metagenome_contig_001069	proteusin.RiPP-like	RiPPs		
Bger_bac_bin092~Bger_metagenome_contig_001157.region001	Bger_metagenome_contig_001157	Bger_metagenome_contig_001157	terpene	Terpene		
Bger_bac_bin092~Bger_metagenome_contig_005303.region001	Bger_metagenome_contig_005303	Bger_metagenome_contig_005303	RiPP-like	RiPPs		
Bger_bac_bin093~Bger_metagenome_contig_000364.region001	Bger_metagenome_contig_000364	Bger_metagenome_contig_000364	terpene	Terpene		
Bger_bac_bin093~Bger_metagenome_contig_001288.region001	Bger_metagenome_contig_001288	Bger_metagenome_contig_001288	arylpolyene	Others		
Bger_bac_bin093~Bger_metagenome_contig_001810.region001	Bger_metagenome_contig_001810	Bger_metagenome_contig_001810	cyclic-lactone-autoinducer	RiPPs		
Bger_bac_bin094~Bger_metagenome_contig_001137.region001	Bger_metagenome_contig_001137	Bger_metagenome_contig_001137	arylpolyene	Others		
Bger_bac_bin094~Bger_metagenome_contig_001493.region001	Bger_metagenome_contig_001493	Bger_metagenome_contig_001493	lanthipeptide-class-i	RiPPs		
Bger_bac_bin095~Bger_metagenome_contig_000153.region001	Bger_metagenome_contig_000153	Bger_metagenome_contig_000153	phosphonate	Others		
Bger_bac_bin095~Bger_metagenome_contig_000153.region002	Bger_metagenome_contig_000153	Bger_metagenome_contig_000153	resorcinol.arylpolyene	Others		
Bger_bac_bin096~Bger_metagenome_contig_000141.region001	Bger_metagenome_contig_000141	Bger_metagenome_contig_000141	terpene	Terpene		
Bger_bac_bin096~Bger_metagenome_contig_001479.region001	Bger_metagenome_contig_001479	Bger_metagenome_contig_001479	resorcinol	Others		
Bger_bac_bin097~Bger_metagenome_contig_000145.region001	Bger_metagenome_contig_000145	Bger_metagenome_contig_000145	resorcinol.arylpolyene	Others		
Bger_bac_bin097~Bger_metagenome_contig_001127.region001	Bger_metagenome_contig_001127	Bger_metagenome_contig_001127	arylpolyene	Others		
Bger_bac_bin098~Bger_metagenome_contig_000721.region001	Bger_metagenome_contig_000721	Bger_metagenome_contig_000721	resorcinol.arylpolyene	Others		
Bger_bac_bin098~Bger_metagenome_contig_009854.region001	Bger_metagenome_contig_009854	Bger_metagenome_contig_009854	arylpolyene	Others		
Bger_bac_bin099~Bger_metagenome_contig_001300.region001	Bger_metagenome_contig_001300	Bger_metagenome_contig_001300	arylpolyene	Others		
Bger_bac_bin100~Bger_metagenome_contig_000070.region001	Bger_metagenome_contig_000070	Bger_metagenome_contig_000070	lanthipeptide-class-i	RiPPs		
Bger_bac_bin100~Bger_metagenome_contig_000070.region002	Bger_metagenome_contig_000070	Bger_metagenome_contig_000070	phosphonate	Others		
Bger_bac_bin101~Bger_metagenome_contig_000499.region001	Bger_metagenome_contig_000499	Bger_metagenome_contig_000499	phosphonate	Others		
Bger_bac_bin101~Bger_metagenome_contig_000675.region001	Bger_metagenome_contig_000675	Bger_metagenome_contig_000675	RRE-containing	RiPPs		
Bger_bac_bin101~Bger_metagenome_contig_003650.region001	Bger_metagenome_contig_003650	Bger_metagenome_contig_003650	thiopeptide	RiPPs		
Bger_bac_bin102~Bger_metagenome_contig_001287.region001	Bger_metagenome_contig_001287	Bger_metagenome_contig_001287	arylpolyene	Others		
Bger_bac_bin102~Bger_metagenome_contig_007922.region001	Bger_metagenome_contig_007922	Bger_metagenome_contig_007922	RRE-containing	RiPPs		
Bger_bac_bin103~Bger_metagenome_contig_003098.region001	Bger_metagenome_contig_003098	Bger_metagenome_contig_003098	lanthipeptide-class-i	RiPPs		
Bger_bac_bin103~Bger_metagenome_contig_003521.region001	Bger_metagenome_contig_003521	Bger_metagenome_contig_003521	arylpolyene	Others		
Bger_bac_bin105~Bger_metagenome_contig_001115.region001	Bger_metagenome_contig_001115	Bger_metagenome_contig_001115	arylpolyene	Others		
Bger_bac_bin106~Bger_metagenome_contig_000115.region001	Bger_metagenome_contig_000115	Bger_metagenome_contig_000115	arylpolyene	Others		
Bger_bac_bin107~Bger_metagenome_contig_000007.region001	Bger_metagenome_contig_000007	Bger_metagenome_contig_000007	RiPP-like	RiPPs		
Bger_bac_bin109~Bger_metagenome_contig_000234.region001	Bger_metagenome_contig_000234	Bger_metagenome_contig_000234	RRE-containing	RiPPs		
Bger_bac_bin109~Bger_metagenome_contig_000935.region001	Bger_metagenome_contig_000935	Bger_metagenome_contig_000935	arylpolyene	Others		
Bger_bac_bin109~Bger_metagenome_contig_001205.region001	Bger_metagenome_contig_001205	Bger_metagenome_contig_001205	arylpolyene	Others		
Bger_bac_bin110~Bger_metagenome_contig_000047.region001	Bger_metagenome_contig_000047	Bger_metagenome_contig_000047	arylpolyene.lanthipeptide-class-i.ranthipeptide	Others		
Bger_bac_bin111~Bger_metagenome_contig_000751.region001	Bger_metagenome_contig_000751	Bger_metagenome_contig_000751	arylpolyene	Others		
Bger_bac_bin111~Bger_metagenome_contig_003948.region001	Bger_metagenome_contig_003948	Bger_metagenome_contig_003948	arylpolyene	Others		
Bger_bac_bin111~Bger_metagenome_contig_004270.region001	Bger_metagenome_contig_004270	Bger_metagenome_contig_004270	lanthipeptide-class-i	RiPPs		
Bger_bac_bin112~Bger_metagenome_contig_003390.region001	Bger_metagenome_contig_003390	Bger_metagenome_contig_003390	arylpolyene	Others		
Bger_bac_bin113~Bger_metagenome_contig_001638.region001	Bger_metagenome_contig_001638	Bger_metagenome_contig_001638	RRE-containing	RiPPs		
Bger_bac_bin114~Bger_metagenome_contig_001295.region001	Bger_metagenome_contig_001295	Bger_metagenome_contig_001295	RRE-containing	RiPPs		
Bger_bac_bin115~Bger_metagenome_contig_000212.region001	Bger_metagenome_contig_000212	Bger_metagenome_contig_000212	RRE-containing	RiPPs		
Bger_bac_bin116~Bger_metagenome_contig_000400.region001	Bger_metagenome_contig_000400	Bger_metagenome_contig_000400	RRE-containing	RiPPs		
Bger_bac_bin117~Bger_metagenome_contig_000387.region001	Bger_metagenome_contig_000387	Bger_metagenome_contig_000387	RRE-containing	RiPPs		
Bger_bac_bin118~Bger_metagenome_contig_000240.region001	Bger_metagenome_contig_000240	Bger_metagenome_contig_000240	RRE-containing	RiPPs		
Bger_bac_bin119~Bger_metagenome_contig_000010.region001	Bger_metagenome_contig_000010	Bger_metagenome_contig_000010	arylpolyene	Others		
Bger_bac_bin119~Bger_metagenome_contig_000010.region002	Bger_metagenome_contig_000010	Bger_metagenome_contig_000010	arylpolyene	Others		
Bger_bac_bin119~Bger_metagenome_contig_000179.region001	Bger_metagenome_contig_000179	Bger_metagenome_contig_000179	RRE-containing	RiPPs		
Bger_bac_bin120~Bger_metagenome_contig_004309.region001	Bger_metagenome_contig_004309	Bger_metagenome_contig_004309	arylpolyene	Others		
Bger_bac_bin120~Bger_metagenome_contig_004567.region001	Bger_metagenome_contig_004567	Bger_metagenome_contig_004567	hglE-KS	PKSother		
Bger_bac_bin123~Bger_metagenome_contig_000934.region001	Bger_metagenome_contig_000934	Bger_metagenome_contig_000934	arylpolyene	Others		
Bger_bac_bin123~Bger_metagenome_contig_004407.region001	Bger_metagenome_contig_004407	Bger_metagenome_contig_004407	lanthipeptide-class-i	RiPPs		
Bger_bac_bin128~Bger_metagenome_contig_000093.region001	Bger_metagenome_contig_000093	Bger_metagenome_contig_000093	arylpolyene	Others		
Bger_bac_bin129~Bger_metagenome_contig_000033.region001	Bger_metagenome_contig_000033	Bger_metagenome_contig_000033	phosphonate	Others		
Bger_bac_bin129~Bger_metagenome_contig_000189.region001	Bger_metagenome_contig_000189	Bger_metagenome_contig_000189	hglE-KS.T1PKS	PKSother		
Bger_bac_bin133~Bger_metagenome_contig_000365.region001	Bger_metagenome_contig_000365	Bger_metagenome_contig_000365	terpene	Terpene		
Bger_bac_bin133~Bger_metagenome_contig_000374.region001	Bger_metagenome_contig_000374	Bger_metagenome_contig_000374	RiPP-like	RiPPs		
Bger_bac_bin133~Bger_metagenome_contig_000392.region001	Bger_metagenome_contig_000392	Bger_metagenome_contig_000392	hglE-KS.T1PKS	PKSother		
Bger_bac_bin133~Bger_metagenome_contig_000526.region001	Bger_metagenome_contig_000526	Bger_metagenome_contig_000526	terpene	Terpene		
Bger_bac_bin133~Bger_metagenome_contig_000723.region001	Bger_metagenome_contig_000723	Bger_metagenome_contig_000723	T3PKS	PKSother		
Bger_bac_bin134~Bger_metagenome_contig_000015.region001	Bger_metagenome_contig_000015	Bger_metagenome_contig_000015	terpene	Terpene		
Bger_bac_bin135~Bger_metagenome_contig_000062.region001	Bger_metagenome_contig_000062	Bger_metagenome_contig_000062	terpene	Terpene		
Bger_bac_bin135~Bger_metagenome_contig_000550.region001	Bger_metagenome_contig_000550	Bger_metagenome_contig_000550	lanthipeptide-class-i	RiPPs		
Bger_bac_bin136~Bger_metagenome_contig_000049.region001	Bger_metagenome_contig_000049	Bger_metagenome_contig_000049	terpene	Terpene		
Bger_bac_bin137~Bger_metagenome_contig_000420.region001	Bger_metagenome_contig_000420	Bger_metagenome_contig_000420	lanthipeptide-class-i	RiPPs		
Bger_bac_bin138~Bger_metagenome_contig_000027.region001	Bger_metagenome_contig_000027	Bger_metagenome_contig_000027	lanthipeptide-class-i	RiPPs		
Bger_bac_bin138~Bger_metagenome_contig_000052.region001	Bger_metagenome_contig_000052	Bger_metagenome_contig_000052	RiPP-like	RiPPs		
Bger_bac_bin138~Bger_metagenome_contig_000118.region001	Bger_metagenome_contig_000118	Bger_metagenome_contig_000118	terpene	Terpene		
Bger_bac_bin138~Bger_metagenome_contig_000221.region001	Bger_metagenome_contig_000221	Bger_metagenome_contig_000221	lanthipeptide-class-i	RiPPs		
Bger_bac_bin139~Bger_metagenome_contig_004419.region001	Bger_metagenome_contig_004419	Bger_metagenome_contig_004419	arylpolyene	Others		
Bger_bac_bin140~Bger_metagenome_contig_000525.region001	Bger_metagenome_contig_000525	Bger_metagenome_contig_000525	RiPP-like	RiPPs		
Bger_bac_bin141~Bger_metagenome_contig_000106.region001	Bger_metagenome_contig_000106	Bger_metagenome_contig_000106	furan	Others		
Bger_bac_bin141~Bger_metagenome_contig_000551.region001	Bger_metagenome_contig_000551	Bger_metagenome_contig_000551	arylpolyene	Others		
Bger_bac_bin141~Bger_metagenome_contig_000551.region002	Bger_metagenome_contig_000551	Bger_metagenome_contig_000551	lanthipeptide-class-i	RiPPs		
Bger_bac_bin141~Bger_metagenome_contig_000615.region001	Bger_metagenome_contig_000615	Bger_metagenome_contig_000615	resorcinol	Others		
Bger_bac_bin141~Bger_metagenome_contig_000767.region001	Bger_metagenome_contig_000767	Bger_metagenome_contig_000767	arylpolyene	Others		
Bger_bac_bin141~Bger_metagenome_contig_000886.region001	Bger_metagenome_contig_000886	Bger_metagenome_contig_000886	lanthipeptide-class-i	RiPPs		
Bger_bac_bin141~Bger_metagenome_contig_000924.region001	Bger_metagenome_contig_000924	Bger_metagenome_contig_000924	LAP	RiPPs		
Bger_bac_bin142~Bger_metagenome_contig_000104.region001	Bger_metagenome_contig_000104	Bger_metagenome_contig_000104	resorcinol	Others		
Bger_bac_bin142~Bger_metagenome_contig_000104.region002	Bger_metagenome_contig_000104	Bger_metagenome_contig_000104	arylpolyene	Others		
Bger_bac_bin142~Bger_metagenome_contig_000123.region001	Bger_metagenome_contig_000123	Bger_metagenome_contig_000123	arylpolyene	Others		
Bger_bac_bin142~Bger_metagenome_contig_000216.region001	Bger_metagenome_contig_000216	Bger_metagenome_contig_000216	LAP	RiPPs		
Bger_bac_bin142~Bger_metagenome_contig_001586.region001	Bger_metagenome_contig_001586	Bger_metagenome_contig_001586	terpene	Terpene		
Bger_bac_bin143~Bger_metagenome_contig_002204.region001	Bger_metagenome_contig_002204	Bger_metagenome_contig_002204	terpene	Terpene		
Bger_bac_bin144~Bger_metagenome_contig_000016.region001	Bger_metagenome_contig_000016	Bger_metagenome_contig_000016	arylpolyene	Others		
Bger_bac_bin144~Bger_metagenome_contig_000016.region002	Bger_metagenome_contig_000016	Bger_metagenome_contig_000016	arylpolyene	Others		
Bger_bac_bin144~Bger_metagenome_contig_000701.region001	Bger_metagenome_contig_000701	Bger_metagenome_contig_000701	resorcinol.arylpolyene	Others		
Bger_bac_bin145~Bger_metagenome_contig_000035.region001	Bger_metagenome_contig_000035	Bger_metagenome_contig_000035	phosphonate	Others		
Bger_bac_bin145~Bger_metagenome_contig_000347.region001	Bger_metagenome_contig_000347	Bger_metagenome_contig_000347	arylpolyene	Others		
Bger_bac_bin147~Bger_metagenome_contig_000014.region001	Bger_metagenome_contig_000014	Bger_metagenome_contig_000014	NRPS-like	NRPS		
Bger_bac_bin147~Bger_metagenome_contig_000014.region002	Bger_metagenome_contig_000014	Bger_metagenome_contig_000014	terpene	Terpene		
Bger_bac_bin147~Bger_metagenome_contig_000281.region001	Bger_metagenome_contig_000281	Bger_metagenome_contig_000281	hydrogen-cyanide	Others		
Bger_bac_bin153~Bger_metagenome_contig_000308.region001	Bger_metagenome_contig_000308	Bger_metagenome_contig_000308	hglE-KS	PKSother		
Bger_bac_bin153~Bger_metagenome_contig_000785.region001	Bger_metagenome_contig_000785	Bger_metagenome_contig_000785	RiPP-like	RiPPs		
Bger_bac_bin153~Bger_metagenome_contig_001746.region001	Bger_metagenome_contig_001746	Bger_metagenome_contig_001746	arylpolyene	Others		
Bger_bac_bin154~Bger_metagenome_contig_000728.region001	Bger_metagenome_contig_000728	Bger_metagenome_contig_000728	hglE-KS.T1PKS	PKSother		
Bger_bac_bin154~Bger_metagenome_contig_002452.region001	Bger_metagenome_contig_002452	Bger_metagenome_contig_002452	RiPP-like	RiPPs		
Bger_bac_bin154~Bger_metagenome_contig_006125.region001	Bger_metagenome_contig_006125	Bger_metagenome_contig_006125	arylpolyene	Others		
Bger_bac_bin155~Bger_metagenome_contig_000244.region001	Bger_metagenome_contig_000244	Bger_metagenome_contig_000244	hglE-KS.T1PKS	PKSother		
Bger_bac_bin155~Bger_metagenome_contig_000244.region002	Bger_metagenome_contig_000244	Bger_metagenome_contig_000244	RiPP-like	RiPPs		
Bger_bac_bin155~Bger_metagenome_contig_000357.region001	Bger_metagenome_contig_000357	Bger_metagenome_contig_000357	arylpolyene	Others		
Bger_bac_bin155~Bger_metagenome_contig_000786.region001	Bger_metagenome_contig_000786	Bger_metagenome_contig_000786	RiPP-like	RiPPs		
Bger_bac_bin155~Bger_metagenome_contig_000786.region002	Bger_metagenome_contig_000786	Bger_metagenome_contig_000786	phosphonate	Others		
Bger_bac_bin156~Bger_metagenome_contig_000002.region001	Bger_metagenome_contig_000002	Bger_metagenome_contig_000002	RiPP-like	RiPPs		
Bger_bac_bin156~Bger_metagenome_contig_000002.region002	Bger_metagenome_contig_000002	Bger_metagenome_contig_000002	ranthipeptide	RiPPs		
Bger_bac_bin156~Bger_metagenome_contig_000002.region003	Bger_metagenome_contig_000002	Bger_metagenome_contig_000002	RRE-containing	RiPPs		
Bger_bac_bin156~Bger_metagenome_contig_000002.region004	Bger_metagenome_contig_000002	Bger_metagenome_contig_000002	hglE-KS.T1PKS	PKSother		
Bger_bac_bin156~Bger_metagenome_contig_000199.region001	Bger_metagenome_contig_000199	Bger_metagenome_contig_000199	RiPP-like	RiPPs		
Bger_bac_bin157~Bger_metagenome_contig_000039.region001	Bger_metagenome_contig_000039	Bger_metagenome_contig_000039	arylpolyene	Others		
Bger_bac_bin157~Bger_metagenome_contig_000060.region001	Bger_metagenome_contig_000060	Bger_metagenome_contig_000060	hglE-KS	PKSother		
Bger_bac_bin157~Bger_metagenome_contig_000393.region001	Bger_metagenome_contig_000393	Bger_metagenome_contig_000393	RiPP-like	RiPPs		
Bger_bac_bin158~Bger_metagenome_contig_000548.region001	Bger_metagenome_contig_000548	Bger_metagenome_contig_000548	hglE-KS.T1PKS	PKSother		
Bger_bac_bin158~Bger_metagenome_contig_001333.region001	Bger_metagenome_contig_001333	Bger_metagenome_contig_001333	phosphonate	Others		
Bger_bac_bin159~Bger_metagenome_contig_000971.region001	Bger_metagenome_contig_000971	Bger_metagenome_contig_000971	RiPP-like	RiPPs		
Bger_bac_bin159~Bger_metagenome_contig_002613.region001	Bger_metagenome_contig_002613	Bger_metagenome_contig_002613	ectoine	Others		
Bger_bac_bin159~Bger_metagenome_contig_040956.region001	Bger_metagenome_contig_040956	Bger_metagenome_contig_040956	arylpolyene	Others		
Bger_bac_bin160~Bger_metagenome_contig_002358.region001	Bger_metagenome_contig_002358	Bger_metagenome_contig_002358	arylpolyene	Others		
Bger_bac_bin160~Bger_metagenome_contig_010550.region001	Bger_metagenome_contig_010550	Bger_metagenome_contig_010550	arylpolyene	Others		
Bger_bac_bin161~Bger_metagenome_contig_001071.region001	Bger_metagenome_contig_001071	Bger_metagenome_contig_001071	betalactone	Others		
Bger_bac_bin161~Bger_metagenome_contig_001114.region001	Bger_metagenome_contig_001114	Bger_metagenome_contig_001114	ectoine	Others		
Bger_bac_bin161~Bger_metagenome_contig_002322.region001	Bger_metagenome_contig_002322	Bger_metagenome_contig_002322	arylpolyene	Others		
Bger_bac_bin162~Bger_metagenome_contig_000413.region001	Bger_metagenome_contig_000413	Bger_metagenome_contig_000413	ectoine	Others		
Bger_bac_bin162~Bger_metagenome_contig_000413.region002	Bger_metagenome_contig_000413	Bger_metagenome_contig_000413	NRPS-like	NRPS		
Bger_bac_bin162~Bger_metagenome_contig_002489.region001	Bger_metagenome_contig_002489	Bger_metagenome_contig_002489	NRPS-like	NRPS		
Bger_bac_bin162~Bger_metagenome_contig_004662.region001	Bger_metagenome_contig_004662	Bger_metagenome_contig_004662	arylpolyene	Others		
Bger_bac_bin163~Bger_metagenome_contig_000251.region001	Bger_metagenome_contig_000251	Bger_metagenome_contig_000251	T1PKS	PKSI		
Bger_bac_bin164~Bger_metagenome_contig_000706.region001	Bger_metagenome_contig_000706	Bger_metagenome_contig_000706	RiPP-like	RiPPs		
Bger_bac_bin164~Bger_metagenome_contig_000827.region001	Bger_metagenome_contig_000827	Bger_metagenome_contig_000827	NRPS-like.NRPS	NRPS		
Bger_bac_bin164~Bger_metagenome_contig_000833.region001	Bger_metagenome_contig_000833	Bger_metagenome_contig_000833	RRE-containing	RiPPs		
Bger_bac_bin164~Bger_metagenome_contig_001372.region001	Bger_metagenome_contig_001372	Bger_metagenome_contig_001372	arylpolyene	Others		
Bger_bac_bin164~Bger_metagenome_contig_002777.region001	Bger_metagenome_contig_002777	Bger_metagenome_contig_002777	arylpolyene	Others		
Bger_bac_bin164~Bger_metagenome_contig_003230.region001	Bger_metagenome_contig_003230	Bger_metagenome_contig_003230	RiPP-like	RiPPs		
Bger_bac_bin164~Bger_metagenome_contig_003230.region002	Bger_metagenome_contig_003230	Bger_metagenome_contig_003230	NRPS-like	NRPS		
Bger_bac_bin164~Bger_metagenome_contig_003238.region001	Bger_metagenome_contig_003238	Bger_metagenome_contig_003238	betalactone	Others		
Bger_bac_bin164~Bger_metagenome_contig_003789.region001	Bger_metagenome_contig_003789	Bger_metagenome_contig_003789	RRE-containing	RiPPs		
Bger_bac_bin165~Bger_metagenome_contig_000213.region001	Bger_metagenome_contig_000213	Bger_metagenome_contig_000213	thiopeptide	RiPPs		
Bger_bac_bin165~Bger_metagenome_contig_000685.region001	Bger_metagenome_contig_000685	Bger_metagenome_contig_000685	RiPP-like	RiPPs		
Bger_bac_bin166~Bger_metagenome_contig_000029.region001	Bger_metagenome_contig_000029	Bger_metagenome_contig_000029	T1PKS	PKSI		
Bger_bac_bin166~Bger_metagenome_contig_000378.region001	Bger_metagenome_contig_000378	Bger_metagenome_contig_000378	thiopeptide	RiPPs		
Bger_bac_bin166~Bger_metagenome_contig_000895.region001	Bger_metagenome_contig_000895	Bger_metagenome_contig_000895	arylpolyene	Others		
Bger_bac_bin166~Bger_metagenome_contig_015092.region001	Bger_metagenome_contig_015092	Bger_metagenome_contig_015092	LAP.proteusin	RiPPs		
Bger_bac_bin167~Bger_metagenome_contig_000004.region001	Bger_metagenome_contig_000004	Bger_metagenome_contig_000004	NRPS-like	NRPS		
Bger_bac_bin167~Bger_metagenome_contig_000004.region002	Bger_metagenome_contig_000004	Bger_metagenome_contig_000004	thiopeptide	RiPPs		
Bger_bac_bin167~Bger_metagenome_contig_000004.region003	Bger_metagenome_contig_000004	Bger_metagenome_contig_000004	arylpolyene	Others		
Bger_bac_bin167~Bger_metagenome_contig_000004.region004	Bger_metagenome_contig_000004	Bger_metagenome_contig_000004	RiPP-like	RiPPs		
Bger_bac_bin167~Bger_metagenome_contig_000004.region005	Bger_metagenome_contig_000004	Bger_metagenome_contig_000004	T1PKS	PKSI		
Bger_bac_bin168~Bger_metagenome_contig_000112.region001	Bger_metagenome_contig_000112	Bger_metagenome_contig_000112	thiopeptide	RiPPs		
Bger_bac_bin168~Bger_metagenome_contig_000194.region001	Bger_metagenome_contig_000194	Bger_metagenome_contig_000194	T1PKS	PKSI		
Bger_bac_bin168~Bger_metagenome_contig_000194.region002	Bger_metagenome_contig_000194	Bger_metagenome_contig_000194	arylpolyene	Others		
Bger_bac_bin168~Bger_metagenome_contig_000194.region003	Bger_metagenome_contig_000194	Bger_metagenome_contig_000194	RiPP-like	RiPPs		
Bger_bac_bin168~Bger_metagenome_contig_000280.region001	Bger_metagenome_contig_000280	Bger_metagenome_contig_000280	NRPS-like	NRPS		
Bger_bac_bin169~Bger_metagenome_contig_000229.region001	Bger_metagenome_contig_000229	Bger_metagenome_contig_000229	T1PKS	PKSI		
Bger_bac_bin169~Bger_metagenome_contig_000389.region001	Bger_metagenome_contig_000389	Bger_metagenome_contig_000389	RiPP-like	RiPPs		
Bger_bac_bin169~Bger_metagenome_contig_000417.region001	Bger_metagenome_contig_000417	Bger_metagenome_contig_000417	phosphonate	Others		
Bger_bac_bin169~Bger_metagenome_contig_000836.region001	Bger_metagenome_contig_000836	Bger_metagenome_contig_000836	hydrogen-cyanide	Others		
Bger_bac_bin170~Bger_metagenome_contig_000362.region001	Bger_metagenome_contig_000362	Bger_metagenome_contig_000362	arylpolyene	Others		
Bger_bac_bin171~Bger_metagenome_contig_000005.region001	Bger_metagenome_contig_000005	Bger_metagenome_contig_000005	T1PKS	PKSI		
Bger_bac_bin171~Bger_metagenome_contig_000005.region002	Bger_metagenome_contig_000005	Bger_metagenome_contig_000005	hydrogen-cyanide	Others		
Bger_bac_bin171~Bger_metagenome_contig_000005.region003	Bger_metagenome_contig_000005	Bger_metagenome_contig_000005	NRPS	NRPS		
Bger_bac_bin172~Bger_metagenome_contig_000172.region001	Bger_metagenome_contig_000172	Bger_metagenome_contig_000172	NRPS-like	NRPS		
Bger_bac_bin173~Bger_metagenome_contig_001036.region001	Bger_metagenome_contig_001036	Bger_metagenome_contig_001036	RRE-containing	RiPPs		
Bger_bac_bin173~Bger_metagenome_contig_007031.region001	Bger_metagenome_contig_007031	Bger_metagenome_contig_007031	NRPS-like	NRPS		
Bger_bac_bin174~Bger_metagenome_contig_001582.region001	Bger_metagenome_contig_001582	Bger_metagenome_contig_001582	RiPP-like	RiPPs		
Bger_bac_bin174~Bger_metagenome_contig_004013.region001	Bger_metagenome_contig_004013	Bger_metagenome_contig_004013	RiPP-like	RiPPs		
Bger_bac_bin175~Bger_metagenome_contig_000342.region001	Bger_metagenome_contig_000342	Bger_metagenome_contig_000342	NRPS-like	NRPS		
Bger_bac_bin175~Bger_metagenome_contig_011390.region001	Bger_metagenome_contig_011390	Bger_metagenome_contig_011390	RiPP-like	RiPPs		
Bger_bac_bin176~Bger_metagenome_contig_040394.region001	Bger_metagenome_contig_040394	Bger_metagenome_contig_040394	terpene	Terpene		
Bger_bac_bin176~Bger_metagenome_contig_069561.region001	Bger_metagenome_contig_069561	Bger_metagenome_contig_069561	arylpolyene	Others		
Bger_bac_bin176~Bger_metagenome_contig_074288.region001	Bger_metagenome_contig_074288	Bger_metagenome_contig_074288	terpene	Terpene		
Bger_bac_bin177~Bger_metagenome_contig_000429.region001	Bger_metagenome_contig_000429	Bger_metagenome_contig_000429	NRPS-like	NRPS		
Bger_bac_bin178~Bger_metagenome_contig_046023.region001	Bger_metagenome_contig_046023	Bger_metagenome_contig_046023	NRPS-like	NRPS		
Bger_bac_bin180~Bger_metagenome_contig_031354.region001	Bger_metagenome_contig_031354	Bger_metagenome_contig_031354	lanthipeptide-class-i	RiPPs		
Bger_bac_bin183~Bger_metagenome_contig_001412.region001	Bger_metagenome_contig_001412	Bger_metagenome_contig_001412	RiPP-like	RiPPs		
Bger_bac_bin184~Bger_metagenome_contig_001369.region001	Bger_metagenome_contig_001369	Bger_metagenome_contig_001369	RiPP-like	RiPPs		
Bger_bac_bin184~Bger_metagenome_contig_003122.region001	Bger_metagenome_contig_003122	Bger_metagenome_contig_003122	ectoine	Others		
Bger_bac_bin185~Bger_metagenome_contig_000659.region001	Bger_metagenome_contig_000659	Bger_metagenome_contig_000659	phosphonate	Others		
Bger_bac_bin185~Bger_metagenome_contig_000957.region001	Bger_metagenome_contig_000957	Bger_metagenome_contig_000957	RiPP-like	RiPPs		
Bger_bac_bin186~Bger_metagenome_contig_000456.region001	Bger_metagenome_contig_000456	Bger_metagenome_contig_000456	betalactone	Others		
Bger_bac_bin187~Bger_metagenome_contig_003301.region001	Bger_metagenome_contig_003301	Bger_metagenome_contig_003301	RiPP-like	RiPPs		
Bger_bac_bin188~Bger_metagenome_contig_000051.region001	Bger_metagenome_contig_000051	Bger_metagenome_contig_000051	ectoine	Others		
Bger_bac_bin188~Bger_metagenome_contig_000182.region001	Bger_metagenome_contig_000182	Bger_metagenome_contig_000182	RiPP-like	RiPPs		
Bger_bac_bin189~Bger_metagenome_contig_000235.region001	Bger_metagenome_contig_000235	Bger_metagenome_contig_000235	RiPP-like	RiPPs		
Bger_bac_bin190~Bger_metagenome_contig_000253.region001	Bger_metagenome_contig_000253	Bger_metagenome_contig_000253	RiPP-like	RiPPs		
Bger_bac_bin191~Bger_metagenome_contig_000382.region001	Bger_metagenome_contig_000382	Bger_metagenome_contig_000382	RiPP-like	RiPPs		
Bger_bac_bin192~Bger_metagenome_contig_000575.region001	Bger_metagenome_contig_000575	Bger_metagenome_contig_000575	RiPP-like	RiPPs		
Bger_bac_bin193~Bger_metagenome_contig_000314.region001	Bger_metagenome_contig_000314	Bger_metagenome_contig_000314	RiPP-like	RiPPs		
Bger_bac_bin194~Bger_metagenome_contig_000457.region001	Bger_metagenome_contig_000457	Bger_metagenome_contig_000457	RiPP-like	RiPPs		
Bger_bac_bin194~Bger_metagenome_contig_000609.region001	Bger_metagenome_contig_000609	Bger_metagenome_contig_000609	NRPS-like.NRPS	NRPS		
Bger_bac_bin194~Bger_metagenome_contig_000963.region001	Bger_metagenome_contig_000963	Bger_metagenome_contig_000963	NAPAA	NRPS		
Bger_bac_bin194~Bger_metagenome_contig_000963.region002	Bger_metagenome_contig_000963	Bger_metagenome_contig_000963	NRPS	NRPS		
Bger_bac_bin195~Bger_metagenome_contig_000013.region001	Bger_metagenome_contig_000013	Bger_metagenome_contig_000013	RiPP-like	RiPPs		
Bger_bac_bin196~Bger_metagenome_contig_000056.region001	Bger_metagenome_contig_000056	Bger_metagenome_contig_000056	NI-siderophore	Others		
Bger_bac_bin196~Bger_metagenome_contig_000310.region001	Bger_metagenome_contig_000310	Bger_metagenome_contig_000310	terpene	Terpene		
Bger_bac_bin196~Bger_metagenome_contig_000310.region002	Bger_metagenome_contig_000310	Bger_metagenome_contig_000310	ranthipeptide	RiPPs		
Bger_bac_bin197~Bger_metagenome_contig_000193.region001	Bger_metagenome_contig_000193	Bger_metagenome_contig_000193	terpene	Terpene		
Bger_bac_bin198~Bger_metagenome_contig_001293.region001	Bger_metagenome_contig_001293	Bger_metagenome_contig_001293	terpene	Terpene		
Bger_bac_bin199~Bger_metagenome_contig_000036.region001	Bger_metagenome_contig_000036	Bger_metagenome_contig_000036	arylpolyene	Others		
Bger_bac_bin199~Bger_metagenome_contig_000036.region002	Bger_metagenome_contig_000036	Bger_metagenome_contig_000036	terpene	Terpene		
Bger_bac_bin201~Bger_metagenome_contig_000363.region001	Bger_metagenome_contig_000363	Bger_metagenome_contig_000363	terpene	Terpene		
Bger_bac_bin202~Bger_metagenome_contig_000406.region001	Bger_metagenome_contig_000406	Bger_metagenome_contig_000406	terpene	Terpene		
Bger_bac_bin208~Bger_metagenome_contig_003365.region001	Bger_metagenome_contig_003365	Bger_metagenome_contig_003365	NRPS-like	NRPS		
Bger_bac_bin208~Bger_metagenome_contig_003934.region001	Bger_metagenome_contig_003934	Bger_metagenome_contig_003934	terpene	Terpene		
Bger_bac_bin209~Bger_metagenome_contig_000311.region001	Bger_metagenome_contig_000311	Bger_metagenome_contig_000311	ectoine	Others		
Bger_bac_bin209~Bger_metagenome_contig_001028.region001	Bger_metagenome_contig_001028	Bger_metagenome_contig_001028	terpene	Terpene		
Bger_bac_bin210~Bger_metagenome_contig_009275.region001	Bger_metagenome_contig_009275	Bger_metagenome_contig_009275	RiPP-like	RiPPs		
Bger_bac_bin211~Bger_metagenome_contig_000032.region001	Bger_metagenome_contig_000032	Bger_metagenome_contig_000032	NRP-metallophore.NRPS	Others		
Bger_bac_bin211~Bger_metagenome_contig_000032.region002	Bger_metagenome_contig_000032	Bger_metagenome_contig_000032	thiopeptide	RiPPs		
Bger_bac_bin211~Bger_metagenome_contig_000032.region003	Bger_metagenome_contig_000032	Bger_metagenome_contig_000032	redox-cofactor	RiPPs		
Bger_bac_bin211~Bger_metagenome_contig_002040.region001	Bger_metagenome_contig_002040	Bger_metagenome_contig_002040	RiPP-like	RiPPs		
Bger_bac_bin212~Bger_metagenome_contig_000055.region001	Bger_metagenome_contig_000055	Bger_metagenome_contig_000055	NRPS	NRPS		
Bger_bac_bin213~Bger_metagenome_contig_000006.region001	Bger_metagenome_contig_000006	Bger_metagenome_contig_000006	NRP-metallophore.NRPS	Others		
Bger_bac_bin213~Bger_metagenome_contig_000006.region002	Bger_metagenome_contig_000006	Bger_metagenome_contig_000006	redox-cofactor	RiPPs		
Bger_bac_bin215~Bger_metagenome_contig_016056.region001	Bger_metagenome_contig_016056	Bger_metagenome_contig_016056	phosphonate	Others		
Bger_bac_bin216~Bger_metagenome_contig_000178.region001	Bger_metagenome_contig_000178	Bger_metagenome_contig_000178	betalactone	Others		
Bger_bac_bin217~Bger_metagenome_contig_000003.region001	Bger_metagenome_contig_000003	Bger_metagenome_contig_000003	terpene	Terpene		
Bger_bac_bin217~Bger_metagenome_contig_000003.region002	Bger_metagenome_contig_000003	Bger_metagenome_contig_000003	arylpolyene	Others		
Bger_bac_bin217~Bger_metagenome_contig_000003.region003	Bger_metagenome_contig_000003	Bger_metagenome_contig_000003	terpene	Terpene		
Bger_bac_bin218~Bger_metagenome_contig_005633.region001	Bger_metagenome_contig_005633	Bger_metagenome_contig_005633	terpene	Terpene		
Bger_bac_bin218~Bger_metagenome_contig_020082.region001	Bger_metagenome_contig_020082	Bger_metagenome_contig_020082	terpene	Terpene		
Esin_bac_bin002~Esin_metagenome_contig_137581.region001	Esin_metagenome_contig_137581	Esin_metagenome_contig_137581	RiPP-like	RiPPs		
Esin_bac_bin003~Esin_metagenome_contig_003947.region001	Esin_metagenome_contig_003947	Esin_metagenome_contig_003947	HR-T2PKS	Others		
Esin_bac_bin003~Esin_metagenome_contig_003947.region002	Esin_metagenome_contig_003947	Esin_metagenome_contig_003947	redox-cofactor	RiPPs		
Esin_bac_bin003~Esin_metagenome_contig_008489.region001	Esin_metagenome_contig_008489	Esin_metagenome_contig_008489	ectoine	Others		
Esin_bac_bin003~Esin_metagenome_contig_031912.region001	Esin_metagenome_contig_031912	Esin_metagenome_contig_031912	butyrolactone	Others		
Esin_bac_bin003~Esin_metagenome_contig_041010.region001	Esin_metagenome_contig_041010	Esin_metagenome_contig_041010	T1PKS.NRPS	PKS-NRP_Hybrids		
Esin_bac_bin003~Esin_metagenome_contig_070218.region001	Esin_metagenome_contig_070218	Esin_metagenome_contig_070218	NRPS-like.NRPS	NRPS		
Esin_bac_bin003~Esin_metagenome_contig_139901.region001	Esin_metagenome_contig_139901	Esin_metagenome_contig_139901	terpene	Terpene		
Esin_bac_bin004~Esin_metagenome_contig_000005.region001	Esin_metagenome_contig_000005	Esin_metagenome_contig_000005	T3PKS	PKSother		
Esin_bac_bin004~Esin_metagenome_contig_000005.region002	Esin_metagenome_contig_000005	Esin_metagenome_contig_000005	betalactone	Others		
Esin_bac_bin004~Esin_metagenome_contig_000005.region003	Esin_metagenome_contig_000005	Esin_metagenome_contig_000005	ectoine	Others		
Esin_bac_bin004~Esin_metagenome_contig_000005.region004	Esin_metagenome_contig_000005	Esin_metagenome_contig_000005	T3PKS	PKSother		
Esin_bac_bin004~Esin_metagenome_contig_000005.region005	Esin_metagenome_contig_000005	Esin_metagenome_contig_000005	RRE-containing.lassopeptide	RiPPs		
Esin_bac_bin005~Esin_metagenome_contig_007216.region001	Esin_metagenome_contig_007216	Esin_metagenome_contig_007216	RiPP-like	RiPPs		
Esin_bac_bin005~Esin_metagenome_contig_018100.region001	Esin_metagenome_contig_018100	Esin_metagenome_contig_018100	T1PKS	PKSI		
Esin_bac_bin005~Esin_metagenome_contig_028446.region001	Esin_metagenome_contig_028446	Esin_metagenome_contig_028446	NRP-metallophore.NRPS	Others		
Esin_bac_bin005~Esin_metagenome_contig_105774.region001	Esin_metagenome_contig_105774	Esin_metagenome_contig_105774	T3PKS	PKSother		
Esin_bac_bin006~Esin_metagenome_contig_011310.region001	Esin_metagenome_contig_011310	Esin_metagenome_contig_011310	NRPS	NRPS		
Esin_bac_bin006~Esin_metagenome_contig_018665.region001	Esin_metagenome_contig_018665	Esin_metagenome_contig_018665	T1PKS	PKSI		
Esin_bac_bin006~Esin_metagenome_contig_021258.region001	Esin_metagenome_contig_021258	Esin_metagenome_contig_021258	NRPS	NRPS		
Esin_bac_bin006~Esin_metagenome_contig_025920.region001	Esin_metagenome_contig_025920	Esin_metagenome_contig_025920	NRPS	NRPS		
Esin_bac_bin006~Esin_metagenome_contig_027799.region001	Esin_metagenome_contig_027799	Esin_metagenome_contig_027799	redox-cofactor	RiPPs		
Esin_bac_bin006~Esin_metagenome_contig_028759.region001	Esin_metagenome_contig_028759	Esin_metagenome_contig_028759	NRPS	NRPS		
Esin_bac_bin006~Esin_metagenome_contig_030589.region001	Esin_metagenome_contig_030589	Esin_metagenome_contig_030589	NI-siderophore.NRPS	Others		
Esin_bac_bin006~Esin_metagenome_contig_042525.region001	Esin_metagenome_contig_042525	Esin_metagenome_contig_042525	NRPS	NRPS		
Esin_bac_bin006~Esin_metagenome_contig_048814.region001	Esin_metagenome_contig_048814	Esin_metagenome_contig_048814	terpene	Terpene		
Esin_bac_bin006~Esin_metagenome_contig_052305.region001	Esin_metagenome_contig_052305	Esin_metagenome_contig_052305	CDPS	NRPS		
Esin_bac_bin006~Esin_metagenome_contig_077219.region001	Esin_metagenome_contig_077219	Esin_metagenome_contig_077219	NI-siderophore	Others		
Esin_bac_bin006~Esin_metagenome_contig_093529.region001	Esin_metagenome_contig_093529	Esin_metagenome_contig_093529	NAPAA	NRPS		
Esin_bac_bin006~Esin_metagenome_contig_117302.region001	Esin_metagenome_contig_117302	Esin_metagenome_contig_117302	T3PKS	PKSother		
Esin_bac_bin006~Esin_metagenome_contig_122123.region001	Esin_metagenome_contig_122123	Esin_metagenome_contig_122123	NRPS	NRPS		
Esin_bac_bin006~Esin_metagenome_contig_156734.region001	Esin_metagenome_contig_156734	Esin_metagenome_contig_156734	RiPP-like	RiPPs		
Esin_bac_bin007~Esin_metagenome_contig_007140.region001	Esin_metagenome_contig_007140	Esin_metagenome_contig_007140	T1PKS	PKSI		
Esin_bac_bin007~Esin_metagenome_contig_007720.region001	Esin_metagenome_contig_007720	Esin_metagenome_contig_007720	NRPS	NRPS		
Esin_bac_bin007~Esin_metagenome_contig_009780.region001	Esin_metagenome_contig_009780	Esin_metagenome_contig_009780	NRP-metallophore.NRPS	Others		
Esin_bac_bin007~Esin_metagenome_contig_011592.region001	Esin_metagenome_contig_011592	Esin_metagenome_contig_011592	NRPS	NRPS		
Esin_bac_bin007~Esin_metagenome_contig_011700.region001	Esin_metagenome_contig_011700	Esin_metagenome_contig_011700	terpene	Terpene		
Esin_bac_bin007~Esin_metagenome_contig_015014.region001	Esin_metagenome_contig_015014	Esin_metagenome_contig_015014	CDPS	NRPS		
Esin_bac_bin007~Esin_metagenome_contig_020522.region001	Esin_metagenome_contig_020522	Esin_metagenome_contig_020522	T3PKS	PKSother		
Esin_bac_bin007~Esin_metagenome_contig_030373.region001	Esin_metagenome_contig_030373	Esin_metagenome_contig_030373	NRPS-like.NRPS	NRPS		
Esin_bac_bin007~Esin_metagenome_contig_030526.region001	Esin_metagenome_contig_030526	Esin_metagenome_contig_030526	redox-cofactor	RiPPs		
Esin_bac_bin007~Esin_metagenome_contig_062249.region001	Esin_metagenome_contig_062249	Esin_metagenome_contig_062249	NRPS	NRPS		
Esin_bac_bin007~Esin_metagenome_contig_069940.region001	Esin_metagenome_contig_069940	Esin_metagenome_contig_069940	NAPAA	NRPS		
Esin_bac_bin007~Esin_metagenome_contig_092121.region001	Esin_metagenome_contig_092121	Esin_metagenome_contig_092121	terpene	Terpene		
Esin_bac_bin007~Esin_metagenome_contig_116712.region001	Esin_metagenome_contig_116712	Esin_metagenome_contig_116712	RiPP-like	RiPPs		
Esin_bac_bin008~Esin_metagenome_contig_011634.region001	Esin_metagenome_contig_011634	Esin_metagenome_contig_011634	T1PKS	PKSI		
Esin_bac_bin008~Esin_metagenome_contig_035439.region001	Esin_metagenome_contig_035439	Esin_metagenome_contig_035439	T1PKS.NRPS	PKS-NRP_Hybrids		
Esin_bac_bin008~Esin_metagenome_contig_052866.region001	Esin_metagenome_contig_052866	Esin_metagenome_contig_052866	T1PKS	PKSI		
Esin_bac_bin008~Esin_metagenome_contig_053676.region001	Esin_metagenome_contig_053676	Esin_metagenome_contig_053676	ectoine	Others		
Esin_bac_bin008~Esin_metagenome_contig_055900.region001	Esin_metagenome_contig_055900	Esin_metagenome_contig_055900	ectoine	Others		
Esin_bac_bin008~Esin_metagenome_contig_060167.region001	Esin_metagenome_contig_060167	Esin_metagenome_contig_060167	NRPS-like	NRPS		
Esin_bac_bin008~Esin_metagenome_contig_065145.region001	Esin_metagenome_contig_065145	Esin_metagenome_contig_065145	NRPS-like	NRPS		
Esin_bac_bin008~Esin_metagenome_contig_080934.region001	Esin_metagenome_contig_080934	Esin_metagenome_contig_080934	NRP-metallophore.NRPS	Others		
Esin_bac_bin008~Esin_metagenome_contig_086550.region001	Esin_metagenome_contig_086550	Esin_metagenome_contig_086550	RiPP-like	RiPPs		
Esin_bac_bin008~Esin_metagenome_contig_089973.region001	Esin_metagenome_contig_089973	Esin_metagenome_contig_089973	NAPAA	NRPS		
Esin_bac_bin008~Esin_metagenome_contig_098256.region001	Esin_metagenome_contig_098256	Esin_metagenome_contig_098256	T1PKS	PKSI		
Esin_bac_bin008~Esin_metagenome_contig_098886.region001	Esin_metagenome_contig_098886	Esin_metagenome_contig_098886	NRPS-like	NRPS		
Esin_bac_bin008~Esin_metagenome_contig_105945.region001	Esin_metagenome_contig_105945	Esin_metagenome_contig_105945	NRPS	NRPS		
Esin_bac_bin008~Esin_metagenome_contig_113491.region001	Esin_metagenome_contig_113491	Esin_metagenome_contig_113491	NRPS-like	NRPS		
Esin_bac_bin008~Esin_metagenome_contig_114530.region001	Esin_metagenome_contig_114530	Esin_metagenome_contig_114530	NRPS	NRPS		
Esin_bac_bin008~Esin_metagenome_contig_118850.region001	Esin_metagenome_contig_118850	Esin_metagenome_contig_118850	T1PKS	PKSI		
Esin_bac_bin008~Esin_metagenome_contig_121523.region001	Esin_metagenome_contig_121523	Esin_metagenome_contig_121523	RiPP-like	RiPPs		
Esin_bac_bin008~Esin_metagenome_contig_125088.region001	Esin_metagenome_contig_125088	Esin_metagenome_contig_125088	T1PKS	PKSI		
Esin_bac_bin008~Esin_metagenome_contig_132045.region001	Esin_metagenome_contig_132045	Esin_metagenome_contig_132045	NRPS	NRPS		
Esin_bac_bin008~Esin_metagenome_contig_138960.region001	Esin_metagenome_contig_138960	Esin_metagenome_contig_138960	NRPS	NRPS		
Esin_bac_bin008~Esin_metagenome_contig_143301.region001	Esin_metagenome_contig_143301	Esin_metagenome_contig_143301	RiPP-like	RiPPs		
Esin_bac_bin008~Esin_metagenome_contig_177768.region001	Esin_metagenome_contig_177768	Esin_metagenome_contig_177768	betalactone	Others		
Esin_bac_bin008~Esin_metagenome_contig_181004.region001	Esin_metagenome_contig_181004	Esin_metagenome_contig_181004	NRPS	NRPS		
Esin_bac_bin008~Esin_metagenome_contig_189047.region001	Esin_metagenome_contig_189047	Esin_metagenome_contig_189047	NRPS	NRPS		
Esin_bac_bin008~Esin_metagenome_contig_193928.region001	Esin_metagenome_contig_193928	Esin_metagenome_contig_193928	NRPS-like	NRPS		
Esin_bac_bin008~Esin_metagenome_contig_197376.region001	Esin_metagenome_contig_197376	Esin_metagenome_contig_197376	NRPS	NRPS		
Esin_bac_bin008~Esin_metagenome_contig_224168.region001	Esin_metagenome_contig_224168	Esin_metagenome_contig_224168	NRPS	NRPS		
Esin_bac_bin008~Esin_metagenome_contig_239013.region001	Esin_metagenome_contig_239013	Esin_metagenome_contig_239013	NRPS	NRPS		
Esin_bac_bin008~Esin_metagenome_contig_251403.region001	Esin_metagenome_contig_251403	Esin_metagenome_contig_251403	NRPS	NRPS		
Esin_bac_bin008~Esin_metagenome_contig_254113.region001	Esin_metagenome_contig_254113	Esin_metagenome_contig_254113	NRPS	NRPS		
Esin_bac_bin008~Esin_metagenome_contig_257221.region001	Esin_metagenome_contig_257221	Esin_metagenome_contig_257221	NRPS-like	NRPS		
Esin_bac_bin008~Esin_metagenome_contig_264131.region001	Esin_metagenome_contig_264131	Esin_metagenome_contig_264131	NRPS	NRPS		
Esin_bac_bin009~Esin_metagenome_contig_021844.region001	Esin_metagenome_contig_021844	Esin_metagenome_contig_021844	T1PKS	PKSI		
Esin_bac_bin009~Esin_metagenome_contig_029152.region001	Esin_metagenome_contig_029152	Esin_metagenome_contig_029152	NAPAA	NRPS		
Esin_bac_bin009~Esin_metagenome_contig_036808.region001	Esin_metagenome_contig_036808	Esin_metagenome_contig_036808	bottromycin	RiPPs		
Esin_bac_bin009~Esin_metagenome_contig_060931.region001	Esin_metagenome_contig_060931	Esin_metagenome_contig_060931	RiPP-like	RiPPs		
Esin_bac_bin009~Esin_metagenome_contig_069032.region001	Esin_metagenome_contig_069032	Esin_metagenome_contig_069032	terpene	Terpene		
Esin_bac_bin009~Esin_metagenome_contig_171562.region001	Esin_metagenome_contig_171562	Esin_metagenome_contig_171562	terpene	Terpene		
Esin_bac_bin010~Esin_metagenome_contig_003665.region001	Esin_metagenome_contig_003665	Esin_metagenome_contig_003665	terpene	Terpene		
Esin_bac_bin010~Esin_metagenome_contig_053173.region001	Esin_metagenome_contig_053173	Esin_metagenome_contig_053173	betalactone	Others		
Esin_bac_bin013~Esin_metagenome_contig_004349.region001	Esin_metagenome_contig_004349	Esin_metagenome_contig_004349	RiPP-like	RiPPs		
Esin_bac_bin013~Esin_metagenome_contig_007717.region001	Esin_metagenome_contig_007717	Esin_metagenome_contig_007717	phosphonate	Others		
Esin_bac_bin014~Esin_metagenome_contig_000724.region001	Esin_metagenome_contig_000724	Esin_metagenome_contig_000724	arylpolyene	Others		
Esin_bac_bin014~Esin_metagenome_contig_002822.region001	Esin_metagenome_contig_002822	Esin_metagenome_contig_002822	ranthipeptide	RiPPs		
Esin_bac_bin014~Esin_metagenome_contig_022582.region001	Esin_metagenome_contig_022582	Esin_metagenome_contig_022582	NRPS-like	NRPS		
Esin_bac_bin015~Esin_metagenome_contig_046996.region001	Esin_metagenome_contig_046996	Esin_metagenome_contig_046996	phenazine	Others		
Esin_bac_bin015~Esin_metagenome_contig_286444.region001	Esin_metagenome_contig_286444	Esin_metagenome_contig_286444	NRPS	NRPS		
Esin_bac_bin016~Esin_metagenome_contig_004996.region001	Esin_metagenome_contig_004996	Esin_metagenome_contig_004996	phosphonate	Others		
Esin_bac_bin017~Esin_metagenome_contig_006147.region001	Esin_metagenome_contig_006147	Esin_metagenome_contig_006147	NRPS-like	NRPS		
Esin_bac_bin018~Esin_metagenome_contig_008037.region001	Esin_metagenome_contig_008037	Esin_metagenome_contig_008037	NRPS-like	NRPS		
Esin_bac_bin019~Esin_metagenome_contig_002681.region001	Esin_metagenome_contig_002681	Esin_metagenome_contig_002681	ranthipeptide	RiPPs		
Esin_bac_bin019~Esin_metagenome_contig_004473.region001	Esin_metagenome_contig_004473	Esin_metagenome_contig_004473	NRPS-like	NRPS		
Esin_bac_bin020~Esin_metagenome_contig_036231.region001	Esin_metagenome_contig_036231	Esin_metagenome_contig_036231	ranthipeptide	RiPPs		
Esin_bac_bin021~Esin_metagenome_contig_000481.region001	Esin_metagenome_contig_000481	Esin_metagenome_contig_000481	ranthipeptide	RiPPs		
Esin_bac_bin021~Esin_metagenome_contig_002335.region001	Esin_metagenome_contig_002335	Esin_metagenome_contig_002335	NRPS-like	NRPS		
Esin_bac_bin023~Esin_metagenome_contig_002324.region001	Esin_metagenome_contig_002324	Esin_metagenome_contig_002324	ranthipeptide	RiPPs		
Esin_bac_bin023~Esin_metagenome_contig_004909.region001	Esin_metagenome_contig_004909	Esin_metagenome_contig_004909	phosphonate	Others		
Esin_bac_bin024~Esin_metagenome_contig_000666.region001	Esin_metagenome_contig_000666	Esin_metagenome_contig_000666	NRPS-like	NRPS		
Esin_bac_bin024~Esin_metagenome_contig_008437.region001	Esin_metagenome_contig_008437	Esin_metagenome_contig_008437	NRPS-like	NRPS		
Esin_bac_bin024~Esin_metagenome_contig_020023.region001	Esin_metagenome_contig_020023	Esin_metagenome_contig_020023	ranthipeptide	RiPPs		
Esin_bac_bin024~Esin_metagenome_contig_042040.region001	Esin_metagenome_contig_042040	Esin_metagenome_contig_042040	betalactone	Others		
Esin_bac_bin025~Esin_metagenome_contig_008295.region001	Esin_metagenome_contig_008295	Esin_metagenome_contig_008295	NRPS-like	NRPS		
Esin_bac_bin027~Esin_metagenome_contig_001547.region001	Esin_metagenome_contig_001547	Esin_metagenome_contig_001547	NRPS	NRPS		
Esin_bac_bin028~Esin_metagenome_contig_000181.region001	Esin_metagenome_contig_000181	Esin_metagenome_contig_000181	betalactone	Others		
Esin_bac_bin028~Esin_metagenome_contig_001049.region001	Esin_metagenome_contig_001049	Esin_metagenome_contig_001049	NRPS-like	NRPS		
Esin_bac_bin028~Esin_metagenome_contig_001719.region001	Esin_metagenome_contig_001719	Esin_metagenome_contig_001719	NRPS-like	NRPS		
Esin_bac_bin028~Esin_metagenome_contig_009281.region001	Esin_metagenome_contig_009281	Esin_metagenome_contig_009281	phosphonate	Others		
Esin_bac_bin029~Esin_metagenome_contig_016956.region001	Esin_metagenome_contig_016956	Esin_metagenome_contig_016956	ranthipeptide	RiPPs		
Esin_bac_bin032~Esin_metagenome_contig_004289.region001	Esin_metagenome_contig_004289	Esin_metagenome_contig_004289	NRPS	NRPS		
Esin_bac_bin032~Esin_metagenome_contig_044020.region001	Esin_metagenome_contig_044020	Esin_metagenome_contig_044020	RRE-containing	RiPPs		
Esin_bac_bin033~Esin_metagenome_contig_000131.region001	Esin_metagenome_contig_000131	Esin_metagenome_contig_000131	betalactone	Others		
Esin_bac_bin033~Esin_metagenome_contig_000131.region002	Esin_metagenome_contig_000131	Esin_metagenome_contig_000131	ranthipeptide	RiPPs		
Esin_bac_bin034~Esin_metagenome_contig_099166.region001	Esin_metagenome_contig_099166	Esin_metagenome_contig_099166	ranthipeptide	RiPPs		
Esin_bac_bin035~Esin_metagenome_contig_000981.region001	Esin_metagenome_contig_000981	Esin_metagenome_contig_000981	RRE-containing	RiPPs		
Esin_bac_bin036~Esin_metagenome_contig_000423.region001	Esin_metagenome_contig_000423	Esin_metagenome_contig_000423	ranthipeptide	RiPPs		
Esin_bac_bin036~Esin_metagenome_contig_000423.region002	Esin_metagenome_contig_000423	Esin_metagenome_contig_000423	lassopeptide	RiPPs		
Esin_bac_bin038~Esin_metagenome_contig_023982.region001	Esin_metagenome_contig_023982	Esin_metagenome_contig_023982	NRPS-like.NRPS	NRPS		
Esin_bac_bin039~Esin_metagenome_contig_008220.region001	Esin_metagenome_contig_008220	Esin_metagenome_contig_008220	NRPS-like	NRPS		
Esin_bac_bin039~Esin_metagenome_contig_014720.region001	Esin_metagenome_contig_014720	Esin_metagenome_contig_014720	NRPS-like	NRPS		
Esin_bac_bin039~Esin_metagenome_contig_020254.region001	Esin_metagenome_contig_020254	Esin_metagenome_contig_020254	RRE-containing	RiPPs		
Esin_bac_bin040~Esin_metagenome_contig_000038.region001	Esin_metagenome_contig_000038	Esin_metagenome_contig_000038	ranthipeptide	RiPPs		
Esin_bac_bin040~Esin_metagenome_contig_000734.region001	Esin_metagenome_contig_000734	Esin_metagenome_contig_000734	phosphonate	Others		
Esin_bac_bin042~Esin_metagenome_contig_009526.region001	Esin_metagenome_contig_009526	Esin_metagenome_contig_009526	ranthipeptide	RiPPs		
Esin_bac_bin043~Esin_metagenome_contig_003052.region001	Esin_metagenome_contig_003052	Esin_metagenome_contig_003052	betalactone	Others		
Esin_bac_bin044~Esin_metagenome_contig_001030.region001	Esin_metagenome_contig_001030	Esin_metagenome_contig_001030	ranthipeptide	RiPPs		
Esin_bac_bin044~Esin_metagenome_contig_014089.region001	Esin_metagenome_contig_014089	Esin_metagenome_contig_014089	betalactone	Others		
Esin_bac_bin045~Esin_metagenome_contig_000489.region001	Esin_metagenome_contig_000489	Esin_metagenome_contig_000489	ranthipeptide	RiPPs		
Esin_bac_bin045~Esin_metagenome_contig_001078.region001	Esin_metagenome_contig_001078	Esin_metagenome_contig_001078	betalactone	Others		
Esin_bac_bin046~Esin_metagenome_contig_052613.region001	Esin_metagenome_contig_052613	Esin_metagenome_contig_052613	ranthipeptide	RiPPs		
Esin_bac_bin047~Esin_metagenome_contig_027195.region001	Esin_metagenome_contig_027195	Esin_metagenome_contig_027195	ranthipeptide	RiPPs		
Esin_bac_bin047~Esin_metagenome_contig_027481.region001	Esin_metagenome_contig_027481	Esin_metagenome_contig_027481	NRPS-like	NRPS		
Esin_bac_bin047~Esin_metagenome_contig_063720.region001	Esin_metagenome_contig_063720	Esin_metagenome_contig_063720	RRE-containing	RiPPs		
Esin_bac_bin047~Esin_metagenome_contig_063731.region001	Esin_metagenome_contig_063731	Esin_metagenome_contig_063731	betalactone	Others		
Esin_bac_bin048~Esin_metagenome_contig_000191.region001	Esin_metagenome_contig_000191	Esin_metagenome_contig_000191	betalactone	Others		
Esin_bac_bin048~Esin_metagenome_contig_000657.region001	Esin_metagenome_contig_000657	Esin_metagenome_contig_000657	ranthipeptide	RiPPs		
Esin_bac_bin049~Esin_metagenome_contig_035433.region001	Esin_metagenome_contig_035433	Esin_metagenome_contig_035433	NRPS	NRPS		
Esin_bac_bin049~Esin_metagenome_contig_050454.region001	Esin_metagenome_contig_050454	Esin_metagenome_contig_050454	NRPS-like	NRPS		
Esin_bac_bin050~Esin_metagenome_contig_000399.region001	Esin_metagenome_contig_000399	Esin_metagenome_contig_000399	ranthipeptide	RiPPs		
Esin_bac_bin051~Esin_metagenome_contig_018861.region001	Esin_metagenome_contig_018861	Esin_metagenome_contig_018861	ranthipeptide	RiPPs		
Esin_bac_bin052~Esin_metagenome_contig_007421.region001	Esin_metagenome_contig_007421	Esin_metagenome_contig_007421	ranthipeptide	RiPPs		
Esin_bac_bin052~Esin_metagenome_contig_013455.region001	Esin_metagenome_contig_013455	Esin_metagenome_contig_013455	RiPP-like	RiPPs		
Esin_bac_bin052~Esin_metagenome_contig_036217.region001	Esin_metagenome_contig_036217	Esin_metagenome_contig_036217	thiopeptide	RiPPs		
Esin_bac_bin053~Esin_metagenome_contig_000634.region001	Esin_metagenome_contig_000634	Esin_metagenome_contig_000634	RRE-containing	RiPPs		
Esin_bac_bin054~Esin_metagenome_contig_004202.region001	Esin_metagenome_contig_004202	Esin_metagenome_contig_004202	ranthipeptide	RiPPs		
Esin_bac_bin055~Esin_metagenome_contig_011761.region001	Esin_metagenome_contig_011761	Esin_metagenome_contig_011761	RRE-containing	RiPPs		
Esin_bac_bin056~Esin_metagenome_contig_001688.region001	Esin_metagenome_contig_001688	Esin_metagenome_contig_001688	lassopeptide	RiPPs		
Esin_bac_bin056~Esin_metagenome_contig_003039.region001	Esin_metagenome_contig_003039	Esin_metagenome_contig_003039	betalactone	Others		
Esin_bac_bin058~Esin_metagenome_contig_000531.region001	Esin_metagenome_contig_000531	Esin_metagenome_contig_000531	arylpolyene	Others		
Esin_bac_bin058~Esin_metagenome_contig_000531.region002	Esin_metagenome_contig_000531	Esin_metagenome_contig_000531	lassopeptide	RiPPs		
Esin_bac_bin058~Esin_metagenome_contig_002406.region001	Esin_metagenome_contig_002406	Esin_metagenome_contig_002406	betalactone	Others		
Esin_bac_bin059~Esin_metagenome_contig_026587.region001	Esin_metagenome_contig_026587	Esin_metagenome_contig_026587	ranthipeptide	RiPPs		
Esin_bac_bin060~Esin_metagenome_contig_004373.region001	Esin_metagenome_contig_004373	Esin_metagenome_contig_004373	ranthipeptide	RiPPs		
Esin_bac_bin060~Esin_metagenome_contig_006310.region001	Esin_metagenome_contig_006310	Esin_metagenome_contig_006310	phosphonate	Others		
Esin_bac_bin066~Esin_metagenome_contig_001808.region001	Esin_metagenome_contig_001808	Esin_metagenome_contig_001808	ranthipeptide	RiPPs		
Esin_bac_bin067~Esin_metagenome_contig_000322.region001	Esin_metagenome_contig_000322	Esin_metagenome_contig_000322	ranthipeptide	RiPPs		
Esin_bac_bin068~Esin_metagenome_contig_022581.region001	Esin_metagenome_contig_022581	Esin_metagenome_contig_022581	RiPP-like	RiPPs		
Esin_bac_bin068~Esin_metagenome_contig_101514.region001	Esin_metagenome_contig_101514	Esin_metagenome_contig_101514	NRPS	NRPS		
Esin_bac_bin068~Esin_metagenome_contig_197833.region001	Esin_metagenome_contig_197833	Esin_metagenome_contig_197833	NRPS-like	NRPS		
Esin_bac_bin069~Esin_metagenome_contig_015100.region001	Esin_metagenome_contig_015100	Esin_metagenome_contig_015100	ranthipeptide	RiPPs		
Esin_bac_bin069~Esin_metagenome_contig_036188.region001	Esin_metagenome_contig_036188	Esin_metagenome_contig_036188	phosphonate	Others		
Esin_bac_bin070~Esin_metagenome_contig_003614.region001	Esin_metagenome_contig_003614	Esin_metagenome_contig_003614	ranthipeptide	RiPPs		
Esin_bac_bin070~Esin_metagenome_contig_005752.region001	Esin_metagenome_contig_005752	Esin_metagenome_contig_005752	phosphonate	Others		
Esin_bac_bin071~Esin_metagenome_contig_003082.region001	Esin_metagenome_contig_003082	Esin_metagenome_contig_003082	ranthipeptide	RiPPs		
Esin_bac_bin072~Esin_metagenome_contig_007597.region001	Esin_metagenome_contig_007597	Esin_metagenome_contig_007597	cyclic-lactone-autoinducer	RiPPs		
Esin_bac_bin072~Esin_metagenome_contig_028359.region001	Esin_metagenome_contig_028359	Esin_metagenome_contig_028359	RRE-containing	RiPPs		
Esin_bac_bin072~Esin_metagenome_contig_028876.region001	Esin_metagenome_contig_028876	Esin_metagenome_contig_028876	RRE-containing	RiPPs		
Esin_bac_bin072~Esin_metagenome_contig_067821.region001	Esin_metagenome_contig_067821	Esin_metagenome_contig_067821	ranthipeptide	RiPPs		
Esin_bac_bin074~Esin_metagenome_contig_000098.region001	Esin_metagenome_contig_000098	Esin_metagenome_contig_000098	ranthipeptide	RiPPs		
Esin_bac_bin074~Esin_metagenome_contig_000175.region001	Esin_metagenome_contig_000175	Esin_metagenome_contig_000175	ranthipeptide	RiPPs		
Esin_bac_bin074~Esin_metagenome_contig_000520.region001	Esin_metagenome_contig_000520	Esin_metagenome_contig_000520	PKS-like.NRPS.transAT-PKS	PKS-NRP_Hybrids		
Esin_bac_bin074~Esin_metagenome_contig_000565.region001	Esin_metagenome_contig_000565	Esin_metagenome_contig_000565	cyclic-lactone-autoinducer	RiPPs		
Esin_bac_bin074~Esin_metagenome_contig_000794.region001	Esin_metagenome_contig_000794	Esin_metagenome_contig_000794	RiPP-like	RiPPs		
Esin_bac_bin074~Esin_metagenome_contig_001153.region001	Esin_metagenome_contig_001153	Esin_metagenome_contig_001153	cyclic-lactone-autoinducer	RiPPs		
Esin_bac_bin074~Esin_metagenome_contig_001290.region001	Esin_metagenome_contig_001290	Esin_metagenome_contig_001290	lanthipeptide-class-ii	RiPPs		
Esin_bac_bin074~Esin_metagenome_contig_005067.region001	Esin_metagenome_contig_005067	Esin_metagenome_contig_005067	cyclic-lactone-autoinducer	RiPPs		
Esin_bac_bin075~Esin_metagenome_contig_000003.region001	Esin_metagenome_contig_000003	Esin_metagenome_contig_000003	RiPP-like	RiPPs		
Esin_bac_bin075~Esin_metagenome_contig_000003.region002	Esin_metagenome_contig_000003	Esin_metagenome_contig_000003	cyclic-lactone-autoinducer	RiPPs		
Esin_bac_bin075~Esin_metagenome_contig_000003.region003	Esin_metagenome_contig_000003	Esin_metagenome_contig_000003	ranthipeptide	RiPPs		
Esin_bac_bin075~Esin_metagenome_contig_000003.region004	Esin_metagenome_contig_000003	Esin_metagenome_contig_000003	cyclic-lactone-autoinducer	RiPPs		
Esin_bac_bin076~Esin_metagenome_contig_001644.region001	Esin_metagenome_contig_001644	Esin_metagenome_contig_001644	NRPS-like	NRPS		
Esin_bac_bin076~Esin_metagenome_contig_005751.region001	Esin_metagenome_contig_005751	Esin_metagenome_contig_005751	ranthipeptide	RiPPs		
Esin_bac_bin076~Esin_metagenome_contig_008556.region001	Esin_metagenome_contig_008556	Esin_metagenome_contig_008556	cyclic-lactone-autoinducer	RiPPs		
Esin_bac_bin077~Esin_metagenome_contig_000659.region001	Esin_metagenome_contig_000659	Esin_metagenome_contig_000659	ranthipeptide	RiPPs		
Esin_bac_bin078~Esin_metagenome_contig_013295.region001	Esin_metagenome_contig_013295	Esin_metagenome_contig_013295	lassopeptide	RiPPs		
Esin_bac_bin078~Esin_metagenome_contig_036604.region001	Esin_metagenome_contig_036604	Esin_metagenome_contig_036604	RRE-containing	RiPPs		
Esin_bac_bin078~Esin_metagenome_contig_061372.region001	Esin_metagenome_contig_061372	Esin_metagenome_contig_061372	NRPS-like	NRPS		
Esin_bac_bin079~Esin_metagenome_contig_000113.region001	Esin_metagenome_contig_000113	Esin_metagenome_contig_000113	NRPS	NRPS		
Esin_bac_bin079~Esin_metagenome_contig_000113.region002	Esin_metagenome_contig_000113	Esin_metagenome_contig_000113	NRPS	NRPS		
Esin_bac_bin079~Esin_metagenome_contig_000113.region003	Esin_metagenome_contig_000113	Esin_metagenome_contig_000113	NRPS	NRPS		
Esin_bac_bin079~Esin_metagenome_contig_000113.region004	Esin_metagenome_contig_000113	Esin_metagenome_contig_000113	RRE-containing	RiPPs		
Esin_bac_bin079~Esin_metagenome_contig_000260.region001	Esin_metagenome_contig_000260	Esin_metagenome_contig_000260	cyclic-lactone-autoinducer	RiPPs		
Esin_bac_bin079~Esin_metagenome_contig_000373.region001	Esin_metagenome_contig_000373	Esin_metagenome_contig_000373	cyclic-lactone-autoinducer	RiPPs		
Esin_bac_bin079~Esin_metagenome_contig_000373.region002	Esin_metagenome_contig_000373	Esin_metagenome_contig_000373	terpene	Terpene		
Esin_bac_bin079~Esin_metagenome_contig_001185.region001	Esin_metagenome_contig_001185	Esin_metagenome_contig_001185	ranthipeptide	RiPPs		
Esin_bac_bin079~Esin_metagenome_contig_002174.region001	Esin_metagenome_contig_002174	Esin_metagenome_contig_002174	cyclic-lactone-autoinducer	RiPPs		
Esin_bac_bin080~Esin_metagenome_contig_000013.region001	Esin_metagenome_contig_000013	Esin_metagenome_contig_000013	ranthipeptide	RiPPs		
Esin_bac_bin080~Esin_metagenome_contig_000385.region001	Esin_metagenome_contig_000385	Esin_metagenome_contig_000385	RiPP-like	RiPPs		
Esin_bac_bin080~Esin_metagenome_contig_042588.region001	Esin_metagenome_contig_042588	Esin_metagenome_contig_042588	cyclic-lactone-autoinducer	RiPPs		
Esin_bac_bin081~Esin_metagenome_contig_042504.region001	Esin_metagenome_contig_042504	Esin_metagenome_contig_042504	ranthipeptide	RiPPs		
Esin_bac_bin081~Esin_metagenome_contig_110629.region001	Esin_metagenome_contig_110629	Esin_metagenome_contig_110629	phosphonate	Others		
Esin_bac_bin082~Esin_metagenome_contig_000164.region001	Esin_metagenome_contig_000164	Esin_metagenome_contig_000164	RRE-containing	RiPPs		
Esin_bac_bin082~Esin_metagenome_contig_000798.region001	Esin_metagenome_contig_000798	Esin_metagenome_contig_000798	ranthipeptide	RiPPs		
Esin_bac_bin082~Esin_metagenome_contig_001303.region001	Esin_metagenome_contig_001303	Esin_metagenome_contig_001303	RiPP-like	RiPPs		
Esin_bac_bin082~Esin_metagenome_contig_001543.region001	Esin_metagenome_contig_001543	Esin_metagenome_contig_001543	RiPP-like	RiPPs		
Esin_bac_bin083~Esin_metagenome_contig_000006.region001	Esin_metagenome_contig_000006	Esin_metagenome_contig_000006	ranthipeptide	RiPPs		
Esin_bac_bin083~Esin_metagenome_contig_000006.region002	Esin_metagenome_contig_000006	Esin_metagenome_contig_000006	cyclic-lactone-autoinducer	RiPPs		
Esin_bac_bin083~Esin_metagenome_contig_000006.region003	Esin_metagenome_contig_000006	Esin_metagenome_contig_000006	T1PKS	PKSI		
Esin_bac_bin083~Esin_metagenome_contig_000006.region004	Esin_metagenome_contig_000006	Esin_metagenome_contig_000006	cyclic-lactone-autoinducer.lanthipeptide-class-i	RiPPs		
Esin_bac_bin083~Esin_metagenome_contig_000006.region005	Esin_metagenome_contig_000006	Esin_metagenome_contig_000006	NRPS-like	NRPS		
Esin_bac_bin083~Esin_metagenome_contig_000006.region006	Esin_metagenome_contig_000006	Esin_metagenome_contig_000006	NRPS	NRPS		
Esin_bac_bin084~Esin_metagenome_contig_000817.region001	Esin_metagenome_contig_000817	Esin_metagenome_contig_000817	cyclic-lactone-autoinducer	RiPPs		
Esin_bac_bin084~Esin_metagenome_contig_000927.region001	Esin_metagenome_contig_000927	Esin_metagenome_contig_000927	RRE-containing	RiPPs		
Esin_bac_bin084~Esin_metagenome_contig_000939.region001	Esin_metagenome_contig_000939	Esin_metagenome_contig_000939	phosphonate	Others		
Esin_bac_bin084~Esin_metagenome_contig_004330.region001	Esin_metagenome_contig_004330	Esin_metagenome_contig_004330	bottromycin	RiPPs		
Esin_bac_bin085~Esin_metagenome_contig_004755.region001	Esin_metagenome_contig_004755	Esin_metagenome_contig_004755	cyclic-lactone-autoinducer	RiPPs		
Esin_bac_bin086~Esin_metagenome_contig_023908.region001	Esin_metagenome_contig_023908	Esin_metagenome_contig_023908	cyclic-lactone-autoinducer	RiPPs		
Esin_bac_bin086~Esin_metagenome_contig_034335.region001	Esin_metagenome_contig_034335	Esin_metagenome_contig_034335	cyclic-lactone-autoinducer	RiPPs		
Esin_bac_bin086~Esin_metagenome_contig_072629.region001	Esin_metagenome_contig_072629	Esin_metagenome_contig_072629	cyclic-lactone-autoinducer	RiPPs		
Esin_bac_bin086~Esin_metagenome_contig_182937.region001	Esin_metagenome_contig_182937	Esin_metagenome_contig_182937	cyclic-lactone-autoinducer	RiPPs		
Esin_bac_bin087~Esin_metagenome_contig_028856.region001	Esin_metagenome_contig_028856	Esin_metagenome_contig_028856	cyclic-lactone-autoinducer	RiPPs		
Esin_bac_bin087~Esin_metagenome_contig_030626.region001	Esin_metagenome_contig_030626	Esin_metagenome_contig_030626	RRE-containing	RiPPs		
Esin_bac_bin087~Esin_metagenome_contig_148875.region001	Esin_metagenome_contig_148875	Esin_metagenome_contig_148875	cyclic-lactone-autoinducer	RiPPs		
Esin_bac_bin088~Esin_metagenome_contig_066373.region001	Esin_metagenome_contig_066373	Esin_metagenome_contig_066373	RRE-containing	RiPPs		
Esin_bac_bin088~Esin_metagenome_contig_067936.region001	Esin_metagenome_contig_067936	Esin_metagenome_contig_067936	cyclic-lactone-autoinducer	RiPPs		
Esin_bac_bin088~Esin_metagenome_contig_143506.region001	Esin_metagenome_contig_143506	Esin_metagenome_contig_143506	cyclic-lactone-autoinducer	RiPPs		
Esin_bac_bin088~Esin_metagenome_contig_175926.region001	Esin_metagenome_contig_175926	Esin_metagenome_contig_175926	cyclic-lactone-autoinducer	RiPPs		
Esin_bac_bin088~Esin_metagenome_contig_213846.region001	Esin_metagenome_contig_213846	Esin_metagenome_contig_213846	cyclic-lactone-autoinducer	RiPPs		
Esin_bac_bin089~Esin_metagenome_contig_031814.region001	Esin_metagenome_contig_031814	Esin_metagenome_contig_031814	RRE-containing	RiPPs		
Esin_bac_bin089~Esin_metagenome_contig_032488.region001	Esin_metagenome_contig_032488	Esin_metagenome_contig_032488	RiPP-like	RiPPs		
Esin_bac_bin089~Esin_metagenome_contig_037126.region001	Esin_metagenome_contig_037126	Esin_metagenome_contig_037126	cyclic-lactone-autoinducer	RiPPs		
Esin_bac_bin089~Esin_metagenome_contig_057668.region001	Esin_metagenome_contig_057668	Esin_metagenome_contig_057668	LAP.thiopeptide	RiPPs		
Esin_bac_bin089~Esin_metagenome_contig_147707.region001	Esin_metagenome_contig_147707	Esin_metagenome_contig_147707	ranthipeptide	RiPPs		
Esin_bac_bin090~Esin_metagenome_contig_007297.region001	Esin_metagenome_contig_007297	Esin_metagenome_contig_007297	RRE-containing	RiPPs		
Esin_bac_bin090~Esin_metagenome_contig_048098.region001	Esin_metagenome_contig_048098	Esin_metagenome_contig_048098	RRE-containing	RiPPs		
Esin_bac_bin090~Esin_metagenome_contig_089981.region001	Esin_metagenome_contig_089981	Esin_metagenome_contig_089981	ranthipeptide	RiPPs		
Esin_bac_bin091~Esin_metagenome_contig_004575.region001	Esin_metagenome_contig_004575	Esin_metagenome_contig_004575	NRPS	NRPS		
Esin_bac_bin091~Esin_metagenome_contig_005673.region001	Esin_metagenome_contig_005673	Esin_metagenome_contig_005673	RRE-containing	RiPPs		
Esin_bac_bin091~Esin_metagenome_contig_014371.region001	Esin_metagenome_contig_014371	Esin_metagenome_contig_014371	betalactone	Others		
Esin_bac_bin091~Esin_metagenome_contig_172725.region001	Esin_metagenome_contig_172725	Esin_metagenome_contig_172725	cyclic-lactone-autoinducer	RiPPs		
Esin_bac_bin092~Esin_metagenome_contig_001312.region001	Esin_metagenome_contig_001312	Esin_metagenome_contig_001312	RRE-containing	RiPPs		
Esin_bac_bin092~Esin_metagenome_contig_013921.region001	Esin_metagenome_contig_013921	Esin_metagenome_contig_013921	RRE-containing	RiPPs		
Esin_bac_bin092~Esin_metagenome_contig_022239.region001	Esin_metagenome_contig_022239	Esin_metagenome_contig_022239	ranthipeptide	RiPPs		
Esin_bac_bin093~Esin_metagenome_contig_000169.region001	Esin_metagenome_contig_000169	Esin_metagenome_contig_000169	LAP.thiopeptide	RiPPs		
Esin_bac_bin093~Esin_metagenome_contig_000440.region001	Esin_metagenome_contig_000440	Esin_metagenome_contig_000440	cyclic-lactone-autoinducer	RiPPs		
Esin_bac_bin093~Esin_metagenome_contig_001131.region001	Esin_metagenome_contig_001131	Esin_metagenome_contig_001131	RRE-containing	RiPPs		
Esin_bac_bin093~Esin_metagenome_contig_001860.region001	Esin_metagenome_contig_001860	Esin_metagenome_contig_001860	RRE-containing	RiPPs		
Esin_bac_bin093~Esin_metagenome_contig_004311.region001	Esin_metagenome_contig_004311	Esin_metagenome_contig_004311	cyclic-lactone-autoinducer	RiPPs		
Esin_bac_bin093~Esin_metagenome_contig_004311.region002	Esin_metagenome_contig_004311	Esin_metagenome_contig_004311	cyclic-lactone-autoinducer	RiPPs		
Esin_bac_bin094~Esin_metagenome_contig_000067.region001	Esin_metagenome_contig_000067	Esin_metagenome_contig_000067	ranthipeptide	RiPPs		
Esin_bac_bin094~Esin_metagenome_contig_000078.region001	Esin_metagenome_contig_000078	Esin_metagenome_contig_000078	RRE-containing	RiPPs		
Esin_bac_bin094~Esin_metagenome_contig_000078.region002	Esin_metagenome_contig_000078	Esin_metagenome_contig_000078	ranthipeptide	RiPPs		
Esin_bac_bin095~Esin_metagenome_contig_000083.region001	Esin_metagenome_contig_000083	Esin_metagenome_contig_000083	cyclic-lactone-autoinducer.ranthipeptide	RiPPs		
Esin_bac_bin096~Esin_metagenome_contig_018633.region001	Esin_metagenome_contig_018633	Esin_metagenome_contig_018633	betalactone	Others		
Esin_bac_bin096~Esin_metagenome_contig_250275.region001	Esin_metagenome_contig_250275	Esin_metagenome_contig_250275	RRE-containing	RiPPs		
Esin_bac_bin097~Esin_metagenome_contig_001383.region001	Esin_metagenome_contig_001383	Esin_metagenome_contig_001383	cyclic-lactone-autoinducer	RiPPs		
Esin_bac_bin097~Esin_metagenome_contig_003494.region001	Esin_metagenome_contig_003494	Esin_metagenome_contig_003494	ranthipeptide	RiPPs		
Esin_bac_bin098~Esin_metagenome_contig_012420.region001	Esin_metagenome_contig_012420	Esin_metagenome_contig_012420	RRE-containing	RiPPs		
Esin_bac_bin098~Esin_metagenome_contig_041462.region001	Esin_metagenome_contig_041462	Esin_metagenome_contig_041462	cyclic-lactone-autoinducer	RiPPs		
Esin_bac_bin098~Esin_metagenome_contig_114866.region001	Esin_metagenome_contig_114866	Esin_metagenome_contig_114866	cyclic-lactone-autoinducer	RiPPs		
Esin_bac_bin099~Esin_metagenome_contig_000323.region001	Esin_metagenome_contig_000323	Esin_metagenome_contig_000323	ranthipeptide	RiPPs		
Esin_bac_bin099~Esin_metagenome_contig_000837.region001	Esin_metagenome_contig_000837	Esin_metagenome_contig_000837	NRPS	NRPS		
Esin_bac_bin099~Esin_metagenome_contig_001781.region001	Esin_metagenome_contig_001781	Esin_metagenome_contig_001781	phosphonate	Others		
Esin_bac_bin100~Esin_metagenome_contig_065099.region001	Esin_metagenome_contig_065099	Esin_metagenome_contig_065099	ranthipeptide	RiPPs		
Esin_bac_bin101~Esin_metagenome_contig_116556.region001	Esin_metagenome_contig_116556	Esin_metagenome_contig_116556	cyclic-lactone-autoinducer	RiPPs		
Esin_bac_bin101~Esin_metagenome_contig_143257.region001	Esin_metagenome_contig_143257	Esin_metagenome_contig_143257	ranthipeptide	RiPPs		
Esin_bac_bin102~Esin_metagenome_contig_000901.region001	Esin_metagenome_contig_000901	Esin_metagenome_contig_000901	RRE-containing	RiPPs		
Esin_bac_bin103~Esin_metagenome_contig_011336.region001	Esin_metagenome_contig_011336	Esin_metagenome_contig_011336	NRPS	NRPS		
Esin_bac_bin103~Esin_metagenome_contig_067483.region001	Esin_metagenome_contig_067483	Esin_metagenome_contig_067483	RRE-containing	RiPPs		
Esin_bac_bin104~Esin_metagenome_contig_035597.region001	Esin_metagenome_contig_035597	Esin_metagenome_contig_035597	cyclic-lactone-autoinducer	RiPPs		
Esin_bac_bin105~Esin_metagenome_contig_129285.region001	Esin_metagenome_contig_129285	Esin_metagenome_contig_129285	RRE-containing	RiPPs		
Esin_bac_bin105~Esin_metagenome_contig_143406.region001	Esin_metagenome_contig_143406	Esin_metagenome_contig_143406	RRE-containing	RiPPs		
Esin_bac_bin106~Esin_metagenome_contig_141285.region001	Esin_metagenome_contig_141285	Esin_metagenome_contig_141285	RRE-containing	RiPPs		
Esin_bac_bin107~Esin_metagenome_contig_003971.region001	Esin_metagenome_contig_003971	Esin_metagenome_contig_003971	RRE-containing	RiPPs		
Esin_bac_bin107~Esin_metagenome_contig_020352.region001	Esin_metagenome_contig_020352	Esin_metagenome_contig_020352	RRE-containing	RiPPs		
Esin_bac_bin107~Esin_metagenome_contig_033005.region001	Esin_metagenome_contig_033005	Esin_metagenome_contig_033005	ranthipeptide	RiPPs		
Esin_bac_bin108~Esin_metagenome_contig_097060.region001	Esin_metagenome_contig_097060	Esin_metagenome_contig_097060	cyclic-lactone-autoinducer	RiPPs		
Esin_bac_bin109~Esin_metagenome_contig_052860.region001	Esin_metagenome_contig_052860	Esin_metagenome_contig_052860	lassopeptide	RiPPs		
Esin_bac_bin109~Esin_metagenome_contig_119928.region001	Esin_metagenome_contig_119928	Esin_metagenome_contig_119928	NRPS	NRPS		
Esin_bac_bin109~Esin_metagenome_contig_135489.region001	Esin_metagenome_contig_135489	Esin_metagenome_contig_135489	RRE-containing	RiPPs		
Esin_bac_bin109~Esin_metagenome_contig_153425.region001	Esin_metagenome_contig_153425	Esin_metagenome_contig_153425	NRPS	NRPS		
Esin_bac_bin110~Esin_metagenome_contig_097415.region001	Esin_metagenome_contig_097415	Esin_metagenome_contig_097415	RRE-containing	RiPPs		
Esin_bac_bin110~Esin_metagenome_contig_182878.region001	Esin_metagenome_contig_182878	Esin_metagenome_contig_182878	RRE-containing	RiPPs		
Esin_bac_bin111~Esin_metagenome_contig_027970.region001	Esin_metagenome_contig_027970	Esin_metagenome_contig_027970	ranthipeptide	RiPPs		
Esin_bac_bin111~Esin_metagenome_contig_065729.region001	Esin_metagenome_contig_065729	Esin_metagenome_contig_065729	phosphonate	Others		
Esin_bac_bin111~Esin_metagenome_contig_088088.region001	Esin_metagenome_contig_088088	Esin_metagenome_contig_088088	cyclic-lactone-autoinducer	RiPPs		
Esin_bac_bin112~Esin_metagenome_contig_105443.region001	Esin_metagenome_contig_105443	Esin_metagenome_contig_105443	ranthipeptide	RiPPs		
Esin_bac_bin113~Esin_metagenome_contig_000405.region001	Esin_metagenome_contig_000405	Esin_metagenome_contig_000405	ranthipeptide	RiPPs		
Esin_bac_bin115~Esin_metagenome_contig_051041.region001	Esin_metagenome_contig_051041	Esin_metagenome_contig_051041	RRE-containing	RiPPs		
Esin_bac_bin115~Esin_metagenome_contig_069598.region001	Esin_metagenome_contig_069598	Esin_metagenome_contig_069598	RiPP-like	RiPPs		
Esin_bac_bin115~Esin_metagenome_contig_114469.region001	Esin_metagenome_contig_114469	Esin_metagenome_contig_114469	cyclic-lactone-autoinducer	RiPPs		
Esin_bac_bin115~Esin_metagenome_contig_184755.region001	Esin_metagenome_contig_184755	Esin_metagenome_contig_184755	ranthipeptide	RiPPs		
Esin_bac_bin117~Esin_metagenome_contig_003729.region001	Esin_metagenome_contig_003729	Esin_metagenome_contig_003729	ranthipeptide	RiPPs		
Esin_bac_bin119~Esin_metagenome_contig_010940.region001	Esin_metagenome_contig_010940	Esin_metagenome_contig_010940	ranthipeptide	RiPPs		
Esin_bac_bin120~Esin_metagenome_contig_002165.region001	Esin_metagenome_contig_002165	Esin_metagenome_contig_002165	RRE-containing	RiPPs		
Esin_bac_bin120~Esin_metagenome_contig_007621.region001	Esin_metagenome_contig_007621	Esin_metagenome_contig_007621	cyclic-lactone-autoinducer	RiPPs		
Esin_bac_bin120~Esin_metagenome_contig_070151.region001	Esin_metagenome_contig_070151	Esin_metagenome_contig_070151	phosphonate	Others		
Esin_bac_bin121~Esin_metagenome_contig_017148.region001	Esin_metagenome_contig_017148	Esin_metagenome_contig_017148	RRE-containing	RiPPs		
Esin_bac_bin122~Esin_metagenome_contig_012010.region001	Esin_metagenome_contig_012010	Esin_metagenome_contig_012010	RRE-containing	RiPPs		
Esin_bac_bin122~Esin_metagenome_contig_022051.region001	Esin_metagenome_contig_022051	Esin_metagenome_contig_022051	RRE-containing	RiPPs		
Esin_bac_bin123~Esin_metagenome_contig_000022.region001	Esin_metagenome_contig_000022	Esin_metagenome_contig_000022	lassopeptide	RiPPs		
Esin_bac_bin123~Esin_metagenome_contig_000353.region001	Esin_metagenome_contig_000353	Esin_metagenome_contig_000353	RRE-containing	RiPPs		
Esin_bac_bin124~Esin_metagenome_contig_181637.region001	Esin_metagenome_contig_181637	Esin_metagenome_contig_181637	RRE-containing	RiPPs		
Esin_bac_bin125~Esin_metagenome_contig_018539.region001	Esin_metagenome_contig_018539	Esin_metagenome_contig_018539	RRE-containing	RiPPs		
Esin_bac_bin126~Esin_metagenome_contig_197347.region001	Esin_metagenome_contig_197347	Esin_metagenome_contig_197347	NRPS-like	NRPS		
Esin_bac_bin127~Esin_metagenome_contig_001502.region001	Esin_metagenome_contig_001502	Esin_metagenome_contig_001502	ranthipeptide	RiPPs		
Esin_bac_bin128~Esin_metagenome_contig_003145.region001	Esin_metagenome_contig_003145	Esin_metagenome_contig_003145	ranthipeptide	RiPPs		
Esin_bac_bin128~Esin_metagenome_contig_021330.region001	Esin_metagenome_contig_021330	Esin_metagenome_contig_021330	ranthipeptide	RiPPs		
Esin_bac_bin129~Esin_metagenome_contig_092906.region001	Esin_metagenome_contig_092906	Esin_metagenome_contig_092906	RRE-containing	RiPPs		
Esin_bac_bin129~Esin_metagenome_contig_113200.region001	Esin_metagenome_contig_113200	Esin_metagenome_contig_113200	lassopeptide	RiPPs		
Esin_bac_bin130~Esin_metagenome_contig_004212.region001	Esin_metagenome_contig_004212	Esin_metagenome_contig_004212	cyclic-lactone-autoinducer	RiPPs		
Esin_bac_bin130~Esin_metagenome_contig_026545.region001	Esin_metagenome_contig_026545	Esin_metagenome_contig_026545	phosphonate	Others		
Esin_bac_bin131~Esin_metagenome_contig_002863.region001	Esin_metagenome_contig_002863	Esin_metagenome_contig_002863	ranthipeptide	RiPPs		
Esin_bac_bin134~Esin_metagenome_contig_000229.region001	Esin_metagenome_contig_000229	Esin_metagenome_contig_000229	betalactone	Others		
Esin_bac_bin134~Esin_metagenome_contig_002701.region001	Esin_metagenome_contig_002701	Esin_metagenome_contig_002701	ranthipeptide	RiPPs		
Esin_bac_bin134~Esin_metagenome_contig_010252.region001	Esin_metagenome_contig_010252	Esin_metagenome_contig_010252	NRPS-like	NRPS		
Esin_bac_bin135~Esin_metagenome_contig_059186.region001	Esin_metagenome_contig_059186	Esin_metagenome_contig_059186	RRE-containing	RiPPs		
Esin_bac_bin136~Esin_metagenome_contig_039539.region001	Esin_metagenome_contig_039539	Esin_metagenome_contig_039539	betalactone	Others		
Esin_bac_bin137~Esin_metagenome_contig_000095.region001	Esin_metagenome_contig_000095	Esin_metagenome_contig_000095	betalactone	Others		
Esin_bac_bin138~Esin_metagenome_contig_000020.region001	Esin_metagenome_contig_000020	Esin_metagenome_contig_000020	cyclic-lactone-autoinducer	RiPPs		
Esin_bac_bin138~Esin_metagenome_contig_000020.region002	Esin_metagenome_contig_000020	Esin_metagenome_contig_000020	cyclic-lactone-autoinducer	RiPPs		
Esin_bac_bin138~Esin_metagenome_contig_000020.region003	Esin_metagenome_contig_000020	Esin_metagenome_contig_000020	betalactone	Others		
Esin_bac_bin138~Esin_metagenome_contig_000020.region004	Esin_metagenome_contig_000020	Esin_metagenome_contig_000020	NRPS-like	NRPS		
Esin_bac_bin139~Esin_metagenome_contig_000210.region001	Esin_metagenome_contig_000210	Esin_metagenome_contig_000210	betalactone	Others		
Esin_bac_bin141~Esin_metagenome_contig_000803.region001	Esin_metagenome_contig_000803	Esin_metagenome_contig_000803	betalactone	Others		
Esin_bac_bin143~Esin_metagenome_contig_026886.region001	Esin_metagenome_contig_026886	Esin_metagenome_contig_026886	ranthipeptide	RiPPs		
Esin_bac_bin143~Esin_metagenome_contig_097505.region001	Esin_metagenome_contig_097505	Esin_metagenome_contig_097505	cyanobactin	RiPPs		
Esin_bac_bin144~Esin_metagenome_contig_001140.region001	Esin_metagenome_contig_001140	Esin_metagenome_contig_001140	NRPS-like	NRPS		
Esin_bac_bin144~Esin_metagenome_contig_001818.region001	Esin_metagenome_contig_001818	Esin_metagenome_contig_001818	cyclic-lactone-autoinducer	RiPPs		
Esin_bac_bin144~Esin_metagenome_contig_005102.region001	Esin_metagenome_contig_005102	Esin_metagenome_contig_005102	cyclic-lactone-autoinducer	RiPPs		
Esin_bac_bin145~Esin_metagenome_contig_001788.region001	Esin_metagenome_contig_001788	Esin_metagenome_contig_001788	cyclic-lactone-autoinducer	RiPPs		
Esin_bac_bin145~Esin_metagenome_contig_002603.region001	Esin_metagenome_contig_002603	Esin_metagenome_contig_002603	RRE-containing	RiPPs		
Esin_bac_bin146~Esin_metagenome_contig_014466.region001	Esin_metagenome_contig_014466	Esin_metagenome_contig_014466	RRE-containing	RiPPs		
Esin_bac_bin148~Esin_metagenome_contig_000206.region001	Esin_metagenome_contig_000206	Esin_metagenome_contig_000206	cyclic-lactone-autoinducer	RiPPs		
Esin_bac_bin148~Esin_metagenome_contig_000206.region002	Esin_metagenome_contig_000206	Esin_metagenome_contig_000206	betalactone	Others		
Esin_bac_bin148~Esin_metagenome_contig_000206.region003	Esin_metagenome_contig_000206	Esin_metagenome_contig_000206	ranthipeptide	RiPPs		
Esin_bac_bin148~Esin_metagenome_contig_001911.region001	Esin_metagenome_contig_001911	Esin_metagenome_contig_001911	NRPS-like	NRPS		
Esin_bac_bin148~Esin_metagenome_contig_001911.region002	Esin_metagenome_contig_001911	Esin_metagenome_contig_001911	lassopeptide	RiPPs		
Esin_bac_bin149~Esin_metagenome_contig_011955.region001	Esin_metagenome_contig_011955	Esin_metagenome_contig_011955	ranthipeptide	RiPPs		
Esin_bac_bin149~Esin_metagenome_contig_158456.region001	Esin_metagenome_contig_158456	Esin_metagenome_contig_158456	cyclic-lactone-autoinducer	RiPPs		
Esin_bac_bin150~Esin_metagenome_contig_002114.region001	Esin_metagenome_contig_002114	Esin_metagenome_contig_002114	ranthipeptide	RiPPs		
Esin_bac_bin150~Esin_metagenome_contig_010088.region001	Esin_metagenome_contig_010088	Esin_metagenome_contig_010088	cyclic-lactone-autoinducer	RiPPs		
Esin_bac_bin150~Esin_metagenome_contig_017852.region001	Esin_metagenome_contig_017852	Esin_metagenome_contig_017852	cyclic-lactone-autoinducer	RiPPs		
Esin_bac_bin151~Esin_metagenome_contig_001287.region001	Esin_metagenome_contig_001287	Esin_metagenome_contig_001287	lassopeptide	RiPPs		
Esin_bac_bin151~Esin_metagenome_contig_005373.region001	Esin_metagenome_contig_005373	Esin_metagenome_contig_005373	cyclic-lactone-autoinducer	RiPPs		
Esin_bac_bin151~Esin_metagenome_contig_008162.region001	Esin_metagenome_contig_008162	Esin_metagenome_contig_008162	cyclic-lactone-autoinducer	RiPPs		
Esin_bac_bin151~Esin_metagenome_contig_022318.region001	Esin_metagenome_contig_022318	Esin_metagenome_contig_022318	ranthipeptide	RiPPs		
Esin_bac_bin152~Esin_metagenome_contig_004961.region001	Esin_metagenome_contig_004961	Esin_metagenome_contig_004961	ranthipeptide	RiPPs		
Esin_bac_bin152~Esin_metagenome_contig_023616.region001	Esin_metagenome_contig_023616	Esin_metagenome_contig_023616	cyclic-lactone-autoinducer	RiPPs		
Esin_bac_bin153~Esin_metagenome_contig_000189.region001	Esin_metagenome_contig_000189	Esin_metagenome_contig_000189	cyclic-lactone-autoinducer	RiPPs		
Esin_bac_bin153~Esin_metagenome_contig_000189.region002	Esin_metagenome_contig_000189	Esin_metagenome_contig_000189	betalactone.ranthipeptide	Others		
Esin_bac_bin153~Esin_metagenome_contig_001550.region001	Esin_metagenome_contig_001550	Esin_metagenome_contig_001550	cyclic-lactone-autoinducer	RiPPs		
Esin_bac_bin153~Esin_metagenome_contig_003218.region001	Esin_metagenome_contig_003218	Esin_metagenome_contig_003218	cyclic-lactone-autoinducer.RiPP-like	RiPPs		
Esin_bac_bin153~Esin_metagenome_contig_003843.region001	Esin_metagenome_contig_003843	Esin_metagenome_contig_003843	cyclic-lactone-autoinducer	RiPPs		
Esin_bac_bin153~Esin_metagenome_contig_004692.region001	Esin_metagenome_contig_004692	Esin_metagenome_contig_004692	cyclic-lactone-autoinducer	RiPPs		
Esin_bac_bin153~Esin_metagenome_contig_006036.region001	Esin_metagenome_contig_006036	Esin_metagenome_contig_006036	cyclic-lactone-autoinducer	RiPPs		
Esin_bac_bin153~Esin_metagenome_contig_006724.region001	Esin_metagenome_contig_006724	Esin_metagenome_contig_006724	cyclic-lactone-autoinducer.lanthipeptide-class-ii	RiPPs		
Esin_bac_bin153~Esin_metagenome_contig_006724.region002	Esin_metagenome_contig_006724	Esin_metagenome_contig_006724	cyclic-lactone-autoinducer	RiPPs		
Esin_bac_bin153~Esin_metagenome_contig_015319.region001	Esin_metagenome_contig_015319	Esin_metagenome_contig_015319	RRE-containing	RiPPs		
Esin_bac_bin154~Esin_metagenome_contig_000200.region001	Esin_metagenome_contig_000200	Esin_metagenome_contig_000200	RRE-containing	RiPPs		
Esin_bac_bin154~Esin_metagenome_contig_000200.region002	Esin_metagenome_contig_000200	Esin_metagenome_contig_000200	RRE-containing	RiPPs		
Esin_bac_bin154~Esin_metagenome_contig_000349.region001	Esin_metagenome_contig_000349	Esin_metagenome_contig_000349	cyclic-lactone-autoinducer	RiPPs		
Esin_bac_bin154~Esin_metagenome_contig_000759.region001	Esin_metagenome_contig_000759	Esin_metagenome_contig_000759	phosphonate	Others		
Esin_bac_bin154~Esin_metagenome_contig_002702.region001	Esin_metagenome_contig_002702	Esin_metagenome_contig_002702	cyclic-lactone-autoinducer	RiPPs		
Esin_bac_bin154~Esin_metagenome_contig_004622.region001	Esin_metagenome_contig_004622	Esin_metagenome_contig_004622	cyclic-lactone-autoinducer	RiPPs		
Esin_bac_bin154~Esin_metagenome_contig_012755.region001	Esin_metagenome_contig_012755	Esin_metagenome_contig_012755	cyclic-lactone-autoinducer	RiPPs		
Esin_bac_bin154~Esin_metagenome_contig_019241.region001	Esin_metagenome_contig_019241	Esin_metagenome_contig_019241	cyclic-lactone-autoinducer	RiPPs		
Esin_bac_bin154~Esin_metagenome_contig_027948.region001	Esin_metagenome_contig_027948	Esin_metagenome_contig_027948	phosphonate	Others		
Esin_bac_bin155~Esin_metagenome_contig_000839.region001	Esin_metagenome_contig_000839	Esin_metagenome_contig_000839	cyclic-lactone-autoinducer	RiPPs		
Esin_bac_bin155~Esin_metagenome_contig_004091.region001	Esin_metagenome_contig_004091	Esin_metagenome_contig_004091	RRE-containing	RiPPs		
Esin_bac_bin156~Esin_metagenome_contig_001092.region001	Esin_metagenome_contig_001092	Esin_metagenome_contig_001092	NRPS-like.T1PKS.NRPS.transAT-PKS	PKS-NRP_Hybrids		
Esin_bac_bin156~Esin_metagenome_contig_001535.region001	Esin_metagenome_contig_001535	Esin_metagenome_contig_001535	T1PKS.NRPS.transAT-PKS	PKS-NRP_Hybrids		
Esin_bac_bin156~Esin_metagenome_contig_001910.region001	Esin_metagenome_contig_001910	Esin_metagenome_contig_001910	betalactone	Others		
Esin_bac_bin156~Esin_metagenome_contig_003309.region001	Esin_metagenome_contig_003309	Esin_metagenome_contig_003309	cyclic-lactone-autoinducer	RiPPs		
Esin_bac_bin157~Esin_metagenome_contig_000154.region001	Esin_metagenome_contig_000154	Esin_metagenome_contig_000154	lassopeptide	RiPPs		
Esin_bac_bin157~Esin_metagenome_contig_000197.region001	Esin_metagenome_contig_000197	Esin_metagenome_contig_000197	cyclic-lactone-autoinducer.phosphonate	Others		
Esin_bac_bin157~Esin_metagenome_contig_000335.region001	Esin_metagenome_contig_000335	Esin_metagenome_contig_000335	ranthipeptide	RiPPs		
Esin_bac_bin158~Esin_metagenome_contig_000081.region001	Esin_metagenome_contig_000081	Esin_metagenome_contig_000081	ranthipeptide	RiPPs		
Esin_bac_bin159~Esin_metagenome_contig_001407.region001	Esin_metagenome_contig_001407	Esin_metagenome_contig_001407	cyclic-lactone-autoinducer.RiPP-like	RiPPs		
Esin_bac_bin160~Esin_metagenome_contig_004817.region001	Esin_metagenome_contig_004817	Esin_metagenome_contig_004817	ranthipeptide	RiPPs		
Esin_bac_bin161~Esin_metagenome_contig_001187.region001	Esin_metagenome_contig_001187	Esin_metagenome_contig_001187	RRE-containing	RiPPs		
Esin_bac_bin161~Esin_metagenome_contig_001395.region001	Esin_metagenome_contig_001395	Esin_metagenome_contig_001395	NRPS-like	NRPS		
Esin_bac_bin161~Esin_metagenome_contig_004551.region001	Esin_metagenome_contig_004551	Esin_metagenome_contig_004551	cyclic-lactone-autoinducer	RiPPs		
Esin_bac_bin161~Esin_metagenome_contig_019944.region001	Esin_metagenome_contig_019944	Esin_metagenome_contig_019944	cyclic-lactone-autoinducer	RiPPs		
Esin_bac_bin162~Esin_metagenome_contig_000415.region001	Esin_metagenome_contig_000415	Esin_metagenome_contig_000415	cyclic-lactone-autoinducer	RiPPs		
Esin_bac_bin162~Esin_metagenome_contig_000506.region001	Esin_metagenome_contig_000506	Esin_metagenome_contig_000506	cyclic-lactone-autoinducer	RiPPs		
Esin_bac_bin162~Esin_metagenome_contig_000506.region002	Esin_metagenome_contig_000506	Esin_metagenome_contig_000506	RRE-containing	RiPPs		
Esin_bac_bin162~Esin_metagenome_contig_001691.region001	Esin_metagenome_contig_001691	Esin_metagenome_contig_001691	ranthipeptide	RiPPs		
Esin_bac_bin163~Esin_metagenome_contig_000026.region001	Esin_metagenome_contig_000026	Esin_metagenome_contig_000026	cyclic-lactone-autoinducer	RiPPs		
Esin_bac_bin163~Esin_metagenome_contig_000026.region002	Esin_metagenome_contig_000026	Esin_metagenome_contig_000026	ranthipeptide	RiPPs		
Esin_bac_bin163~Esin_metagenome_contig_000100.region001	Esin_metagenome_contig_000100	Esin_metagenome_contig_000100	lassopeptide	RiPPs		
Esin_bac_bin163~Esin_metagenome_contig_000100.region002	Esin_metagenome_contig_000100	Esin_metagenome_contig_000100	cyclic-lactone-autoinducer	RiPPs		
Esin_bac_bin163~Esin_metagenome_contig_000100.region003	Esin_metagenome_contig_000100	Esin_metagenome_contig_000100	cyclic-lactone-autoinducer.lassopeptide	RiPPs		
Esin_bac_bin163~Esin_metagenome_contig_000100.region004	Esin_metagenome_contig_000100	Esin_metagenome_contig_000100	RRE-containing	RiPPs		
Esin_bac_bin163~Esin_metagenome_contig_001581.region001	Esin_metagenome_contig_001581	Esin_metagenome_contig_001581	cyclic-lactone-autoinducer	RiPPs		
Esin_bac_bin164~Esin_metagenome_contig_075354.region001	Esin_metagenome_contig_075354	Esin_metagenome_contig_075354	cyclic-lactone-autoinducer	RiPPs		
Esin_bac_bin164~Esin_metagenome_contig_210083.region001	Esin_metagenome_contig_210083	Esin_metagenome_contig_210083	cyclic-lactone-autoinducer	RiPPs		
Esin_bac_bin165~Esin_metagenome_contig_008110.region001	Esin_metagenome_contig_008110	Esin_metagenome_contig_008110	ranthipeptide	RiPPs		
Esin_bac_bin166~Esin_metagenome_contig_001254.region001	Esin_metagenome_contig_001254	Esin_metagenome_contig_001254	RRE-containing	RiPPs		
Esin_bac_bin166~Esin_metagenome_contig_006268.region001	Esin_metagenome_contig_006268	Esin_metagenome_contig_006268	phosphonate	Others		
Esin_bac_bin166~Esin_metagenome_contig_010769.region001	Esin_metagenome_contig_010769	Esin_metagenome_contig_010769	NRPS	NRPS		
Esin_bac_bin166~Esin_metagenome_contig_030388.region001	Esin_metagenome_contig_030388	Esin_metagenome_contig_030388	NRPS-like	NRPS		
Esin_bac_bin167~Esin_metagenome_contig_044603.region001	Esin_metagenome_contig_044603	Esin_metagenome_contig_044603	ranthipeptide	RiPPs		
Esin_bac_bin167~Esin_metagenome_contig_087897.region001	Esin_metagenome_contig_087897	Esin_metagenome_contig_087897	RRE-containing	RiPPs		
Esin_bac_bin167~Esin_metagenome_contig_157308.region001	Esin_metagenome_contig_157308	Esin_metagenome_contig_157308	RRE-containing	RiPPs		
Esin_bac_bin168~Esin_metagenome_contig_175137.region001	Esin_metagenome_contig_175137	Esin_metagenome_contig_175137	terpene	Terpene		
Esin_bac_bin169~Esin_metagenome_contig_047602.region001	Esin_metagenome_contig_047602	Esin_metagenome_contig_047602	NRPS	NRPS		
Esin_bac_bin170~Esin_metagenome_contig_004810.region001	Esin_metagenome_contig_004810	Esin_metagenome_contig_004810	betalactone	Others		
Esin_bac_bin170~Esin_metagenome_contig_005004.region001	Esin_metagenome_contig_005004	Esin_metagenome_contig_005004	RiPP-like	RiPPs		
Esin_bac_bin171~Esin_metagenome_contig_000446.region001	Esin_metagenome_contig_000446	Esin_metagenome_contig_000446	RiPP-like	RiPPs		
Esin_bac_bin171~Esin_metagenome_contig_001721.region001	Esin_metagenome_contig_001721	Esin_metagenome_contig_001721	betalactone	Others		
Esin_bac_bin172~Esin_metagenome_contig_000220.region001	Esin_metagenome_contig_000220	Esin_metagenome_contig_000220	betalactone	Others		
Esin_bac_bin172~Esin_metagenome_contig_007631.region001	Esin_metagenome_contig_007631	Esin_metagenome_contig_007631	RiPP-like	RiPPs		
Esin_bac_bin173~Esin_metagenome_contig_000255.region001	Esin_metagenome_contig_000255	Esin_metagenome_contig_000255	RiPP-like	RiPPs		
Esin_bac_bin174~Esin_metagenome_contig_036056.region001	Esin_metagenome_contig_036056	Esin_metagenome_contig_036056	cyclic-lactone-autoinducer	RiPPs		
Esin_bac_bin174~Esin_metagenome_contig_045342.region001	Esin_metagenome_contig_045342	Esin_metagenome_contig_045342	cyclic-lactone-autoinducer	RiPPs		
Esin_bac_bin175~Esin_metagenome_contig_000122.region001	Esin_metagenome_contig_000122	Esin_metagenome_contig_000122	ranthipeptide	RiPPs		
Esin_bac_bin176~Esin_metagenome_contig_004752.region001	Esin_metagenome_contig_004752	Esin_metagenome_contig_004752	ranthipeptide	RiPPs		
Esin_bac_bin178~Esin_metagenome_contig_033971.region001	Esin_metagenome_contig_033971	Esin_metagenome_contig_033971	ranthipeptide	RiPPs		
Esin_bac_bin178~Esin_metagenome_contig_080574.region001	Esin_metagenome_contig_080574	Esin_metagenome_contig_080574	NRPS	NRPS		
Esin_bac_bin180~Esin_metagenome_contig_005110.region001	Esin_metagenome_contig_005110	Esin_metagenome_contig_005110	ranthipeptide	RiPPs		
Esin_bac_bin180~Esin_metagenome_contig_018565.region001	Esin_metagenome_contig_018565	Esin_metagenome_contig_018565	cyclic-lactone-autoinducer	RiPPs		
Esin_bac_bin181~Esin_metagenome_contig_000254.region001	Esin_metagenome_contig_000254	Esin_metagenome_contig_000254	cyclic-lactone-autoinducer	RiPPs		
Esin_bac_bin181~Esin_metagenome_contig_000363.region001	Esin_metagenome_contig_000363	Esin_metagenome_contig_000363	ranthipeptide	RiPPs		
Esin_bac_bin181~Esin_metagenome_contig_002794.region001	Esin_metagenome_contig_002794	Esin_metagenome_contig_002794	RRE-containing	RiPPs		
Esin_bac_bin182~Esin_metagenome_contig_000462.region001	Esin_metagenome_contig_000462	Esin_metagenome_contig_000462	NRPS	NRPS		
Esin_bac_bin182~Esin_metagenome_contig_002205.region001	Esin_metagenome_contig_002205	Esin_metagenome_contig_002205	phenazine	Others		
Esin_bac_bin182~Esin_metagenome_contig_081910.region001	Esin_metagenome_contig_081910	Esin_metagenome_contig_081910	NRPS-like	NRPS		
Esin_bac_bin183~Esin_metagenome_contig_000039.region001	Esin_metagenome_contig_000039	Esin_metagenome_contig_000039	T3PKS	PKSother		
Esin_bac_bin184~Esin_metagenome_contig_023572.region001	Esin_metagenome_contig_023572	Esin_metagenome_contig_023572	RiPP-like	RiPPs		
Esin_bac_bin185~Esin_metagenome_contig_001461.region001	Esin_metagenome_contig_001461	Esin_metagenome_contig_001461	cyclic-lactone-autoinducer	RiPPs		
Esin_bac_bin189~Esin_metagenome_contig_133225.region001	Esin_metagenome_contig_133225	Esin_metagenome_contig_133225	T3PKS	PKSother		
Esin_bac_bin191~Esin_metagenome_contig_002441.region001	Esin_metagenome_contig_002441	Esin_metagenome_contig_002441	T3PKS	PKSother		
Esin_bac_bin192~Esin_metagenome_contig_000018.region001	Esin_metagenome_contig_000018	Esin_metagenome_contig_000018	T3PKS	PKSother		
Esin_bac_bin193~Esin_metagenome_contig_138416.region001	Esin_metagenome_contig_138416	Esin_metagenome_contig_138416	T3PKS	PKSother		
Esin_bac_bin195~Esin_metagenome_contig_005562.region001	Esin_metagenome_contig_005562	Esin_metagenome_contig_005562	T3PKS	PKSother		
Esin_bac_bin196~Esin_metagenome_contig_171416.region001	Esin_metagenome_contig_171416	Esin_metagenome_contig_171416	T3PKS	PKSother		
Esin_bac_bin200~Esin_metagenome_contig_001706.region001	Esin_metagenome_contig_001706	Esin_metagenome_contig_001706	T3PKS	PKSother		
Esin_bac_bin201~Esin_metagenome_contig_000065.region001	Esin_metagenome_contig_000065	Esin_metagenome_contig_000065	lassopeptide	RiPPs		
Esin_bac_bin201~Esin_metagenome_contig_000430.region001	Esin_metagenome_contig_000430	Esin_metagenome_contig_000430	T3PKS	PKSother		
Esin_bac_bin201~Esin_metagenome_contig_052257.region001	Esin_metagenome_contig_052257	Esin_metagenome_contig_052257	RiPP-like	RiPPs		
Esin_bac_bin204~Esin_metagenome_contig_000017.region001	Esin_metagenome_contig_000017	Esin_metagenome_contig_000017	T3PKS	PKSother		
Esin_bac_bin205~Esin_metagenome_contig_001062.region001	Esin_metagenome_contig_001062	Esin_metagenome_contig_001062	T3PKS	PKSother		
Esin_bac_bin206~Esin_metagenome_contig_177297.region001	Esin_metagenome_contig_177297	Esin_metagenome_contig_177297	cyclic-lactone-autoinducer	RiPPs		
Esin_bac_bin207~Esin_metagenome_contig_002789.region001	Esin_metagenome_contig_002789	Esin_metagenome_contig_002789	RiPP-like	RiPPs		
Esin_bac_bin207~Esin_metagenome_contig_020771.region001	Esin_metagenome_contig_020771	Esin_metagenome_contig_020771	ranthipeptide	RiPPs		
Esin_bac_bin208~Esin_metagenome_contig_000553.region001	Esin_metagenome_contig_000553	Esin_metagenome_contig_000553	proteusin	RiPPs		
Esin_bac_bin208~Esin_metagenome_contig_001993.region001	Esin_metagenome_contig_001993	Esin_metagenome_contig_001993	ranthipeptide	RiPPs		
Esin_bac_bin208~Esin_metagenome_contig_008245.region001	Esin_metagenome_contig_008245	Esin_metagenome_contig_008245	RiPP-like	RiPPs		
Esin_bac_bin211~Esin_metagenome_contig_000329.region001	Esin_metagenome_contig_000329	Esin_metagenome_contig_000329	NRPS	NRPS		
Esin_bac_bin213~Esin_metagenome_contig_002252.region001	Esin_metagenome_contig_002252	Esin_metagenome_contig_002252	NRPS-like	NRPS		
Esin_bac_bin214~Esin_metagenome_contig_000222.region001	Esin_metagenome_contig_000222	Esin_metagenome_contig_000222	NRPS-like	NRPS		
Esin_bac_bin215~Esin_metagenome_contig_001327.region001	Esin_metagenome_contig_001327	Esin_metagenome_contig_001327	RRE-containing	RiPPs		
Esin_bac_bin217~Esin_metagenome_contig_000034.region001	Esin_metagenome_contig_000034	Esin_metagenome_contig_000034	ranthipeptide	RiPPs		
Esin_bac_bin218~Esin_metagenome_contig_006662.region001	Esin_metagenome_contig_006662	Esin_metagenome_contig_006662	RiPP-like	RiPPs		
Esin_bac_bin218~Esin_metagenome_contig_104711.region001	Esin_metagenome_contig_104711	Esin_metagenome_contig_104711	cyclic-lactone-autoinducer	RiPPs		
Esin_bac_bin220~Esin_metagenome_contig_001160.region001	Esin_metagenome_contig_001160	Esin_metagenome_contig_001160	NRPS-like	NRPS		
Esin_bac_bin222~Esin_metagenome_contig_000476.region001	Esin_metagenome_contig_000476	Esin_metagenome_contig_000476	betalactone	Others		
Esin_bac_bin224~Esin_metagenome_contig_021659.region001	Esin_metagenome_contig_021659	Esin_metagenome_contig_021659	cyclic-lactone-autoinducer	RiPPs		
Esin_bac_bin226~Esin_metagenome_contig_001791.region001	Esin_metagenome_contig_001791	Esin_metagenome_contig_001791	cyclic-lactone-autoinducer	RiPPs		
Esin_bac_bin227~Esin_metagenome_contig_001338.region001	Esin_metagenome_contig_001338	Esin_metagenome_contig_001338	cyclic-lactone-autoinducer	RiPPs		
Esin_bac_bin227~Esin_metagenome_contig_004647.region001	Esin_metagenome_contig_004647	Esin_metagenome_contig_004647	cyclic-lactone-autoinducer	RiPPs		
Esin_bac_bin228~Esin_metagenome_contig_000103.region001	Esin_metagenome_contig_000103	Esin_metagenome_contig_000103	cyclic-lactone-autoinducer	RiPPs		
Esin_bac_bin228~Esin_metagenome_contig_000103.region002	Esin_metagenome_contig_000103	Esin_metagenome_contig_000103	cyclic-lactone-autoinducer	RiPPs		
Esin_bac_bin229~Esin_metagenome_contig_001531.region001	Esin_metagenome_contig_001531	Esin_metagenome_contig_001531	cyclic-lactone-autoinducer	RiPPs		
Esin_bac_bin231~Esin_metagenome_contig_006242.region001	Esin_metagenome_contig_006242	Esin_metagenome_contig_006242	NRPS-like	NRPS		
Esin_bac_bin232~Esin_metagenome_contig_000045.region001	Esin_metagenome_contig_000045	Esin_metagenome_contig_000045	NRPS-like	NRPS		
Esin_bac_bin232~Esin_metagenome_contig_000045.region002	Esin_metagenome_contig_000045	Esin_metagenome_contig_000045	NRPS-like	NRPS		
Esin_bac_bin233~Esin_metagenome_contig_008017.region001	Esin_metagenome_contig_008017	Esin_metagenome_contig_008017	NRPS-like	NRPS		
Esin_bac_bin234~Esin_metagenome_contig_003166.region001	Esin_metagenome_contig_003166	Esin_metagenome_contig_003166	phosphonate	Others		
Esin_bac_bin235~Esin_metagenome_contig_000126.region001	Esin_metagenome_contig_000126	Esin_metagenome_contig_000126	NRPS-like	NRPS		
Esin_bac_bin235~Esin_metagenome_contig_000126.region002	Esin_metagenome_contig_000126	Esin_metagenome_contig_000126	NRPS-like	NRPS		
Esin_bac_bin237~Esin_metagenome_contig_000079.region001	Esin_metagenome_contig_000079	Esin_metagenome_contig_000079	RiPP-like	RiPPs		
Esin_bac_bin239~Esin_metagenome_contig_008663.region001	Esin_metagenome_contig_008663	Esin_metagenome_contig_008663	RRE-containing	RiPPs		
Esin_bac_bin240~Esin_metagenome_contig_002882.region001	Esin_metagenome_contig_002882	Esin_metagenome_contig_002882	RRE-containing	RiPPs		
Esin_bac_bin241~Esin_metagenome_contig_001544.region001	Esin_metagenome_contig_001544	Esin_metagenome_contig_001544	ranthipeptide	RiPPs		
Esin_bac_bin243~Esin_metagenome_contig_005708.region001	Esin_metagenome_contig_005708	Esin_metagenome_contig_005708	RRE-containing	RiPPs		
Esin_bac_bin244~Esin_metagenome_contig_000846.region001	Esin_metagenome_contig_000846	Esin_metagenome_contig_000846	arylpolyene	Others		
Esin_bac_bin247~Esin_metagenome_contig_000390.region001	Esin_metagenome_contig_000390	Esin_metagenome_contig_000390	RRE-containing	RiPPs		
Esin_bac_bin247~Esin_metagenome_contig_004057.region001	Esin_metagenome_contig_004057	Esin_metagenome_contig_004057	arylpolyene	Others		
Esin_bac_bin247~Esin_metagenome_contig_004826.region001	Esin_metagenome_contig_004826	Esin_metagenome_contig_004826	RRE-containing	RiPPs		
Esin_bac_bin248~Esin_metagenome_contig_008237.region001	Esin_metagenome_contig_008237	Esin_metagenome_contig_008237	RRE-containing	RiPPs		
Esin_bac_bin248~Esin_metagenome_contig_015846.region001	Esin_metagenome_contig_015846	Esin_metagenome_contig_015846	RRE-containing	RiPPs		
Esin_bac_bin250~Esin_metagenome_contig_001727.region001	Esin_metagenome_contig_001727	Esin_metagenome_contig_001727	RRE-containing	RiPPs		
Esin_bac_bin252~Esin_metagenome_contig_000865.region001	Esin_metagenome_contig_000865	Esin_metagenome_contig_000865	lanthipeptide-class-i	RiPPs		
Esin_bac_bin252~Esin_metagenome_contig_001325.region001	Esin_metagenome_contig_001325	Esin_metagenome_contig_001325	phosphonate	Others		
Esin_bac_bin253~Esin_metagenome_contig_000526.region001	Esin_metagenome_contig_000526	Esin_metagenome_contig_000526	terpene	Terpene		
Esin_bac_bin253~Esin_metagenome_contig_002064.region001	Esin_metagenome_contig_002064	Esin_metagenome_contig_002064	RRE-containing	RiPPs		
Esin_bac_bin253~Esin_metagenome_contig_006320.region001	Esin_metagenome_contig_006320	Esin_metagenome_contig_006320	lanthipeptide-class-i	RiPPs		
Esin_bac_bin256~Esin_metagenome_contig_002523.region001	Esin_metagenome_contig_002523	Esin_metagenome_contig_002523	RRE-containing	RiPPs		
Esin_bac_bin257~Esin_metagenome_contig_000377.region001	Esin_metagenome_contig_000377	Esin_metagenome_contig_000377	RRE-containing	RiPPs		
Esin_bac_bin258~Esin_metagenome_contig_000358.region001	Esin_metagenome_contig_000358	Esin_metagenome_contig_000358	phosphonate	Others		
Esin_bac_bin259~Esin_metagenome_contig_001414.region001	Esin_metagenome_contig_001414	Esin_metagenome_contig_001414	RiPP-like	RiPPs		
Esin_bac_bin259~Esin_metagenome_contig_002907.region001	Esin_metagenome_contig_002907	Esin_metagenome_contig_002907	RRE-containing	RiPPs		
Esin_bac_bin260~Esin_metagenome_contig_000019.region001	Esin_metagenome_contig_000019	Esin_metagenome_contig_000019	RiPP-like	RiPPs		
Esin_bac_bin261~Esin_metagenome_contig_000463.region001	Esin_metagenome_contig_000463	Esin_metagenome_contig_000463	phosphonate	Others		
Esin_bac_bin262~Esin_metagenome_contig_000715.region001	Esin_metagenome_contig_000715	Esin_metagenome_contig_000715	RRE-containing	RiPPs		
Esin_bac_bin265~Esin_metagenome_contig_000601.region001	Esin_metagenome_contig_000601	Esin_metagenome_contig_000601	arylpolyene	Others		
Esin_bac_bin266~Esin_metagenome_contig_001777.region001	Esin_metagenome_contig_001777	Esin_metagenome_contig_001777	terpene	Terpene		
Esin_bac_bin266~Esin_metagenome_contig_001923.region001	Esin_metagenome_contig_001923	Esin_metagenome_contig_001923	RiPP-like	RiPPs		
Esin_bac_bin267~Esin_metagenome_contig_000808.region001	Esin_metagenome_contig_000808	Esin_metagenome_contig_000808	RiPP-like	RiPPs		
Esin_bac_bin267~Esin_metagenome_contig_001775.region001	Esin_metagenome_contig_001775	Esin_metagenome_contig_001775	arylpolyene	Others		
Esin_bac_bin268~Esin_metagenome_contig_000213.region001	Esin_metagenome_contig_000213	Esin_metagenome_contig_000213	terpene	Terpene		
Esin_bac_bin268~Esin_metagenome_contig_000266.region001	Esin_metagenome_contig_000266	Esin_metagenome_contig_000266	RiPP-like	RiPPs		
Esin_bac_bin270~Esin_metagenome_contig_000455.region001	Esin_metagenome_contig_000455	Esin_metagenome_contig_000455	phosphonate	Others		
Esin_bac_bin270~Esin_metagenome_contig_000815.region001	Esin_metagenome_contig_000815	Esin_metagenome_contig_000815	phosphonate	Others		
Esin_bac_bin270~Esin_metagenome_contig_001374.region001	Esin_metagenome_contig_001374	Esin_metagenome_contig_001374	betalactone	Others		
Esin_bac_bin271~Esin_metagenome_contig_000809.region001	Esin_metagenome_contig_000809	Esin_metagenome_contig_000809	arylpolyene	Others		
Esin_bac_bin271~Esin_metagenome_contig_003352.region001	Esin_metagenome_contig_003352	Esin_metagenome_contig_003352	RRE-containing	RiPPs		
Esin_bac_bin271~Esin_metagenome_contig_004434.region001	Esin_metagenome_contig_004434	Esin_metagenome_contig_004434	terpene	Terpene		
Esin_bac_bin271~Esin_metagenome_contig_006209.region001	Esin_metagenome_contig_006209	Esin_metagenome_contig_006209	arylpolyene	Others		
Esin_bac_bin271~Esin_metagenome_contig_048641.region001	Esin_metagenome_contig_048641	Esin_metagenome_contig_048641	RRE-containing	RiPPs		
Esin_bac_bin272~Esin_metagenome_contig_000904.region001	Esin_metagenome_contig_000904	Esin_metagenome_contig_000904	RRE-containing	RiPPs		
Esin_bac_bin272~Esin_metagenome_contig_002968.region001	Esin_metagenome_contig_002968	Esin_metagenome_contig_002968	RRE-containing	RiPPs		
Esin_bac_bin272~Esin_metagenome_contig_003562.region001	Esin_metagenome_contig_003562	Esin_metagenome_contig_003562	arylpolyene	Others		
Esin_bac_bin273~Esin_metagenome_contig_000456.region001	Esin_metagenome_contig_000456	Esin_metagenome_contig_000456	RRE-containing	RiPPs		
Esin_bac_bin273~Esin_metagenome_contig_001418.region001	Esin_metagenome_contig_001418	Esin_metagenome_contig_001418	terpene	Terpene		
Esin_bac_bin273~Esin_metagenome_contig_001657.region001	Esin_metagenome_contig_001657	Esin_metagenome_contig_001657	arylpolyene	Others		
Esin_bac_bin273~Esin_metagenome_contig_004903.region001	Esin_metagenome_contig_004903	Esin_metagenome_contig_004903	thiopeptide	RiPPs		
Esin_bac_bin273~Esin_metagenome_contig_009751.region001	Esin_metagenome_contig_009751	Esin_metagenome_contig_009751	arylpolyene	Others		
Esin_bac_bin273~Esin_metagenome_contig_023925.region001	Esin_metagenome_contig_023925	Esin_metagenome_contig_023925	RRE-containing	RiPPs		
Esin_bac_bin274~Esin_metagenome_contig_001655.region001	Esin_metagenome_contig_001655	Esin_metagenome_contig_001655	arylpolyene	Others		
Esin_bac_bin274~Esin_metagenome_contig_007464.region001	Esin_metagenome_contig_007464	Esin_metagenome_contig_007464	RRE-containing	RiPPs		
Esin_bac_bin274~Esin_metagenome_contig_012143.region001	Esin_metagenome_contig_012143	Esin_metagenome_contig_012143	terpene	Terpene		
Esin_bac_bin275~Esin_metagenome_contig_000165.region001	Esin_metagenome_contig_000165	Esin_metagenome_contig_000165	arylpolyene	Others		
Esin_bac_bin275~Esin_metagenome_contig_002204.region001	Esin_metagenome_contig_002204	Esin_metagenome_contig_002204	RRE-containing	RiPPs		
Esin_bac_bin276~Esin_metagenome_contig_000237.region001	Esin_metagenome_contig_000237	Esin_metagenome_contig_000237	terpene	Terpene		
Esin_bac_bin276~Esin_metagenome_contig_000273.region001	Esin_metagenome_contig_000273	Esin_metagenome_contig_000273	RRE-containing	RiPPs		
Esin_bac_bin276~Esin_metagenome_contig_009397.region001	Esin_metagenome_contig_009397	Esin_metagenome_contig_009397	RRE-containing	RiPPs		
Esin_bac_bin277~Esin_metagenome_contig_000973.region001	Esin_metagenome_contig_000973	Esin_metagenome_contig_000973	terpene	Terpene		
Esin_bac_bin277~Esin_metagenome_contig_002780.region001	Esin_metagenome_contig_002780	Esin_metagenome_contig_002780	arylpolyene	Others		
Esin_bac_bin277~Esin_metagenome_contig_005292.region001	Esin_metagenome_contig_005292	Esin_metagenome_contig_005292	arylpolyene	Others		
Esin_bac_bin277~Esin_metagenome_contig_014446.region001	Esin_metagenome_contig_014446	Esin_metagenome_contig_014446	terpene	Terpene		
Esin_bac_bin277~Esin_metagenome_contig_016350.region001	Esin_metagenome_contig_016350	Esin_metagenome_contig_016350	RRE-containing	RiPPs		
Esin_bac_bin278~Esin_metagenome_contig_000069.region001	Esin_metagenome_contig_000069	Esin_metagenome_contig_000069	phosphonate	Others		
Esin_bac_bin278~Esin_metagenome_contig_000120.region001	Esin_metagenome_contig_000120	Esin_metagenome_contig_000120	RRE-containing	RiPPs		
Esin_bac_bin278~Esin_metagenome_contig_002419.region001	Esin_metagenome_contig_002419	Esin_metagenome_contig_002419	RRE-containing	RiPPs		
Esin_bac_bin279~Esin_metagenome_contig_000051.region001	Esin_metagenome_contig_000051	Esin_metagenome_contig_000051	RiPP-like	RiPPs		
Esin_bac_bin279~Esin_metagenome_contig_000060.region001	Esin_metagenome_contig_000060	Esin_metagenome_contig_000060	RRE-containing	RiPPs		
Esin_bac_bin279~Esin_metagenome_contig_000527.region001	Esin_metagenome_contig_000527	Esin_metagenome_contig_000527	RRE-containing	RiPPs		
Esin_bac_bin279~Esin_metagenome_contig_000646.region001	Esin_metagenome_contig_000646	Esin_metagenome_contig_000646	arylpolyene	Others		
Esin_bac_bin280~Esin_metagenome_contig_000673.region001	Esin_metagenome_contig_000673	Esin_metagenome_contig_000673	arylpolyene	Others		
Esin_bac_bin280~Esin_metagenome_contig_001840.region001	Esin_metagenome_contig_001840	Esin_metagenome_contig_001840	RRE-containing	RiPPs		
Esin_bac_bin280~Esin_metagenome_contig_002988.region001	Esin_metagenome_contig_002988	Esin_metagenome_contig_002988	RRE-containing	RiPPs		
Esin_bac_bin281~Esin_metagenome_contig_000016.region001	Esin_metagenome_contig_000016	Esin_metagenome_contig_000016	terpene	Terpene		
Esin_bac_bin281~Esin_metagenome_contig_000016.region002	Esin_metagenome_contig_000016	Esin_metagenome_contig_000016	RRE-containing	RiPPs		
Esin_bac_bin282~Esin_metagenome_contig_000232.region001	Esin_metagenome_contig_000232	Esin_metagenome_contig_000232	hydrogen-cyanide	Others		
Esin_bac_bin282~Esin_metagenome_contig_000232.region002	Esin_metagenome_contig_000232	Esin_metagenome_contig_000232	NRPS-like	NRPS		
Esin_bac_bin282~Esin_metagenome_contig_004327.region001	Esin_metagenome_contig_004327	Esin_metagenome_contig_004327	betalactone	Others		
Esin_bac_bin282~Esin_metagenome_contig_007943.region001	Esin_metagenome_contig_007943	Esin_metagenome_contig_007943	RiPP-like	RiPPs		
Esin_bac_bin283~Esin_metagenome_contig_003213.region001	Esin_metagenome_contig_003213	Esin_metagenome_contig_003213	NRPS-like	NRPS		
Esin_bac_bin284~Esin_metagenome_contig_001548.region001	Esin_metagenome_contig_001548	Esin_metagenome_contig_001548	NRPS-like	NRPS		
Esin_bac_bin284~Esin_metagenome_contig_009861.region001	Esin_metagenome_contig_009861	Esin_metagenome_contig_009861	hydrogen-cyanide	Others		
Esin_bac_bin285~Esin_metagenome_contig_000027.region001	Esin_metagenome_contig_000027	Esin_metagenome_contig_000027	arylpolyene	Others		
Esin_bac_bin285~Esin_metagenome_contig_000027.region002	Esin_metagenome_contig_000027	Esin_metagenome_contig_000027	hydrogen-cyanide	Others		
Esin_bac_bin285~Esin_metagenome_contig_000155.region001	Esin_metagenome_contig_000155	Esin_metagenome_contig_000155	NRPS-like	NRPS		
Esin_bac_bin285~Esin_metagenome_contig_000201.region001	Esin_metagenome_contig_000201	Esin_metagenome_contig_000201	arylpolyene	Others		
Esin_bac_bin285~Esin_metagenome_contig_136001.region001	Esin_metagenome_contig_136001	Esin_metagenome_contig_136001	NRPS	NRPS		
Esin_bac_bin286~Esin_metagenome_contig_000007.region001	Esin_metagenome_contig_000007	Esin_metagenome_contig_000007	NRPS-like	NRPS		
Esin_bac_bin286~Esin_metagenome_contig_000007.region002	Esin_metagenome_contig_000007	Esin_metagenome_contig_000007	hydrogen-cyanide	Others		
Esin_bac_bin288~Esin_metagenome_contig_007945.region001	Esin_metagenome_contig_007945	Esin_metagenome_contig_007945	resorcinol.arylpolyene	Others		
Esin_bac_bin288~Esin_metagenome_contig_019122.region001	Esin_metagenome_contig_019122	Esin_metagenome_contig_019122	RRE-containing	RiPPs		
Esin_bac_bin288~Esin_metagenome_contig_026055.region001	Esin_metagenome_contig_026055	Esin_metagenome_contig_026055	betalactone	Others		
Esin_bac_bin288~Esin_metagenome_contig_027646.region001	Esin_metagenome_contig_027646	Esin_metagenome_contig_027646	NRPS-like	NRPS		
Esin_bac_bin289~Esin_metagenome_contig_000262.region001	Esin_metagenome_contig_000262	Esin_metagenome_contig_000262	RRE-containing	RiPPs		
Esin_bac_bin289~Esin_metagenome_contig_001361.region001	Esin_metagenome_contig_001361	Esin_metagenome_contig_001361	arylpolyene	Others		
Esin_bac_bin289~Esin_metagenome_contig_003056.region001	Esin_metagenome_contig_003056	Esin_metagenome_contig_003056	hydrogen-cyanide	Others		
Esin_bac_bin290~Esin_metagenome_contig_000106.region001	Esin_metagenome_contig_000106	Esin_metagenome_contig_000106	arylpolyene	Others		
Esin_bac_bin290~Esin_metagenome_contig_000106.region002	Esin_metagenome_contig_000106	Esin_metagenome_contig_000106	lanthipeptide-class-i	RiPPs		
Esin_bac_bin290~Esin_metagenome_contig_000583.region001	Esin_metagenome_contig_000583	Esin_metagenome_contig_000583	arylpolyene	Others		
Esin_bac_bin290~Esin_metagenome_contig_000869.region001	Esin_metagenome_contig_000869	Esin_metagenome_contig_000869	hydrogen-cyanide	Others		
Esin_bac_bin292~Esin_metagenome_contig_010302.region001	Esin_metagenome_contig_010302	Esin_metagenome_contig_010302	arylpolyene	Others		
Esin_bac_bin293~Esin_metagenome_contig_000993.region001	Esin_metagenome_contig_000993	Esin_metagenome_contig_000993	arylpolyene	Others		
Esin_bac_bin293~Esin_metagenome_contig_013937.region001	Esin_metagenome_contig_013937	Esin_metagenome_contig_013937	arylpolyene	Others		
Esin_bac_bin297~Esin_metagenome_contig_002379.region001	Esin_metagenome_contig_002379	Esin_metagenome_contig_002379	arylpolyene	Others		
Esin_bac_bin297~Esin_metagenome_contig_005921.region001	Esin_metagenome_contig_005921	Esin_metagenome_contig_005921	arylpolyene	Others		
Esin_bac_bin297~Esin_metagenome_contig_011425.region001	Esin_metagenome_contig_011425	Esin_metagenome_contig_011425	resorcinol.arylpolyene	Others		
Esin_bac_bin298~Esin_metagenome_contig_000023.region001	Esin_metagenome_contig_000023	Esin_metagenome_contig_000023	arylpolyene	Others		
Esin_bac_bin299~Esin_metagenome_contig_000149.region001	Esin_metagenome_contig_000149	Esin_metagenome_contig_000149	phosphonate	Others		
Esin_bac_bin300~Esin_metagenome_contig_006025.region001	Esin_metagenome_contig_006025	Esin_metagenome_contig_006025	arylpolyene	Others		
Esin_bac_bin300~Esin_metagenome_contig_018729.region001	Esin_metagenome_contig_018729	Esin_metagenome_contig_018729	resorcinol.arylpolyene	Others		
Esin_bac_bin300~Esin_metagenome_contig_170145.region001	Esin_metagenome_contig_170145	Esin_metagenome_contig_170145	resorcinol	Others		
Esin_bac_bin301~Esin_metagenome_contig_001652.region001	Esin_metagenome_contig_001652	Esin_metagenome_contig_001652	betalactone	Others		
Esin_bac_bin301~Esin_metagenome_contig_002894.region001	Esin_metagenome_contig_002894	Esin_metagenome_contig_002894	arylpolyene	Others		
Esin_bac_bin302~Esin_metagenome_contig_002742.region001	Esin_metagenome_contig_002742	Esin_metagenome_contig_002742	RRE-containing	RiPPs		
Esin_bac_bin304~Esin_metagenome_contig_000185.region001	Esin_metagenome_contig_000185	Esin_metagenome_contig_000185	lanthipeptide-class-i	RiPPs		
Esin_bac_bin307~Esin_metagenome_contig_004104.region001	Esin_metagenome_contig_004104	Esin_metagenome_contig_004104	RRE-containing	RiPPs		
Esin_bac_bin307~Esin_metagenome_contig_182773.region001	Esin_metagenome_contig_182773	Esin_metagenome_contig_182773	phosphonate	Others		
Esin_bac_bin309~Esin_metagenome_contig_003046.region001	Esin_metagenome_contig_003046	Esin_metagenome_contig_003046	RRE-containing	RiPPs		
Esin_bac_bin309~Esin_metagenome_contig_117035.region001	Esin_metagenome_contig_117035	Esin_metagenome_contig_117035	RRE-containing	RiPPs		
Esin_bac_bin310~Esin_metagenome_contig_004117.region001	Esin_metagenome_contig_004117	Esin_metagenome_contig_004117	RRE-containing	RiPPs		
Esin_bac_bin311~Esin_metagenome_contig_000285.region001	Esin_metagenome_contig_000285	Esin_metagenome_contig_000285	arylpolyene	Others		
Esin_bac_bin314~Esin_metagenome_contig_001725.region001	Esin_metagenome_contig_001725	Esin_metagenome_contig_001725	arylpolyene	Others		
Esin_bac_bin314~Esin_metagenome_contig_002190.region001	Esin_metagenome_contig_002190	Esin_metagenome_contig_002190	RRE-containing	RiPPs		
Esin_bac_bin314~Esin_metagenome_contig_134138.region001	Esin_metagenome_contig_134138	Esin_metagenome_contig_134138	arylpolyene	Others		
Esin_bac_bin315~Esin_metagenome_contig_000246.region001	Esin_metagenome_contig_000246	Esin_metagenome_contig_000246	RRE-containing	RiPPs		
Esin_bac_bin316~Esin_metagenome_contig_005558.region001	Esin_metagenome_contig_005558	Esin_metagenome_contig_005558	RRE-containing	RiPPs		
Esin_bac_bin317~Esin_metagenome_contig_000257.region001	Esin_metagenome_contig_000257	Esin_metagenome_contig_000257	RRE-containing	RiPPs		
Esin_bac_bin325~Esin_metagenome_contig_001463.region001	Esin_metagenome_contig_001463	Esin_metagenome_contig_001463	arylpolyene	Others		
Esin_bac_bin325~Esin_metagenome_contig_004369.region001	Esin_metagenome_contig_004369	Esin_metagenome_contig_004369	arylpolyene	Others		
Esin_bac_bin326~Esin_metagenome_contig_011100.region001	Esin_metagenome_contig_011100	Esin_metagenome_contig_011100	RRE-containing	RiPPs		
Esin_bac_bin328~Esin_metagenome_contig_001427.region001	Esin_metagenome_contig_001427	Esin_metagenome_contig_001427	RRE-containing	RiPPs		
Esin_bac_bin331~Esin_metagenome_contig_000425.region001	Esin_metagenome_contig_000425	Esin_metagenome_contig_000425	terpene	Terpene		
Esin_bac_bin331~Esin_metagenome_contig_001456.region001	Esin_metagenome_contig_001456	Esin_metagenome_contig_001456	lanthipeptide-class-i	RiPPs		
Esin_bac_bin332~Esin_metagenome_contig_000539.region001	Esin_metagenome_contig_000539	Esin_metagenome_contig_000539	terpene	Terpene		
Esin_bac_bin332~Esin_metagenome_contig_002635.region001	Esin_metagenome_contig_002635	Esin_metagenome_contig_002635	hydrogen-cyanide	Others		
Esin_bac_bin332~Esin_metagenome_contig_002781.region001	Esin_metagenome_contig_002781	Esin_metagenome_contig_002781	RRE-containing	RiPPs		
Esin_bac_bin333~Esin_metagenome_contig_002787.region001	Esin_metagenome_contig_002787	Esin_metagenome_contig_002787	terpene	Terpene		
Esin_bac_bin333~Esin_metagenome_contig_004387.region001	Esin_metagenome_contig_004387	Esin_metagenome_contig_004387	arylpolyene	Others		
Esin_bac_bin333~Esin_metagenome_contig_010870.region001	Esin_metagenome_contig_010870	Esin_metagenome_contig_010870	arylpolyene	Others		
Esin_bac_bin334~Esin_metagenome_contig_012597.region001	Esin_metagenome_contig_012597	Esin_metagenome_contig_012597	RRE-containing	RiPPs		
Esin_bac_bin335~Esin_metagenome_contig_000692.region001	Esin_metagenome_contig_000692	Esin_metagenome_contig_000692	lanthipeptide-class-i	RiPPs		
Esin_bac_bin335~Esin_metagenome_contig_001496.region001	Esin_metagenome_contig_001496	Esin_metagenome_contig_001496	lanthipeptide-class-i	RiPPs		
Esin_bac_bin335~Esin_metagenome_contig_003404.region001	Esin_metagenome_contig_003404	Esin_metagenome_contig_003404	terpene	Terpene		
Esin_bac_bin337~Esin_metagenome_contig_000398.region001	Esin_metagenome_contig_000398	Esin_metagenome_contig_000398	RRE-containing	RiPPs		
Esin_bac_bin338~Esin_metagenome_contig_001320.region001	Esin_metagenome_contig_001320	Esin_metagenome_contig_001320	RiPP-like	RiPPs		
Esin_bac_bin338~Esin_metagenome_contig_010281.region001	Esin_metagenome_contig_010281	Esin_metagenome_contig_010281	terpene	Terpene		
Esin_bac_bin340~Esin_metagenome_contig_000158.region001	Esin_metagenome_contig_000158	Esin_metagenome_contig_000158	lanthipeptide-class-i	RiPPs		
Esin_bac_bin341~Esin_metagenome_contig_003622.region001	Esin_metagenome_contig_003622	Esin_metagenome_contig_003622	arylpolyene	Others		
Esin_bac_bin341~Esin_metagenome_contig_007721.region001	Esin_metagenome_contig_007721	Esin_metagenome_contig_007721	arylpolyene	Others		
Esin_bac_bin341~Esin_metagenome_contig_014094.region001	Esin_metagenome_contig_014094	Esin_metagenome_contig_014094	arylpolyene	Others		
Esin_bac_bin343~Esin_metagenome_contig_000669.region001	Esin_metagenome_contig_000669	Esin_metagenome_contig_000669	NRPS-like	NRPS		
Esin_bac_bin345~Esin_metagenome_contig_000824.region001	Esin_metagenome_contig_000824	Esin_metagenome_contig_000824	hydrogen-cyanide	Others		
Esin_bac_bin345~Esin_metagenome_contig_001089.region001	Esin_metagenome_contig_001089	Esin_metagenome_contig_001089	RRE-containing	RiPPs		
Esin_bac_bin345~Esin_metagenome_contig_005258.region001	Esin_metagenome_contig_005258	Esin_metagenome_contig_005258	arylpolyene	Others		
Esin_bac_bin345~Esin_metagenome_contig_016443.region001	Esin_metagenome_contig_016443	Esin_metagenome_contig_016443	lanthipeptide-class-i	RiPPs		
Esin_bac_bin346~Esin_metagenome_contig_000159.region001	Esin_metagenome_contig_000159	Esin_metagenome_contig_000159	RiPP-like	RiPPs		
Esin_bac_bin346~Esin_metagenome_contig_000561.region001	Esin_metagenome_contig_000561	Esin_metagenome_contig_000561	hydrogen-cyanide	Others		
Esin_bac_bin346~Esin_metagenome_contig_002746.region001	Esin_metagenome_contig_002746	Esin_metagenome_contig_002746	RRE-containing	RiPPs		
Esin_bac_bin348~Esin_metagenome_contig_000256.region001	Esin_metagenome_contig_000256	Esin_metagenome_contig_000256	hydrogen-cyanide	Others		
Esin_bac_bin349~Esin_metagenome_contig_000009.region001	Esin_metagenome_contig_000009	Esin_metagenome_contig_000009	hydrogen-cyanide	Others		
Esin_bac_bin350~Esin_metagenome_contig_000080.region001	Esin_metagenome_contig_000080	Esin_metagenome_contig_000080	hydrogen-cyanide	Others		
Esin_bac_bin351~Esin_metagenome_contig_000152.region001	Esin_metagenome_contig_000152	Esin_metagenome_contig_000152	hydrogen-cyanide	Others		
Esin_bac_bin352~Esin_metagenome_contig_033265.region001	Esin_metagenome_contig_033265	Esin_metagenome_contig_033265	RRE-containing	RiPPs		
Esin_bac_bin353~Esin_metagenome_contig_007841.region001	Esin_metagenome_contig_007841	Esin_metagenome_contig_007841	arylpolyene	Others		
Esin_bac_bin353~Esin_metagenome_contig_012503.region001	Esin_metagenome_contig_012503	Esin_metagenome_contig_012503	arylpolyene	Others		
Esin_bac_bin354~Esin_metagenome_contig_007072.region001	Esin_metagenome_contig_007072	Esin_metagenome_contig_007072	arylpolyene	Others		
Esin_bac_bin354~Esin_metagenome_contig_018295.region001	Esin_metagenome_contig_018295	Esin_metagenome_contig_018295	betalactone	Others		
Esin_bac_bin355~Esin_metagenome_contig_000346.region001	Esin_metagenome_contig_000346	Esin_metagenome_contig_000346	NRPS-like	NRPS		
Esin_bac_bin355~Esin_metagenome_contig_001884.region001	Esin_metagenome_contig_001884	Esin_metagenome_contig_001884	hydrogen-cyanide	Others		
Esin_bac_bin356~Esin_metagenome_contig_000119.region001	Esin_metagenome_contig_000119	Esin_metagenome_contig_000119	hydrogen-cyanide	Others		
Esin_bac_bin356~Esin_metagenome_contig_000119.region002	Esin_metagenome_contig_000119	Esin_metagenome_contig_000119	NRPS-like	NRPS		
Esin_bac_bin356~Esin_metagenome_contig_000241.region001	Esin_metagenome_contig_000241	Esin_metagenome_contig_000241	arylpolyene	Others		
Esin_bac_bin356~Esin_metagenome_contig_000689.region001	Esin_metagenome_contig_000689	Esin_metagenome_contig_000689	arylpolyene	Others		
Esin_bac_bin357~Esin_metagenome_contig_000001.region001	Esin_metagenome_contig_000001	Esin_metagenome_contig_000001	arylpolyene	Others		
Esin_bac_bin357~Esin_metagenome_contig_000001.region002	Esin_metagenome_contig_000001	Esin_metagenome_contig_000001	lanthipeptide-class-i.ranthipeptide	RiPPs		
Esin_bac_bin357~Esin_metagenome_contig_000001.region003	Esin_metagenome_contig_000001	Esin_metagenome_contig_000001	NRPS-like	NRPS		
Esin_bac_bin357~Esin_metagenome_contig_000001.region004	Esin_metagenome_contig_000001	Esin_metagenome_contig_000001	hydrogen-cyanide	Others		
Esin_bac_bin358~Esin_metagenome_contig_009696.region001	Esin_metagenome_contig_009696	Esin_metagenome_contig_009696	NRPS-like	NRPS		
Esin_bac_bin358~Esin_metagenome_contig_056108.region001	Esin_metagenome_contig_056108	Esin_metagenome_contig_056108	lanthipeptide-class-i	RiPPs		
Esin_bac_bin359~Esin_metagenome_contig_000071.region001	Esin_metagenome_contig_000071	Esin_metagenome_contig_000071	NRPS-like	NRPS		
Esin_bac_bin359~Esin_metagenome_contig_000071.region002	Esin_metagenome_contig_000071	Esin_metagenome_contig_000071	hydrogen-cyanide	Others		
Esin_bac_bin359~Esin_metagenome_contig_000143.region001	Esin_metagenome_contig_000143	Esin_metagenome_contig_000143	arylpolyene	Others		
Esin_bac_bin359~Esin_metagenome_contig_000308.region001	Esin_metagenome_contig_000308	Esin_metagenome_contig_000308	arylpolyene	Others		
Esin_bac_bin360~Esin_metagenome_contig_000033.region001	Esin_metagenome_contig_000033	Esin_metagenome_contig_000033	NRPS-like	NRPS		
Esin_bac_bin360~Esin_metagenome_contig_000033.region002	Esin_metagenome_contig_000033	Esin_metagenome_contig_000033	hydrogen-cyanide	Others		
Esin_bac_bin361~Esin_metagenome_contig_000109.region001	Esin_metagenome_contig_000109	Esin_metagenome_contig_000109	hydrogen-cyanide	Others		
Esin_bac_bin361~Esin_metagenome_contig_000274.region001	Esin_metagenome_contig_000274	Esin_metagenome_contig_000274	NRPS-like	NRPS		
Esin_bac_bin361~Esin_metagenome_contig_000274.region002	Esin_metagenome_contig_000274	Esin_metagenome_contig_000274	lanthipeptide-class-i	RiPPs		
Esin_bac_bin361~Esin_metagenome_contig_000315.region001	Esin_metagenome_contig_000315	Esin_metagenome_contig_000315	arylpolyene	Others		
Esin_bac_bin362~Esin_metagenome_contig_000002.region001	Esin_metagenome_contig_000002	Esin_metagenome_contig_000002	NRPS-like	NRPS		
Esin_bac_bin362~Esin_metagenome_contig_000002.region002	Esin_metagenome_contig_000002	Esin_metagenome_contig_000002	arylpolyene	Others		
Esin_bac_bin362~Esin_metagenome_contig_000002.region003	Esin_metagenome_contig_000002	Esin_metagenome_contig_000002	arylpolyene	Others		
Esin_bac_bin362~Esin_metagenome_contig_000002.region004	Esin_metagenome_contig_000002	Esin_metagenome_contig_000002	arylpolyene	Others		
Esin_bac_bin362~Esin_metagenome_contig_000002.region005	Esin_metagenome_contig_000002	Esin_metagenome_contig_000002	RRE-containing	RiPPs		
Esin_bac_bin362~Esin_metagenome_contig_000002.region006	Esin_metagenome_contig_000002	Esin_metagenome_contig_000002	hydrogen-cyanide	Others		
Esin_bac_bin362~Esin_metagenome_contig_000002.region007	Esin_metagenome_contig_000002	Esin_metagenome_contig_000002	arylpolyene	Others		
Esin_bac_bin363~Esin_metagenome_contig_000004.region001	Esin_metagenome_contig_000004	Esin_metagenome_contig_000004	RRE-containing	RiPPs		
Esin_bac_bin363~Esin_metagenome_contig_000004.region002	Esin_metagenome_contig_000004	Esin_metagenome_contig_000004	arylpolyene	Others		
Esin_bac_bin363~Esin_metagenome_contig_000004.region003	Esin_metagenome_contig_000004	Esin_metagenome_contig_000004	hydrogen-cyanide	Others		
Esin_bac_bin363~Esin_metagenome_contig_000004.region004	Esin_metagenome_contig_000004	Esin_metagenome_contig_000004	NRPS-like	NRPS		
Esin_bac_bin363~Esin_metagenome_contig_000347.region001	Esin_metagenome_contig_000347	Esin_metagenome_contig_000347	arylpolyene	Others		
Esin_bac_bin365~Esin_metagenome_contig_000025.region001	Esin_metagenome_contig_000025	Esin_metagenome_contig_000025	resorcinol.arylpolyene	Others		
Esin_bac_bin366~Esin_metagenome_contig_055548.region001	Esin_metagenome_contig_055548	Esin_metagenome_contig_055548	RRE-containing	RiPPs		
Esin_bac_bin367~Esin_metagenome_contig_000272.region001	Esin_metagenome_contig_000272	Esin_metagenome_contig_000272	resorcinol.arylpolyene	Others		
Esin_bac_bin367~Esin_metagenome_contig_000272.region002	Esin_metagenome_contig_000272	Esin_metagenome_contig_000272	RiPP-like	RiPPs		
Esin_bac_bin371~Esin_metagenome_contig_007204.region001	Esin_metagenome_contig_007204	Esin_metagenome_contig_007204	arylpolyene	Others		
Esin_bac_bin372~Esin_metagenome_contig_000011.region001	Esin_metagenome_contig_000011	Esin_metagenome_contig_000011	arylpolyene	Others		
Esin_bac_bin374~Esin_metagenome_contig_000588.region001	Esin_metagenome_contig_000588	Esin_metagenome_contig_000588	arylpolyene	Others		
Esin_bac_bin375~Esin_metagenome_contig_006430.region001	Esin_metagenome_contig_006430	Esin_metagenome_contig_006430	RiPP-like	RiPPs		
Esin_bac_bin375~Esin_metagenome_contig_011294.region001	Esin_metagenome_contig_011294	Esin_metagenome_contig_011294	RiPP-like	RiPPs		
Esin_bac_bin376~Esin_metagenome_contig_003659.region001	Esin_metagenome_contig_003659	Esin_metagenome_contig_003659	RRE-containing	RiPPs		
Esin_bac_bin376~Esin_metagenome_contig_033732.region001	Esin_metagenome_contig_033732	Esin_metagenome_contig_033732	RiPP-like	RiPPs		
Esin_bac_bin376~Esin_metagenome_contig_124975.region001	Esin_metagenome_contig_124975	Esin_metagenome_contig_124975	T1PKS	PKSI		
Esin_bac_bin376~Esin_metagenome_contig_202736.region001	Esin_metagenome_contig_202736	Esin_metagenome_contig_202736	hglE-KS	PKSother		
Esin_bac_bin376~Esin_metagenome_contig_263788.region001	Esin_metagenome_contig_263788	Esin_metagenome_contig_263788	RiPP-like	RiPPs		
Esin_bac_bin377~Esin_metagenome_contig_034144.region001	Esin_metagenome_contig_034144	Esin_metagenome_contig_034144	arylpolyene	Others		
Esin_bac_bin377~Esin_metagenome_contig_036242.region001	Esin_metagenome_contig_036242	Esin_metagenome_contig_036242	T1PKS	PKSI		
Esin_bac_bin377~Esin_metagenome_contig_099184.region001	Esin_metagenome_contig_099184	Esin_metagenome_contig_099184	hglE-KS	PKSother		
Esin_bac_bin377~Esin_metagenome_contig_103127.region001	Esin_metagenome_contig_103127	Esin_metagenome_contig_103127	hglE-KS	PKSother		
Esin_bac_bin378~Esin_metagenome_contig_058274.region001	Esin_metagenome_contig_058274	Esin_metagenome_contig_058274	hglE-KS	PKSother		
Esin_bac_bin379~Esin_metagenome_contig_000388.region001	Esin_metagenome_contig_000388	Esin_metagenome_contig_000388	terpene	Terpene		
Esin_bac_bin379~Esin_metagenome_contig_000388.region002	Esin_metagenome_contig_000388	Esin_metagenome_contig_000388	hglE-KS	PKSother		
Esin_bac_bin379~Esin_metagenome_contig_000760.region001	Esin_metagenome_contig_000760	Esin_metagenome_contig_000760	terpene	Terpene		
Esin_bac_bin380~Esin_metagenome_contig_000170.region001	Esin_metagenome_contig_000170	Esin_metagenome_contig_000170	hglE-KS	PKSother		
Esin_bac_bin380~Esin_metagenome_contig_001308.region001	Esin_metagenome_contig_001308	Esin_metagenome_contig_001308	terpene	Terpene		
Esin_bac_bin380~Esin_metagenome_contig_001308.region002	Esin_metagenome_contig_001308	Esin_metagenome_contig_001308	terpene	Terpene		
Esin_bac_bin382~Esin_metagenome_contig_004547.region001	Esin_metagenome_contig_004547	Esin_metagenome_contig_004547	betalactone	Others		
Esin_bac_bin383~Esin_metagenome_contig_013336.region001	Esin_metagenome_contig_013336	Esin_metagenome_contig_013336	RiPP-like	RiPPs		
Esin_bac_bin383~Esin_metagenome_contig_026976.region001	Esin_metagenome_contig_026976	Esin_metagenome_contig_026976	NRPS	NRPS		
Esin_bac_bin383~Esin_metagenome_contig_055126.region001	Esin_metagenome_contig_055126	Esin_metagenome_contig_055126	hglE-KS	PKSother		
Esin_bac_bin383~Esin_metagenome_contig_136334.region001	Esin_metagenome_contig_136334	Esin_metagenome_contig_136334	hydrogen-cyanide	Others		
Esin_bac_bin384~Esin_metagenome_contig_000084.region001	Esin_metagenome_contig_000084	Esin_metagenome_contig_000084	terpene	Terpene		
Esin_bac_bin384~Esin_metagenome_contig_000139.region001	Esin_metagenome_contig_000139	Esin_metagenome_contig_000139	HR-T2PKS	Others		
Esin_bac_bin384~Esin_metagenome_contig_000139.region002	Esin_metagenome_contig_000139	Esin_metagenome_contig_000139	RiPP-like	RiPPs		
Esin_bac_bin384~Esin_metagenome_contig_000893.region001	Esin_metagenome_contig_000893	Esin_metagenome_contig_000893	arylpolyene	Others		
Esin_bac_bin384~Esin_metagenome_contig_001413.region001	Esin_metagenome_contig_001413	Esin_metagenome_contig_001413	RRE-containing	RiPPs		
Esin_bac_bin385~Esin_metagenome_contig_000177.region001	Esin_metagenome_contig_000177	Esin_metagenome_contig_000177	arylpolyene	Others		
Esin_bac_bin385~Esin_metagenome_contig_000177.region002	Esin_metagenome_contig_000177	Esin_metagenome_contig_000177	arylpolyene	Others		
Esin_bac_bin385~Esin_metagenome_contig_000567.region001	Esin_metagenome_contig_000567	Esin_metagenome_contig_000567	arylpolyene	Others		
Esin_bac_bin385~Esin_metagenome_contig_001172.region001	Esin_metagenome_contig_001172	Esin_metagenome_contig_001172	terpene	Terpene		
Esin_bac_bin385~Esin_metagenome_contig_009262.region001	Esin_metagenome_contig_009262	Esin_metagenome_contig_009262	terpene	Terpene		
Esin_bac_bin386~Esin_metagenome_contig_000021.region001	Esin_metagenome_contig_000021	Esin_metagenome_contig_000021	terpene	Terpene		
Esin_bac_bin386~Esin_metagenome_contig_000021.region002	Esin_metagenome_contig_000021	Esin_metagenome_contig_000021	arylpolyene	Others		
Esin_bac_bin387~Esin_metagenome_contig_000015.region001	Esin_metagenome_contig_000015	Esin_metagenome_contig_000015	terpene	Terpene		
Esin_bac_bin387~Esin_metagenome_contig_000056.region001	Esin_metagenome_contig_000056	Esin_metagenome_contig_000056	betalactone	Others		
Esin_bac_bin387~Esin_metagenome_contig_000056.region002	Esin_metagenome_contig_000056	Esin_metagenome_contig_000056	arylpolyene	Others		
Esin_bac_bin388~Esin_metagenome_contig_000978.region001	Esin_metagenome_contig_000978	Esin_metagenome_contig_000978	betalactone	Others		
Esin_bac_bin388~Esin_metagenome_contig_009211.region001	Esin_metagenome_contig_009211	Esin_metagenome_contig_009211	arylpolyene	Others		
Esin_bac_bin388~Esin_metagenome_contig_010060.region001	Esin_metagenome_contig_010060	Esin_metagenome_contig_010060	terpene	Terpene		
Esin_bac_bin388~Esin_metagenome_contig_022640.region001	Esin_metagenome_contig_022640	Esin_metagenome_contig_022640	terpene	Terpene		
Esin_bac_bin394~Esin_metagenome_contig_053221.region001	Esin_metagenome_contig_053221	Esin_metagenome_contig_053221	RRE-containing	RiPPs		
Esin_bac_bin394~Esin_metagenome_contig_111501.region001	Esin_metagenome_contig_111501	Esin_metagenome_contig_111501	NRPS-like	NRPS		
Esin_bac_bin395~Esin_metagenome_contig_009804.region001	Esin_metagenome_contig_009804	Esin_metagenome_contig_009804	RiPP-like	RiPPs		
Esin_bac_bin395~Esin_metagenome_contig_023631.region001	Esin_metagenome_contig_023631	Esin_metagenome_contig_023631	RiPP-like	RiPPs		
Esin_bac_bin395~Esin_metagenome_contig_031019.region001	Esin_metagenome_contig_031019	Esin_metagenome_contig_031019	phosphonate	Others		
Esin_bac_bin396~Esin_metagenome_contig_029648.region001	Esin_metagenome_contig_029648	Esin_metagenome_contig_029648	RiPP-like	RiPPs		
Esin_bac_bin398~Esin_metagenome_contig_015826.region001	Esin_metagenome_contig_015826	Esin_metagenome_contig_015826	terpene	Terpene		
Esin_bac_bin399~Esin_metagenome_contig_002558.region001	Esin_metagenome_contig_002558	Esin_metagenome_contig_002558	terpene	Terpene		
Esin_bac_bin400~Esin_metagenome_contig_007525.region001	Esin_metagenome_contig_007525	Esin_metagenome_contig_007525	terpene	Terpene		
Esin_bac_bin401~Esin_metagenome_contig_000514.region001	Esin_metagenome_contig_000514	Esin_metagenome_contig_000514	terpene	Terpene		
Esin_bac_bin402~Esin_metagenome_contig_010378.region001	Esin_metagenome_contig_010378	Esin_metagenome_contig_010378	terpene	Terpene		
Esin_bac_bin403~Esin_metagenome_contig_021871.region001	Esin_metagenome_contig_021871	Esin_metagenome_contig_021871	terpene	Terpene		
Esin_bac_bin404~Esin_metagenome_contig_045296.region001	Esin_metagenome_contig_045296	Esin_metagenome_contig_045296	terpene	Terpene		
Esin_bac_bin405~Esin_metagenome_contig_000024.region001	Esin_metagenome_contig_000024	Esin_metagenome_contig_000024	terpene	Terpene		
Esin_bac_bin408~Esin_metagenome_contig_000436.region001	Esin_metagenome_contig_000436	Esin_metagenome_contig_000436	arylpolyene	Others		
Esin_bac_bin408~Esin_metagenome_contig_000967.region001	Esin_metagenome_contig_000967	Esin_metagenome_contig_000967	terpene	Terpene		
Esin_bac_bin408~Esin_metagenome_contig_012053.region001	Esin_metagenome_contig_012053	Esin_metagenome_contig_012053	RRE-containing	RiPPs		
Esin_bac_bin409~Esin_metagenome_contig_003007.region001	Esin_metagenome_contig_003007	Esin_metagenome_contig_003007	hserlactone	Others		
Esin_bac_bin409~Esin_metagenome_contig_005455.region001	Esin_metagenome_contig_005455	Esin_metagenome_contig_005455	T1PKS	PKSI		
Esin_bac_bin417~Esin_metagenome_contig_000907.region001	Esin_metagenome_contig_000907	Esin_metagenome_contig_000907	T3PKS	PKSother		
Esin_bac_bin418~Esin_metagenome_contig_000479.region001	Esin_metagenome_contig_000479	Esin_metagenome_contig_000479	T3PKS	PKSother		
Esin_bac_bin418~Esin_metagenome_contig_000479.region002	Esin_metagenome_contig_000479	Esin_metagenome_contig_000479	NRPS-like	NRPS		
Esin_bac_bin418~Esin_metagenome_contig_002889.region001	Esin_metagenome_contig_002889	Esin_metagenome_contig_002889	RRE-containing	RiPPs		
Esin_bac_bin418~Esin_metagenome_contig_007246.region001	Esin_metagenome_contig_007246	Esin_metagenome_contig_007246	RRE-containing	RiPPs		
Esin_bac_bin418~Esin_metagenome_contig_010087.region001	Esin_metagenome_contig_010087	Esin_metagenome_contig_010087	ranthipeptide	RiPPs		
Esin_bac_bin418~Esin_metagenome_contig_019025.region001	Esin_metagenome_contig_019025	Esin_metagenome_contig_019025	RRE-containing	RiPPs		
Esin_bac_bin418~Esin_metagenome_contig_020354.region001	Esin_metagenome_contig_020354	Esin_metagenome_contig_020354	RRE-containing	RiPPs		
Esin_bac_bin419~Esin_metagenome_contig_092991.region001	Esin_metagenome_contig_092991	Esin_metagenome_contig_092991	terpene	Terpene		
Esin_bac_bin419~Esin_metagenome_contig_094222.region001	Esin_metagenome_contig_094222	Esin_metagenome_contig_094222	hydrogen-cyanide	Others		
Esin_bac_bin419~Esin_metagenome_contig_108735.region001	Esin_metagenome_contig_108735	Esin_metagenome_contig_108735	hydrogen-cyanide	Others		
Esin_bac_bin419~Esin_metagenome_contig_114643.region001	Esin_metagenome_contig_114643	Esin_metagenome_contig_114643	ectoine	Others		
Esin_bac_bin419~Esin_metagenome_contig_129621.region001	Esin_metagenome_contig_129621	Esin_metagenome_contig_129621	arylpolyene	Others		
Esin_bac_bin419~Esin_metagenome_contig_136589.region001	Esin_metagenome_contig_136589	Esin_metagenome_contig_136589	NRPS-like	NRPS		
Esin_bac_bin419~Esin_metagenome_contig_137148.region001	Esin_metagenome_contig_137148	Esin_metagenome_contig_137148	arylpolyene	Others		
Esin_bac_bin419~Esin_metagenome_contig_231238.region001	Esin_metagenome_contig_231238	Esin_metagenome_contig_231238	redox-cofactor	RiPPs		
Esin_bac_bin419~Esin_metagenome_contig_280616.region001	Esin_metagenome_contig_280616	Esin_metagenome_contig_280616	arylpolyene	Others		
Esin_bac_bin420~Esin_metagenome_contig_104565.region001	Esin_metagenome_contig_104565	Esin_metagenome_contig_104565	terpene	Terpene		
Esin_bac_bin420~Esin_metagenome_contig_109542.region001	Esin_metagenome_contig_109542	Esin_metagenome_contig_109542	NRPS-like	NRPS		
Esin_bac_bin421~Esin_metagenome_contig_000693.region001	Esin_metagenome_contig_000693	Esin_metagenome_contig_000693	arylpolyene	Others		
Esin_bac_bin422~Esin_metagenome_contig_024519.region001	Esin_metagenome_contig_024519	Esin_metagenome_contig_024519	arylpolyene	Others		
Esin_bac_bin422~Esin_metagenome_contig_050318.region001	Esin_metagenome_contig_050318	Esin_metagenome_contig_050318	terpene	Terpene		
Esin_bac_bin422~Esin_metagenome_contig_055905.region001	Esin_metagenome_contig_055905	Esin_metagenome_contig_055905	betalactone	Others		
Esin_bac_bin423~Esin_metagenome_contig_000014.region001	Esin_metagenome_contig_000014	Esin_metagenome_contig_000014	NI-siderophore	Others		
Esin_bac_bin423~Esin_metagenome_contig_000014.region002	Esin_metagenome_contig_000014	Esin_metagenome_contig_000014	CDPS	NRPS		
Esin_bac_bin423~Esin_metagenome_contig_000014.region003	Esin_metagenome_contig_000014	Esin_metagenome_contig_000014	RiPP-like	RiPPs		
Esin_bac_bin423~Esin_metagenome_contig_000014.region004	Esin_metagenome_contig_000014	Esin_metagenome_contig_000014	nucleoside.NRPS	Others		
Esin_bac_bin423~Esin_metagenome_contig_000014.region005	Esin_metagenome_contig_000014	Esin_metagenome_contig_000014	NRPS	NRPS		
Esin_bac_bin423~Esin_metagenome_contig_004542.region001	Esin_metagenome_contig_004542	Esin_metagenome_contig_004542	CDPS.NRPS-like	NRPS		
Esin_bac_bin423~Esin_metagenome_contig_120369.region001	Esin_metagenome_contig_120369	Esin_metagenome_contig_120369	RRE-containing	RiPPs		
Esin_bac_bin426~Esin_metagenome_contig_008622.region001	Esin_metagenome_contig_008622	Esin_metagenome_contig_008622	betalactone	Others		
Esin_bac_bin426~Esin_metagenome_contig_047033.region001	Esin_metagenome_contig_047033	Esin_metagenome_contig_047033	arylpolyene	Others		
Esin_bac_bin426~Esin_metagenome_contig_061384.region001	Esin_metagenome_contig_061384	Esin_metagenome_contig_061384	T3PKS	PKSother		
Esin_bac_bin426~Esin_metagenome_contig_138450.region001	Esin_metagenome_contig_138450	Esin_metagenome_contig_138450	NI-siderophore	Others		
Esin_bac_bin426~Esin_metagenome_contig_181337.region001	Esin_metagenome_contig_181337	Esin_metagenome_contig_181337	arylpolyene	Others		
Esin_bac_bin426~Esin_metagenome_contig_184721.region001	Esin_metagenome_contig_184721	Esin_metagenome_contig_184721	NI-siderophore	Others		
Esin_bac_bin428~Esin_metagenome_contig_082823.region001	Esin_metagenome_contig_082823	Esin_metagenome_contig_082823	hserlactone	Others		
Esin_bac_bin428~Esin_metagenome_contig_108738.region001	Esin_metagenome_contig_108738	Esin_metagenome_contig_108738	phenazine	Others		
Esin_bac_bin428~Esin_metagenome_contig_116961.region001	Esin_metagenome_contig_116961	Esin_metagenome_contig_116961	RiPP-like	RiPPs		
Esin_bac_bin428~Esin_metagenome_contig_117957.region001	Esin_metagenome_contig_117957	Esin_metagenome_contig_117957	opine-like-metallophore	Others		
Esin_bac_bin428~Esin_metagenome_contig_119146.region001	Esin_metagenome_contig_119146	Esin_metagenome_contig_119146	NRPS	NRPS		
Esin_bac_bin428~Esin_metagenome_contig_124910.region001	Esin_metagenome_contig_124910	Esin_metagenome_contig_124910	RiPP-like	RiPPs		
Esin_bac_bin428~Esin_metagenome_contig_128330.region001	Esin_metagenome_contig_128330	Esin_metagenome_contig_128330	betalactone	Others		
Esin_bac_bin428~Esin_metagenome_contig_139872.region001	Esin_metagenome_contig_139872	Esin_metagenome_contig_139872	phenazine	Others		
Esin_bac_bin428~Esin_metagenome_contig_168920.region001	Esin_metagenome_contig_168920	Esin_metagenome_contig_168920	NRPS	NRPS		
Esin_bac_bin428~Esin_metagenome_contig_189903.region001	Esin_metagenome_contig_189903	Esin_metagenome_contig_189903	NRPS-like	NRPS		
Esin_bac_bin428~Esin_metagenome_contig_193134.region001	Esin_metagenome_contig_193134	Esin_metagenome_contig_193134	hserlactone	Others		
Esin_bac_bin428~Esin_metagenome_contig_198193.region001	Esin_metagenome_contig_198193	Esin_metagenome_contig_198193	NRPS	NRPS		
Esin_bac_bin428~Esin_metagenome_contig_203721.region001	Esin_metagenome_contig_203721	Esin_metagenome_contig_203721	redox-cofactor	RiPPs		
Esin_bac_bin428~Esin_metagenome_contig_228716.region001	Esin_metagenome_contig_228716	Esin_metagenome_contig_228716	NRPS	NRPS		
Esin_bac_bin428~Esin_metagenome_contig_245208.region001	Esin_metagenome_contig_245208	Esin_metagenome_contig_245208	NRPS-like	NRPS		
Esin_bac_bin428~Esin_metagenome_contig_256827.region001	Esin_metagenome_contig_256827	Esin_metagenome_contig_256827	NRPS	NRPS		
Esin_bac_bin429~Esin_metagenome_contig_000114.region001	Esin_metagenome_contig_000114	Esin_metagenome_contig_000114	hglE-KS.T1PKS	PKSother		
Esin_bac_bin429~Esin_metagenome_contig_000890.region001	Esin_metagenome_contig_000890	Esin_metagenome_contig_000890	NRPS-like	NRPS		
Esin_bac_bin430~Esin_metagenome_contig_165236.region001	Esin_metagenome_contig_165236	Esin_metagenome_contig_165236	RiPP-like	RiPPs		
Esin_bac_bin431~Esin_metagenome_contig_009913.region001	Esin_metagenome_contig_009913	Esin_metagenome_contig_009913	arylpolyene	Others		
Esin_bac_bin434~Esin_metagenome_contig_025468.region001	Esin_metagenome_contig_025468	Esin_metagenome_contig_025468	phosphonate	Others		
Esin_bac_bin434~Esin_metagenome_contig_049938.region001	Esin_metagenome_contig_049938	Esin_metagenome_contig_049938	RiPP-like	RiPPs		
Esin_bac_bin435~Esin_metagenome_contig_000008.region001	Esin_metagenome_contig_000008	Esin_metagenome_contig_000008	RiPP-like	RiPPs		
Esin_bac_bin436~Esin_metagenome_contig_000822.region001	Esin_metagenome_contig_000822	Esin_metagenome_contig_000822	phosphonate	Others		
Esin_bac_bin436~Esin_metagenome_contig_003597.region001	Esin_metagenome_contig_003597	Esin_metagenome_contig_003597	RiPP-like	RiPPs		
Esin_bac_bin437~Esin_metagenome_contig_000087.region001	Esin_metagenome_contig_000087	Esin_metagenome_contig_000087	phosphonate	Others		
Esin_bac_bin437~Esin_metagenome_contig_000176.region001	Esin_metagenome_contig_000176	Esin_metagenome_contig_000176	betalactone	Others		
Esin_bac_bin438~Esin_metagenome_contig_000905.region001	Esin_metagenome_contig_000905	Esin_metagenome_contig_000905	phosphonate	Others		
Esin_bac_bin438~Esin_metagenome_contig_006634.region001	Esin_metagenome_contig_006634	Esin_metagenome_contig_006634	RiPP-like	RiPPs		
Esin_bac_bin440~Esin_metagenome_contig_022912.region001	Esin_metagenome_contig_022912	Esin_metagenome_contig_022912	RiPP-like	RiPPs		
Esin_bac_bin440~Esin_metagenome_contig_042060.region001	Esin_metagenome_contig_042060	Esin_metagenome_contig_042060	lassopeptide	RiPPs		
Esin_bac_bin441~Esin_metagenome_contig_000137.region001	Esin_metagenome_contig_000137	Esin_metagenome_contig_000137	phosphonate	Others		
Esin_bac_bin441~Esin_metagenome_contig_000355.region001	Esin_metagenome_contig_000355	Esin_metagenome_contig_000355	RiPP-like	RiPPs		
Esin_bac_bin442~Esin_metagenome_contig_000053.region001	Esin_metagenome_contig_000053	Esin_metagenome_contig_000053	T3PKS	PKSother		
Esin_bac_bin442~Esin_metagenome_contig_000144.region001	Esin_metagenome_contig_000144	Esin_metagenome_contig_000144	NRPS-like	NRPS		
Esin_bac_bin442~Esin_metagenome_contig_000483.region001	Esin_metagenome_contig_000483	Esin_metagenome_contig_000483	phosphonate	Others		
Esin_bac_bin444~Esin_metagenome_contig_000031.region001	Esin_metagenome_contig_000031	Esin_metagenome_contig_000031	arylpolyene	Others		
Esin_bac_bin444~Esin_metagenome_contig_000656.region001	Esin_metagenome_contig_000656	Esin_metagenome_contig_000656	ranthipeptide	RiPPs		
Esin_bac_bin444~Esin_metagenome_contig_002132.region001	Esin_metagenome_contig_002132	Esin_metagenome_contig_002132	RRE-containing	RiPPs		
Esin_bac_bin445~Esin_metagenome_contig_000118.region001	Esin_metagenome_contig_000118	Esin_metagenome_contig_000118	arylpolyene	Others		
Esin_bac_bin445~Esin_metagenome_contig_002231.region001	Esin_metagenome_contig_002231	Esin_metagenome_contig_002231	betalactone	Others		
Esin_bac_bin446~Esin_metagenome_contig_000975.region001	Esin_metagenome_contig_000975	Esin_metagenome_contig_000975	betalactone	Others		
Esin_bac_bin446~Esin_metagenome_contig_015406.region001	Esin_metagenome_contig_015406	Esin_metagenome_contig_015406	arylpolyene	Others		
Esin_bac_bin447~Esin_metagenome_contig_000675.region001	Esin_metagenome_contig_000675	Esin_metagenome_contig_000675	arylpolyene	Others		
Esin_bac_bin447~Esin_metagenome_contig_000732.region001	Esin_metagenome_contig_000732	Esin_metagenome_contig_000732	terpene	Terpene		
Esin_bac_bin447~Esin_metagenome_contig_003830.region001	Esin_metagenome_contig_003830	Esin_metagenome_contig_003830	terpene	Terpene		
Esin_bac_bin447~Esin_metagenome_contig_017652.region001	Esin_metagenome_contig_017652	Esin_metagenome_contig_017652	betalactone	Others		
Esin_bac_bin449~Esin_metagenome_contig_000047.region001	Esin_metagenome_contig_000047	Esin_metagenome_contig_000047	terpene	Terpene		
Esin_bac_bin449~Esin_metagenome_contig_000047.region002	Esin_metagenome_contig_000047	Esin_metagenome_contig_000047	phosphonate	Others		
Esin_bac_bin449~Esin_metagenome_contig_003084.region001	Esin_metagenome_contig_003084	Esin_metagenome_contig_003084	terpene	Terpene		
Esin_bac_bin450~Esin_metagenome_contig_039616.region001	Esin_metagenome_contig_039616	Esin_metagenome_contig_039616	RiPP-like	RiPPs		
Esin_bac_bin450~Esin_metagenome_contig_063170.region001	Esin_metagenome_contig_063170	Esin_metagenome_contig_063170	terpene	Terpene		
Esin_bac_bin450~Esin_metagenome_contig_181552.region001	Esin_metagenome_contig_181552	Esin_metagenome_contig_181552	terpene	Terpene		
Esin_bac_bin451~Esin_metagenome_contig_002180.region001	Esin_metagenome_contig_002180	Esin_metagenome_contig_002180	terpene	Terpene		
Esin_bac_bin451~Esin_metagenome_contig_117306.region001	Esin_metagenome_contig_117306	Esin_metagenome_contig_117306	terpene	Terpene		
Pame_bac_bin002~Pame_metagenome_contig_000016.region001	Pame_metagenome_contig_000016	Pame_metagenome_contig_000016	butyrolactone	Others		
Pame_bac_bin002~Pame_metagenome_contig_000016.region002	Pame_metagenome_contig_000016	Pame_metagenome_contig_000016	NAPAA	NRPS		
Pame_bac_bin002~Pame_metagenome_contig_000016.region003	Pame_metagenome_contig_000016	Pame_metagenome_contig_000016	NRP-metallophore.NRPS	Others		
Pame_bac_bin002~Pame_metagenome_contig_000016.region004	Pame_metagenome_contig_000016	Pame_metagenome_contig_000016	T3PKS	PKSother		
Pame_bac_bin002~Pame_metagenome_contig_000016.region005	Pame_metagenome_contig_000016	Pame_metagenome_contig_000016	terpene	Terpene		
Pame_bac_bin002~Pame_metagenome_contig_000856.region001	Pame_metagenome_contig_000856	Pame_metagenome_contig_000856	T1PKS	PKSI		
Pame_bac_bin002~Pame_metagenome_contig_001270.region001	Pame_metagenome_contig_001270	Pame_metagenome_contig_001270	terpene	Terpene		
Pame_bac_bin004~Pame_metagenome_contig_000170.region001	Pame_metagenome_contig_000170	Pame_metagenome_contig_000170	RiPP-like	RiPPs		
Pame_bac_bin004~Pame_metagenome_contig_000195.region001	Pame_metagenome_contig_000195	Pame_metagenome_contig_000195	phosphonate	Others		
Pame_bac_bin004~Pame_metagenome_contig_000854.region001	Pame_metagenome_contig_000854	Pame_metagenome_contig_000854	RiPP-like	RiPPs		
Pame_bac_bin007~Pame_metagenome_contig_000798.region001	Pame_metagenome_contig_000798	Pame_metagenome_contig_000798	phosphonate	Others		
Pame_bac_bin007~Pame_metagenome_contig_000905.region001	Pame_metagenome_contig_000905	Pame_metagenome_contig_000905	phosphonate	Others		
Pame_bac_bin014~Pame_metagenome_contig_000744.region001	Pame_metagenome_contig_000744	Pame_metagenome_contig_000744	cyclic-lactone-autoinducer	RiPPs		
Pame_bac_bin014~Pame_metagenome_contig_001543.region001	Pame_metagenome_contig_001543	Pame_metagenome_contig_001543	T3PKS	PKSother		
Pame_bac_bin014~Pame_metagenome_contig_001567.region001	Pame_metagenome_contig_001567	Pame_metagenome_contig_001567	RiPP-like	RiPPs		
Pame_bac_bin015~Pame_metagenome_contig_002985.region001	Pame_metagenome_contig_002985	Pame_metagenome_contig_002985	NRPS-like.NRPS	NRPS		
Pame_bac_bin015~Pame_metagenome_contig_003305.region001	Pame_metagenome_contig_003305	Pame_metagenome_contig_003305	T3PKS	PKSother		
Pame_bac_bin016~Pame_metagenome_contig_000357.region001	Pame_metagenome_contig_000357	Pame_metagenome_contig_000357	T3PKS	PKSother		
Pame_bac_bin017~Pame_metagenome_contig_002958.region001	Pame_metagenome_contig_002958	Pame_metagenome_contig_002958	T3PKS	PKSother		
Pame_bac_bin019~Pame_metagenome_contig_006446.region001	Pame_metagenome_contig_006446	Pame_metagenome_contig_006446	T3PKS	PKSother		
Pame_bac_bin020~Pame_metagenome_contig_000117.region001	Pame_metagenome_contig_000117	Pame_metagenome_contig_000117	lanthipeptide-class-ii	RiPPs		
Pame_bac_bin020~Pame_metagenome_contig_000218.region001	Pame_metagenome_contig_000218	Pame_metagenome_contig_000218	furan	Others		
Pame_bac_bin020~Pame_metagenome_contig_002942.region001	Pame_metagenome_contig_002942	Pame_metagenome_contig_002942	RiPP-like	RiPPs		
Pame_bac_bin020~Pame_metagenome_contig_008054.region001	Pame_metagenome_contig_008054	Pame_metagenome_contig_008054	hglE-KS.PUFA	Others		
Pame_bac_bin020~Pame_metagenome_contig_008702.region001	Pame_metagenome_contig_008702	Pame_metagenome_contig_008702	RiPP-like	RiPPs		
Pame_bac_bin024~Pame_metagenome_contig_000800.region001	Pame_metagenome_contig_000800	Pame_metagenome_contig_000800	T3PKS	PKSother		
Pame_bac_bin025~Pame_metagenome_contig_000344.region001	Pame_metagenome_contig_000344	Pame_metagenome_contig_000344	T3PKS	PKSother		
Pame_bac_bin026~Pame_metagenome_contig_006606.region001	Pame_metagenome_contig_006606	Pame_metagenome_contig_006606	T3PKS	PKSother		
Pame_bac_bin027~Pame_metagenome_contig_001064.region001	Pame_metagenome_contig_001064	Pame_metagenome_contig_001064	T3PKS	PKSother		
Pame_bac_bin028~Pame_metagenome_contig_045901.region001	Pame_metagenome_contig_045901	Pame_metagenome_contig_045901	T3PKS	PKSother		
Pame_bac_bin029~Pame_metagenome_contig_001652.region001	Pame_metagenome_contig_001652	Pame_metagenome_contig_001652	lassopeptide	RiPPs		
Pame_bac_bin031~Pame_metagenome_contig_000171.region001	Pame_metagenome_contig_000171	Pame_metagenome_contig_000171	T3PKS	PKSother		
Pame_bac_bin032~Pame_metagenome_contig_000866.region001	Pame_metagenome_contig_000866	Pame_metagenome_contig_000866	T3PKS	PKSother		
Pame_bac_bin033~Pame_metagenome_contig_000008.region001	Pame_metagenome_contig_000008	Pame_metagenome_contig_000008	lanthipeptide-class-ii	RiPPs		
Pame_bac_bin034~Pame_metagenome_contig_002815.region001	Pame_metagenome_contig_002815	Pame_metagenome_contig_002815	T3PKS	PKSother		
Pame_bac_bin034~Pame_metagenome_contig_007839.region001	Pame_metagenome_contig_007839	Pame_metagenome_contig_007839	arylpolyene	Others		
Pame_bac_bin035~Pame_metagenome_contig_052517.region001	Pame_metagenome_contig_052517	Pame_metagenome_contig_052517	RRE-containing	RiPPs		
Pame_bac_bin036~Pame_metagenome_contig_036508.region001	Pame_metagenome_contig_036508	Pame_metagenome_contig_036508	RRE-containing	RiPPs		
Pame_bac_bin037~Pame_metagenome_contig_004426.region001	Pame_metagenome_contig_004426	Pame_metagenome_contig_004426	cyclic-lactone-autoinducer	RiPPs		
Pame_bac_bin037~Pame_metagenome_contig_004564.region001	Pame_metagenome_contig_004564	Pame_metagenome_contig_004564	RiPP-like	RiPPs		
Pame_bac_bin037~Pame_metagenome_contig_011626.region001	Pame_metagenome_contig_011626	Pame_metagenome_contig_011626	cyclic-lactone-autoinducer	RiPPs		
Pame_bac_bin037~Pame_metagenome_contig_031498.region001	Pame_metagenome_contig_031498	Pame_metagenome_contig_031498	cyclic-lactone-autoinducer	RiPPs		
Pame_bac_bin037~Pame_metagenome_contig_037050.region001	Pame_metagenome_contig_037050	Pame_metagenome_contig_037050	thiopeptide	RiPPs		
Pame_bac_bin037~Pame_metagenome_contig_071249.region001	Pame_metagenome_contig_071249	Pame_metagenome_contig_071249	ranthipeptide	RiPPs		
Pame_bac_bin038~Pame_metagenome_contig_000903.region001	Pame_metagenome_contig_000903	Pame_metagenome_contig_000903	ranthipeptide	RiPPs		
Pame_bac_bin039~Pame_metagenome_contig_003466.region001	Pame_metagenome_contig_003466	Pame_metagenome_contig_003466	ranthipeptide	RiPPs		
Pame_bac_bin040~Pame_metagenome_contig_026896.region001	Pame_metagenome_contig_026896	Pame_metagenome_contig_026896	ranthipeptide	RiPPs		
Pame_bac_bin040~Pame_metagenome_contig_035237.region001	Pame_metagenome_contig_035237	Pame_metagenome_contig_035237	phosphonate	Others		
Pame_bac_bin041~Pame_metagenome_contig_001394.region001	Pame_metagenome_contig_001394	Pame_metagenome_contig_001394	RiPP-like	RiPPs		
Pame_bac_bin041~Pame_metagenome_contig_001769.region001	Pame_metagenome_contig_001769	Pame_metagenome_contig_001769	NRPS	NRPS		
Pame_bac_bin041~Pame_metagenome_contig_004432.region001	Pame_metagenome_contig_004432	Pame_metagenome_contig_004432	ranthipeptide	RiPPs		
Pame_bac_bin041~Pame_metagenome_contig_054893.region001	Pame_metagenome_contig_054893	Pame_metagenome_contig_054893	NRPS-like	NRPS		
Pame_bac_bin042~Pame_metagenome_contig_000368.region001	Pame_metagenome_contig_000368	Pame_metagenome_contig_000368	ranthipeptide	RiPPs		
Pame_bac_bin042~Pame_metagenome_contig_000795.region001	Pame_metagenome_contig_000795	Pame_metagenome_contig_000795	NRPS-like.RiPP-like	Others		
Pame_bac_bin043~Pame_metagenome_contig_001434.region001	Pame_metagenome_contig_001434	Pame_metagenome_contig_001434	cyclic-lactone-autoinducer	RiPPs		
Pame_bac_bin043~Pame_metagenome_contig_004115.region001	Pame_metagenome_contig_004115	Pame_metagenome_contig_004115	ranthipeptide	RiPPs		
Pame_bac_bin043~Pame_metagenome_contig_016805.region001	Pame_metagenome_contig_016805	Pame_metagenome_contig_016805	NRPS-like	NRPS		
Pame_bac_bin044~Pame_metagenome_contig_003219.region001	Pame_metagenome_contig_003219	Pame_metagenome_contig_003219	RiPP-like	RiPPs		
Pame_bac_bin044~Pame_metagenome_contig_004428.region001	Pame_metagenome_contig_004428	Pame_metagenome_contig_004428	RRE-containing	RiPPs		
Pame_bac_bin045~Pame_metagenome_contig_007856.region001	Pame_metagenome_contig_007856	Pame_metagenome_contig_007856	NRPS-like	NRPS		
Pame_bac_bin045~Pame_metagenome_contig_015471.region001	Pame_metagenome_contig_015471	Pame_metagenome_contig_015471	terpene	Terpene		
Pame_bac_bin045~Pame_metagenome_contig_020629.region001	Pame_metagenome_contig_020629	Pame_metagenome_contig_020629	cyclic-lactone-autoinducer	RiPPs		
Pame_bac_bin045~Pame_metagenome_contig_021316.region001	Pame_metagenome_contig_021316	Pame_metagenome_contig_021316	cyclic-lactone-autoinducer	RiPPs		
Pame_bac_bin045~Pame_metagenome_contig_024046.region001	Pame_metagenome_contig_024046	Pame_metagenome_contig_024046	cyclic-lactone-autoinducer	RiPPs		
Pame_bac_bin046~Pame_metagenome_contig_007325.region001	Pame_metagenome_contig_007325	Pame_metagenome_contig_007325	RiPP-like	RiPPs		
Pame_bac_bin046~Pame_metagenome_contig_025865.region001	Pame_metagenome_contig_025865	Pame_metagenome_contig_025865	RiPP-like	RiPPs		
Pame_bac_bin047~Pame_metagenome_contig_007720.region001	Pame_metagenome_contig_007720	Pame_metagenome_contig_007720	RiPP-like	RiPPs		
Pame_bac_bin047~Pame_metagenome_contig_034782.region001	Pame_metagenome_contig_034782	Pame_metagenome_contig_034782	ranthipeptide	RiPPs		
Pame_bac_bin047~Pame_metagenome_contig_048034.region001	Pame_metagenome_contig_048034	Pame_metagenome_contig_048034	ranthipeptide	RiPPs		
Pame_bac_bin048~Pame_metagenome_contig_002272.region001	Pame_metagenome_contig_002272	Pame_metagenome_contig_002272	RiPP-like	RiPPs		
Pame_bac_bin048~Pame_metagenome_contig_003645.region001	Pame_metagenome_contig_003645	Pame_metagenome_contig_003645	NRPS-like	NRPS		
Pame_bac_bin048~Pame_metagenome_contig_003645.region002	Pame_metagenome_contig_003645	Pame_metagenome_contig_003645	RiPP-like	RiPPs		
Pame_bac_bin048~Pame_metagenome_contig_025843.region001	Pame_metagenome_contig_025843	Pame_metagenome_contig_025843	ranthipeptide	RiPPs		
Pame_bac_bin049~Pame_metagenome_contig_008832.region001	Pame_metagenome_contig_008832	Pame_metagenome_contig_008832	RiPP-like	RiPPs		
Pame_bac_bin051~Pame_metagenome_contig_004959.region001	Pame_metagenome_contig_004959	Pame_metagenome_contig_004959	ranthipeptide	RiPPs		
Pame_bac_bin051~Pame_metagenome_contig_008141.region001	Pame_metagenome_contig_008141	Pame_metagenome_contig_008141	betalactone	Others		
Pame_bac_bin054~Pame_metagenome_contig_001636.region001	Pame_metagenome_contig_001636	Pame_metagenome_contig_001636	NRPS	NRPS		
Pame_bac_bin055~Pame_metagenome_contig_000176.region001	Pame_metagenome_contig_000176	Pame_metagenome_contig_000176	ranthipeptide	RiPPs		
Pame_bac_bin055~Pame_metagenome_contig_001621.region001	Pame_metagenome_contig_001621	Pame_metagenome_contig_001621	lassopeptide.arylpolyene	Others		
Pame_bac_bin055~Pame_metagenome_contig_003523.region001	Pame_metagenome_contig_003523	Pame_metagenome_contig_003523	betalactone	Others		
Pame_bac_bin056~Pame_metagenome_contig_000285.region001	Pame_metagenome_contig_000285	Pame_metagenome_contig_000285	ranthipeptide	RiPPs		
Pame_bac_bin056~Pame_metagenome_contig_000285.region002	Pame_metagenome_contig_000285	Pame_metagenome_contig_000285	arylpolyene	Others		
Pame_bac_bin057~Pame_metagenome_contig_001630.region001	Pame_metagenome_contig_001630	Pame_metagenome_contig_001630	ranthipeptide	RiPPs		
Pame_bac_bin058~Pame_metagenome_contig_009734.region001	Pame_metagenome_contig_009734	Pame_metagenome_contig_009734	ranthipeptide	RiPPs		
Pame_bac_bin058~Pame_metagenome_contig_019225.region001	Pame_metagenome_contig_019225	Pame_metagenome_contig_019225	betalactone	Others		
Pame_bac_bin059~Pame_metagenome_contig_002262.region001	Pame_metagenome_contig_002262	Pame_metagenome_contig_002262	ranthipeptide	RiPPs		
Pame_bac_bin061~Pame_metagenome_contig_026230.region001	Pame_metagenome_contig_026230	Pame_metagenome_contig_026230	NRPS	NRPS		
Pame_bac_bin062~Pame_metagenome_contig_005600.region001	Pame_metagenome_contig_005600	Pame_metagenome_contig_005600	ranthipeptide	RiPPs		
Pame_bac_bin063~Pame_metagenome_contig_000600.region001	Pame_metagenome_contig_000600	Pame_metagenome_contig_000600	cyclic-lactone-autoinducer.ranthipeptide	RiPPs		
Pame_bac_bin064~Pame_metagenome_contig_037352.region001	Pame_metagenome_contig_037352	Pame_metagenome_contig_037352	ranthipeptide	RiPPs		
Pame_bac_bin064~Pame_metagenome_contig_064479.region001	Pame_metagenome_contig_064479	Pame_metagenome_contig_064479	ranthipeptide	RiPPs		
Pame_bac_bin066~Pame_metagenome_contig_094776.region001	Pame_metagenome_contig_094776	Pame_metagenome_contig_094776	NRPS	NRPS		
Pame_bac_bin066~Pame_metagenome_contig_143514.region001	Pame_metagenome_contig_143514	Pame_metagenome_contig_143514	NRPS	NRPS		
Pame_bac_bin066~Pame_metagenome_contig_188880.region001	Pame_metagenome_contig_188880	Pame_metagenome_contig_188880	RRE-containing	RiPPs		
Pame_bac_bin067~Pame_metagenome_contig_003639.region001	Pame_metagenome_contig_003639	Pame_metagenome_contig_003639	ranthipeptide	RiPPs		
Pame_bac_bin067~Pame_metagenome_contig_006215.region001	Pame_metagenome_contig_006215	Pame_metagenome_contig_006215	RiPP-like	RiPPs		
Pame_bac_bin068~Pame_metagenome_contig_003022.region001	Pame_metagenome_contig_003022	Pame_metagenome_contig_003022	ranthipeptide	RiPPs		
Pame_bac_bin068~Pame_metagenome_contig_133681.region001	Pame_metagenome_contig_133681	Pame_metagenome_contig_133681	cyclic-lactone-autoinducer	RiPPs		
Pame_bac_bin069~Pame_metagenome_contig_036795.region001	Pame_metagenome_contig_036795	Pame_metagenome_contig_036795	ranthipeptide	RiPPs		
Pame_bac_bin070~Pame_metagenome_contig_000431.region001	Pame_metagenome_contig_000431	Pame_metagenome_contig_000431	cyclic-lactone-autoinducer	RiPPs		
Pame_bac_bin070~Pame_metagenome_contig_000431.region002	Pame_metagenome_contig_000431	Pame_metagenome_contig_000431	cyclic-lactone-autoinducer.NRPS	Others		
Pame_bac_bin070~Pame_metagenome_contig_000566.region001	Pame_metagenome_contig_000566	Pame_metagenome_contig_000566	cyclic-lactone-autoinducer.RiPP-like	RiPPs		
Pame_bac_bin070~Pame_metagenome_contig_000924.region001	Pame_metagenome_contig_000924	Pame_metagenome_contig_000924	transAT-PKS.NRPS.ranthipeptide.cyclic-lactone-autoinducer.NRPS-like	Others		
Pame_bac_bin070~Pame_metagenome_contig_003040.region001	Pame_metagenome_contig_003040	Pame_metagenome_contig_003040	HR-T2PKS.ladderane.NRPS	Others		
Pame_bac_bin070~Pame_metagenome_contig_003089.region001	Pame_metagenome_contig_003089	Pame_metagenome_contig_003089	cyclic-lactone-autoinducer	RiPPs		
Pame_bac_bin070~Pame_metagenome_contig_003452.region001	Pame_metagenome_contig_003452	Pame_metagenome_contig_003452	ranthipeptide	RiPPs		
Pame_bac_bin070~Pame_metagenome_contig_004074.region001	Pame_metagenome_contig_004074	Pame_metagenome_contig_004074	cyclic-lactone-autoinducer.NRPS	Others		
Pame_bac_bin070~Pame_metagenome_contig_006311.region001	Pame_metagenome_contig_006311	Pame_metagenome_contig_006311	cyclic-lactone-autoinducer.NRPS-like	Others		
Pame_bac_bin070~Pame_metagenome_contig_006769.region001	Pame_metagenome_contig_006769	Pame_metagenome_contig_006769	cyclic-lactone-autoinducer	RiPPs		
Pame_bac_bin070~Pame_metagenome_contig_012649.region001	Pame_metagenome_contig_012649	Pame_metagenome_contig_012649	ranthipeptide	RiPPs		
Pame_bac_bin071~Pame_metagenome_contig_000257.region001	Pame_metagenome_contig_000257	Pame_metagenome_contig_000257	cyclic-lactone-autoinducer	RiPPs		
Pame_bac_bin071~Pame_metagenome_contig_000257.region002	Pame_metagenome_contig_000257	Pame_metagenome_contig_000257	ranthipeptide	RiPPs		
Pame_bac_bin072~Pame_metagenome_contig_000106.region001	Pame_metagenome_contig_000106	Pame_metagenome_contig_000106	cyclic-lactone-autoinducer.NRPS	Others		
Pame_bac_bin072~Pame_metagenome_contig_000106.region002	Pame_metagenome_contig_000106	Pame_metagenome_contig_000106	cyclic-lactone-autoinducer	RiPPs		
Pame_bac_bin072~Pame_metagenome_contig_000106.region003	Pame_metagenome_contig_000106	Pame_metagenome_contig_000106	ranthipeptide	RiPPs		
Pame_bac_bin072~Pame_metagenome_contig_000175.region001	Pame_metagenome_contig_000175	Pame_metagenome_contig_000175	cyclic-lactone-autoinducer	RiPPs		
Pame_bac_bin072~Pame_metagenome_contig_000251.region001	Pame_metagenome_contig_000251	Pame_metagenome_contig_000251	RRE-containing	RiPPs		
Pame_bac_bin072~Pame_metagenome_contig_000649.region001	Pame_metagenome_contig_000649	Pame_metagenome_contig_000649	cyclic-lactone-autoinducer	RiPPs		
Pame_bac_bin073~Pame_metagenome_contig_000652.region001	Pame_metagenome_contig_000652	Pame_metagenome_contig_000652	cyclic-lactone-autoinducer	RiPPs		
Pame_bac_bin073~Pame_metagenome_contig_000752.region001	Pame_metagenome_contig_000752	Pame_metagenome_contig_000752	cyclic-lactone-autoinducer	RiPPs		
Pame_bac_bin073~Pame_metagenome_contig_001999.region001	Pame_metagenome_contig_001999	Pame_metagenome_contig_001999	ranthipeptide	RiPPs		
Pame_bac_bin073~Pame_metagenome_contig_004997.region001	Pame_metagenome_contig_004997	Pame_metagenome_contig_004997	RRE-containing	RiPPs		
Pame_bac_bin074~Pame_metagenome_contig_000322.region001	Pame_metagenome_contig_000322	Pame_metagenome_contig_000322	cyclic-lactone-autoinducer	RiPPs		
Pame_bac_bin074~Pame_metagenome_contig_000322.region002	Pame_metagenome_contig_000322	Pame_metagenome_contig_000322	cyclic-lactone-autoinducer	RiPPs		
Pame_bac_bin074~Pame_metagenome_contig_000929.region001	Pame_metagenome_contig_000929	Pame_metagenome_contig_000929	ranthipeptide	RiPPs		
Pame_bac_bin074~Pame_metagenome_contig_004773.region001	Pame_metagenome_contig_004773	Pame_metagenome_contig_004773	NRPS	NRPS		
Pame_bac_bin075~Pame_metagenome_contig_001603.region001	Pame_metagenome_contig_001603	Pame_metagenome_contig_001603	RiPP-like	RiPPs		
Pame_bac_bin075~Pame_metagenome_contig_002087.region001	Pame_metagenome_contig_002087	Pame_metagenome_contig_002087	RRE-containing	RiPPs		
Pame_bac_bin075~Pame_metagenome_contig_004441.region001	Pame_metagenome_contig_004441	Pame_metagenome_contig_004441	RRE-containing	RiPPs		
Pame_bac_bin075~Pame_metagenome_contig_004475.region001	Pame_metagenome_contig_004475	Pame_metagenome_contig_004475	cyclic-lactone-autoinducer.NRPS.transAT-PKS	Others		
Pame_bac_bin075~Pame_metagenome_contig_004763.region001	Pame_metagenome_contig_004763	Pame_metagenome_contig_004763	RRE-containing	RiPPs		
Pame_bac_bin076~Pame_metagenome_contig_000598.region001	Pame_metagenome_contig_000598	Pame_metagenome_contig_000598	ranthipeptide	RiPPs		
Pame_bac_bin076~Pame_metagenome_contig_000946.region001	Pame_metagenome_contig_000946	Pame_metagenome_contig_000946	RiPP-like	RiPPs		
Pame_bac_bin076~Pame_metagenome_contig_003136.region001	Pame_metagenome_contig_003136	Pame_metagenome_contig_003136	cyclic-lactone-autoinducer	RiPPs		
Pame_bac_bin077~Pame_metagenome_contig_002130.region001	Pame_metagenome_contig_002130	Pame_metagenome_contig_002130	NRPS	NRPS		
Pame_bac_bin077~Pame_metagenome_contig_003916.region001	Pame_metagenome_contig_003916	Pame_metagenome_contig_003916	cyclic-lactone-autoinducer	RiPPs		
Pame_bac_bin077~Pame_metagenome_contig_006618.region001	Pame_metagenome_contig_006618	Pame_metagenome_contig_006618	cyclic-lactone-autoinducer	RiPPs		
Pame_bac_bin078~Pame_metagenome_contig_000055.region001	Pame_metagenome_contig_000055	Pame_metagenome_contig_000055	ranthipeptide	RiPPs		
Pame_bac_bin079~Pame_metagenome_contig_000108.region001	Pame_metagenome_contig_000108	Pame_metagenome_contig_000108	RiPP-like	RiPPs		
Pame_bac_bin079~Pame_metagenome_contig_000184.region001	Pame_metagenome_contig_000184	Pame_metagenome_contig_000184	ranthipeptide	RiPPs		
Pame_bac_bin079~Pame_metagenome_contig_001764.region001	Pame_metagenome_contig_001764	Pame_metagenome_contig_001764	cyclic-lactone-autoinducer	RiPPs		
Pame_bac_bin079~Pame_metagenome_contig_002752.region001	Pame_metagenome_contig_002752	Pame_metagenome_contig_002752	cyclic-lactone-autoinducer.RiPP-like	RiPPs		
Pame_bac_bin080~Pame_metagenome_contig_004362.region001	Pame_metagenome_contig_004362	Pame_metagenome_contig_004362	hydrogen-cyanide	Others		
Pame_bac_bin080~Pame_metagenome_contig_013968.region001	Pame_metagenome_contig_013968	Pame_metagenome_contig_013968	ranthipeptide	RiPPs		
Pame_bac_bin080~Pame_metagenome_contig_018814.region001	Pame_metagenome_contig_018814	Pame_metagenome_contig_018814	ranthipeptide	RiPPs		
Pame_bac_bin081~Pame_metagenome_contig_000812.region001	Pame_metagenome_contig_000812	Pame_metagenome_contig_000812	RRE-containing.RiPP-like	RiPPs		
Pame_bac_bin081~Pame_metagenome_contig_000812.region002	Pame_metagenome_contig_000812	Pame_metagenome_contig_000812	cyclic-lactone-autoinducer	RiPPs		
Pame_bac_bin081~Pame_metagenome_contig_000851.region001	Pame_metagenome_contig_000851	Pame_metagenome_contig_000851	cyclic-lactone-autoinducer	RiPPs		
Pame_bac_bin081~Pame_metagenome_contig_004060.region001	Pame_metagenome_contig_004060	Pame_metagenome_contig_004060	ranthipeptide	RiPPs		
Pame_bac_bin081~Pame_metagenome_contig_004670.region001	Pame_metagenome_contig_004670	Pame_metagenome_contig_004670	RiPP-like	RiPPs		
Pame_bac_bin081~Pame_metagenome_contig_005301.region001	Pame_metagenome_contig_005301	Pame_metagenome_contig_005301	ranthipeptide	RiPPs		
Pame_bac_bin082~Pame_metagenome_contig_003451.region001	Pame_metagenome_contig_003451	Pame_metagenome_contig_003451	NRPS-like	NRPS		
Pame_bac_bin083~Pame_metagenome_contig_000291.region001	Pame_metagenome_contig_000291	Pame_metagenome_contig_000291	RRE-containing.cyclic-lactone-autoinducer	RiPPs		
Pame_bac_bin083~Pame_metagenome_contig_000380.region001	Pame_metagenome_contig_000380	Pame_metagenome_contig_000380	ranthipeptide	RiPPs		
Pame_bac_bin083~Pame_metagenome_contig_000676.region001	Pame_metagenome_contig_000676	Pame_metagenome_contig_000676	cyclic-lactone-autoinducer.ladderane.NRPS	Others		
Pame_bac_bin083~Pame_metagenome_contig_001001.region001	Pame_metagenome_contig_001001	Pame_metagenome_contig_001001	NRPS	NRPS		
Pame_bac_bin083~Pame_metagenome_contig_008185.region001	Pame_metagenome_contig_008185	Pame_metagenome_contig_008185	RRE-containing	RiPPs		
Pame_bac_bin083~Pame_metagenome_contig_031816.region001	Pame_metagenome_contig_031816	Pame_metagenome_contig_031816	phosphonate	Others		
Pame_bac_bin084~Pame_metagenome_contig_001987.region001	Pame_metagenome_contig_001987	Pame_metagenome_contig_001987	ranthipeptide	RiPPs		
Pame_bac_bin085~Pame_metagenome_contig_015256.region001	Pame_metagenome_contig_015256	Pame_metagenome_contig_015256	cyclic-lactone-autoinducer	RiPPs		
Pame_bac_bin085~Pame_metagenome_contig_016557.region001	Pame_metagenome_contig_016557	Pame_metagenome_contig_016557	cyclic-lactone-autoinducer	RiPPs		
Pame_bac_bin085~Pame_metagenome_contig_249329.region001	Pame_metagenome_contig_249329	Pame_metagenome_contig_249329	RRE-containing	RiPPs		
Pame_bac_bin087~Pame_metagenome_contig_001300.region001	Pame_metagenome_contig_001300	Pame_metagenome_contig_001300	RiPP-like	RiPPs		
Pame_bac_bin087~Pame_metagenome_contig_001939.region001	Pame_metagenome_contig_001939	Pame_metagenome_contig_001939	NRPS-like.NRPS	NRPS		
Pame_bac_bin087~Pame_metagenome_contig_004159.region001	Pame_metagenome_contig_004159	Pame_metagenome_contig_004159	NRPS	NRPS		
Pame_bac_bin087~Pame_metagenome_contig_004506.region001	Pame_metagenome_contig_004506	Pame_metagenome_contig_004506	NRPS	NRPS		
Pame_bac_bin087~Pame_metagenome_contig_052266.region001	Pame_metagenome_contig_052266	Pame_metagenome_contig_052266	NRPS-like	NRPS		
Pame_bac_bin088~Pame_metagenome_contig_019791.region001	Pame_metagenome_contig_019791	Pame_metagenome_contig_019791	RRE-containing	RiPPs		
Pame_bac_bin089~Pame_metagenome_contig_033153.region001	Pame_metagenome_contig_033153	Pame_metagenome_contig_033153	cyclic-lactone-autoinducer	RiPPs		
Pame_bac_bin089~Pame_metagenome_contig_140420.region001	Pame_metagenome_contig_140420	Pame_metagenome_contig_140420	RRE-containing	RiPPs		
Pame_bac_bin090~Pame_metagenome_contig_003296.region001	Pame_metagenome_contig_003296	Pame_metagenome_contig_003296	lassopeptide	RiPPs		
Pame_bac_bin090~Pame_metagenome_contig_008053.region001	Pame_metagenome_contig_008053	Pame_metagenome_contig_008053	ranthipeptide	RiPPs		
Pame_bac_bin090~Pame_metagenome_contig_013142.region001	Pame_metagenome_contig_013142	Pame_metagenome_contig_013142	RRE-containing	RiPPs		
Pame_bac_bin091~Pame_metagenome_contig_033979.region001	Pame_metagenome_contig_033979	Pame_metagenome_contig_033979	NRPS-like	NRPS		
Pame_bac_bin091~Pame_metagenome_contig_039991.region001	Pame_metagenome_contig_039991	Pame_metagenome_contig_039991	ranthipeptide	RiPPs		
Pame_bac_bin093~Pame_metagenome_contig_060865.region001	Pame_metagenome_contig_060865	Pame_metagenome_contig_060865	RRE-containing	RiPPs		
Pame_bac_bin094~Pame_metagenome_contig_002939.region001	Pame_metagenome_contig_002939	Pame_metagenome_contig_002939	cyclic-lactone-autoinducer	RiPPs		
Pame_bac_bin094~Pame_metagenome_contig_004057.region001	Pame_metagenome_contig_004057	Pame_metagenome_contig_004057	RRE-containing	RiPPs		
Pame_bac_bin094~Pame_metagenome_contig_006194.region001	Pame_metagenome_contig_006194	Pame_metagenome_contig_006194	RRE-containing	RiPPs		
Pame_bac_bin095~Pame_metagenome_contig_018482.region001	Pame_metagenome_contig_018482	Pame_metagenome_contig_018482	RRE-containing	RiPPs		
Pame_bac_bin095~Pame_metagenome_contig_045066.region001	Pame_metagenome_contig_045066	Pame_metagenome_contig_045066	ranthipeptide	RiPPs		
Pame_bac_bin100~Pame_metagenome_contig_020775.region001	Pame_metagenome_contig_020775	Pame_metagenome_contig_020775	ranthipeptide	RiPPs		
Pame_bac_bin102~Pame_metagenome_contig_086097.region001	Pame_metagenome_contig_086097	Pame_metagenome_contig_086097	betalactone	Others		
Pame_bac_bin102~Pame_metagenome_contig_264828.region001	Pame_metagenome_contig_264828	Pame_metagenome_contig_264828	ranthipeptide	RiPPs		
Pame_bac_bin104~Pame_metagenome_contig_009325.region001	Pame_metagenome_contig_009325	Pame_metagenome_contig_009325	ranthipeptide	RiPPs		
Pame_bac_bin105~Pame_metagenome_contig_045968.region001	Pame_metagenome_contig_045968	Pame_metagenome_contig_045968	RiPP-like	RiPPs		
Pame_bac_bin105~Pame_metagenome_contig_076276.region001	Pame_metagenome_contig_076276	Pame_metagenome_contig_076276	betalactone	Others		
Pame_bac_bin107~Pame_metagenome_contig_000473.region001	Pame_metagenome_contig_000473	Pame_metagenome_contig_000473	lassopeptide	RiPPs		
Pame_bac_bin107~Pame_metagenome_contig_000473.region002	Pame_metagenome_contig_000473	Pame_metagenome_contig_000473	lassopeptide	RiPPs		
Pame_bac_bin107~Pame_metagenome_contig_001552.region001	Pame_metagenome_contig_001552	Pame_metagenome_contig_001552	ranthipeptide	RiPPs		
Pame_bac_bin107~Pame_metagenome_contig_001552.region002	Pame_metagenome_contig_001552	Pame_metagenome_contig_001552	lassopeptide	RiPPs		
Pame_bac_bin110~Pame_metagenome_contig_006321.region001	Pame_metagenome_contig_006321	Pame_metagenome_contig_006321	lassopeptide	RiPPs		
Pame_bac_bin110~Pame_metagenome_contig_017865.region001	Pame_metagenome_contig_017865	Pame_metagenome_contig_017865	NRPS	NRPS		
Pame_bac_bin111~Pame_metagenome_contig_002899.region001	Pame_metagenome_contig_002899	Pame_metagenome_contig_002899	lassopeptide	RiPPs		
Pame_bac_bin111~Pame_metagenome_contig_010608.region001	Pame_metagenome_contig_010608	Pame_metagenome_contig_010608	RRE-containing	RiPPs		
Pame_bac_bin113~Pame_metagenome_contig_002858.region001	Pame_metagenome_contig_002858	Pame_metagenome_contig_002858	ranthipeptide	RiPPs		
Pame_bac_bin113~Pame_metagenome_contig_005104.region001	Pame_metagenome_contig_005104	Pame_metagenome_contig_005104	RiPP-like	RiPPs		
Pame_bac_bin113~Pame_metagenome_contig_010847.region001	Pame_metagenome_contig_010847	Pame_metagenome_contig_010847	lassopeptide	RiPPs		
Pame_bac_bin114~Pame_metagenome_contig_008752.region001	Pame_metagenome_contig_008752	Pame_metagenome_contig_008752	ranthipeptide	RiPPs		
Pame_bac_bin115~Pame_metagenome_contig_002873.region001	Pame_metagenome_contig_002873	Pame_metagenome_contig_002873	betalactone	Others		
Pame_bac_bin115~Pame_metagenome_contig_015652.region001	Pame_metagenome_contig_015652	Pame_metagenome_contig_015652	RiPP-like	RiPPs		
Pame_bac_bin115~Pame_metagenome_contig_032141.region001	Pame_metagenome_contig_032141	Pame_metagenome_contig_032141	ranthipeptide	RiPPs		
Pame_bac_bin116~Pame_metagenome_contig_000713.region001	Pame_metagenome_contig_000713	Pame_metagenome_contig_000713	RRE-containing	RiPPs		
Pame_bac_bin116~Pame_metagenome_contig_001107.region001	Pame_metagenome_contig_001107	Pame_metagenome_contig_001107	cyclic-lactone-autoinducer	RiPPs		
Pame_bac_bin116~Pame_metagenome_contig_005924.region001	Pame_metagenome_contig_005924	Pame_metagenome_contig_005924	ranthipeptide	RiPPs		
Pame_bac_bin117~Pame_metagenome_contig_045825.region001	Pame_metagenome_contig_045825	Pame_metagenome_contig_045825	NRPS-like	NRPS		
Pame_bac_bin117~Pame_metagenome_contig_269984.region001	Pame_metagenome_contig_269984	Pame_metagenome_contig_269984	RRE-containing	RiPPs		
Pame_bac_bin118~Pame_metagenome_contig_000877.region001	Pame_metagenome_contig_000877	Pame_metagenome_contig_000877	ranthipeptide	RiPPs		
Pame_bac_bin118~Pame_metagenome_contig_006921.region001	Pame_metagenome_contig_006921	Pame_metagenome_contig_006921	cyclic-lactone-autoinducer	RiPPs		
Pame_bac_bin120~Pame_metagenome_contig_001737.region001	Pame_metagenome_contig_001737	Pame_metagenome_contig_001737	ranthipeptide	RiPPs		
Pame_bac_bin121~Pame_metagenome_contig_019262.region001	Pame_metagenome_contig_019262	Pame_metagenome_contig_019262	lanthipeptide-class-ii	RiPPs		
Pame_bac_bin121~Pame_metagenome_contig_024051.region001	Pame_metagenome_contig_024051	Pame_metagenome_contig_024051	NRPS-like	NRPS		
Pame_bac_bin121~Pame_metagenome_contig_029006.region001	Pame_metagenome_contig_029006	Pame_metagenome_contig_029006	cyclic-lactone-autoinducer.RiPP-like	RiPPs		
Pame_bac_bin121~Pame_metagenome_contig_038778.region001	Pame_metagenome_contig_038778	Pame_metagenome_contig_038778	ranthipeptide	RiPPs		
Pame_bac_bin123~Pame_metagenome_contig_050209.region001	Pame_metagenome_contig_050209	Pame_metagenome_contig_050209	RiPP-like	RiPPs		
Pame_bac_bin123~Pame_metagenome_contig_153791.region001	Pame_metagenome_contig_153791	Pame_metagenome_contig_153791	NRPS-like	NRPS		
Pame_bac_bin124~Pame_metagenome_contig_017443.region001	Pame_metagenome_contig_017443	Pame_metagenome_contig_017443	ranthipeptide	RiPPs		
Pame_bac_bin124~Pame_metagenome_contig_046245.region001	Pame_metagenome_contig_046245	Pame_metagenome_contig_046245	cyclic-lactone-autoinducer	RiPPs		
Pame_bac_bin124~Pame_metagenome_contig_056537.region001	Pame_metagenome_contig_056537	Pame_metagenome_contig_056537	RRE-containing	RiPPs		
Pame_bac_bin124~Pame_metagenome_contig_059407.region001	Pame_metagenome_contig_059407	Pame_metagenome_contig_059407	RRE-containing	RiPPs		
Pame_bac_bin124~Pame_metagenome_contig_066015.region001	Pame_metagenome_contig_066015	Pame_metagenome_contig_066015	RRE-containing	RiPPs		
Pame_bac_bin124~Pame_metagenome_contig_119643.region001	Pame_metagenome_contig_119643	Pame_metagenome_contig_119643	ranthipeptide	RiPPs		
Pame_bac_bin124~Pame_metagenome_contig_231167.region001	Pame_metagenome_contig_231167	Pame_metagenome_contig_231167	RRE-containing	RiPPs		
Pame_bac_bin125~Pame_metagenome_contig_000998.region001	Pame_metagenome_contig_000998	Pame_metagenome_contig_000998	betalactone	Others		
Pame_bac_bin126~Pame_metagenome_contig_000299.region001	Pame_metagenome_contig_000299	Pame_metagenome_contig_000299	NRPS	NRPS		
Pame_bac_bin126~Pame_metagenome_contig_000299.region002	Pame_metagenome_contig_000299	Pame_metagenome_contig_000299	betalactone	Others		
Pame_bac_bin126~Pame_metagenome_contig_000669.region001	Pame_metagenome_contig_000669	Pame_metagenome_contig_000669	ranthipeptide	RiPPs		
Pame_bac_bin126~Pame_metagenome_contig_000669.region002	Pame_metagenome_contig_000669	Pame_metagenome_contig_000669	betalactone	Others		
Pame_bac_bin126~Pame_metagenome_contig_000726.region001	Pame_metagenome_contig_000726	Pame_metagenome_contig_000726	cyclic-lactone-autoinducer	RiPPs		
Pame_bac_bin127~Pame_metagenome_contig_004250.region001	Pame_metagenome_contig_004250	Pame_metagenome_contig_004250	RiPP-like	RiPPs		
Pame_bac_bin127~Pame_metagenome_contig_015688.region001	Pame_metagenome_contig_015688	Pame_metagenome_contig_015688	betalactone	Others		
Pame_bac_bin128~Pame_metagenome_contig_010730.region001	Pame_metagenome_contig_010730	Pame_metagenome_contig_010730	betalactone	Others		
Pame_bac_bin128~Pame_metagenome_contig_013571.region001	Pame_metagenome_contig_013571	Pame_metagenome_contig_013571	ranthipeptide	RiPPs		
Pame_bac_bin128~Pame_metagenome_contig_014175.region001	Pame_metagenome_contig_014175	Pame_metagenome_contig_014175	RiPP-like	RiPPs		
Pame_bac_bin128~Pame_metagenome_contig_017786.region001	Pame_metagenome_contig_017786	Pame_metagenome_contig_017786	NRPS-like	NRPS		
Pame_bac_bin130~Pame_metagenome_contig_019771.region001	Pame_metagenome_contig_019771	Pame_metagenome_contig_019771	RiPP-like	RiPPs		
Pame_bac_bin131~Pame_metagenome_contig_036747.region001	Pame_metagenome_contig_036747	Pame_metagenome_contig_036747	ranthipeptide	RiPPs		
Pame_bac_bin132~Pame_metagenome_contig_004344.region001	Pame_metagenome_contig_004344	Pame_metagenome_contig_004344	NRPS	NRPS		
Pame_bac_bin134~Pame_metagenome_contig_039688.region001	Pame_metagenome_contig_039688	Pame_metagenome_contig_039688	NRPS-like	NRPS		
Pame_bac_bin134~Pame_metagenome_contig_047621.region001	Pame_metagenome_contig_047621	Pame_metagenome_contig_047621	NRPS	NRPS		
Pame_bac_bin134~Pame_metagenome_contig_077307.region001	Pame_metagenome_contig_077307	Pame_metagenome_contig_077307	NRPS-like	NRPS		
Pame_bac_bin135~Pame_metagenome_contig_030811.region001	Pame_metagenome_contig_030811	Pame_metagenome_contig_030811	cyclic-lactone-autoinducer	RiPPs		
Pame_bac_bin135~Pame_metagenome_contig_063575.region001	Pame_metagenome_contig_063575	Pame_metagenome_contig_063575	cyclic-lactone-autoinducer	RiPPs		
Pame_bac_bin135~Pame_metagenome_contig_066978.region001	Pame_metagenome_contig_066978	Pame_metagenome_contig_066978	cyclic-lactone-autoinducer	RiPPs		
Pame_bac_bin135~Pame_metagenome_contig_140127.region001	Pame_metagenome_contig_140127	Pame_metagenome_contig_140127	RRE-containing	RiPPs		
Pame_bac_bin137~Pame_metagenome_contig_217590.region001	Pame_metagenome_contig_217590	Pame_metagenome_contig_217590	cyclic-lactone-autoinducer	RiPPs		
Pame_bac_bin138~Pame_metagenome_contig_027572.region001	Pame_metagenome_contig_027572	Pame_metagenome_contig_027572	NRPS	NRPS		
Pame_bac_bin139~Pame_metagenome_contig_106139.region001	Pame_metagenome_contig_106139	Pame_metagenome_contig_106139	cyclic-lactone-autoinducer	RiPPs		
Pame_bac_bin139~Pame_metagenome_contig_141171.region001	Pame_metagenome_contig_141171	Pame_metagenome_contig_141171	cyclic-lactone-autoinducer	RiPPs		
Pame_bac_bin139~Pame_metagenome_contig_174619.region001	Pame_metagenome_contig_174619	Pame_metagenome_contig_174619	RRE-containing	RiPPs		
Pame_bac_bin140~Pame_metagenome_contig_003275.region001	Pame_metagenome_contig_003275	Pame_metagenome_contig_003275	cyclic-lactone-autoinducer	RiPPs		
Pame_bac_bin140~Pame_metagenome_contig_156923.region001	Pame_metagenome_contig_156923	Pame_metagenome_contig_156923	phosphonate	Others		
Pame_bac_bin141~Pame_metagenome_contig_002991.region001	Pame_metagenome_contig_002991	Pame_metagenome_contig_002991	ranthipeptide	RiPPs		
Pame_bac_bin141~Pame_metagenome_contig_003944.region001	Pame_metagenome_contig_003944	Pame_metagenome_contig_003944	RiPP-like	RiPPs		
Pame_bac_bin142~Pame_metagenome_contig_003134.region001	Pame_metagenome_contig_003134	Pame_metagenome_contig_003134	ranthipeptide	RiPPs		
Pame_bac_bin148~Pame_metagenome_contig_018547.region001	Pame_metagenome_contig_018547	Pame_metagenome_contig_018547	cyclic-lactone-autoinducer	RiPPs		
Pame_bac_bin148~Pame_metagenome_contig_032724.region001	Pame_metagenome_contig_032724	Pame_metagenome_contig_032724	cyclic-lactone-autoinducer	RiPPs		
Pame_bac_bin150~Pame_metagenome_contig_000243.region001	Pame_metagenome_contig_000243	Pame_metagenome_contig_000243	cyclic-lactone-autoinducer	RiPPs		
Pame_bac_bin156~Pame_metagenome_contig_000779.region001	Pame_metagenome_contig_000779	Pame_metagenome_contig_000779	cyclic-lactone-autoinducer	RiPPs		
Pame_bac_bin157~Pame_metagenome_contig_003783.region001	Pame_metagenome_contig_003783	Pame_metagenome_contig_003783	cyclic-lactone-autoinducer	RiPPs		
Pame_bac_bin157~Pame_metagenome_contig_040853.region001	Pame_metagenome_contig_040853	Pame_metagenome_contig_040853	cyclic-lactone-autoinducer	RiPPs		
Pame_bac_bin160~Pame_metagenome_contig_020960.region001	Pame_metagenome_contig_020960	Pame_metagenome_contig_020960	NRPS-like	NRPS		
Pame_bac_bin162~Pame_metagenome_contig_000482.region001	Pame_metagenome_contig_000482	Pame_metagenome_contig_000482	terpene	Terpene		
Pame_bac_bin162~Pame_metagenome_contig_000578.region001	Pame_metagenome_contig_000578	Pame_metagenome_contig_000578	RiPP-like	RiPPs		
Pame_bac_bin162~Pame_metagenome_contig_000863.region001	Pame_metagenome_contig_000863	Pame_metagenome_contig_000863	arylpolyene	Others		
Pame_bac_bin162~Pame_metagenome_contig_000863.region002	Pame_metagenome_contig_000863	Pame_metagenome_contig_000863	arylpolyene	Others		
Pame_bac_bin167~Pame_metagenome_contig_001428.region001	Pame_metagenome_contig_001428	Pame_metagenome_contig_001428	resorcinol	Others		
Pame_bac_bin169~Pame_metagenome_contig_009957.region001	Pame_metagenome_contig_009957	Pame_metagenome_contig_009957	hglE-KS.T1PKS	PKSother		
Pame_bac_bin173~Pame_metagenome_contig_001489.region001	Pame_metagenome_contig_001489	Pame_metagenome_contig_001489	RRE-containing	RiPPs		
Pame_bac_bin175~Pame_metagenome_contig_002759.region001	Pame_metagenome_contig_002759	Pame_metagenome_contig_002759	RRE-containing	RiPPs		
Pame_bac_bin179~Pame_metagenome_contig_009034.region001	Pame_metagenome_contig_009034	Pame_metagenome_contig_009034	RRE-containing	RiPPs		
Pame_bac_bin180~Pame_metagenome_contig_005005.region001	Pame_metagenome_contig_005005	Pame_metagenome_contig_005005	RRE-containing	RiPPs		
Pame_bac_bin181~Pame_metagenome_contig_002992.region001	Pame_metagenome_contig_002992	Pame_metagenome_contig_002992	RRE-containing	RiPPs		
Pame_bac_bin181~Pame_metagenome_contig_006208.region001	Pame_metagenome_contig_006208	Pame_metagenome_contig_006208	RRE-containing	RiPPs		
Pame_bac_bin182~Pame_metagenome_contig_001362.region001	Pame_metagenome_contig_001362	Pame_metagenome_contig_001362	RRE-containing	RiPPs		
Pame_bac_bin182~Pame_metagenome_contig_009491.region001	Pame_metagenome_contig_009491	Pame_metagenome_contig_009491	arylpolyene	Others		
Pame_bac_bin183~Pame_metagenome_contig_000003.region001	Pame_metagenome_contig_000003	Pame_metagenome_contig_000003	HR-T2PKS	Others		
Pame_bac_bin185~Pame_metagenome_contig_000202.region001	Pame_metagenome_contig_000202	Pame_metagenome_contig_000202	RiPP-like	RiPPs		
Pame_bac_bin185~Pame_metagenome_contig_001233.region001	Pame_metagenome_contig_001233	Pame_metagenome_contig_001233	RRE-containing	RiPPs		
Pame_bac_bin186~Pame_metagenome_contig_001965.region001	Pame_metagenome_contig_001965	Pame_metagenome_contig_001965	RRE-containing	RiPPs		
Pame_bac_bin186~Pame_metagenome_contig_006284.region001	Pame_metagenome_contig_006284	Pame_metagenome_contig_006284	RiPP-like	RiPPs		
Pame_bac_bin187~Pame_metagenome_contig_000190.region001	Pame_metagenome_contig_000190	Pame_metagenome_contig_000190	RRE-containing	RiPPs		
Pame_bac_bin187~Pame_metagenome_contig_000229.region001	Pame_metagenome_contig_000229	Pame_metagenome_contig_000229	arylpolyene	Others		
Pame_bac_bin188~Pame_metagenome_contig_000014.region001	Pame_metagenome_contig_000014	Pame_metagenome_contig_000014	arylpolyene	Others		
Pame_bac_bin188~Pame_metagenome_contig_000020.region001	Pame_metagenome_contig_000020	Pame_metagenome_contig_000020	RRE-containing	RiPPs		
Pame_bac_bin188~Pame_metagenome_contig_000020.region002	Pame_metagenome_contig_000020	Pame_metagenome_contig_000020	RRE-containing	RiPPs		
Pame_bac_bin188~Pame_metagenome_contig_000020.region003	Pame_metagenome_contig_000020	Pame_metagenome_contig_000020	arylpolyene	Others		
Pame_bac_bin188~Pame_metagenome_contig_000087.region001	Pame_metagenome_contig_000087	Pame_metagenome_contig_000087	RiPP-like	RiPPs		
Pame_bac_bin188~Pame_metagenome_contig_000193.region001	Pame_metagenome_contig_000193	Pame_metagenome_contig_000193	phosphonate	Others		
Pame_bac_bin188~Pame_metagenome_contig_001586.region001	Pame_metagenome_contig_001586	Pame_metagenome_contig_001586	terpene	Terpene		
Pame_bac_bin189~Pame_metagenome_contig_000199.region001	Pame_metagenome_contig_000199	Pame_metagenome_contig_000199	arylpolyene	Others		
Pame_bac_bin189~Pame_metagenome_contig_000199.region002	Pame_metagenome_contig_000199	Pame_metagenome_contig_000199	arylpolyene	Others		
Pame_bac_bin189~Pame_metagenome_contig_000733.region001	Pame_metagenome_contig_000733	Pame_metagenome_contig_000733	RRE-containing	RiPPs		
Pame_bac_bin190~Pame_metagenome_contig_000457.region001	Pame_metagenome_contig_000457	Pame_metagenome_contig_000457	RRE-containing	RiPPs		
Pame_bac_bin190~Pame_metagenome_contig_000583.region001	Pame_metagenome_contig_000583	Pame_metagenome_contig_000583	arylpolyene	Others		
Pame_bac_bin190~Pame_metagenome_contig_004303.region001	Pame_metagenome_contig_004303	Pame_metagenome_contig_004303	furan	Others		
Pame_bac_bin190~Pame_metagenome_contig_015843.region001	Pame_metagenome_contig_015843	Pame_metagenome_contig_015843	arylpolyene	Others		
Pame_bac_bin191~Pame_metagenome_contig_017067.region001	Pame_metagenome_contig_017067	Pame_metagenome_contig_017067	RRE-containing	RiPPs		
Pame_bac_bin192~Pame_metagenome_contig_002590.region001	Pame_metagenome_contig_002590	Pame_metagenome_contig_002590	RRE-containing	RiPPs		
Pame_bac_bin192~Pame_metagenome_contig_002951.region001	Pame_metagenome_contig_002951	Pame_metagenome_contig_002951	phosphonate	Others		
Pame_bac_bin193~Pame_metagenome_contig_000616.region001	Pame_metagenome_contig_000616	Pame_metagenome_contig_000616	arylpolyene	Others		
Pame_bac_bin193~Pame_metagenome_contig_000719.region001	Pame_metagenome_contig_000719	Pame_metagenome_contig_000719	arylpolyene	Others		
Pame_bac_bin193~Pame_metagenome_contig_001402.region001	Pame_metagenome_contig_001402	Pame_metagenome_contig_001402	NRPS	NRPS		
Pame_bac_bin194~Pame_metagenome_contig_000736.region001	Pame_metagenome_contig_000736	Pame_metagenome_contig_000736	arylpolyene	Others		
Pame_bac_bin194~Pame_metagenome_contig_001237.region001	Pame_metagenome_contig_001237	Pame_metagenome_contig_001237	arylpolyene	Others		
Pame_bac_bin194~Pame_metagenome_contig_002511.region001	Pame_metagenome_contig_002511	Pame_metagenome_contig_002511	RRE-containing	RiPPs		
Pame_bac_bin194~Pame_metagenome_contig_068400.region001	Pame_metagenome_contig_068400	Pame_metagenome_contig_068400	phosphonate	Others		
Pame_bac_bin195~Pame_metagenome_contig_000129.region001	Pame_metagenome_contig_000129	Pame_metagenome_contig_000129	RiPP-like	RiPPs		
Pame_bac_bin195~Pame_metagenome_contig_000789.region001	Pame_metagenome_contig_000789	Pame_metagenome_contig_000789	arylpolyene	Others		
Pame_bac_bin195~Pame_metagenome_contig_001642.region001	Pame_metagenome_contig_001642	Pame_metagenome_contig_001642	arylpolyene	Others		
Pame_bac_bin195~Pame_metagenome_contig_004288.region001	Pame_metagenome_contig_004288	Pame_metagenome_contig_004288	RRE-containing	RiPPs		
Pame_bac_bin196~Pame_metagenome_contig_000122.region001	Pame_metagenome_contig_000122	Pame_metagenome_contig_000122	phosphonate	Others		
Pame_bac_bin196~Pame_metagenome_contig_001268.region001	Pame_metagenome_contig_001268	Pame_metagenome_contig_001268	arylpolyene	Others		
Pame_bac_bin196~Pame_metagenome_contig_005735.region001	Pame_metagenome_contig_005735	Pame_metagenome_contig_005735	arylpolyene	Others		
Pame_bac_bin197~Pame_metagenome_contig_000067.region001	Pame_metagenome_contig_000067	Pame_metagenome_contig_000067	RRE-containing	RiPPs		
Pame_bac_bin197~Pame_metagenome_contig_000067.region002	Pame_metagenome_contig_000067	Pame_metagenome_contig_000067	arylpolyene	Others		
Pame_bac_bin197~Pame_metagenome_contig_000067.region003	Pame_metagenome_contig_000067	Pame_metagenome_contig_000067	arylpolyene	Others		
Pame_bac_bin197~Pame_metagenome_contig_000071.region001	Pame_metagenome_contig_000071	Pame_metagenome_contig_000071	RiPP-like	RiPPs		
Pame_bac_bin197~Pame_metagenome_contig_000072.region001	Pame_metagenome_contig_000072	Pame_metagenome_contig_000072	RiPP-like	RiPPs		
Pame_bac_bin197~Pame_metagenome_contig_000793.region001	Pame_metagenome_contig_000793	Pame_metagenome_contig_000793	terpene	Terpene		
Pame_bac_bin197~Pame_metagenome_contig_001359.region001	Pame_metagenome_contig_001359	Pame_metagenome_contig_001359	RRE-containing	RiPPs		
Pame_bac_bin197~Pame_metagenome_contig_003643.region001	Pame_metagenome_contig_003643	Pame_metagenome_contig_003643	RRE-containing	RiPPs		
Pame_bac_bin198~Pame_metagenome_contig_000041.region001	Pame_metagenome_contig_000041	Pame_metagenome_contig_000041	RRE-containing	RiPPs		
Pame_bac_bin199~Pame_metagenome_contig_000528.region001	Pame_metagenome_contig_000528	Pame_metagenome_contig_000528	arylpolyene	Others		
Pame_bac_bin199~Pame_metagenome_contig_000797.region001	Pame_metagenome_contig_000797	Pame_metagenome_contig_000797	phosphonate	Others		
Pame_bac_bin199~Pame_metagenome_contig_001774.region001	Pame_metagenome_contig_001774	Pame_metagenome_contig_001774	arylpolyene	Others		
Pame_bac_bin199~Pame_metagenome_contig_001774.region002	Pame_metagenome_contig_001774	Pame_metagenome_contig_001774	RRE-containing	RiPPs		
Pame_bac_bin199~Pame_metagenome_contig_002353.region001	Pame_metagenome_contig_002353	Pame_metagenome_contig_002353	RRE-containing	RiPPs		
Pame_bac_bin200~Pame_metagenome_contig_000298.region001	Pame_metagenome_contig_000298	Pame_metagenome_contig_000298	RiPP-like	RiPPs		
Pame_bac_bin200~Pame_metagenome_contig_004530.region001	Pame_metagenome_contig_004530	Pame_metagenome_contig_004530	hglE-KS.T1PKS	PKSother		
Pame_bac_bin201~Pame_metagenome_contig_000927.region001	Pame_metagenome_contig_000927	Pame_metagenome_contig_000927	arylpolyene	Others		
Pame_bac_bin201~Pame_metagenome_contig_000927.region002	Pame_metagenome_contig_000927	Pame_metagenome_contig_000927	arylpolyene	Others		
Pame_bac_bin202~Pame_metagenome_contig_006508.region001	Pame_metagenome_contig_006508	Pame_metagenome_contig_006508	RRE-containing	RiPPs		
Pame_bac_bin202~Pame_metagenome_contig_015987.region001	Pame_metagenome_contig_015987	Pame_metagenome_contig_015987	RRE-containing	RiPPs		
Pame_bac_bin203~Pame_metagenome_contig_004969.region001	Pame_metagenome_contig_004969	Pame_metagenome_contig_004969	arylpolyene	Others		
Pame_bac_bin204~Pame_metagenome_contig_000895.region001	Pame_metagenome_contig_000895	Pame_metagenome_contig_000895	RiPP-like	RiPPs		
Pame_bac_bin204~Pame_metagenome_contig_004569.region001	Pame_metagenome_contig_004569	Pame_metagenome_contig_004569	arylpolyene	Others		
Pame_bac_bin204~Pame_metagenome_contig_006442.region001	Pame_metagenome_contig_006442	Pame_metagenome_contig_006442	RRE-containing	RiPPs		
Pame_bac_bin205~Pame_metagenome_contig_000258.region001	Pame_metagenome_contig_000258	Pame_metagenome_contig_000258	RRE-containing.arylpolyene	Others		
Pame_bac_bin205~Pame_metagenome_contig_005853.region001	Pame_metagenome_contig_005853	Pame_metagenome_contig_005853	arylpolyene	Others		
Pame_bac_bin206~Pame_metagenome_contig_005171.region001	Pame_metagenome_contig_005171	Pame_metagenome_contig_005171	RRE-containing	RiPPs		
Pame_bac_bin207~Pame_metagenome_contig_006263.region001	Pame_metagenome_contig_006263	Pame_metagenome_contig_006263	hydrogen-cyanide	Others		
Pame_bac_bin208~Pame_metagenome_contig_003499.region001	Pame_metagenome_contig_003499	Pame_metagenome_contig_003499	hydrogen-cyanide	Others		
Pame_bac_bin208~Pame_metagenome_contig_003898.region001	Pame_metagenome_contig_003898	Pame_metagenome_contig_003898	betalactone	Others		
Pame_bac_bin209~Pame_metagenome_contig_000574.region001	Pame_metagenome_contig_000574	Pame_metagenome_contig_000574	hglE-KS.T1PKS	PKSother		
Pame_bac_bin210~Pame_metagenome_contig_000082.region001	Pame_metagenome_contig_000082	Pame_metagenome_contig_000082	hglE-KS.T1PKS	PKSother		
Pame_bac_bin210~Pame_metagenome_contig_000287.region001	Pame_metagenome_contig_000287	Pame_metagenome_contig_000287	RiPP-like	RiPPs		
Pame_bac_bin210~Pame_metagenome_contig_000317.region001	Pame_metagenome_contig_000317	Pame_metagenome_contig_000317	lanthipeptide-class-i	RiPPs		
Pame_bac_bin212~Pame_metagenome_contig_000009.region001	Pame_metagenome_contig_000009	Pame_metagenome_contig_000009	RiPP-like	RiPPs		
Pame_bac_bin213~Pame_metagenome_contig_000058.region001	Pame_metagenome_contig_000058	Pame_metagenome_contig_000058	hglE-KS.T1PKS	PKSother		
Pame_bac_bin213~Pame_metagenome_contig_000504.region001	Pame_metagenome_contig_000504	Pame_metagenome_contig_000504	hglE-KS	PKSother		
Pame_bac_bin213~Pame_metagenome_contig_002661.region001	Pame_metagenome_contig_002661	Pame_metagenome_contig_002661	RiPP-like	RiPPs		
Pame_bac_bin215~Pame_metagenome_contig_012824.region001	Pame_metagenome_contig_012824	Pame_metagenome_contig_012824	hglE-KS.T1PKS	PKSother		
Pame_bac_bin216~Pame_metagenome_contig_000042.region001	Pame_metagenome_contig_000042	Pame_metagenome_contig_000042	hglE-KS.T1PKS	PKSother		
Pame_bac_bin216~Pame_metagenome_contig_000042.region002	Pame_metagenome_contig_000042	Pame_metagenome_contig_000042	hglE-KS.T1PKS	PKSother		
Pame_bac_bin217~Pame_metagenome_contig_003584.region001	Pame_metagenome_contig_003584	Pame_metagenome_contig_003584	furan	Others		
Pame_bac_bin220~Pame_metagenome_contig_003227.region001	Pame_metagenome_contig_003227	Pame_metagenome_contig_003227	RRE-containing	RiPPs		
Pame_bac_bin221~Pame_metagenome_contig_000681.region001	Pame_metagenome_contig_000681	Pame_metagenome_contig_000681	NRPS-like	NRPS		
Pame_bac_bin222~Pame_metagenome_contig_000969.region001	Pame_metagenome_contig_000969	Pame_metagenome_contig_000969	arylpolyene	Others		
Pame_bac_bin222~Pame_metagenome_contig_017759.region001	Pame_metagenome_contig_017759	Pame_metagenome_contig_017759	hydrogen-cyanide	Others		
Pame_bac_bin223~Pame_metagenome_contig_000849.region001	Pame_metagenome_contig_000849	Pame_metagenome_contig_000849	terpene	Terpene		
Pame_bac_bin223~Pame_metagenome_contig_000892.region001	Pame_metagenome_contig_000892	Pame_metagenome_contig_000892	arylpolyene	Others		
Pame_bac_bin223~Pame_metagenome_contig_000892.region002	Pame_metagenome_contig_000892	Pame_metagenome_contig_000892	hydrogen-cyanide	Others		
Pame_bac_bin223~Pame_metagenome_contig_001121.region001	Pame_metagenome_contig_001121	Pame_metagenome_contig_001121	RRE-containing	RiPPs		
Pame_bac_bin223~Pame_metagenome_contig_005534.region001	Pame_metagenome_contig_005534	Pame_metagenome_contig_005534	RRE-containing	RiPPs		
Pame_bac_bin224~Pame_metagenome_contig_005607.region001	Pame_metagenome_contig_005607	Pame_metagenome_contig_005607	RRE-containing	RiPPs		
Pame_bac_bin224~Pame_metagenome_contig_011856.region001	Pame_metagenome_contig_011856	Pame_metagenome_contig_011856	arylpolyene	Others		
Pame_bac_bin224~Pame_metagenome_contig_047481.region001	Pame_metagenome_contig_047481	Pame_metagenome_contig_047481	ranthipeptide	RiPPs		
Pame_bac_bin225~Pame_metagenome_contig_006267.region001	Pame_metagenome_contig_006267	Pame_metagenome_contig_006267	hydrogen-cyanide	Others		
Pame_bac_bin226~Pame_metagenome_contig_001173.region001	Pame_metagenome_contig_001173	Pame_metagenome_contig_001173	arylpolyene	Others		
Pame_bac_bin226~Pame_metagenome_contig_001421.region001	Pame_metagenome_contig_001421	Pame_metagenome_contig_001421	hydrogen-cyanide	Others		
Pame_bac_bin226~Pame_metagenome_contig_028363.region001	Pame_metagenome_contig_028363	Pame_metagenome_contig_028363	phosphonate	Others		
Pame_bac_bin227~Pame_metagenome_contig_000761.region001	Pame_metagenome_contig_000761	Pame_metagenome_contig_000761	acyl_amino_acids	Others		
Pame_bac_bin228~Pame_metagenome_contig_000881.region001	Pame_metagenome_contig_000881	Pame_metagenome_contig_000881	hydrogen-cyanide	Others		
Pame_bac_bin229~Pame_metagenome_contig_000783.region001	Pame_metagenome_contig_000783	Pame_metagenome_contig_000783	NRPS-like.arylpolyene	Others		
Pame_bac_bin229~Pame_metagenome_contig_012480.region001	Pame_metagenome_contig_012480	Pame_metagenome_contig_012480	hydrogen-cyanide	Others		
Pame_bac_bin230~Pame_metagenome_contig_022344.region001	Pame_metagenome_contig_022344	Pame_metagenome_contig_022344	hydrogen-cyanide	Others		
Pame_bac_bin231~Pame_metagenome_contig_003721.region001	Pame_metagenome_contig_003721	Pame_metagenome_contig_003721	betalactone	Others		
Pame_bac_bin232~Pame_metagenome_contig_000362.region001	Pame_metagenome_contig_000362	Pame_metagenome_contig_000362	resorcinol	Others		
Pame_bac_bin233~Pame_metagenome_contig_000027.region001	Pame_metagenome_contig_000027	Pame_metagenome_contig_000027	resorcinol.lanthipeptide-class-i	Others		
Pame_bac_bin234~Pame_metagenome_contig_001438.region001	Pame_metagenome_contig_001438	Pame_metagenome_contig_001438	arylpolyene	Others		
Pame_bac_bin234~Pame_metagenome_contig_007762.region001	Pame_metagenome_contig_007762	Pame_metagenome_contig_007762	arylpolyene	Others		
Pame_bac_bin235~Pame_metagenome_contig_031395.region001	Pame_metagenome_contig_031395	Pame_metagenome_contig_031395	arylpolyene	Others		
Pame_bac_bin236~Pame_metagenome_contig_001378.region001	Pame_metagenome_contig_001378	Pame_metagenome_contig_001378	hydrogen-cyanide	Others		
Pame_bac_bin236~Pame_metagenome_contig_029336.region001	Pame_metagenome_contig_029336	Pame_metagenome_contig_029336	arylpolyene	Others		
Pame_bac_bin237~Pame_metagenome_contig_000436.region001	Pame_metagenome_contig_000436	Pame_metagenome_contig_000436	hydrogen-cyanide	Others		
Pame_bac_bin237~Pame_metagenome_contig_001083.region001	Pame_metagenome_contig_001083	Pame_metagenome_contig_001083	arylpolyene	Others		
Pame_bac_bin238~Pame_metagenome_contig_013165.region001	Pame_metagenome_contig_013165	Pame_metagenome_contig_013165	arylpolyene	Others		
Pame_bac_bin240~Pame_metagenome_contig_000246.region001	Pame_metagenome_contig_000246	Pame_metagenome_contig_000246	arylpolyene	Others		
Pame_bac_bin240~Pame_metagenome_contig_000533.region001	Pame_metagenome_contig_000533	Pame_metagenome_contig_000533	resorcinol.arylpolyene	Others		
Pame_bac_bin241~Pame_metagenome_contig_002228.region001	Pame_metagenome_contig_002228	Pame_metagenome_contig_002228	hglE-KS.T1PKS	PKSother		
Pame_bac_bin243~Pame_metagenome_contig_001937.region001	Pame_metagenome_contig_001937	Pame_metagenome_contig_001937	arylpolyene	Others		
Pame_bac_bin243~Pame_metagenome_contig_015170.region001	Pame_metagenome_contig_015170	Pame_metagenome_contig_015170	hglE-KS	PKSother		
Pame_bac_bin245~Pame_metagenome_contig_000015.region001	Pame_metagenome_contig_000015	Pame_metagenome_contig_000015	phosphonate	Others		
Pame_bac_bin245~Pame_metagenome_contig_000015.region002	Pame_metagenome_contig_000015	Pame_metagenome_contig_000015	resorcinol.arylpolyene	Others		
Pame_bac_bin247~Pame_metagenome_contig_029964.region001	Pame_metagenome_contig_029964	Pame_metagenome_contig_029964	arylpolyene	Others		
Pame_bac_bin248~Pame_metagenome_contig_000093.region001	Pame_metagenome_contig_000093	Pame_metagenome_contig_000093	resorcinol.arylpolyene	Others		
Pame_bac_bin250~Pame_metagenome_contig_000916.region001	Pame_metagenome_contig_000916	Pame_metagenome_contig_000916	arylpolyene	Others		
Pame_bac_bin250~Pame_metagenome_contig_044972.region001	Pame_metagenome_contig_044972	Pame_metagenome_contig_044972	ranthipeptide	RiPPs		
Pame_bac_bin250~Pame_metagenome_contig_084811.region001	Pame_metagenome_contig_084811	Pame_metagenome_contig_084811	T1PKS	PKSI		
Pame_bac_bin251~Pame_metagenome_contig_000026.region001	Pame_metagenome_contig_000026	Pame_metagenome_contig_000026	RRE-containing	RiPPs		
Pame_bac_bin255~Pame_metagenome_contig_000050.region001	Pame_metagenome_contig_000050	Pame_metagenome_contig_000050	RiPP-like	RiPPs		
Pame_bac_bin258~Pame_metagenome_contig_000040.region001	Pame_metagenome_contig_000040	Pame_metagenome_contig_000040	RRE-containing	RiPPs		
Pame_bac_bin258~Pame_metagenome_contig_000040.region002	Pame_metagenome_contig_000040	Pame_metagenome_contig_000040	arylpolyene	Others		
Pame_bac_bin259~Pame_metagenome_contig_001609.region001	Pame_metagenome_contig_001609	Pame_metagenome_contig_001609	cyclic-lactone-autoinducer	RiPPs		
Pame_bac_bin260~Pame_metagenome_contig_005786.region001	Pame_metagenome_contig_005786	Pame_metagenome_contig_005786	arylpolyene	Others		
Pame_bac_bin260~Pame_metagenome_contig_007819.region001	Pame_metagenome_contig_007819	Pame_metagenome_contig_007819	RRE-containing	RiPPs		
Pame_bac_bin260~Pame_metagenome_contig_021969.region001	Pame_metagenome_contig_021969	Pame_metagenome_contig_021969	arylpolyene	Others		
Pame_bac_bin260~Pame_metagenome_contig_027556.region001	Pame_metagenome_contig_027556	Pame_metagenome_contig_027556	arylpolyene	Others		
Pame_bac_bin261~Pame_metagenome_contig_001026.region001	Pame_metagenome_contig_001026	Pame_metagenome_contig_001026	arylpolyene	Others		
Pame_bac_bin262~Pame_metagenome_contig_000073.region001	Pame_metagenome_contig_000073	Pame_metagenome_contig_000073	arylpolyene.lanthipeptide-class-i.ranthipeptide	Others		
Pame_bac_bin263~Pame_metagenome_contig_015900.region001	Pame_metagenome_contig_015900	Pame_metagenome_contig_015900	arylpolyene	Others		
Pame_bac_bin264~Pame_metagenome_contig_004636.region001	Pame_metagenome_contig_004636	Pame_metagenome_contig_004636	arylpolyene	Others		
Pame_bac_bin267~Pame_metagenome_contig_000059.region001	Pame_metagenome_contig_000059	Pame_metagenome_contig_000059	arylpolyene	Others		
Pame_bac_bin271~Pame_metagenome_contig_001110.region001	Pame_metagenome_contig_001110	Pame_metagenome_contig_001110	RiPP-like	RiPPs		
Pame_bac_bin271~Pame_metagenome_contig_001281.region001	Pame_metagenome_contig_001281	Pame_metagenome_contig_001281	RiPP-like	RiPPs		
Pame_bac_bin272~Pame_metagenome_contig_000114.region001	Pame_metagenome_contig_000114	Pame_metagenome_contig_000114	terpene	Terpene		
Pame_bac_bin272~Pame_metagenome_contig_000114.region002	Pame_metagenome_contig_000114	Pame_metagenome_contig_000114	hglE-KS.T1PKS.oligosaccharide	Others		
Pame_bac_bin272~Pame_metagenome_contig_000164.region001	Pame_metagenome_contig_000164	Pame_metagenome_contig_000164	RRE-containing	RiPPs		
Pame_bac_bin272~Pame_metagenome_contig_000467.region001	Pame_metagenome_contig_000467	Pame_metagenome_contig_000467	arylpolyene	Others		
Pame_bac_bin273~Pame_metagenome_contig_003520.region001	Pame_metagenome_contig_003520	Pame_metagenome_contig_003520	phosphonate	Others		
Pame_bac_bin273~Pame_metagenome_contig_005425.region001	Pame_metagenome_contig_005425	Pame_metagenome_contig_005425	RRE-containing	RiPPs		
Pame_bac_bin273~Pame_metagenome_contig_005759.region001	Pame_metagenome_contig_005759	Pame_metagenome_contig_005759	arylpolyene	Others		
Pame_bac_bin273~Pame_metagenome_contig_007986.region001	Pame_metagenome_contig_007986	Pame_metagenome_contig_007986	terpene	Terpene		
Pame_bac_bin274~Pame_metagenome_contig_003082.region001	Pame_metagenome_contig_003082	Pame_metagenome_contig_003082	arylpolyene	Others		
Pame_bac_bin275~Pame_metagenome_contig_002309.region001	Pame_metagenome_contig_002309	Pame_metagenome_contig_002309	terpene	Terpene		
Pame_bac_bin275~Pame_metagenome_contig_002776.region001	Pame_metagenome_contig_002776	Pame_metagenome_contig_002776	arylpolyene	Others		
Pame_bac_bin275~Pame_metagenome_contig_007805.region001	Pame_metagenome_contig_007805	Pame_metagenome_contig_007805	RRE-containing	RiPPs		
Pame_bac_bin275~Pame_metagenome_contig_010801.region001	Pame_metagenome_contig_010801	Pame_metagenome_contig_010801	RRE-containing	RiPPs		
Pame_bac_bin275~Pame_metagenome_contig_010801.region002	Pame_metagenome_contig_010801	Pame_metagenome_contig_010801	RRE-containing	RiPPs		
Pame_bac_bin276~Pame_metagenome_contig_000094.region001	Pame_metagenome_contig_000094	Pame_metagenome_contig_000094	arylpolyene	Others		
Pame_bac_bin276~Pame_metagenome_contig_000301.region001	Pame_metagenome_contig_000301	Pame_metagenome_contig_000301	arylpolyene	Others		
Pame_bac_bin277~Pame_metagenome_contig_000089.region001	Pame_metagenome_contig_000089	Pame_metagenome_contig_000089	arylpolyene	Others		
Pame_bac_bin277~Pame_metagenome_contig_000089.region002	Pame_metagenome_contig_000089	Pame_metagenome_contig_000089	terpene	Terpene		
Pame_bac_bin277~Pame_metagenome_contig_000774.region001	Pame_metagenome_contig_000774	Pame_metagenome_contig_000774	terpene	Terpene		
Pame_bac_bin277~Pame_metagenome_contig_000774.region002	Pame_metagenome_contig_000774	Pame_metagenome_contig_000774	hydrogen-cyanide	Others		
Pame_bac_bin277~Pame_metagenome_contig_007044.region001	Pame_metagenome_contig_007044	Pame_metagenome_contig_007044	betalactone	Others		
Pame_bac_bin278~Pame_metagenome_contig_002727.region001	Pame_metagenome_contig_002727	Pame_metagenome_contig_002727	RRE-containing	RiPPs		
Pame_bac_bin279~Pame_metagenome_contig_000297.region001	Pame_metagenome_contig_000297	Pame_metagenome_contig_000297	terpene	Terpene		
Pame_bac_bin281~Pame_metagenome_contig_003948.region001	Pame_metagenome_contig_003948	Pame_metagenome_contig_003948	terpene	Terpene		
Pame_bac_bin281~Pame_metagenome_contig_012159.region001	Pame_metagenome_contig_012159	Pame_metagenome_contig_012159	RRE-containing	RiPPs		
Pame_bac_bin284~Pame_metagenome_contig_001117.region001	Pame_metagenome_contig_001117	Pame_metagenome_contig_001117	terpene	Terpene		
Pame_bac_bin284~Pame_metagenome_contig_004757.region001	Pame_metagenome_contig_004757	Pame_metagenome_contig_004757	arylpolyene	Others		
Pame_bac_bin285~Pame_metagenome_contig_002399.region001	Pame_metagenome_contig_002399	Pame_metagenome_contig_002399	RRE-containing	RiPPs		
Pame_bac_bin285~Pame_metagenome_contig_002516.region001	Pame_metagenome_contig_002516	Pame_metagenome_contig_002516	hydrogen-cyanide	Others		
Pame_bac_bin286~Pame_metagenome_contig_004398.region001	Pame_metagenome_contig_004398	Pame_metagenome_contig_004398	terpene	Terpene		
Pame_bac_bin286~Pame_metagenome_contig_006817.region001	Pame_metagenome_contig_006817	Pame_metagenome_contig_006817	arylpolyene	Others		
Pame_bac_bin287~Pame_metagenome_contig_028737.region001	Pame_metagenome_contig_028737	Pame_metagenome_contig_028737	arylpolyene	Others		
Pame_bac_bin289~Pame_metagenome_contig_005799.region001	Pame_metagenome_contig_005799	Pame_metagenome_contig_005799	arylpolyene	Others		
Pame_bac_bin289~Pame_metagenome_contig_007496.region001	Pame_metagenome_contig_007496	Pame_metagenome_contig_007496	terpene	Terpene		
Pame_bac_bin289~Pame_metagenome_contig_023024.region001	Pame_metagenome_contig_023024	Pame_metagenome_contig_023024	arylpolyene	Others		
Pame_bac_bin291~Pame_metagenome_contig_000908.region001	Pame_metagenome_contig_000908	Pame_metagenome_contig_000908	betalactone	Others		
Pame_bac_bin292~Pame_metagenome_contig_001972.region001	Pame_metagenome_contig_001972	Pame_metagenome_contig_001972	terpene	Terpene		
Pame_bac_bin292~Pame_metagenome_contig_002164.region001	Pame_metagenome_contig_002164	Pame_metagenome_contig_002164	arylpolyene	Others		
Pame_bac_bin292~Pame_metagenome_contig_026768.region001	Pame_metagenome_contig_026768	Pame_metagenome_contig_026768	arylpolyene	Others		
Pame_bac_bin293~Pame_metagenome_contig_000004.region001	Pame_metagenome_contig_000004	Pame_metagenome_contig_000004	lanthipeptide-class-i	RiPPs		
Pame_bac_bin293~Pame_metagenome_contig_000004.region002	Pame_metagenome_contig_000004	Pame_metagenome_contig_000004	LAP	RiPPs		
Pame_bac_bin293~Pame_metagenome_contig_000004.region003	Pame_metagenome_contig_000004	Pame_metagenome_contig_000004	furan	Others		
Pame_bac_bin293~Pame_metagenome_contig_000022.region001	Pame_metagenome_contig_000022	Pame_metagenome_contig_000022	terpene	Terpene		
Pame_bac_bin293~Pame_metagenome_contig_000056.region001	Pame_metagenome_contig_000056	Pame_metagenome_contig_000056	arylpolyene	Others		
Pame_bac_bin293~Pame_metagenome_contig_000056.region002	Pame_metagenome_contig_000056	Pame_metagenome_contig_000056	lanthipeptide-class-i	RiPPs		
Pame_bac_bin293~Pame_metagenome_contig_000056.region003	Pame_metagenome_contig_000056	Pame_metagenome_contig_000056	resorcinol	Others		
Pame_bac_bin293~Pame_metagenome_contig_000056.region004	Pame_metagenome_contig_000056	Pame_metagenome_contig_000056	arylpolyene	Others		
Pame_bac_bin294~Pame_metagenome_contig_000363.region001	Pame_metagenome_contig_000363	Pame_metagenome_contig_000363	terpene	Terpene		
Pame_bac_bin294~Pame_metagenome_contig_000509.region001	Pame_metagenome_contig_000509	Pame_metagenome_contig_000509	resorcinol.arylpolyene	Others		
Pame_bac_bin294~Pame_metagenome_contig_000509.region002	Pame_metagenome_contig_000509	Pame_metagenome_contig_000509	arylpolyene	Others		
Pame_bac_bin295~Pame_metagenome_contig_000069.region001	Pame_metagenome_contig_000069	Pame_metagenome_contig_000069	arylpolyene	Others		
Pame_bac_bin295~Pame_metagenome_contig_000069.region002	Pame_metagenome_contig_000069	Pame_metagenome_contig_000069	arylpolyene	Others		
Pame_bac_bin295~Pame_metagenome_contig_000069.region003	Pame_metagenome_contig_000069	Pame_metagenome_contig_000069	resorcinol	Others		
Pame_bac_bin295~Pame_metagenome_contig_001915.region001	Pame_metagenome_contig_001915	Pame_metagenome_contig_001915	phosphonate	Others		
Pame_bac_bin295~Pame_metagenome_contig_036169.region001	Pame_metagenome_contig_036169	Pame_metagenome_contig_036169	RiPP-like	RiPPs		
Pame_bac_bin296~Pame_metagenome_contig_000828.region001	Pame_metagenome_contig_000828	Pame_metagenome_contig_000828	arylpolyene	Others		
Pame_bac_bin296~Pame_metagenome_contig_004527.region001	Pame_metagenome_contig_004527	Pame_metagenome_contig_004527	RiPP-like	RiPPs		
Pame_bac_bin296~Pame_metagenome_contig_006037.region001	Pame_metagenome_contig_006037	Pame_metagenome_contig_006037	arylpolyene	Others		
Pame_bac_bin297~Pame_metagenome_contig_001780.region001	Pame_metagenome_contig_001780	Pame_metagenome_contig_001780	arylpolyene	Others		
Pame_bac_bin299~Pame_metagenome_contig_003511.region001	Pame_metagenome_contig_003511	Pame_metagenome_contig_003511	RRE-containing	RiPPs		
Pame_bac_bin299~Pame_metagenome_contig_009840.region001	Pame_metagenome_contig_009840	Pame_metagenome_contig_009840	arylpolyene	Others		
Pame_bac_bin301~Pame_metagenome_contig_000224.region001	Pame_metagenome_contig_000224	Pame_metagenome_contig_000224	hydrogen-cyanide	Others		
Pame_bac_bin302~Pame_metagenome_contig_000241.region001	Pame_metagenome_contig_000241	Pame_metagenome_contig_000241	arylpolyene	Others		
Pame_bac_bin302~Pame_metagenome_contig_000693.region001	Pame_metagenome_contig_000693	Pame_metagenome_contig_000693	RRE-containing	RiPPs		
Pame_bac_bin302~Pame_metagenome_contig_000693.region002	Pame_metagenome_contig_000693	Pame_metagenome_contig_000693	hydrogen-cyanide	Others		
Pame_bac_bin303~Pame_metagenome_contig_002521.region001	Pame_metagenome_contig_002521	Pame_metagenome_contig_002521	RRE-containing	RiPPs		
Pame_bac_bin304~Pame_metagenome_contig_000236.region001	Pame_metagenome_contig_000236	Pame_metagenome_contig_000236	arylpolyene	Others		
Pame_bac_bin304~Pame_metagenome_contig_002953.region001	Pame_metagenome_contig_002953	Pame_metagenome_contig_002953	hydrogen-cyanide	Others		
Pame_bac_bin304~Pame_metagenome_contig_008208.region001	Pame_metagenome_contig_008208	Pame_metagenome_contig_008208	RRE-containing	RiPPs		
Pame_bac_bin305~Pame_metagenome_contig_091134.region001	Pame_metagenome_contig_091134	Pame_metagenome_contig_091134	RRE-containing	RiPPs		
Pame_bac_bin306~Pame_metagenome_contig_001827.region001	Pame_metagenome_contig_001827	Pame_metagenome_contig_001827	betalactone	Others		
Pame_bac_bin306~Pame_metagenome_contig_002983.region001	Pame_metagenome_contig_002983	Pame_metagenome_contig_002983	arylpolyene	Others		
Pame_bac_bin306~Pame_metagenome_contig_003216.region001	Pame_metagenome_contig_003216	Pame_metagenome_contig_003216	phosphonate	Others		
Pame_bac_bin307~Pame_metagenome_contig_000007.region001	Pame_metagenome_contig_000007	Pame_metagenome_contig_000007	arylpolyene	Others		
Pame_bac_bin307~Pame_metagenome_contig_000007.region002	Pame_metagenome_contig_000007	Pame_metagenome_contig_000007	arylpolyene	Others		
Pame_bac_bin307~Pame_metagenome_contig_018019.region001	Pame_metagenome_contig_018019	Pame_metagenome_contig_018019	arylpolyene	Others		
Pame_bac_bin308~Pame_metagenome_contig_000378.region001	Pame_metagenome_contig_000378	Pame_metagenome_contig_000378	arylpolyene	Others		
Pame_bac_bin308~Pame_metagenome_contig_000575.region001	Pame_metagenome_contig_000575	Pame_metagenome_contig_000575	arylpolyene	Others		
Pame_bac_bin311~Pame_metagenome_contig_002104.region001	Pame_metagenome_contig_002104	Pame_metagenome_contig_002104	hydrogen-cyanide	Others		
Pame_bac_bin311~Pame_metagenome_contig_002263.region001	Pame_metagenome_contig_002263	Pame_metagenome_contig_002263	NRPS-like	NRPS		
Pame_bac_bin312~Pame_metagenome_contig_001684.region001	Pame_metagenome_contig_001684	Pame_metagenome_contig_001684	NRPS-like	NRPS		
Pame_bac_bin312~Pame_metagenome_contig_002675.region001	Pame_metagenome_contig_002675	Pame_metagenome_contig_002675	hydrogen-cyanide	Others		
Pame_bac_bin312~Pame_metagenome_contig_004673.region001	Pame_metagenome_contig_004673	Pame_metagenome_contig_004673	arylpolyene	Others		
Pame_bac_bin312~Pame_metagenome_contig_007546.region001	Pame_metagenome_contig_007546	Pame_metagenome_contig_007546	arylpolyene	Others		
Pame_bac_bin313~Pame_metagenome_contig_001062.region001	Pame_metagenome_contig_001062	Pame_metagenome_contig_001062	arylpolyene	Others		
Pame_bac_bin313~Pame_metagenome_contig_001254.region001	Pame_metagenome_contig_001254	Pame_metagenome_contig_001254	hydrogen-cyanide	Others		
Pame_bac_bin314~Pame_metagenome_contig_000553.region001	Pame_metagenome_contig_000553	Pame_metagenome_contig_000553	NRPS-like	NRPS		
Pame_bac_bin314~Pame_metagenome_contig_005582.region001	Pame_metagenome_contig_005582	Pame_metagenome_contig_005582	arylpolyene	Others		
Pame_bac_bin316~Pame_metagenome_contig_022095.region001	Pame_metagenome_contig_022095	Pame_metagenome_contig_022095	hydrogen-cyanide	Others		
Pame_bac_bin317~Pame_metagenome_contig_005589.region001	Pame_metagenome_contig_005589	Pame_metagenome_contig_005589	arylpolyene	Others		
Pame_bac_bin317~Pame_metagenome_contig_013459.region001	Pame_metagenome_contig_013459	Pame_metagenome_contig_013459	NRPS-like	NRPS		
Pame_bac_bin318~Pame_metagenome_contig_002768.region001	Pame_metagenome_contig_002768	Pame_metagenome_contig_002768	hydrogen-cyanide	Others		
Pame_bac_bin318~Pame_metagenome_contig_019309.region001	Pame_metagenome_contig_019309	Pame_metagenome_contig_019309	arylpolyene	Others		
Pame_bac_bin319~Pame_metagenome_contig_002246.region001	Pame_metagenome_contig_002246	Pame_metagenome_contig_002246	arylpolyene	Others		
Pame_bac_bin319~Pame_metagenome_contig_006554.region001	Pame_metagenome_contig_006554	Pame_metagenome_contig_006554	NRPS-like	NRPS		
Pame_bac_bin319~Pame_metagenome_contig_009523.region001	Pame_metagenome_contig_009523	Pame_metagenome_contig_009523	arylpolyene	Others		
Pame_bac_bin320~Pame_metagenome_contig_000319.region001	Pame_metagenome_contig_000319	Pame_metagenome_contig_000319	hydrogen-cyanide	Others		
Pame_bac_bin320~Pame_metagenome_contig_001087.region001	Pame_metagenome_contig_001087	Pame_metagenome_contig_001087	NRPS-like	NRPS		
Pame_bac_bin320~Pame_metagenome_contig_001691.region001	Pame_metagenome_contig_001691	Pame_metagenome_contig_001691	RRE-containing	RiPPs		
Pame_bac_bin320~Pame_metagenome_contig_004920.region001	Pame_metagenome_contig_004920	Pame_metagenome_contig_004920	lanthipeptide-class-i	RiPPs		
Pame_bac_bin321~Pame_metagenome_contig_000954.region001	Pame_metagenome_contig_000954	Pame_metagenome_contig_000954	arylpolyene	Others		
Pame_bac_bin321~Pame_metagenome_contig_002213.region001	Pame_metagenome_contig_002213	Pame_metagenome_contig_002213	arylpolyene	Others		
Pame_bac_bin321~Pame_metagenome_contig_002806.region001	Pame_metagenome_contig_002806	Pame_metagenome_contig_002806	arylpolyene	Others		
Pame_bac_bin321~Pame_metagenome_contig_007449.region001	Pame_metagenome_contig_007449	Pame_metagenome_contig_007449	arylpolyene	Others		
Pame_bac_bin321~Pame_metagenome_contig_033746.region001	Pame_metagenome_contig_033746	Pame_metagenome_contig_033746	arylpolyene	Others		
Pame_bac_bin321~Pame_metagenome_contig_044570.region001	Pame_metagenome_contig_044570	Pame_metagenome_contig_044570	hydrogen-cyanide	Others		
Pame_bac_bin322~Pame_metagenome_contig_002528.region001	Pame_metagenome_contig_002528	Pame_metagenome_contig_002528	arylpolyene	Others		
Pame_bac_bin322~Pame_metagenome_contig_002982.region001	Pame_metagenome_contig_002982	Pame_metagenome_contig_002982	arylpolyene	Others		
Pame_bac_bin322~Pame_metagenome_contig_004104.region001	Pame_metagenome_contig_004104	Pame_metagenome_contig_004104	arylpolyene	Others		
Pame_bac_bin323~Pame_metagenome_contig_000535.region001	Pame_metagenome_contig_000535	Pame_metagenome_contig_000535	hydrogen-cyanide	Others		
Pame_bac_bin323~Pame_metagenome_contig_001336.region001	Pame_metagenome_contig_001336	Pame_metagenome_contig_001336	arylpolyene	Others		
Pame_bac_bin323~Pame_metagenome_contig_001581.region001	Pame_metagenome_contig_001581	Pame_metagenome_contig_001581	arylpolyene	Others		
Pame_bac_bin323~Pame_metagenome_contig_002571.region001	Pame_metagenome_contig_002571	Pame_metagenome_contig_002571	arylpolyene	Others		
Pame_bac_bin323~Pame_metagenome_contig_006300.region001	Pame_metagenome_contig_006300	Pame_metagenome_contig_006300	RRE-containing	RiPPs		
Pame_bac_bin324~Pame_metagenome_contig_000138.region001	Pame_metagenome_contig_000138	Pame_metagenome_contig_000138	RiPP-like	RiPPs		
Pame_bac_bin327~Pame_metagenome_contig_000331.region001	Pame_metagenome_contig_000331	Pame_metagenome_contig_000331	arylpolyene	Others		
Pame_bac_bin328~Pame_metagenome_contig_000374.region001	Pame_metagenome_contig_000374	Pame_metagenome_contig_000374	phosphonate	Others		
Pame_bac_bin328~Pame_metagenome_contig_001425.region001	Pame_metagenome_contig_001425	Pame_metagenome_contig_001425	hglE-KS	PKSother		
Pame_bac_bin328~Pame_metagenome_contig_003736.region001	Pame_metagenome_contig_003736	Pame_metagenome_contig_003736	hglE-KS	PKSother		
Pame_bac_bin328~Pame_metagenome_contig_004451.region001	Pame_metagenome_contig_004451	Pame_metagenome_contig_004451	RiPP-like	RiPPs		
Pame_bac_bin328~Pame_metagenome_contig_010551.region001	Pame_metagenome_contig_010551	Pame_metagenome_contig_010551	RiPP-like	RiPPs		
Pame_bac_bin329~Pame_metagenome_contig_002351.region001	Pame_metagenome_contig_002351	Pame_metagenome_contig_002351	RRE-containing	RiPPs		
Pame_bac_bin329~Pame_metagenome_contig_003654.region001	Pame_metagenome_contig_003654	Pame_metagenome_contig_003654	RiPP-like	RiPPs		
Pame_bac_bin330~Pame_metagenome_contig_002458.region001	Pame_metagenome_contig_002458	Pame_metagenome_contig_002458	RiPP-like	RiPPs		
Pame_bac_bin330~Pame_metagenome_contig_009001.region001	Pame_metagenome_contig_009001	Pame_metagenome_contig_009001	RiPP-like	RiPPs		
Pame_bac_bin331~Pame_metagenome_contig_001510.region001	Pame_metagenome_contig_001510	Pame_metagenome_contig_001510	betalactone	Others		
Pame_bac_bin331~Pame_metagenome_contig_003720.region001	Pame_metagenome_contig_003720	Pame_metagenome_contig_003720	resorcinol	Others		
Pame_bac_bin331~Pame_metagenome_contig_003765.region001	Pame_metagenome_contig_003765	Pame_metagenome_contig_003765	RiPP-like	RiPPs		
Pame_bac_bin331~Pame_metagenome_contig_004899.region001	Pame_metagenome_contig_004899	Pame_metagenome_contig_004899	RiPP-like	RiPPs		
Pame_bac_bin331~Pame_metagenome_contig_011741.region001	Pame_metagenome_contig_011741	Pame_metagenome_contig_011741	arylpolyene	Others		
Pame_bac_bin332~Pame_metagenome_contig_014885.region001	Pame_metagenome_contig_014885	Pame_metagenome_contig_014885	RiPP-like	RiPPs		
Pame_bac_bin332~Pame_metagenome_contig_015351.region001	Pame_metagenome_contig_015351	Pame_metagenome_contig_015351	hglE-KS	PKSother		
Pame_bac_bin333~Pame_metagenome_contig_008590.region001	Pame_metagenome_contig_008590	Pame_metagenome_contig_008590	RRE-containing	RiPPs		
Pame_bac_bin333~Pame_metagenome_contig_008840.region001	Pame_metagenome_contig_008840	Pame_metagenome_contig_008840	hglE-KS.T1PKS	PKSother		
Pame_bac_bin334~Pame_metagenome_contig_002811.region001	Pame_metagenome_contig_002811	Pame_metagenome_contig_002811	ectoine	Others		
Pame_bac_bin334~Pame_metagenome_contig_006917.region001	Pame_metagenome_contig_006917	Pame_metagenome_contig_006917	arylpolyene	Others		
Pame_bac_bin335~Pame_metagenome_contig_002207.region001	Pame_metagenome_contig_002207	Pame_metagenome_contig_002207	betalactone	Others		
Pame_bac_bin335~Pame_metagenome_contig_003283.region001	Pame_metagenome_contig_003283	Pame_metagenome_contig_003283	arylpolyene	Others		
Pame_bac_bin336~Pame_metagenome_contig_007270.region001	Pame_metagenome_contig_007270	Pame_metagenome_contig_007270	ectoine	Others		
Pame_bac_bin336~Pame_metagenome_contig_011426.region001	Pame_metagenome_contig_011426	Pame_metagenome_contig_011426	arylpolyene	Others		
Pame_bac_bin336~Pame_metagenome_contig_014223.region001	Pame_metagenome_contig_014223	Pame_metagenome_contig_014223	arylpolyene	Others		
Pame_bac_bin337~Pame_metagenome_contig_000043.region001	Pame_metagenome_contig_000043	Pame_metagenome_contig_000043	NRPS-like	NRPS		
Pame_bac_bin337~Pame_metagenome_contig_000051.region001	Pame_metagenome_contig_000051	Pame_metagenome_contig_000051	RiPP-like	RiPPs		
Pame_bac_bin337~Pame_metagenome_contig_000614.region001	Pame_metagenome_contig_000614	Pame_metagenome_contig_000614	RiPP-like	RiPPs		
Pame_bac_bin338~Pame_metagenome_contig_000182.region001	Pame_metagenome_contig_000182	Pame_metagenome_contig_000182	T1PKS	PKSI		
Pame_bac_bin338~Pame_metagenome_contig_000521.region001	Pame_metagenome_contig_000521	Pame_metagenome_contig_000521	T1PKS	PKSI		
Pame_bac_bin338~Pame_metagenome_contig_000898.region001	Pame_metagenome_contig_000898	Pame_metagenome_contig_000898	NRPS-like	NRPS		
Pame_bac_bin338~Pame_metagenome_contig_000968.region001	Pame_metagenome_contig_000968	Pame_metagenome_contig_000968	arylpolyene	Others		
Pame_bac_bin338~Pame_metagenome_contig_001045.region001	Pame_metagenome_contig_001045	Pame_metagenome_contig_001045	thiopeptide	RiPPs		
Pame_bac_bin338~Pame_metagenome_contig_003966.region001	Pame_metagenome_contig_003966	Pame_metagenome_contig_003966	RiPP-like	RiPPs		
Pame_bac_bin339~Pame_metagenome_contig_000049.region001	Pame_metagenome_contig_000049	Pame_metagenome_contig_000049	hydrogen-cyanide	Others		
Pame_bac_bin339~Pame_metagenome_contig_000049.region002	Pame_metagenome_contig_000049	Pame_metagenome_contig_000049	thiopeptide	RiPPs		
Pame_bac_bin339~Pame_metagenome_contig_000049.region003	Pame_metagenome_contig_000049	Pame_metagenome_contig_000049	arylpolyene	Others		
Pame_bac_bin339~Pame_metagenome_contig_000049.region004	Pame_metagenome_contig_000049	Pame_metagenome_contig_000049	hydrogen-cyanide	Others		
Pame_bac_bin339~Pame_metagenome_contig_000131.region001	Pame_metagenome_contig_000131	Pame_metagenome_contig_000131	NRPS	NRPS		
Pame_bac_bin339~Pame_metagenome_contig_000226.region001	Pame_metagenome_contig_000226	Pame_metagenome_contig_000226	T1PKS	PKSI		
Pame_bac_bin339~Pame_metagenome_contig_001404.region001	Pame_metagenome_contig_001404	Pame_metagenome_contig_001404	RiPP-like	RiPPs		
Pame_bac_bin340~Pame_metagenome_contig_000487.region001	Pame_metagenome_contig_000487	Pame_metagenome_contig_000487	arylpolyene	Others		
Pame_bac_bin340~Pame_metagenome_contig_001634.region001	Pame_metagenome_contig_001634	Pame_metagenome_contig_001634	betalactone	Others		
Pame_bac_bin340~Pame_metagenome_contig_006083.region001	Pame_metagenome_contig_006083	Pame_metagenome_contig_006083	RiPP-like	RiPPs		
Pame_bac_bin341~Pame_metagenome_contig_000350.region001	Pame_metagenome_contig_000350	Pame_metagenome_contig_000350	arylpolyene	Others		
Pame_bac_bin341~Pame_metagenome_contig_001995.region001	Pame_metagenome_contig_001995	Pame_metagenome_contig_001995	T1PKS	PKSI		
Pame_bac_bin341~Pame_metagenome_contig_003696.region001	Pame_metagenome_contig_003696	Pame_metagenome_contig_003696	RiPP-like	RiPPs		
Pame_bac_bin341~Pame_metagenome_contig_003696.region002	Pame_metagenome_contig_003696	Pame_metagenome_contig_003696	arylpolyene	Others		
Pame_bac_bin341~Pame_metagenome_contig_003911.region001	Pame_metagenome_contig_003911	Pame_metagenome_contig_003911	thiopeptide	RiPPs		
Pame_bac_bin342~Pame_metagenome_contig_002917.region001	Pame_metagenome_contig_002917	Pame_metagenome_contig_002917	NRPS-like.NRPS	NRPS		
Pame_bac_bin342~Pame_metagenome_contig_004723.region001	Pame_metagenome_contig_004723	Pame_metagenome_contig_004723	RiPP-like	RiPPs		
Pame_bac_bin342~Pame_metagenome_contig_005972.region001	Pame_metagenome_contig_005972	Pame_metagenome_contig_005972	NRPS-like.NRPS.thiopeptide	Others		
Pame_bac_bin342~Pame_metagenome_contig_007398.region001	Pame_metagenome_contig_007398	Pame_metagenome_contig_007398	arylpolyene.ranthipeptide	Others		
Pame_bac_bin342~Pame_metagenome_contig_009706.region001	Pame_metagenome_contig_009706	Pame_metagenome_contig_009706	RRE-containing	RiPPs		
Pame_bac_bin342~Pame_metagenome_contig_012662.region001	Pame_metagenome_contig_012662	Pame_metagenome_contig_012662	hydrogen-cyanide	Others		
Pame_bac_bin342~Pame_metagenome_contig_021143.region001	Pame_metagenome_contig_021143	Pame_metagenome_contig_021143	betalactone	Others		
Pame_bac_bin343~Pame_metagenome_contig_016418.region001	Pame_metagenome_contig_016418	Pame_metagenome_contig_016418	RiPP-like	RiPPs		
Pame_bac_bin344~Pame_metagenome_contig_002161.region001	Pame_metagenome_contig_002161	Pame_metagenome_contig_002161	betalactone	Others		
Pame_bac_bin345~Pame_metagenome_contig_009613.region001	Pame_metagenome_contig_009613	Pame_metagenome_contig_009613	RiPP-like	RiPPs		
Pame_bac_bin345~Pame_metagenome_contig_016621.region001	Pame_metagenome_contig_016621	Pame_metagenome_contig_016621	NRPS	NRPS		
Pame_bac_bin346~Pame_metagenome_contig_001860.region001	Pame_metagenome_contig_001860	Pame_metagenome_contig_001860	thiopeptide	RiPPs		
Pame_bac_bin346~Pame_metagenome_contig_010370.region001	Pame_metagenome_contig_010370	Pame_metagenome_contig_010370	hydrogen-cyanide	Others		
Pame_bac_bin346~Pame_metagenome_contig_016225.region001	Pame_metagenome_contig_016225	Pame_metagenome_contig_016225	RiPP-like	RiPPs		
Pame_bac_bin346~Pame_metagenome_contig_025427.region001	Pame_metagenome_contig_025427	Pame_metagenome_contig_025427	NRPS	NRPS		
Pame_bac_bin347~Pame_metagenome_contig_002548.region001	Pame_metagenome_contig_002548	Pame_metagenome_contig_002548	arylpolyene	Others		
Pame_bac_bin347~Pame_metagenome_contig_009347.region001	Pame_metagenome_contig_009347	Pame_metagenome_contig_009347	arylpolyene	Others		
Pame_bac_bin347~Pame_metagenome_contig_050230.region001	Pame_metagenome_contig_050230	Pame_metagenome_contig_050230	T1PKS	PKSI		
Pame_bac_bin347~Pame_metagenome_contig_055709.region001	Pame_metagenome_contig_055709	Pame_metagenome_contig_055709	RiPP-like	RiPPs		
Pame_bac_bin349~Pame_metagenome_contig_005388.region001	Pame_metagenome_contig_005388	Pame_metagenome_contig_005388	NRPS-like	NRPS		
Pame_bac_bin350~Pame_metagenome_contig_000103.region001	Pame_metagenome_contig_000103	Pame_metagenome_contig_000103	LAP	RiPPs		
Pame_bac_bin350~Pame_metagenome_contig_000103.region002	Pame_metagenome_contig_000103	Pame_metagenome_contig_000103	RRE-containing	RiPPs		
Pame_bac_bin350~Pame_metagenome_contig_000210.region001	Pame_metagenome_contig_000210	Pame_metagenome_contig_000210	NRPS-like	NRPS		
Pame_bac_bin350~Pame_metagenome_contig_001231.region001	Pame_metagenome_contig_001231	Pame_metagenome_contig_001231	T1PKS.NRPS	PKS-NRP_Hybrids		
Pame_bac_bin351~Pame_metagenome_contig_002105.region001	Pame_metagenome_contig_002105	Pame_metagenome_contig_002105	T1PKS	PKSI		
Pame_bac_bin351~Pame_metagenome_contig_003202.region001	Pame_metagenome_contig_003202	Pame_metagenome_contig_003202	thiopeptide	RiPPs		
Pame_bac_bin351~Pame_metagenome_contig_003495.region001	Pame_metagenome_contig_003495	Pame_metagenome_contig_003495	RiPP-like	RiPPs		
Pame_bac_bin351~Pame_metagenome_contig_004146.region001	Pame_metagenome_contig_004146	Pame_metagenome_contig_004146	arylpolyene	Others		
Pame_bac_bin352~Pame_metagenome_contig_003288.region001	Pame_metagenome_contig_003288	Pame_metagenome_contig_003288	arylpolyene	Others		
Pame_bac_bin352~Pame_metagenome_contig_009820.region001	Pame_metagenome_contig_009820	Pame_metagenome_contig_009820	LAP	RiPPs		
Pame_bac_bin353~Pame_metagenome_contig_005330.region001	Pame_metagenome_contig_005330	Pame_metagenome_contig_005330	RiPP-like	RiPPs		
Pame_bac_bin353~Pame_metagenome_contig_007192.region001	Pame_metagenome_contig_007192	Pame_metagenome_contig_007192	RiPP-like	RiPPs		
Pame_bac_bin353~Pame_metagenome_contig_007260.region001	Pame_metagenome_contig_007260	Pame_metagenome_contig_007260	betalactone	Others		
Pame_bac_bin354~Pame_metagenome_contig_001606.region001	Pame_metagenome_contig_001606	Pame_metagenome_contig_001606	RiPP-like	RiPPs		
Pame_bac_bin354~Pame_metagenome_contig_007945.region001	Pame_metagenome_contig_007945	Pame_metagenome_contig_007945	betalactone	Others		
Pame_bac_bin354~Pame_metagenome_contig_009749.region001	Pame_metagenome_contig_009749	Pame_metagenome_contig_009749	RiPP-like	RiPPs		
Pame_bac_bin354~Pame_metagenome_contig_017356.region001	Pame_metagenome_contig_017356	Pame_metagenome_contig_017356	betalactone	Others		
Pame_bac_bin354~Pame_metagenome_contig_030012.region001	Pame_metagenome_contig_030012	Pame_metagenome_contig_030012	phosphonate	Others		
Pame_bac_bin355~Pame_metagenome_contig_001462.region001	Pame_metagenome_contig_001462	Pame_metagenome_contig_001462	RiPP-like	RiPPs		
Pame_bac_bin356~Pame_metagenome_contig_001165.region001	Pame_metagenome_contig_001165	Pame_metagenome_contig_001165	phosphonate	Others		
Pame_bac_bin356~Pame_metagenome_contig_001724.region001	Pame_metagenome_contig_001724	Pame_metagenome_contig_001724	arylpolyene	Others		
Pame_bac_bin357~Pame_metagenome_contig_007759.region001	Pame_metagenome_contig_007759	Pame_metagenome_contig_007759	HR-T2PKS	Others		
Pame_bac_bin358~Pame_metagenome_contig_006678.region001	Pame_metagenome_contig_006678	Pame_metagenome_contig_006678	betalactone	Others		
Pame_bac_bin359~Pame_metagenome_contig_000651.region001	Pame_metagenome_contig_000651	Pame_metagenome_contig_000651	ranthipeptide	RiPPs		
Pame_bac_bin359~Pame_metagenome_contig_000651.region002	Pame_metagenome_contig_000651	Pame_metagenome_contig_000651	RiPP-like	RiPPs		
Pame_bac_bin359~Pame_metagenome_contig_000943.region001	Pame_metagenome_contig_000943	Pame_metagenome_contig_000943	hydrogen-cyanide	Others		
Pame_bac_bin359~Pame_metagenome_contig_001483.region001	Pame_metagenome_contig_001483	Pame_metagenome_contig_001483	hglE-KS	PKSother		
Pame_bac_bin359~Pame_metagenome_contig_002702.region001	Pame_metagenome_contig_002702	Pame_metagenome_contig_002702	NRPS	NRPS		
Pame_bac_bin360~Pame_metagenome_contig_037044.region001	Pame_metagenome_contig_037044	Pame_metagenome_contig_037044	hglE-KS	PKSother		
Pame_bac_bin360~Pame_metagenome_contig_190924.region001	Pame_metagenome_contig_190924	Pame_metagenome_contig_190924	hglE-KS	PKSother		
Pame_bac_bin361~Pame_metagenome_contig_003840.region001	Pame_metagenome_contig_003840	Pame_metagenome_contig_003840	arylpolyene	Others		
Pame_bac_bin361~Pame_metagenome_contig_006928.region001	Pame_metagenome_contig_006928	Pame_metagenome_contig_006928	phosphonate	Others		
Pame_bac_bin362~Pame_metagenome_contig_043343.region001	Pame_metagenome_contig_043343	Pame_metagenome_contig_043343	arylpolyene	Others		
Pame_bac_bin363~Pame_metagenome_contig_001876.region001	Pame_metagenome_contig_001876	Pame_metagenome_contig_001876	NRPS-like	NRPS		
Pame_bac_bin363~Pame_metagenome_contig_008769.region001	Pame_metagenome_contig_008769	Pame_metagenome_contig_008769	RiPP-like	RiPPs		
Pame_bac_bin364~Pame_metagenome_contig_000223.region001	Pame_metagenome_contig_000223	Pame_metagenome_contig_000223	RiPP-like	RiPPs		
Pame_bac_bin364~Pame_metagenome_contig_000276.region001	Pame_metagenome_contig_000276	Pame_metagenome_contig_000276	NRPS-like	NRPS		
Pame_bac_bin369~Pame_metagenome_contig_068009.region001	Pame_metagenome_contig_068009	Pame_metagenome_contig_068009	RiPP-like	RiPPs		
Pame_bac_bin373~Pame_metagenome_contig_004056.region001	Pame_metagenome_contig_004056	Pame_metagenome_contig_004056	terpene	Terpene		
Pame_bac_bin373~Pame_metagenome_contig_149959.region001	Pame_metagenome_contig_149959	Pame_metagenome_contig_149959	terpene	Terpene		
Pame_bac_bin373~Pame_metagenome_contig_165971.region001	Pame_metagenome_contig_165971	Pame_metagenome_contig_165971	terpene	Terpene		
Pame_bac_bin373~Pame_metagenome_contig_193692.region001	Pame_metagenome_contig_193692	Pame_metagenome_contig_193692	terpene	Terpene		
Pame_bac_bin374~Pame_metagenome_contig_003118.region001	Pame_metagenome_contig_003118	Pame_metagenome_contig_003118	RiPP-like	RiPPs		
Pame_bac_bin374~Pame_metagenome_contig_024141.region001	Pame_metagenome_contig_024141	Pame_metagenome_contig_024141	T1PKS	PKSI		
Pame_bac_bin374~Pame_metagenome_contig_038258.region001	Pame_metagenome_contig_038258	Pame_metagenome_contig_038258	terpene	Terpene		
Pame_bac_bin374~Pame_metagenome_contig_045265.region001	Pame_metagenome_contig_045265	Pame_metagenome_contig_045265	terpene	Terpene		
Pame_bac_bin374~Pame_metagenome_contig_084836.region001	Pame_metagenome_contig_084836	Pame_metagenome_contig_084836	terpene	Terpene		
Pame_bac_bin374~Pame_metagenome_contig_210129.region001	Pame_metagenome_contig_210129	Pame_metagenome_contig_210129	terpene	Terpene		
Pame_bac_bin375~Pame_metagenome_contig_000766.region001	Pame_metagenome_contig_000766	Pame_metagenome_contig_000766	terpene	Terpene		
Pame_bac_bin375~Pame_metagenome_contig_000766.region002	Pame_metagenome_contig_000766	Pame_metagenome_contig_000766	NRPS-like	NRPS		
Pame_bac_bin375~Pame_metagenome_contig_003020.region001	Pame_metagenome_contig_003020	Pame_metagenome_contig_003020	NRPS	NRPS		
Pame_bac_bin375~Pame_metagenome_contig_003821.region001	Pame_metagenome_contig_003821	Pame_metagenome_contig_003821	terpene	Terpene		
Pame_bac_bin375~Pame_metagenome_contig_004608.region001	Pame_metagenome_contig_004608	Pame_metagenome_contig_004608	terpene	Terpene		
Pame_bac_bin375~Pame_metagenome_contig_075523.region001	Pame_metagenome_contig_075523	Pame_metagenome_contig_075523	RiPP-like	RiPPs		
Pame_bac_bin376~Pame_metagenome_contig_000039.region001	Pame_metagenome_contig_000039	Pame_metagenome_contig_000039	RiPP-like	RiPPs		
Pame_bac_bin377~Pame_metagenome_contig_000023.region001	Pame_metagenome_contig_000023	Pame_metagenome_contig_000023	RiPP-like	RiPPs		
Pame_bac_bin377~Pame_metagenome_contig_000097.region001	Pame_metagenome_contig_000097	Pame_metagenome_contig_000097	betalactone.NRPS	Others		
Pame_bac_bin378~Pame_metagenome_contig_005168.region001	Pame_metagenome_contig_005168	Pame_metagenome_contig_005168	NRPS-like.NRPS	NRPS		
Pame_bac_bin378~Pame_metagenome_contig_009890.region001	Pame_metagenome_contig_009890	Pame_metagenome_contig_009890	NRPS-like.NRPS	NRPS		
Pame_bac_bin378~Pame_metagenome_contig_016600.region001	Pame_metagenome_contig_016600	Pame_metagenome_contig_016600	RiPP-like	RiPPs		
Pame_bac_bin378~Pame_metagenome_contig_017740.region001	Pame_metagenome_contig_017740	Pame_metagenome_contig_017740	NRPS-like	NRPS		
Pame_bac_bin379~Pame_metagenome_contig_005342.region001	Pame_metagenome_contig_005342	Pame_metagenome_contig_005342	RiPP-like	RiPPs		
Pame_bac_bin379~Pame_metagenome_contig_012525.region001	Pame_metagenome_contig_012525	Pame_metagenome_contig_012525	ectoine	Others		
Pame_bac_bin380~Pame_metagenome_contig_002600.region001	Pame_metagenome_contig_002600	Pame_metagenome_contig_002600	RiPP-like	RiPPs		
Pame_bac_bin380~Pame_metagenome_contig_033403.region001	Pame_metagenome_contig_033403	Pame_metagenome_contig_033403	RiPP-like	RiPPs		
Pame_bac_bin381~Pame_metagenome_contig_006455.region001	Pame_metagenome_contig_006455	Pame_metagenome_contig_006455	NRPS-like	NRPS		
Pame_bac_bin381~Pame_metagenome_contig_006675.region001	Pame_metagenome_contig_006675	Pame_metagenome_contig_006675	RiPP-like	RiPPs		
Pame_bac_bin381~Pame_metagenome_contig_008138.region001	Pame_metagenome_contig_008138	Pame_metagenome_contig_008138	arylpolyene	Others		
Pame_bac_bin381~Pame_metagenome_contig_011055.region001	Pame_metagenome_contig_011055	Pame_metagenome_contig_011055	NRPS	NRPS		
Pame_bac_bin381~Pame_metagenome_contig_023492.region001	Pame_metagenome_contig_023492	Pame_metagenome_contig_023492	RiPP-like	RiPPs		
Pame_bac_bin386~Pame_metagenome_contig_001023.region001	Pame_metagenome_contig_001023	Pame_metagenome_contig_001023	hserlactone	Others		
Pame_bac_bin388~Pame_metagenome_contig_055885.region001	Pame_metagenome_contig_055885	Pame_metagenome_contig_055885	terpene	Terpene		
Pame_bac_bin389~Pame_metagenome_contig_057599.region001	Pame_metagenome_contig_057599	Pame_metagenome_contig_057599	terpene	Terpene		
Pame_bac_bin390~Pame_metagenome_contig_046853.region001	Pame_metagenome_contig_046853	Pame_metagenome_contig_046853	RiPP-like	RiPPs		
Pame_bac_bin391~Pame_metagenome_contig_002476.region001	Pame_metagenome_contig_002476	Pame_metagenome_contig_002476	NRP-metallophore.NRPS	Others		
Pame_bac_bin392~Pame_metagenome_contig_000143.region001	Pame_metagenome_contig_000143	Pame_metagenome_contig_000143	terpene	Terpene		
Pame_bac_bin392~Pame_metagenome_contig_000904.region001	Pame_metagenome_contig_000904	Pame_metagenome_contig_000904	betalactone	Others		
Pame_bac_bin393~Pame_metagenome_contig_001866.region001	Pame_metagenome_contig_001866	Pame_metagenome_contig_001866	RiPP-like	RiPPs		
Pame_bac_bin393~Pame_metagenome_contig_002665.region001	Pame_metagenome_contig_002665	Pame_metagenome_contig_002665	terpene	Terpene		
Pame_bac_bin393~Pame_metagenome_contig_008311.region001	Pame_metagenome_contig_008311	Pame_metagenome_contig_008311	terpene	Terpene		
Pame_bac_bin393~Pame_metagenome_contig_013023.region001	Pame_metagenome_contig_013023	Pame_metagenome_contig_013023	RiPP-like	RiPPs		
Pame_bac_bin394~Pame_metagenome_contig_000075.region001	Pame_metagenome_contig_000075	Pame_metagenome_contig_000075	NRP-metallophore.NRPS	Others		
Pame_bac_bin394~Pame_metagenome_contig_000075.region002	Pame_metagenome_contig_000075	Pame_metagenome_contig_000075	thiopeptide	RiPPs		
Pame_bac_bin394~Pame_metagenome_contig_014332.region001	Pame_metagenome_contig_014332	Pame_metagenome_contig_014332	arylpolyene	Others		
Pame_bac_bin395~Pame_metagenome_contig_000142.region001	Pame_metagenome_contig_000142	Pame_metagenome_contig_000142	RiPP-like	RiPPs		
Pame_bac_bin395~Pame_metagenome_contig_000388.region001	Pame_metagenome_contig_000388	Pame_metagenome_contig_000388	betalactone	Others		
Pame_bac_bin395~Pame_metagenome_contig_000582.region001	Pame_metagenome_contig_000582	Pame_metagenome_contig_000582	NRP-metallophore	Others		
Pame_bac_bin395~Pame_metagenome_contig_004004.region001	Pame_metagenome_contig_004004	Pame_metagenome_contig_004004	redox-cofactor	RiPPs		
Pame_bac_bin396~Pame_metagenome_contig_000013.region001	Pame_metagenome_contig_000013	Pame_metagenome_contig_000013	NI-siderophore	Others		
Pame_bac_bin396~Pame_metagenome_contig_000013.region002	Pame_metagenome_contig_000013	Pame_metagenome_contig_000013	RiPP-like	RiPPs		
Pame_bac_bin396~Pame_metagenome_contig_000048.region001	Pame_metagenome_contig_000048	Pame_metagenome_contig_000048	arylpolyene	Others		
Pame_bac_bin396~Pame_metagenome_contig_000215.region001	Pame_metagenome_contig_000215	Pame_metagenome_contig_000215	betalactone	Others		
Pame_bac_bin397~Pame_metagenome_contig_000001.region001	Pame_metagenome_contig_000001	Pame_metagenome_contig_000001	betalactone.NRPS-like	Others		
Pame_bac_bin397~Pame_metagenome_contig_000001.region002	Pame_metagenome_contig_000001	Pame_metagenome_contig_000001	hserlactone	Others		
Pame_bac_bin397~Pame_metagenome_contig_000001.region003	Pame_metagenome_contig_000001	Pame_metagenome_contig_000001	phenazine	Others		
Pame_bac_bin397~Pame_metagenome_contig_000001.region004	Pame_metagenome_contig_000001	Pame_metagenome_contig_000001	thiopeptide	RiPPs		
Pame_bac_bin397~Pame_metagenome_contig_000001.region005	Pame_metagenome_contig_000001	Pame_metagenome_contig_000001	redox-cofactor	RiPPs		
Pame_bac_bin397~Pame_metagenome_contig_000001.region006	Pame_metagenome_contig_000001	Pame_metagenome_contig_000001	hydrogen-cyanide	Others		
Pame_bac_bin397~Pame_metagenome_contig_000001.region007	Pame_metagenome_contig_000001	Pame_metagenome_contig_000001	NRPS	NRPS		
Pame_bac_bin397~Pame_metagenome_contig_000001.region008	Pame_metagenome_contig_000001	Pame_metagenome_contig_000001	NRP-metallophore.NRPS	Others		
Pame_bac_bin397~Pame_metagenome_contig_000001.region009	Pame_metagenome_contig_000001	Pame_metagenome_contig_000001	RiPP-like	RiPPs		
Pame_bac_bin397~Pame_metagenome_contig_000001.region010	Pame_metagenome_contig_000001	Pame_metagenome_contig_000001	NRPS	NRPS		
Pame_bac_bin397~Pame_metagenome_contig_000001.region011	Pame_metagenome_contig_000001	Pame_metagenome_contig_000001	hserlactone	Others		
Pame_bac_bin397~Pame_metagenome_contig_000001.region012	Pame_metagenome_contig_000001	Pame_metagenome_contig_000001	NRPS-like	NRPS		
Pame_bac_bin397~Pame_metagenome_contig_000001.region013	Pame_metagenome_contig_000001	Pame_metagenome_contig_000001	RiPP-like	RiPPs		
Pame_bac_bin397~Pame_metagenome_contig_000001.region014	Pame_metagenome_contig_000001	Pame_metagenome_contig_000001	NRP-metallophore.phenazine.NRPS	Others		
Pame_bac_bin397~Pame_metagenome_contig_000105.region001	Pame_metagenome_contig_000105	Pame_metagenome_contig_000105	opine-like-metallophore	Others		
Pame_bac_bin398~Pame_metagenome_contig_000002.region001	Pame_metagenome_contig_000002	Pame_metagenome_contig_000002	RiPP-like	RiPPs		
Pame_bac_bin398~Pame_metagenome_contig_000002.region002	Pame_metagenome_contig_000002	Pame_metagenome_contig_000002	NI-siderophore	Others		
Pame_bac_bin398~Pame_metagenome_contig_000002.region003	Pame_metagenome_contig_000002	Pame_metagenome_contig_000002	NRPS	NRPS		
Pame_bac_bin398~Pame_metagenome_contig_000002.region004	Pame_metagenome_contig_000002	Pame_metagenome_contig_000002	NAGGN	Others		
Pame_bac_bin398~Pame_metagenome_contig_000002.region005	Pame_metagenome_contig_000002	Pame_metagenome_contig_000002	NRPS	NRPS		
Pame_bac_bin398~Pame_metagenome_contig_000002.region006	Pame_metagenome_contig_000002	Pame_metagenome_contig_000002	terpene	Terpene		
Pame_bac_bin398~Pame_metagenome_contig_000002.region007	Pame_metagenome_contig_000002	Pame_metagenome_contig_000002	NRPS	NRPS		
Pame_bac_bin398~Pame_metagenome_contig_000002.region008	Pame_metagenome_contig_000002	Pame_metagenome_contig_000002	RiPP-like	RiPPs		
Pame_bac_bin398~Pame_metagenome_contig_000002.region009	Pame_metagenome_contig_000002	Pame_metagenome_contig_000002	NRP-metallophore.NRPS	Others		
Pame_bac_bin398~Pame_metagenome_contig_000002.region010	Pame_metagenome_contig_000002	Pame_metagenome_contig_000002	betalactone	Others		
Pame_bac_bin398~Pame_metagenome_contig_000002.region011	Pame_metagenome_contig_000002	Pame_metagenome_contig_000002	NRPS	NRPS		
Pame_bac_bin398~Pame_metagenome_contig_000024.region001	Pame_metagenome_contig_000024	Pame_metagenome_contig_000024	arylpolyene	Others		
Pame_bac_bin398~Pame_metagenome_contig_000024.region002	Pame_metagenome_contig_000024	Pame_metagenome_contig_000024	NRPS-like	NRPS		
Pame_bac_bin398~Pame_metagenome_contig_000024.region003	Pame_metagenome_contig_000024	Pame_metagenome_contig_000024	RiPP-like	RiPPs		
Pame_bac_bin398~Pame_metagenome_contig_000024.region004	Pame_metagenome_contig_000024	Pame_metagenome_contig_000024	redox-cofactor	RiPPs		
Pame_bac_bin398~Pame_metagenome_contig_000367.region001	Pame_metagenome_contig_000367	Pame_metagenome_contig_000367	phosphonate	Others		
Pame_bac_bin398~Pame_metagenome_contig_007602.region001	Pame_metagenome_contig_007602	Pame_metagenome_contig_007602	betalactone	Others		
Pame_bac_bin399~Pame_metagenome_contig_000084.region001	Pame_metagenome_contig_000084	Pame_metagenome_contig_000084	NRPS-like	NRPS		
Pame_bac_bin399~Pame_metagenome_contig_000355.region001	Pame_metagenome_contig_000355	Pame_metagenome_contig_000355	hglE-KS.T1PKS	PKSother		
Pame_bac_bin401~Pame_metagenome_contig_142718.region001	Pame_metagenome_contig_142718	Pame_metagenome_contig_142718	arylpolyene	Others		
Pame_bac_bin404~Pame_metagenome_contig_078463.region001	Pame_metagenome_contig_078463	Pame_metagenome_contig_078463	phosphonate	Others		
Pame_bac_bin405~Pame_metagenome_contig_014206.region001	Pame_metagenome_contig_014206	Pame_metagenome_contig_014206	RiPP-like	RiPPs		
Pame_bac_bin407~Pame_metagenome_contig_012063.region001	Pame_metagenome_contig_012063	Pame_metagenome_contig_012063	NRPS-like	NRPS		
Pame_bac_bin407~Pame_metagenome_contig_027761.region001	Pame_metagenome_contig_027761	Pame_metagenome_contig_027761	NRPS-like	NRPS		
Pame_bac_bin408~Pame_metagenome_contig_036119.region001	Pame_metagenome_contig_036119	Pame_metagenome_contig_036119	RiPP-like	RiPPs		
Pame_bac_bin409~Pame_metagenome_contig_001329.region001	Pame_metagenome_contig_001329	Pame_metagenome_contig_001329	phosphonate	Others		
Pame_bac_bin410~Pame_metagenome_contig_001354.region001	Pame_metagenome_contig_001354	Pame_metagenome_contig_001354	T3PKS	PKSother		
Pame_bac_bin410~Pame_metagenome_contig_007321.region001	Pame_metagenome_contig_007321	Pame_metagenome_contig_007321	betalactone.NRPS-like	Others		
Pame_bac_bin411~Pame_metagenome_contig_001127.region001	Pame_metagenome_contig_001127	Pame_metagenome_contig_001127	phosphonate	Others		
Pame_bac_bin411~Pame_metagenome_contig_003183.region001	Pame_metagenome_contig_003183	Pame_metagenome_contig_003183	NRPS-like	NRPS		
Pame_bac_bin411~Pame_metagenome_contig_019764.region001	Pame_metagenome_contig_019764	Pame_metagenome_contig_019764	T3PKS	PKSother		
Pame_bac_bin412~Pame_metagenome_contig_006707.region001	Pame_metagenome_contig_006707	Pame_metagenome_contig_006707	arylpolyene	Others		
Pame_bac_bin414~Pame_metagenome_contig_015808.region001	Pame_metagenome_contig_015808	Pame_metagenome_contig_015808	ranthipeptide	RiPPs		
Pame_bac_bin415~Pame_metagenome_contig_001263.region001	Pame_metagenome_contig_001263	Pame_metagenome_contig_001263	terpene	Terpene		
Pame_bac_bin415~Pame_metagenome_contig_001927.region001	Pame_metagenome_contig_001927	Pame_metagenome_contig_001927	NRPS-like	NRPS		
Pame_bac_bin415~Pame_metagenome_contig_002946.region001	Pame_metagenome_contig_002946	Pame_metagenome_contig_002946	terpene	Terpene		
Pame_bac_bin415~Pame_metagenome_contig_004584.region001	Pame_metagenome_contig_004584	Pame_metagenome_contig_004584	terpene	Terpene		
Pame_bac_bin416~Pame_metagenome_contig_000017.region001	Pame_metagenome_contig_000017	Pame_metagenome_contig_000017	terpene	Terpene		
Pame_bac_bin416~Pame_metagenome_contig_000017.region002	Pame_metagenome_contig_000017	Pame_metagenome_contig_000017	terpene	Terpene		
Pful_bac_bin001~Pful_metagenome_contig_000033.region001	Pful_metagenome_contig_000033	Pful_metagenome_contig_000033	T3PKS	PKSother		
Pful_bac_bin001~Pful_metagenome_contig_000033.region002	Pful_metagenome_contig_000033	Pful_metagenome_contig_000033	terpene	Terpene		
Pful_bac_bin001~Pful_metagenome_contig_000033.region003	Pful_metagenome_contig_000033	Pful_metagenome_contig_000033	linaridin	RiPPs		
Pful_bac_bin001~Pful_metagenome_contig_000033.region004	Pful_metagenome_contig_000033	Pful_metagenome_contig_000033	T1PKS	PKSI		
Pful_bac_bin001~Pful_metagenome_contig_000033.region005	Pful_metagenome_contig_000033	Pful_metagenome_contig_000033	terpene	Terpene		
Pful_bac_bin003~Pful_metagenome_contig_048621.region001	Pful_metagenome_contig_048621	Pful_metagenome_contig_048621	RiPP-like	RiPPs		
Pful_bac_bin003~Pful_metagenome_contig_078263.region001	Pful_metagenome_contig_078263	Pful_metagenome_contig_078263	NRPS-like	NRPS		
Pful_bac_bin009~Pful_metagenome_contig_006355.region001	Pful_metagenome_contig_006355	Pful_metagenome_contig_006355	RiPP-like	RiPPs		
Pful_bac_bin009~Pful_metagenome_contig_008357.region001	Pful_metagenome_contig_008357	Pful_metagenome_contig_008357	NRPS	NRPS		
Pful_bac_bin010~Pful_metagenome_contig_005921.region001	Pful_metagenome_contig_005921	Pful_metagenome_contig_005921	RiPP-like	RiPPs		
Pful_bac_bin010~Pful_metagenome_contig_011319.region001	Pful_metagenome_contig_011319	Pful_metagenome_contig_011319	ranthipeptide	RiPPs		
Pful_bac_bin011~Pful_metagenome_contig_000345.region001	Pful_metagenome_contig_000345	Pful_metagenome_contig_000345	NRPS-like	NRPS		
Pful_bac_bin012~Pful_metagenome_contig_000081.region001	Pful_metagenome_contig_000081	Pful_metagenome_contig_000081	RRE-containing	RiPPs		
Pful_bac_bin012~Pful_metagenome_contig_000081.region002	Pful_metagenome_contig_000081	Pful_metagenome_contig_000081	RiPP-like	RiPPs		
Pful_bac_bin012~Pful_metagenome_contig_000081.region003	Pful_metagenome_contig_000081	Pful_metagenome_contig_000081	ranthipeptide	RiPPs		
Pful_bac_bin012~Pful_metagenome_contig_001524.region001	Pful_metagenome_contig_001524	Pful_metagenome_contig_001524	NRPS-like	NRPS		
Pful_bac_bin012~Pful_metagenome_contig_002311.region001	Pful_metagenome_contig_002311	Pful_metagenome_contig_002311	cyclic-lactone-autoinducer	RiPPs		
Pful_bac_bin013~Pful_metagenome_contig_000239.region001	Pful_metagenome_contig_000239	Pful_metagenome_contig_000239	ranthipeptide	RiPPs		
Pful_bac_bin013~Pful_metagenome_contig_000265.region001	Pful_metagenome_contig_000265	Pful_metagenome_contig_000265	RiPP-like	RiPPs		
Pful_bac_bin013~Pful_metagenome_contig_000319.region001	Pful_metagenome_contig_000319	Pful_metagenome_contig_000319	NRPS	NRPS		
Pful_bac_bin013~Pful_metagenome_contig_000319.region002	Pful_metagenome_contig_000319	Pful_metagenome_contig_000319	NRPS-like	NRPS		
Pful_bac_bin014~Pful_metagenome_contig_000143.region001	Pful_metagenome_contig_000143	Pful_metagenome_contig_000143	cyclic-lactone-autoinducer	RiPPs		
Pful_bac_bin014~Pful_metagenome_contig_000204.region001	Pful_metagenome_contig_000204	Pful_metagenome_contig_000204	ranthipeptide	RiPPs		
Pful_bac_bin014~Pful_metagenome_contig_000353.region001	Pful_metagenome_contig_000353	Pful_metagenome_contig_000353	NRPS-like	NRPS		
Pful_bac_bin014~Pful_metagenome_contig_000353.region002	Pful_metagenome_contig_000353	Pful_metagenome_contig_000353	RiPP-like	RiPPs		
Pful_bac_bin015~Pful_metagenome_contig_000047.region001	Pful_metagenome_contig_000047	Pful_metagenome_contig_000047	RiPP-like	RiPPs		
Pful_bac_bin015~Pful_metagenome_contig_000047.region002	Pful_metagenome_contig_000047	Pful_metagenome_contig_000047	terpene	Terpene		
Pful_bac_bin015~Pful_metagenome_contig_000047.region003	Pful_metagenome_contig_000047	Pful_metagenome_contig_000047	NRPS-like	NRPS		
Pful_bac_bin015~Pful_metagenome_contig_000120.region001	Pful_metagenome_contig_000120	Pful_metagenome_contig_000120	ranthipeptide	RiPPs		
Pful_bac_bin016~Pful_metagenome_contig_000036.region001	Pful_metagenome_contig_000036	Pful_metagenome_contig_000036	phosphonate	Others		
Pful_bac_bin016~Pful_metagenome_contig_000036.region002	Pful_metagenome_contig_000036	Pful_metagenome_contig_000036	RiPP-like	RiPPs		
Pful_bac_bin016~Pful_metagenome_contig_000274.region001	Pful_metagenome_contig_000274	Pful_metagenome_contig_000274	ranthipeptide	RiPPs		
Pful_bac_bin017~Pful_metagenome_contig_000148.region001	Pful_metagenome_contig_000148	Pful_metagenome_contig_000148	RiPP-like	RiPPs		
Pful_bac_bin017~Pful_metagenome_contig_027161.region001	Pful_metagenome_contig_027161	Pful_metagenome_contig_027161	betalactone.NRPS-like	Others		
Pful_bac_bin018~Pful_metagenome_contig_004161.region001	Pful_metagenome_contig_004161	Pful_metagenome_contig_004161	RiPP-like	RiPPs		
Pful_bac_bin019~Pful_metagenome_contig_009337.region001	Pful_metagenome_contig_009337	Pful_metagenome_contig_009337	RiPP-like	RiPPs		
Pful_bac_bin019~Pful_metagenome_contig_016898.region001	Pful_metagenome_contig_016898	Pful_metagenome_contig_016898	ranthipeptide	RiPPs		
Pful_bac_bin019~Pful_metagenome_contig_024784.region001	Pful_metagenome_contig_024784	Pful_metagenome_contig_024784	NRPS-like	NRPS		
Pful_bac_bin020~Pful_metagenome_contig_002175.region001	Pful_metagenome_contig_002175	Pful_metagenome_contig_002175	ranthipeptide	RiPPs		
Pful_bac_bin020~Pful_metagenome_contig_002323.region001	Pful_metagenome_contig_002323	Pful_metagenome_contig_002323	cyanobactin	RiPPs		
Pful_bac_bin020~Pful_metagenome_contig_002686.region001	Pful_metagenome_contig_002686	Pful_metagenome_contig_002686	cyclic-lactone-autoinducer	RiPPs		
Pful_bac_bin021~Pful_metagenome_contig_001752.region001	Pful_metagenome_contig_001752	Pful_metagenome_contig_001752	cyclic-lactone-autoinducer	RiPPs		
Pful_bac_bin022~Pful_metagenome_contig_011587.region001	Pful_metagenome_contig_011587	Pful_metagenome_contig_011587	phosphonate	Others		
Pful_bac_bin023~Pful_metagenome_contig_001734.region001	Pful_metagenome_contig_001734	Pful_metagenome_contig_001734	RRE-containing	RiPPs		
Pful_bac_bin023~Pful_metagenome_contig_052260.region001	Pful_metagenome_contig_052260	Pful_metagenome_contig_052260	cyclic-lactone-autoinducer	RiPPs		
Pful_bac_bin024~Pful_metagenome_contig_006801.region001	Pful_metagenome_contig_006801	Pful_metagenome_contig_006801	ranthipeptide	RiPPs		
Pful_bac_bin025~Pful_metagenome_contig_006715.region001	Pful_metagenome_contig_006715	Pful_metagenome_contig_006715	RRE-containing	RiPPs		
Pful_bac_bin025~Pful_metagenome_contig_017071.region001	Pful_metagenome_contig_017071	Pful_metagenome_contig_017071	ranthipeptide	RiPPs		
Pful_bac_bin025~Pful_metagenome_contig_062467.region001	Pful_metagenome_contig_062467	Pful_metagenome_contig_062467	lassopeptide	RiPPs		
Pful_bac_bin026~Pful_metagenome_contig_000711.region001	Pful_metagenome_contig_000711	Pful_metagenome_contig_000711	NRPS-like	NRPS		
Pful_bac_bin026~Pful_metagenome_contig_008401.region001	Pful_metagenome_contig_008401	Pful_metagenome_contig_008401	ranthipeptide	RiPPs		
Pful_bac_bin027~Pful_metagenome_contig_000035.region001	Pful_metagenome_contig_000035	Pful_metagenome_contig_000035	ranthipeptide	RiPPs		
Pful_bac_bin029~Pful_metagenome_contig_003052.region001	Pful_metagenome_contig_003052	Pful_metagenome_contig_003052	betalactone	Others		
Pful_bac_bin029~Pful_metagenome_contig_009213.region001	Pful_metagenome_contig_009213	Pful_metagenome_contig_009213	NRPS-like	NRPS		
Pful_bac_bin029~Pful_metagenome_contig_013552.region001	Pful_metagenome_contig_013552	Pful_metagenome_contig_013552	NRPS	NRPS		
Pful_bac_bin030~Pful_metagenome_contig_037629.region001	Pful_metagenome_contig_037629	Pful_metagenome_contig_037629	cyclic-lactone-autoinducer	RiPPs		
Pful_bac_bin031~Pful_metagenome_contig_000220.region001	Pful_metagenome_contig_000220	Pful_metagenome_contig_000220	cyclic-lactone-autoinducer	RiPPs		
Pful_bac_bin031~Pful_metagenome_contig_001518.region001	Pful_metagenome_contig_001518	Pful_metagenome_contig_001518	RRE-containing	RiPPs		
Pful_bac_bin033~Pful_metagenome_contig_010043.region001	Pful_metagenome_contig_010043	Pful_metagenome_contig_010043	RiPP-like	RiPPs		
Pful_bac_bin033~Pful_metagenome_contig_010043.region002	Pful_metagenome_contig_010043	Pful_metagenome_contig_010043	ranthipeptide	RiPPs		
Pful_bac_bin034~Pful_metagenome_contig_000914.region001	Pful_metagenome_contig_000914	Pful_metagenome_contig_000914	ranthipeptide	RiPPs		
Pful_bac_bin034~Pful_metagenome_contig_003089.region001	Pful_metagenome_contig_003089	Pful_metagenome_contig_003089	RiPP-like	RiPPs		
Pful_bac_bin034~Pful_metagenome_contig_005136.region001	Pful_metagenome_contig_005136	Pful_metagenome_contig_005136	cyclic-lactone-autoinducer	RiPPs		
Pful_bac_bin035~Pful_metagenome_contig_000340.region001	Pful_metagenome_contig_000340	Pful_metagenome_contig_000340	ranthipeptide	RiPPs		
Pful_bac_bin036~Pful_metagenome_contig_011993.region001	Pful_metagenome_contig_011993	Pful_metagenome_contig_011993	ranthipeptide	RiPPs		
Pful_bac_bin037~Pful_metagenome_contig_006664.region001	Pful_metagenome_contig_006664	Pful_metagenome_contig_006664	ranthipeptide	RiPPs		
Pful_bac_bin038~Pful_metagenome_contig_000075.region001	Pful_metagenome_contig_000075	Pful_metagenome_contig_000075	betalactone	Others		
Pful_bac_bin038~Pful_metagenome_contig_000075.region002	Pful_metagenome_contig_000075	Pful_metagenome_contig_000075	lassopeptide	RiPPs		
Pful_bac_bin038~Pful_metagenome_contig_001916.region001	Pful_metagenome_contig_001916	Pful_metagenome_contig_001916	ranthipeptide	RiPPs		
Pful_bac_bin040~Pful_metagenome_contig_008064.region001	Pful_metagenome_contig_008064	Pful_metagenome_contig_008064	betalactone	Others		
Pful_bac_bin040~Pful_metagenome_contig_018644.region001	Pful_metagenome_contig_018644	Pful_metagenome_contig_018644	lassopeptide	RiPPs		
Pful_bac_bin042~Pful_metagenome_contig_000119.region001	Pful_metagenome_contig_000119	Pful_metagenome_contig_000119	lanthipeptide-class-ii	RiPPs		
Pful_bac_bin042~Pful_metagenome_contig_000270.region001	Pful_metagenome_contig_000270	Pful_metagenome_contig_000270	ranthipeptide	RiPPs		
Pful_bac_bin042~Pful_metagenome_contig_000383.region001	Pful_metagenome_contig_000383	Pful_metagenome_contig_000383	HR-T2PKS.hglE-KS.PUFA	Others		
Pful_bac_bin042~Pful_metagenome_contig_000708.region001	Pful_metagenome_contig_000708	Pful_metagenome_contig_000708	cyclic-lactone-autoinducer	RiPPs		
Pful_bac_bin042~Pful_metagenome_contig_000970.region001	Pful_metagenome_contig_000970	Pful_metagenome_contig_000970	RiPP-like	RiPPs		
Pful_bac_bin042~Pful_metagenome_contig_000970.region002	Pful_metagenome_contig_000970	Pful_metagenome_contig_000970	terpene	Terpene		
Pful_bac_bin043~Pful_metagenome_contig_005574.region001	Pful_metagenome_contig_005574	Pful_metagenome_contig_005574	betalactone	Others		
Pful_bac_bin043~Pful_metagenome_contig_006647.region001	Pful_metagenome_contig_006647	Pful_metagenome_contig_006647	lassopeptide	RiPPs		
Pful_bac_bin043~Pful_metagenome_contig_007879.region001	Pful_metagenome_contig_007879	Pful_metagenome_contig_007879	betalactone	Others		
Pful_bac_bin043~Pful_metagenome_contig_007879.region002	Pful_metagenome_contig_007879	Pful_metagenome_contig_007879	ranthipeptide	RiPPs		
Pful_bac_bin044~Pful_metagenome_contig_005463.region001	Pful_metagenome_contig_005463	Pful_metagenome_contig_005463	RiPP-like	RiPPs		
Pful_bac_bin044~Pful_metagenome_contig_008032.region001	Pful_metagenome_contig_008032	Pful_metagenome_contig_008032	ranthipeptide	RiPPs		
Pful_bac_bin044~Pful_metagenome_contig_064133.region001	Pful_metagenome_contig_064133	Pful_metagenome_contig_064133	NRPS	NRPS		
Pful_bac_bin046~Pful_metagenome_contig_001321.region001	Pful_metagenome_contig_001321	Pful_metagenome_contig_001321	ranthipeptide	RiPPs		
Pful_bac_bin046~Pful_metagenome_contig_001321.region002	Pful_metagenome_contig_001321	Pful_metagenome_contig_001321	ranthipeptide	RiPPs		
Pful_bac_bin046~Pful_metagenome_contig_016193.region001	Pful_metagenome_contig_016193	Pful_metagenome_contig_016193	NRPS	NRPS		
Pful_bac_bin047~Pful_metagenome_contig_004285.region001	Pful_metagenome_contig_004285	Pful_metagenome_contig_004285	NRPS	NRPS		
Pful_bac_bin048~Pful_metagenome_contig_000116.region001	Pful_metagenome_contig_000116	Pful_metagenome_contig_000116	RRE-containing	RiPPs		
Pful_bac_bin048~Pful_metagenome_contig_000641.region001	Pful_metagenome_contig_000641	Pful_metagenome_contig_000641	cyclic-lactone-autoinducer	RiPPs		
Pful_bac_bin048~Pful_metagenome_contig_015911.region001	Pful_metagenome_contig_015911	Pful_metagenome_contig_015911	RRE-containing	RiPPs		
Pful_bac_bin049~Pful_metagenome_contig_000118.region001	Pful_metagenome_contig_000118	Pful_metagenome_contig_000118	RiPP-like	RiPPs		
Pful_bac_bin049~Pful_metagenome_contig_000780.region001	Pful_metagenome_contig_000780	Pful_metagenome_contig_000780	ranthipeptide	RiPPs		
Pful_bac_bin049~Pful_metagenome_contig_062872.region001	Pful_metagenome_contig_062872	Pful_metagenome_contig_062872	phosphonate	Others		
Pful_bac_bin051~Pful_metagenome_contig_012280.region001	Pful_metagenome_contig_012280	Pful_metagenome_contig_012280	cyclic-lactone-autoinducer	RiPPs		
Pful_bac_bin052~Pful_metagenome_contig_000291.region001	Pful_metagenome_contig_000291	Pful_metagenome_contig_000291	cyclic-lactone-autoinducer	RiPPs		
Pful_bac_bin052~Pful_metagenome_contig_000291.region002	Pful_metagenome_contig_000291	Pful_metagenome_contig_000291	cyclic-lactone-autoinducer	RiPPs		
Pful_bac_bin052~Pful_metagenome_contig_000683.region001	Pful_metagenome_contig_000683	Pful_metagenome_contig_000683	ranthipeptide	RiPPs		
Pful_bac_bin052~Pful_metagenome_contig_000739.region001	Pful_metagenome_contig_000739	Pful_metagenome_contig_000739	cyclic-lactone-autoinducer	RiPPs		
Pful_bac_bin053~Pful_metagenome_contig_000387.region001	Pful_metagenome_contig_000387	Pful_metagenome_contig_000387	cyclic-lactone-autoinducer	RiPPs		
Pful_bac_bin053~Pful_metagenome_contig_000659.region001	Pful_metagenome_contig_000659	Pful_metagenome_contig_000659	ranthipeptide	RiPPs		
Pful_bac_bin054~Pful_metagenome_contig_001579.region001	Pful_metagenome_contig_001579	Pful_metagenome_contig_001579	RRE-containing	RiPPs		
Pful_bac_bin054~Pful_metagenome_contig_002718.region001	Pful_metagenome_contig_002718	Pful_metagenome_contig_002718	terpene	Terpene		
Pful_bac_bin054~Pful_metagenome_contig_011307.region001	Pful_metagenome_contig_011307	Pful_metagenome_contig_011307	ranthipeptide	RiPPs		
Pful_bac_bin054~Pful_metagenome_contig_016628.region001	Pful_metagenome_contig_016628	Pful_metagenome_contig_016628	cyclic-lactone-autoinducer	RiPPs		
Pful_bac_bin054~Pful_metagenome_contig_066239.region001	Pful_metagenome_contig_066239	Pful_metagenome_contig_066239	RRE-containing	RiPPs		
Pful_bac_bin055~Pful_metagenome_contig_000372.region001	Pful_metagenome_contig_000372	Pful_metagenome_contig_000372	RRE-containing	RiPPs		
Pful_bac_bin055~Pful_metagenome_contig_000372.region002	Pful_metagenome_contig_000372	Pful_metagenome_contig_000372	cyclic-lactone-autoinducer	RiPPs		
Pful_bac_bin055~Pful_metagenome_contig_000372.region003	Pful_metagenome_contig_000372	Pful_metagenome_contig_000372	RRE-containing	RiPPs		
Pful_bac_bin055~Pful_metagenome_contig_002358.region001	Pful_metagenome_contig_002358	Pful_metagenome_contig_002358	RRE-containing	RiPPs		
Pful_bac_bin056~Pful_metagenome_contig_000187.region001	Pful_metagenome_contig_000187	Pful_metagenome_contig_000187	RiPP-like	RiPPs		
Pful_bac_bin056~Pful_metagenome_contig_000187.region002	Pful_metagenome_contig_000187	Pful_metagenome_contig_000187	cyclic-lactone-autoinducer	RiPPs		
Pful_bac_bin056~Pful_metagenome_contig_000187.region003	Pful_metagenome_contig_000187	Pful_metagenome_contig_000187	terpene	Terpene		
Pful_bac_bin056~Pful_metagenome_contig_000322.region001	Pful_metagenome_contig_000322	Pful_metagenome_contig_000322	cyclic-lactone-autoinducer.NRPS	Others		
Pful_bac_bin056~Pful_metagenome_contig_000832.region001	Pful_metagenome_contig_000832	Pful_metagenome_contig_000832	RRE-containing	RiPPs		
Pful_bac_bin056~Pful_metagenome_contig_008692.region001	Pful_metagenome_contig_008692	Pful_metagenome_contig_008692	ranthipeptide	RiPPs		
Pful_bac_bin057~Pful_metagenome_contig_007949.region001	Pful_metagenome_contig_007949	Pful_metagenome_contig_007949	ranthipeptide	RiPPs		
Pful_bac_bin058~Pful_metagenome_contig_000354.region001	Pful_metagenome_contig_000354	Pful_metagenome_contig_000354	lanthipeptide-class-ii	RiPPs		
Pful_bac_bin059~Pful_metagenome_contig_001174.region001	Pful_metagenome_contig_001174	Pful_metagenome_contig_001174	ranthipeptide	RiPPs		
Pful_bac_bin059~Pful_metagenome_contig_001844.region001	Pful_metagenome_contig_001844	Pful_metagenome_contig_001844	cyclic-lactone-autoinducer	RiPPs		
Pful_bac_bin060~Pful_metagenome_contig_002963.region001	Pful_metagenome_contig_002963	Pful_metagenome_contig_002963	cyclic-lactone-autoinducer	RiPPs		
Pful_bac_bin060~Pful_metagenome_contig_003471.region001	Pful_metagenome_contig_003471	Pful_metagenome_contig_003471	cyclic-lactone-autoinducer	RiPPs		
Pful_bac_bin060~Pful_metagenome_contig_003471.region002	Pful_metagenome_contig_003471	Pful_metagenome_contig_003471	ranthipeptide	RiPPs		
Pful_bac_bin061~Pful_metagenome_contig_021463.region001	Pful_metagenome_contig_021463	Pful_metagenome_contig_021463	NRPS	NRPS		
Pful_bac_bin061~Pful_metagenome_contig_031804.region001	Pful_metagenome_contig_031804	Pful_metagenome_contig_031804	cyclic-lactone-autoinducer	RiPPs		
Pful_bac_bin061~Pful_metagenome_contig_043446.region001	Pful_metagenome_contig_043446	Pful_metagenome_contig_043446	RiPP-like	RiPPs		
Pful_bac_bin061~Pful_metagenome_contig_051060.region001	Pful_metagenome_contig_051060	Pful_metagenome_contig_051060	RRE-containing.RiPP-like	RiPPs		
Pful_bac_bin061~Pful_metagenome_contig_078459.region001	Pful_metagenome_contig_078459	Pful_metagenome_contig_078459	cyclic-lactone-autoinducer	RiPPs		
Pful_bac_bin061~Pful_metagenome_contig_108828.region001	Pful_metagenome_contig_108828	Pful_metagenome_contig_108828	RRE-containing	RiPPs		
Pful_bac_bin062~Pful_metagenome_contig_000158.region001	Pful_metagenome_contig_000158	Pful_metagenome_contig_000158	RRE-containing	RiPPs		
Pful_bac_bin062~Pful_metagenome_contig_000158.region002	Pful_metagenome_contig_000158	Pful_metagenome_contig_000158	cyclic-lactone-autoinducer	RiPPs		
Pful_bac_bin062~Pful_metagenome_contig_000167.region001	Pful_metagenome_contig_000167	Pful_metagenome_contig_000167	ranthipeptide	RiPPs		
Pful_bac_bin062~Pful_metagenome_contig_000167.region002	Pful_metagenome_contig_000167	Pful_metagenome_contig_000167	cyclic-lactone-autoinducer	RiPPs		
Pful_bac_bin063~Pful_metagenome_contig_000183.region001	Pful_metagenome_contig_000183	Pful_metagenome_contig_000183	cyclic-lactone-autoinducer	RiPPs		
Pful_bac_bin063~Pful_metagenome_contig_000183.region002	Pful_metagenome_contig_000183	Pful_metagenome_contig_000183	cyclic-lactone-autoinducer	RiPPs		
Pful_bac_bin063~Pful_metagenome_contig_000183.region003	Pful_metagenome_contig_000183	Pful_metagenome_contig_000183	NRPS-like.NRPS	NRPS		
Pful_bac_bin063~Pful_metagenome_contig_000399.region001	Pful_metagenome_contig_000399	Pful_metagenome_contig_000399	cyclic-lactone-autoinducer	RiPPs		
Pful_bac_bin063~Pful_metagenome_contig_001371.region001	Pful_metagenome_contig_001371	Pful_metagenome_contig_001371	ranthipeptide	RiPPs		
Pful_bac_bin063~Pful_metagenome_contig_001371.region002	Pful_metagenome_contig_001371	Pful_metagenome_contig_001371	cyclic-lactone-autoinducer	RiPPs		
Pful_bac_bin063~Pful_metagenome_contig_001371.region003	Pful_metagenome_contig_001371	Pful_metagenome_contig_001371	NRPS-like	NRPS		
Pful_bac_bin063~Pful_metagenome_contig_002530.region001	Pful_metagenome_contig_002530	Pful_metagenome_contig_002530	RiPP-like	RiPPs		
Pful_bac_bin063~Pful_metagenome_contig_002530.region002	Pful_metagenome_contig_002530	Pful_metagenome_contig_002530	prodigiosin	PKSother		
Pful_bac_bin063~Pful_metagenome_contig_006946.region001	Pful_metagenome_contig_006946	Pful_metagenome_contig_006946	NRPS-like	NRPS		
Pful_bac_bin063~Pful_metagenome_contig_007792.region001	Pful_metagenome_contig_007792	Pful_metagenome_contig_007792	cyclic-lactone-autoinducer	RiPPs		
Pful_bac_bin063~Pful_metagenome_contig_008389.region001	Pful_metagenome_contig_008389	Pful_metagenome_contig_008389	cyclic-lactone-autoinducer	RiPPs		
Pful_bac_bin063~Pful_metagenome_contig_010072.region001	Pful_metagenome_contig_010072	Pful_metagenome_contig_010072	NRPS-like	NRPS		
Pful_bac_bin063~Pful_metagenome_contig_026342.region001	Pful_metagenome_contig_026342	Pful_metagenome_contig_026342	cyclic-lactone-autoinducer	RiPPs		
Pful_bac_bin064~Pful_metagenome_contig_000214.region001	Pful_metagenome_contig_000214	Pful_metagenome_contig_000214	cyclic-lactone-autoinducer	RiPPs		
Pful_bac_bin064~Pful_metagenome_contig_000214.region002	Pful_metagenome_contig_000214	Pful_metagenome_contig_000214	cyclic-lactone-autoinducer	RiPPs		
Pful_bac_bin064~Pful_metagenome_contig_001166.region001	Pful_metagenome_contig_001166	Pful_metagenome_contig_001166	ranthipeptide	RiPPs		
Pful_bac_bin065~Pful_metagenome_contig_001443.region001	Pful_metagenome_contig_001443	Pful_metagenome_contig_001443	HR-T2PKS	Others		
Pful_bac_bin065~Pful_metagenome_contig_002578.region001	Pful_metagenome_contig_002578	Pful_metagenome_contig_002578	RiPP-like	RiPPs		
Pful_bac_bin065~Pful_metagenome_contig_006425.region001	Pful_metagenome_contig_006425	Pful_metagenome_contig_006425	sactipeptide	RiPPs		
Pful_bac_bin065~Pful_metagenome_contig_008113.region001	Pful_metagenome_contig_008113	Pful_metagenome_contig_008113	cyclic-lactone-autoinducer.arylpolyene	Others		
Pful_bac_bin065~Pful_metagenome_contig_008351.region001	Pful_metagenome_contig_008351	Pful_metagenome_contig_008351	ranthipeptide	RiPPs		
Pful_bac_bin065~Pful_metagenome_contig_032341.region001	Pful_metagenome_contig_032341	Pful_metagenome_contig_032341	arylpolyene	Others		
Pful_bac_bin067~Pful_metagenome_contig_001901.region001	Pful_metagenome_contig_001901	Pful_metagenome_contig_001901	cyclic-lactone-autoinducer	RiPPs		
Pful_bac_bin067~Pful_metagenome_contig_037361.region001	Pful_metagenome_contig_037361	Pful_metagenome_contig_037361	cyclic-lactone-autoinducer	RiPPs		
Pful_bac_bin068~Pful_metagenome_contig_000782.region001	Pful_metagenome_contig_000782	Pful_metagenome_contig_000782	RRE-containing	RiPPs		
Pful_bac_bin068~Pful_metagenome_contig_001368.region001	Pful_metagenome_contig_001368	Pful_metagenome_contig_001368	cyclic-lactone-autoinducer	RiPPs		
Pful_bac_bin068~Pful_metagenome_contig_001368.region002	Pful_metagenome_contig_001368	Pful_metagenome_contig_001368	cyclic-lactone-autoinducer	RiPPs		
Pful_bac_bin068~Pful_metagenome_contig_001591.region001	Pful_metagenome_contig_001591	Pful_metagenome_contig_001591	ranthipeptide	RiPPs		
Pful_bac_bin068~Pful_metagenome_contig_007875.region001	Pful_metagenome_contig_007875	Pful_metagenome_contig_007875	cyclic-lactone-autoinducer	RiPPs		
Pful_bac_bin068~Pful_metagenome_contig_008256.region001	Pful_metagenome_contig_008256	Pful_metagenome_contig_008256	cyclic-lactone-autoinducer	RiPPs		
Pful_bac_bin069~Pful_metagenome_contig_000127.region001	Pful_metagenome_contig_000127	Pful_metagenome_contig_000127	phosphonate	Others		
Pful_bac_bin069~Pful_metagenome_contig_000127.region002	Pful_metagenome_contig_000127	Pful_metagenome_contig_000127	ranthipeptide	RiPPs		
Pful_bac_bin069~Pful_metagenome_contig_008929.region001	Pful_metagenome_contig_008929	Pful_metagenome_contig_008929	phosphonate	Others		
Pful_bac_bin069~Pful_metagenome_contig_026018.region001	Pful_metagenome_contig_026018	Pful_metagenome_contig_026018	cyclic-lactone-autoinducer	RiPPs		
Pful_bac_bin070~Pful_metagenome_contig_000731.region001	Pful_metagenome_contig_000731	Pful_metagenome_contig_000731	cyclic-lactone-autoinducer	RiPPs		
Pful_bac_bin070~Pful_metagenome_contig_007871.region001	Pful_metagenome_contig_007871	Pful_metagenome_contig_007871	ranthipeptide	RiPPs		
Pful_bac_bin070~Pful_metagenome_contig_026199.region001	Pful_metagenome_contig_026199	Pful_metagenome_contig_026199	cyclic-lactone-autoinducer	RiPPs		
Pful_bac_bin070~Pful_metagenome_contig_046603.region001	Pful_metagenome_contig_046603	Pful_metagenome_contig_046603	NRPS	NRPS		
Pful_bac_bin071~Pful_metagenome_contig_001397.region001	Pful_metagenome_contig_001397	Pful_metagenome_contig_001397	RRE-containing	RiPPs		
Pful_bac_bin071~Pful_metagenome_contig_001397.region002	Pful_metagenome_contig_001397	Pful_metagenome_contig_001397	cyclic-lactone-autoinducer	RiPPs		
Pful_bac_bin072~Pful_metagenome_contig_001169.region001	Pful_metagenome_contig_001169	Pful_metagenome_contig_001169	cyclic-lactone-autoinducer	RiPPs		
Pful_bac_bin072~Pful_metagenome_contig_001288.region001	Pful_metagenome_contig_001288	Pful_metagenome_contig_001288	cyclic-lactone-autoinducer	RiPPs		
Pful_bac_bin072~Pful_metagenome_contig_006178.region001	Pful_metagenome_contig_006178	Pful_metagenome_contig_006178	ranthipeptide	RiPPs		
Pful_bac_bin073~Pful_metagenome_contig_000154.region001	Pful_metagenome_contig_000154	Pful_metagenome_contig_000154	ranthipeptide	RiPPs		
Pful_bac_bin073~Pful_metagenome_contig_000253.region001	Pful_metagenome_contig_000253	Pful_metagenome_contig_000253	cyclic-lactone-autoinducer	RiPPs		
Pful_bac_bin073~Pful_metagenome_contig_001057.region001	Pful_metagenome_contig_001057	Pful_metagenome_contig_001057	cyclic-lactone-autoinducer	RiPPs		
Pful_bac_bin074~Pful_metagenome_contig_000006.region001	Pful_metagenome_contig_000006	Pful_metagenome_contig_000006	RiPP-like	RiPPs		
Pful_bac_bin074~Pful_metagenome_contig_000006.region002	Pful_metagenome_contig_000006	Pful_metagenome_contig_000006	cyclic-lactone-autoinducer	RiPPs		
Pful_bac_bin074~Pful_metagenome_contig_000006.region003	Pful_metagenome_contig_000006	Pful_metagenome_contig_000006	NRPS	NRPS		
Pful_bac_bin074~Pful_metagenome_contig_000006.region004	Pful_metagenome_contig_000006	Pful_metagenome_contig_000006	NRP-metallophore.NRPS	Others		
Pful_bac_bin074~Pful_metagenome_contig_000006.region005	Pful_metagenome_contig_000006	Pful_metagenome_contig_000006	ranthipeptide	RiPPs		
Pful_bac_bin074~Pful_metagenome_contig_000006.region006	Pful_metagenome_contig_000006	Pful_metagenome_contig_000006	lassopeptide	RiPPs		
Pful_bac_bin074~Pful_metagenome_contig_000006.region007	Pful_metagenome_contig_000006	Pful_metagenome_contig_000006	NRPS	NRPS		
Pful_bac_bin074~Pful_metagenome_contig_037292.region001	Pful_metagenome_contig_037292	Pful_metagenome_contig_037292	LAP	RiPPs		
Pful_bac_bin075~Pful_metagenome_contig_005749.region001	Pful_metagenome_contig_005749	Pful_metagenome_contig_005749	ranthipeptide	RiPPs		
Pful_bac_bin076~Pful_metagenome_contig_001520.region001	Pful_metagenome_contig_001520	Pful_metagenome_contig_001520	ranthipeptide	RiPPs		
Pful_bac_bin076~Pful_metagenome_contig_001547.region001	Pful_metagenome_contig_001547	Pful_metagenome_contig_001547	betalactone	Others		
Pful_bac_bin076~Pful_metagenome_contig_003376.region001	Pful_metagenome_contig_003376	Pful_metagenome_contig_003376	RRE-containing	RiPPs		
Pful_bac_bin077~Pful_metagenome_contig_000700.region001	Pful_metagenome_contig_000700	Pful_metagenome_contig_000700	RRE-containing	RiPPs		
Pful_bac_bin077~Pful_metagenome_contig_025236.region001	Pful_metagenome_contig_025236	Pful_metagenome_contig_025236	ranthipeptide	RiPPs		
Pful_bac_bin078~Pful_metagenome_contig_014562.region001	Pful_metagenome_contig_014562	Pful_metagenome_contig_014562	cyclic-lactone-autoinducer	RiPPs		
Pful_bac_bin079~Pful_metagenome_contig_000130.region001	Pful_metagenome_contig_000130	Pful_metagenome_contig_000130	cyclic-lactone-autoinducer	RiPPs		
Pful_bac_bin079~Pful_metagenome_contig_000344.region001	Pful_metagenome_contig_000344	Pful_metagenome_contig_000344	lassopeptide	RiPPs		
Pful_bac_bin079~Pful_metagenome_contig_000804.region001	Pful_metagenome_contig_000804	Pful_metagenome_contig_000804	ranthipeptide	RiPPs		
Pful_bac_bin080~Pful_metagenome_contig_007410.region001	Pful_metagenome_contig_007410	Pful_metagenome_contig_007410	RRE-containing	RiPPs		
Pful_bac_bin081~Pful_metagenome_contig_001136.region001	Pful_metagenome_contig_001136	Pful_metagenome_contig_001136	NRPS	NRPS		
Pful_bac_bin082~Pful_metagenome_contig_000017.region001	Pful_metagenome_contig_000017	Pful_metagenome_contig_000017	betalactone	Others		
Pful_bac_bin082~Pful_metagenome_contig_000017.region002	Pful_metagenome_contig_000017	Pful_metagenome_contig_000017	ranthipeptide	RiPPs		
Pful_bac_bin083~Pful_metagenome_contig_000176.region001	Pful_metagenome_contig_000176	Pful_metagenome_contig_000176	RiPP-like	RiPPs		
Pful_bac_bin083~Pful_metagenome_contig_000176.region002	Pful_metagenome_contig_000176	Pful_metagenome_contig_000176	NRPS	NRPS		
Pful_bac_bin083~Pful_metagenome_contig_001096.region001	Pful_metagenome_contig_001096	Pful_metagenome_contig_001096	ranthipeptide	RiPPs		
Pful_bac_bin084~Pful_metagenome_contig_046045.region001	Pful_metagenome_contig_046045	Pful_metagenome_contig_046045	NRPS	NRPS		
Pful_bac_bin084~Pful_metagenome_contig_048444.region001	Pful_metagenome_contig_048444	Pful_metagenome_contig_048444	cyclic-lactone-autoinducer	RiPPs		
Pful_bac_bin084~Pful_metagenome_contig_060341.region001	Pful_metagenome_contig_060341	Pful_metagenome_contig_060341	cyclic-lactone-autoinducer	RiPPs		
Pful_bac_bin085~Pful_metagenome_contig_000103.region001	Pful_metagenome_contig_000103	Pful_metagenome_contig_000103	cyclic-lactone-autoinducer	RiPPs		
Pful_bac_bin085~Pful_metagenome_contig_000103.region002	Pful_metagenome_contig_000103	Pful_metagenome_contig_000103	ranthipeptide	RiPPs		
Pful_bac_bin085~Pful_metagenome_contig_001073.region001	Pful_metagenome_contig_001073	Pful_metagenome_contig_001073	NRPS-like.NRPS	NRPS		
Pful_bac_bin086~Pful_metagenome_contig_001000.region001	Pful_metagenome_contig_001000	Pful_metagenome_contig_001000	ranthipeptide	RiPPs		
Pful_bac_bin086~Pful_metagenome_contig_001335.region001	Pful_metagenome_contig_001335	Pful_metagenome_contig_001335	cyclic-lactone-autoinducer	RiPPs		
Pful_bac_bin087~Pful_metagenome_contig_110837.region001	Pful_metagenome_contig_110837	Pful_metagenome_contig_110837	ranthipeptide	RiPPs		
Pful_bac_bin088~Pful_metagenome_contig_008850.region001	Pful_metagenome_contig_008850	Pful_metagenome_contig_008850	ranthipeptide	RiPPs		
Pful_bac_bin089~Pful_metagenome_contig_005711.region001	Pful_metagenome_contig_005711	Pful_metagenome_contig_005711	betalactone	Others		
Pful_bac_bin089~Pful_metagenome_contig_006303.region001	Pful_metagenome_contig_006303	Pful_metagenome_contig_006303	ranthipeptide	RiPPs		
Pful_bac_bin090~Pful_metagenome_contig_000315.region001	Pful_metagenome_contig_000315	Pful_metagenome_contig_000315	NRPS	NRPS		
Pful_bac_bin090~Pful_metagenome_contig_002661.region001	Pful_metagenome_contig_002661	Pful_metagenome_contig_002661	RRE-containing	RiPPs		
Pful_bac_bin092~Pful_metagenome_contig_001359.region001	Pful_metagenome_contig_001359	Pful_metagenome_contig_001359	ranthipeptide	RiPPs		
Pful_bac_bin094~Pful_metagenome_contig_130526.region001	Pful_metagenome_contig_130526	Pful_metagenome_contig_130526	HR-T2PKS	Others		
Pful_bac_bin095~Pful_metagenome_contig_000083.region001	Pful_metagenome_contig_000083	Pful_metagenome_contig_000083	ranthipeptide	RiPPs		
Pful_bac_bin095~Pful_metagenome_contig_000083.region002	Pful_metagenome_contig_000083	Pful_metagenome_contig_000083	cyclic-lactone-autoinducer	RiPPs		
Pful_bac_bin095~Pful_metagenome_contig_000083.region003	Pful_metagenome_contig_000083	Pful_metagenome_contig_000083	cyclic-lactone-autoinducer	RiPPs		
Pful_bac_bin096~Pful_metagenome_contig_004655.region001	Pful_metagenome_contig_004655	Pful_metagenome_contig_004655	ranthipeptide	RiPPs		
Pful_bac_bin096~Pful_metagenome_contig_022682.region001	Pful_metagenome_contig_022682	Pful_metagenome_contig_022682	phenazine	Others		
Pful_bac_bin097~Pful_metagenome_contig_003917.region001	Pful_metagenome_contig_003917	Pful_metagenome_contig_003917	RRE-containing	RiPPs		
Pful_bac_bin097~Pful_metagenome_contig_004189.region001	Pful_metagenome_contig_004189	Pful_metagenome_contig_004189	RiPP-like	RiPPs		
Pful_bac_bin098~Pful_metagenome_contig_010389.region001	Pful_metagenome_contig_010389	Pful_metagenome_contig_010389	ranthipeptide	RiPPs		
Pful_bac_bin098~Pful_metagenome_contig_015862.region001	Pful_metagenome_contig_015862	Pful_metagenome_contig_015862	RiPP-like	RiPPs		
Pful_bac_bin099~Pful_metagenome_contig_018835.region001	Pful_metagenome_contig_018835	Pful_metagenome_contig_018835	RiPP-like	RiPPs		
Pful_bac_bin100~Pful_metagenome_contig_034796.region001	Pful_metagenome_contig_034796	Pful_metagenome_contig_034796	RiPP-like	RiPPs		
Pful_bac_bin100~Pful_metagenome_contig_048668.region001	Pful_metagenome_contig_048668	Pful_metagenome_contig_048668	ranthipeptide	RiPPs		
Pful_bac_bin101~Pful_metagenome_contig_002057.region001	Pful_metagenome_contig_002057	Pful_metagenome_contig_002057	ranthipeptide	RiPPs		
Pful_bac_bin102~Pful_metagenome_contig_006148.region001	Pful_metagenome_contig_006148	Pful_metagenome_contig_006148	RiPP-like	RiPPs		
Pful_bac_bin102~Pful_metagenome_contig_010864.region001	Pful_metagenome_contig_010864	Pful_metagenome_contig_010864	ranthipeptide	RiPPs		
Pful_bac_bin103~Pful_metagenome_contig_000234.region001	Pful_metagenome_contig_000234	Pful_metagenome_contig_000234	lassopeptide	RiPPs		
Pful_bac_bin103~Pful_metagenome_contig_000477.region001	Pful_metagenome_contig_000477	Pful_metagenome_contig_000477	RiPP-like	RiPPs		
Pful_bac_bin103~Pful_metagenome_contig_000477.region002	Pful_metagenome_contig_000477	Pful_metagenome_contig_000477	RRE-containing	RiPPs		
Pful_bac_bin103~Pful_metagenome_contig_009962.region001	Pful_metagenome_contig_009962	Pful_metagenome_contig_009962	lassopeptide	RiPPs		
Pful_bac_bin104~Pful_metagenome_contig_067180.region001	Pful_metagenome_contig_067180	Pful_metagenome_contig_067180	RRE-containing	RiPPs		
Pful_bac_bin104~Pful_metagenome_contig_070250.region001	Pful_metagenome_contig_070250	Pful_metagenome_contig_070250	ranthipeptide	RiPPs		
Pful_bac_bin104~Pful_metagenome_contig_073580.region001	Pful_metagenome_contig_073580	Pful_metagenome_contig_073580	cyclic-lactone-autoinducer	RiPPs		
Pful_bac_bin105~Pful_metagenome_contig_037958.region001	Pful_metagenome_contig_037958	Pful_metagenome_contig_037958	lanthipeptide-class-ii	RiPPs		
Pful_bac_bin105~Pful_metagenome_contig_043725.region001	Pful_metagenome_contig_043725	Pful_metagenome_contig_043725	NRPS	NRPS		
Pful_bac_bin105~Pful_metagenome_contig_054529.region001	Pful_metagenome_contig_054529	Pful_metagenome_contig_054529	NRPS	NRPS		
Pful_bac_bin105~Pful_metagenome_contig_079762.region001	Pful_metagenome_contig_079762	Pful_metagenome_contig_079762	NRPS	NRPS		
Pful_bac_bin106~Pful_metagenome_contig_001712.region001	Pful_metagenome_contig_001712	Pful_metagenome_contig_001712	RRE-containing	RiPPs		
Pful_bac_bin106~Pful_metagenome_contig_012407.region001	Pful_metagenome_contig_012407	Pful_metagenome_contig_012407	cyclic-lactone-autoinducer	RiPPs		
Pful_bac_bin106~Pful_metagenome_contig_013135.region001	Pful_metagenome_contig_013135	Pful_metagenome_contig_013135	cyclic-lactone-autoinducer	RiPPs		
Pful_bac_bin107~Pful_metagenome_contig_034507.region001	Pful_metagenome_contig_034507	Pful_metagenome_contig_034507	cyclic-lactone-autoinducer	RiPPs		
Pful_bac_bin107~Pful_metagenome_contig_049801.region001	Pful_metagenome_contig_049801	Pful_metagenome_contig_049801	NRPS-like	NRPS		
Pful_bac_bin107~Pful_metagenome_contig_065609.region001	Pful_metagenome_contig_065609	Pful_metagenome_contig_065609	NRPS-like	NRPS		
Pful_bac_bin107~Pful_metagenome_contig_150656.region001	Pful_metagenome_contig_150656	Pful_metagenome_contig_150656	cyclic-lactone-autoinducer	RiPPs		
Pful_bac_bin108~Pful_metagenome_contig_035029.region001	Pful_metagenome_contig_035029	Pful_metagenome_contig_035029	cyclic-lactone-autoinducer	RiPPs		
Pful_bac_bin108~Pful_metagenome_contig_040323.region001	Pful_metagenome_contig_040323	Pful_metagenome_contig_040323	RRE-containing	RiPPs		
Pful_bac_bin108~Pful_metagenome_contig_058684.region001	Pful_metagenome_contig_058684	Pful_metagenome_contig_058684	cyclic-lactone-autoinducer	RiPPs		
Pful_bac_bin108~Pful_metagenome_contig_170885.region001	Pful_metagenome_contig_170885	Pful_metagenome_contig_170885	cyclic-lactone-autoinducer	RiPPs		
Pful_bac_bin109~Pful_metagenome_contig_054897.region001	Pful_metagenome_contig_054897	Pful_metagenome_contig_054897	cyclic-lactone-autoinducer	RiPPs		
Pful_bac_bin110~Pful_metagenome_contig_010040.region001	Pful_metagenome_contig_010040	Pful_metagenome_contig_010040	lassopeptide	RiPPs		
Pful_bac_bin111~Pful_metagenome_contig_013459.region001	Pful_metagenome_contig_013459	Pful_metagenome_contig_013459	lassopeptide	RiPPs		
Pful_bac_bin113~Pful_metagenome_contig_007447.region001	Pful_metagenome_contig_007447	Pful_metagenome_contig_007447	RiPP-like	RiPPs		
Pful_bac_bin113~Pful_metagenome_contig_010902.region001	Pful_metagenome_contig_010902	Pful_metagenome_contig_010902	T1PKS.NRPS.transAT-PKS	PKS-NRP_Hybrids		
Pful_bac_bin113~Pful_metagenome_contig_012005.region001	Pful_metagenome_contig_012005	Pful_metagenome_contig_012005	NRPS-like	NRPS		
Pful_bac_bin113~Pful_metagenome_contig_015324.region001	Pful_metagenome_contig_015324	Pful_metagenome_contig_015324	T1PKS.NRPS.transAT-PKS	PKS-NRP_Hybrids		
Pful_bac_bin113~Pful_metagenome_contig_021194.region001	Pful_metagenome_contig_021194	Pful_metagenome_contig_021194	lassopeptide	RiPPs		
Pful_bac_bin113~Pful_metagenome_contig_021362.region001	Pful_metagenome_contig_021362	Pful_metagenome_contig_021362	ranthipeptide	RiPPs		
Pful_bac_bin113~Pful_metagenome_contig_076585.region001	Pful_metagenome_contig_076585	Pful_metagenome_contig_076585	cyclic-lactone-autoinducer	RiPPs		
Pful_bac_bin114~Pful_metagenome_contig_032169.region001	Pful_metagenome_contig_032169	Pful_metagenome_contig_032169	cyclic-lactone-autoinducer	RiPPs		
Pful_bac_bin114~Pful_metagenome_contig_036840.region001	Pful_metagenome_contig_036840	Pful_metagenome_contig_036840	hglE-KS.PUFA	Others		
Pful_bac_bin114~Pful_metagenome_contig_084669.region001	Pful_metagenome_contig_084669	Pful_metagenome_contig_084669	RRE-containing	RiPPs		
Pful_bac_bin115~Pful_metagenome_contig_022468.region001	Pful_metagenome_contig_022468	Pful_metagenome_contig_022468	lassopeptide	RiPPs		
Pful_bac_bin117~Pful_metagenome_contig_058006.region001	Pful_metagenome_contig_058006	Pful_metagenome_contig_058006	NRPS	NRPS		
Pful_bac_bin117~Pful_metagenome_contig_066216.region001	Pful_metagenome_contig_066216	Pful_metagenome_contig_066216	NRPS	NRPS		
Pful_bac_bin118~Pful_metagenome_contig_002598.region001	Pful_metagenome_contig_002598	Pful_metagenome_contig_002598	cyclic-lactone-autoinducer.RiPP-like	RiPPs		
Pful_bac_bin118~Pful_metagenome_contig_003656.region001	Pful_metagenome_contig_003656	Pful_metagenome_contig_003656	RRE-containing	RiPPs		
Pful_bac_bin118~Pful_metagenome_contig_005857.region001	Pful_metagenome_contig_005857	Pful_metagenome_contig_005857	ranthipeptide	RiPPs		
Pful_bac_bin118~Pful_metagenome_contig_011048.region001	Pful_metagenome_contig_011048	Pful_metagenome_contig_011048	hglE-KS.PUFA	Others		
Pful_bac_bin118~Pful_metagenome_contig_015224.region001	Pful_metagenome_contig_015224	Pful_metagenome_contig_015224	cyclic-lactone-autoinducer	RiPPs		
Pful_bac_bin118~Pful_metagenome_contig_046177.region001	Pful_metagenome_contig_046177	Pful_metagenome_contig_046177	NRPS-like	NRPS		
Pful_bac_bin118~Pful_metagenome_contig_047294.region001	Pful_metagenome_contig_047294	Pful_metagenome_contig_047294	lanthipeptide-class-ii	RiPPs		
Pful_bac_bin118~Pful_metagenome_contig_067520.region001	Pful_metagenome_contig_067520	Pful_metagenome_contig_067520	cyclic-lactone-autoinducer	RiPPs		
Pful_bac_bin118~Pful_metagenome_contig_070843.region001	Pful_metagenome_contig_070843	Pful_metagenome_contig_070843	cyclic-lactone-autoinducer	RiPPs		
Pful_bac_bin119~Pful_metagenome_contig_046882.region001	Pful_metagenome_contig_046882	Pful_metagenome_contig_046882	ranthipeptide	RiPPs		
Pful_bac_bin121~Pful_metagenome_contig_000066.region001	Pful_metagenome_contig_000066	Pful_metagenome_contig_000066	betalactone.NRPS	Others		
Pful_bac_bin121~Pful_metagenome_contig_000066.region002	Pful_metagenome_contig_000066	Pful_metagenome_contig_000066	ranthipeptide	RiPPs		
Pful_bac_bin122~Pful_metagenome_contig_009592.region001	Pful_metagenome_contig_009592	Pful_metagenome_contig_009592	ranthipeptide	RiPPs		
Pful_bac_bin122~Pful_metagenome_contig_055814.region001	Pful_metagenome_contig_055814	Pful_metagenome_contig_055814	betalactone	Others		
Pful_bac_bin123~Pful_metagenome_contig_007207.region001	Pful_metagenome_contig_007207	Pful_metagenome_contig_007207	cyclic-lactone-autoinducer	RiPPs		
Pful_bac_bin123~Pful_metagenome_contig_011337.region001	Pful_metagenome_contig_011337	Pful_metagenome_contig_011337	RiPP-like	RiPPs		
Pful_bac_bin123~Pful_metagenome_contig_011337.region002	Pful_metagenome_contig_011337	Pful_metagenome_contig_011337	cyclic-lactone-autoinducer	RiPPs		
Pful_bac_bin123~Pful_metagenome_contig_012963.region001	Pful_metagenome_contig_012963	Pful_metagenome_contig_012963	cyclic-lactone-autoinducer	RiPPs		
Pful_bac_bin123~Pful_metagenome_contig_158169.region001	Pful_metagenome_contig_158169	Pful_metagenome_contig_158169	NRPS	NRPS		
Pful_bac_bin124~Pful_metagenome_contig_002052.region001	Pful_metagenome_contig_002052	Pful_metagenome_contig_002052	betalactone	Others		
Pful_bac_bin126~Pful_metagenome_contig_029067.region001	Pful_metagenome_contig_029067	Pful_metagenome_contig_029067	RiPP-like	RiPPs		
Pful_bac_bin127~Pful_metagenome_contig_000217.region001	Pful_metagenome_contig_000217	Pful_metagenome_contig_000217	betalactone	Others		
Pful_bac_bin127~Pful_metagenome_contig_000217.region002	Pful_metagenome_contig_000217	Pful_metagenome_contig_000217	NRPS	NRPS		
Pful_bac_bin127~Pful_metagenome_contig_000217.region003	Pful_metagenome_contig_000217	Pful_metagenome_contig_000217	RiPP-like	RiPPs		
Pful_bac_bin127~Pful_metagenome_contig_001729.region001	Pful_metagenome_contig_001729	Pful_metagenome_contig_001729	ranthipeptide	RiPPs		
Pful_bac_bin128~Pful_metagenome_contig_002167.region001	Pful_metagenome_contig_002167	Pful_metagenome_contig_002167	RiPP-like	RiPPs		
Pful_bac_bin128~Pful_metagenome_contig_026740.region001	Pful_metagenome_contig_026740	Pful_metagenome_contig_026740	ranthipeptide	RiPPs		
Pful_bac_bin129~Pful_metagenome_contig_003001.region001	Pful_metagenome_contig_003001	Pful_metagenome_contig_003001	NRPS	NRPS		
Pful_bac_bin130~Pful_metagenome_contig_000742.region001	Pful_metagenome_contig_000742	Pful_metagenome_contig_000742	ranthipeptide	RiPPs		
Pful_bac_bin130~Pful_metagenome_contig_004864.region001	Pful_metagenome_contig_004864	Pful_metagenome_contig_004864	cyclic-lactone-autoinducer	RiPPs		
Pful_bac_bin130~Pful_metagenome_contig_005122.region001	Pful_metagenome_contig_005122	Pful_metagenome_contig_005122	RiPP-like	RiPPs		
Pful_bac_bin130~Pful_metagenome_contig_012443.region001	Pful_metagenome_contig_012443	Pful_metagenome_contig_012443	RiPP-like	RiPPs		
Pful_bac_bin131~Pful_metagenome_contig_002676.region001	Pful_metagenome_contig_002676	Pful_metagenome_contig_002676	ranthipeptide	RiPPs		
Pful_bac_bin132~Pful_metagenome_contig_001210.region001	Pful_metagenome_contig_001210	Pful_metagenome_contig_001210	cyclic-lactone-autoinducer	RiPPs		
Pful_bac_bin132~Pful_metagenome_contig_001210.region002	Pful_metagenome_contig_001210	Pful_metagenome_contig_001210	RRE-containing	RiPPs		
Pful_bac_bin132~Pful_metagenome_contig_004876.region001	Pful_metagenome_contig_004876	Pful_metagenome_contig_004876	cyclic-lactone-autoinducer	RiPPs		
Pful_bac_bin132~Pful_metagenome_contig_011123.region001	Pful_metagenome_contig_011123	Pful_metagenome_contig_011123	ranthipeptide	RiPPs		
Pful_bac_bin132~Pful_metagenome_contig_067004.region001	Pful_metagenome_contig_067004	Pful_metagenome_contig_067004	RRE-containing	RiPPs		
Pful_bac_bin133~Pful_metagenome_contig_066513.region001	Pful_metagenome_contig_066513	Pful_metagenome_contig_066513	NRPS	NRPS		
Pful_bac_bin133~Pful_metagenome_contig_192934.region001	Pful_metagenome_contig_192934	Pful_metagenome_contig_192934	NRPS	NRPS		
Pful_bac_bin134~Pful_metagenome_contig_000500.region001	Pful_metagenome_contig_000500	Pful_metagenome_contig_000500	ranthipeptide	RiPPs		
Pful_bac_bin134~Pful_metagenome_contig_000638.region001	Pful_metagenome_contig_000638	Pful_metagenome_contig_000638	ranthipeptide	RiPPs		
Pful_bac_bin138~Pful_metagenome_contig_000059.region001	Pful_metagenome_contig_000059	Pful_metagenome_contig_000059	T3PKS	PKSother		
Pful_bac_bin138~Pful_metagenome_contig_000059.region002	Pful_metagenome_contig_000059	Pful_metagenome_contig_000059	cyclic-lactone-autoinducer	RiPPs		
Pful_bac_bin138~Pful_metagenome_contig_000059.region003	Pful_metagenome_contig_000059	Pful_metagenome_contig_000059	RiPP-like	RiPPs		
Pful_bac_bin139~Pful_metagenome_contig_000286.region001	Pful_metagenome_contig_000286	Pful_metagenome_contig_000286	T3PKS	PKSother		
Pful_bac_bin139~Pful_metagenome_contig_000718.region001	Pful_metagenome_contig_000718	Pful_metagenome_contig_000718	RRE-containing	RiPPs		
Pful_bac_bin142~Pful_metagenome_contig_000295.region001	Pful_metagenome_contig_000295	Pful_metagenome_contig_000295	T3PKS	PKSother		
Pful_bac_bin142~Pful_metagenome_contig_000841.region001	Pful_metagenome_contig_000841	Pful_metagenome_contig_000841	cyclic-lactone-autoinducer	RiPPs		
Pful_bac_bin142~Pful_metagenome_contig_001994.region001	Pful_metagenome_contig_001994	Pful_metagenome_contig_001994	RiPP-like	RiPPs		
Pful_bac_bin142~Pful_metagenome_contig_004389.region001	Pful_metagenome_contig_004389	Pful_metagenome_contig_004389	terpene	Terpene		
Pful_bac_bin144~Pful_metagenome_contig_001139.region001	Pful_metagenome_contig_001139	Pful_metagenome_contig_001139	T3PKS	PKSother		
Pful_bac_bin144~Pful_metagenome_contig_001620.region001	Pful_metagenome_contig_001620	Pful_metagenome_contig_001620	lanthipeptide-class-i	RiPPs		
Pful_bac_bin145~Pful_metagenome_contig_000418.region001	Pful_metagenome_contig_000418	Pful_metagenome_contig_000418	T3PKS	PKSother		
Pful_bac_bin146~Pful_metagenome_contig_004000.region001	Pful_metagenome_contig_004000	Pful_metagenome_contig_004000	T3PKS	PKSother		
Pful_bac_bin147~Pful_metagenome_contig_000550.region001	Pful_metagenome_contig_000550	Pful_metagenome_contig_000550	T3PKS	PKSother		
Pful_bac_bin148~Pful_metagenome_contig_000161.region001	Pful_metagenome_contig_000161	Pful_metagenome_contig_000161	T3PKS	PKSother		
Pful_bac_bin148~Pful_metagenome_contig_007141.region001	Pful_metagenome_contig_007141	Pful_metagenome_contig_007141	RiPP-like	RiPPs		
Pful_bac_bin148~Pful_metagenome_contig_020363.region001	Pful_metagenome_contig_020363	Pful_metagenome_contig_020363	lanthipeptide-class-i	RiPPs		
Pful_bac_bin148~Pful_metagenome_contig_060773.region001	Pful_metagenome_contig_060773	Pful_metagenome_contig_060773	RiPP-like	RiPPs		
Pful_bac_bin149~Pful_metagenome_contig_004546.region001	Pful_metagenome_contig_004546	Pful_metagenome_contig_004546	T3PKS	PKSother		
Pful_bac_bin150~Pful_metagenome_contig_000570.region001	Pful_metagenome_contig_000570	Pful_metagenome_contig_000570	arylpolyene	Others		
Pful_bac_bin151~Pful_metagenome_contig_001818.region001	Pful_metagenome_contig_001818	Pful_metagenome_contig_001818	T3PKS	PKSother		
Pful_bac_bin153~Pful_metagenome_contig_000386.region001	Pful_metagenome_contig_000386	Pful_metagenome_contig_000386	T3PKS	PKSother		
Pful_bac_bin155~Pful_metagenome_contig_000074.region001	Pful_metagenome_contig_000074	Pful_metagenome_contig_000074	ranthipeptide	RiPPs		
Pful_bac_bin155~Pful_metagenome_contig_000074.region002	Pful_metagenome_contig_000074	Pful_metagenome_contig_000074	RiPP-like	RiPPs		
Pful_bac_bin156~Pful_metagenome_contig_005143.region001	Pful_metagenome_contig_005143	Pful_metagenome_contig_005143	ranthipeptide	RiPPs		
Pful_bac_bin157~Pful_metagenome_contig_007496.region001	Pful_metagenome_contig_007496	Pful_metagenome_contig_007496	ranthipeptide	RiPPs		
Pful_bac_bin157~Pful_metagenome_contig_165085.region001	Pful_metagenome_contig_165085	Pful_metagenome_contig_165085	RiPP-like	RiPPs		
Pful_bac_bin158~Pful_metagenome_contig_035242.region001	Pful_metagenome_contig_035242	Pful_metagenome_contig_035242	RRE-containing	RiPPs		
Pful_bac_bin161~Pful_metagenome_contig_000051.region001	Pful_metagenome_contig_000051	Pful_metagenome_contig_000051	NRPS-like	NRPS		
Pful_bac_bin162~Pful_metagenome_contig_001874.region001	Pful_metagenome_contig_001874	Pful_metagenome_contig_001874	cyclic-lactone-autoinducer	RiPPs		
Pful_bac_bin162~Pful_metagenome_contig_004426.region001	Pful_metagenome_contig_004426	Pful_metagenome_contig_004426	cyclic-lactone-autoinducer	RiPPs		
Pful_bac_bin163~Pful_metagenome_contig_000004.region001	Pful_metagenome_contig_000004	Pful_metagenome_contig_000004	cyclic-lactone-autoinducer	RiPPs		
Pful_bac_bin163~Pful_metagenome_contig_000004.region002	Pful_metagenome_contig_000004	Pful_metagenome_contig_000004	cyclic-lactone-autoinducer	RiPPs		
Pful_bac_bin163~Pful_metagenome_contig_000004.region003	Pful_metagenome_contig_000004	Pful_metagenome_contig_000004	cyclic-lactone-autoinducer	RiPPs		
Pful_bac_bin163~Pful_metagenome_contig_000004.region004	Pful_metagenome_contig_000004	Pful_metagenome_contig_000004	cyclic-lactone-autoinducer	RiPPs		
Pful_bac_bin163~Pful_metagenome_contig_000004.region005	Pful_metagenome_contig_000004	Pful_metagenome_contig_000004	cyclic-lactone-autoinducer	RiPPs		
Pful_bac_bin163~Pful_metagenome_contig_000004.region006	Pful_metagenome_contig_000004	Pful_metagenome_contig_000004	NRPS	NRPS		
Pful_bac_bin164~Pful_metagenome_contig_000226.region001	Pful_metagenome_contig_000226	Pful_metagenome_contig_000226	cyclic-lactone-autoinducer	RiPPs		
Pful_bac_bin164~Pful_metagenome_contig_000691.region001	Pful_metagenome_contig_000691	Pful_metagenome_contig_000691	cyclic-lactone-autoinducer	RiPPs		
Pful_bac_bin164~Pful_metagenome_contig_000908.region001	Pful_metagenome_contig_000908	Pful_metagenome_contig_000908	cyclic-lactone-autoinducer	RiPPs		
Pful_bac_bin166~Pful_metagenome_contig_000140.region001	Pful_metagenome_contig_000140	Pful_metagenome_contig_000140	cyclic-lactone-autoinducer	RiPPs		
Pful_bac_bin167~Pful_metagenome_contig_002621.region001	Pful_metagenome_contig_002621	Pful_metagenome_contig_002621	cyclic-lactone-autoinducer	RiPPs		
Pful_bac_bin168~Pful_metagenome_contig_000058.region001	Pful_metagenome_contig_000058	Pful_metagenome_contig_000058	cyclic-lactone-autoinducer	RiPPs		
Pful_bac_bin168~Pful_metagenome_contig_000058.region002	Pful_metagenome_contig_000058	Pful_metagenome_contig_000058	RiPP-like	RiPPs		
Pful_bac_bin168~Pful_metagenome_contig_000521.region001	Pful_metagenome_contig_000521	Pful_metagenome_contig_000521	RRE-containing	RiPPs		
Pful_bac_bin168~Pful_metagenome_contig_003953.region001	Pful_metagenome_contig_003953	Pful_metagenome_contig_003953	cyclic-lactone-autoinducer	RiPPs		
Pful_bac_bin168~Pful_metagenome_contig_007467.region001	Pful_metagenome_contig_007467	Pful_metagenome_contig_007467	RiPP-like	RiPPs		
Pful_bac_bin169~Pful_metagenome_contig_000164.region001	Pful_metagenome_contig_000164	Pful_metagenome_contig_000164	cyclic-lactone-autoinducer	RiPPs		
Pful_bac_bin169~Pful_metagenome_contig_009959.region001	Pful_metagenome_contig_009959	Pful_metagenome_contig_009959	RiPP-like	RiPPs		
Pful_bac_bin170~Pful_metagenome_contig_001541.region001	Pful_metagenome_contig_001541	Pful_metagenome_contig_001541	cyclic-lactone-autoinducer	RiPPs		
Pful_bac_bin170~Pful_metagenome_contig_156494.region001	Pful_metagenome_contig_156494	Pful_metagenome_contig_156494	NRPS	NRPS		
Pful_bac_bin172~Pful_metagenome_contig_000072.region001	Pful_metagenome_contig_000072	Pful_metagenome_contig_000072	RiPP-like	RiPPs		
Pful_bac_bin172~Pful_metagenome_contig_000072.region002	Pful_metagenome_contig_000072	Pful_metagenome_contig_000072	cyclic-lactone-autoinducer	RiPPs		
Pful_bac_bin175~Pful_metagenome_contig_000117.region001	Pful_metagenome_contig_000117	Pful_metagenome_contig_000117	cyclic-lactone-autoinducer	RiPPs		
Pful_bac_bin176~Pful_metagenome_contig_000087.region001	Pful_metagenome_contig_000087	Pful_metagenome_contig_000087	cyclic-lactone-autoinducer	RiPPs		
Pful_bac_bin177~Pful_metagenome_contig_003011.region001	Pful_metagenome_contig_003011	Pful_metagenome_contig_003011	cyclic-lactone-autoinducer	RiPPs		
Pful_bac_bin178~Pful_metagenome_contig_003881.region001	Pful_metagenome_contig_003881	Pful_metagenome_contig_003881	cyclic-lactone-autoinducer	RiPPs		
Pful_bac_bin180~Pful_metagenome_contig_000381.region001	Pful_metagenome_contig_000381	Pful_metagenome_contig_000381	NRPS-like	NRPS		
Pful_bac_bin181~Pful_metagenome_contig_000243.region001	Pful_metagenome_contig_000243	Pful_metagenome_contig_000243	hglE-KS	PKSother		
Pful_bac_bin181~Pful_metagenome_contig_000328.region001	Pful_metagenome_contig_000328	Pful_metagenome_contig_000328	lanthipeptide-class-i	RiPPs		
Pful_bac_bin181~Pful_metagenome_contig_000328.region002	Pful_metagenome_contig_000328	Pful_metagenome_contig_000328	terpene	Terpene		
Pful_bac_bin185~Pful_metagenome_contig_004131.region001	Pful_metagenome_contig_004131	Pful_metagenome_contig_004131	RRE-containing	RiPPs		
Pful_bac_bin185~Pful_metagenome_contig_004505.region001	Pful_metagenome_contig_004505	Pful_metagenome_contig_004505	lanthipeptide-class-i	RiPPs		
Pful_bac_bin186~Pful_metagenome_contig_002481.region001	Pful_metagenome_contig_002481	Pful_metagenome_contig_002481	RRE-containing	RiPPs		
Pful_bac_bin188~Pful_metagenome_contig_002716.region001	Pful_metagenome_contig_002716	Pful_metagenome_contig_002716	RRE-containing	RiPPs		
Pful_bac_bin189~Pful_metagenome_contig_000622.region001	Pful_metagenome_contig_000622	Pful_metagenome_contig_000622	RRE-containing	RiPPs		
Pful_bac_bin191~Pful_metagenome_contig_002258.region001	Pful_metagenome_contig_002258	Pful_metagenome_contig_002258	betalactone	Others		
Pful_bac_bin192~Pful_metagenome_contig_010937.region001	Pful_metagenome_contig_010937	Pful_metagenome_contig_010937	arylpolyene	Others		
Pful_bac_bin192~Pful_metagenome_contig_030922.region001	Pful_metagenome_contig_030922	Pful_metagenome_contig_030922	RRE-containing	RiPPs		
Pful_bac_bin196~Pful_metagenome_contig_000440.region001	Pful_metagenome_contig_000440	Pful_metagenome_contig_000440	RRE-containing	RiPPs		
Pful_bac_bin197~Pful_metagenome_contig_000038.region001	Pful_metagenome_contig_000038	Pful_metagenome_contig_000038	RRE-containing	RiPPs		
Pful_bac_bin197~Pful_metagenome_contig_000038.region002	Pful_metagenome_contig_000038	Pful_metagenome_contig_000038	arylpolyene	Others		
Pful_bac_bin197~Pful_metagenome_contig_000038.region003	Pful_metagenome_contig_000038	Pful_metagenome_contig_000038	thiopeptide	RiPPs		
Pful_bac_bin197~Pful_metagenome_contig_000193.region001	Pful_metagenome_contig_000193	Pful_metagenome_contig_000193	RiPP-like	RiPPs		
Pful_bac_bin197~Pful_metagenome_contig_000558.region001	Pful_metagenome_contig_000558	Pful_metagenome_contig_000558	arylpolyene	Others		
Pful_bac_bin198~Pful_metagenome_contig_000799.region001	Pful_metagenome_contig_000799	Pful_metagenome_contig_000799	arylpolyene	Others		
Pful_bac_bin198~Pful_metagenome_contig_000799.region002	Pful_metagenome_contig_000799	Pful_metagenome_contig_000799	arylpolyene	Others		
Pful_bac_bin198~Pful_metagenome_contig_001020.region001	Pful_metagenome_contig_001020	Pful_metagenome_contig_001020	RRE-containing	RiPPs		
Pful_bac_bin198~Pful_metagenome_contig_001343.region001	Pful_metagenome_contig_001343	Pful_metagenome_contig_001343	RiPP-like	RiPPs		
Pful_bac_bin199~Pful_metagenome_contig_000170.region001	Pful_metagenome_contig_000170	Pful_metagenome_contig_000170	RRE-containing	RiPPs		
Pful_bac_bin199~Pful_metagenome_contig_000170.region002	Pful_metagenome_contig_000170	Pful_metagenome_contig_000170	RRE-containing	RiPPs		
Pful_bac_bin199~Pful_metagenome_contig_000170.region003	Pful_metagenome_contig_000170	Pful_metagenome_contig_000170	arylpolyene	Others		
Pful_bac_bin199~Pful_metagenome_contig_000189.region001	Pful_metagenome_contig_000189	Pful_metagenome_contig_000189	2dos	Others		
Pful_bac_bin199~Pful_metagenome_contig_000189.region002	Pful_metagenome_contig_000189	Pful_metagenome_contig_000189	RRE-containing	RiPPs		
Pful_bac_bin200~Pful_metagenome_contig_001404.region001	Pful_metagenome_contig_001404	Pful_metagenome_contig_001404	RiPP-like	RiPPs		
Pful_bac_bin200~Pful_metagenome_contig_001869.region001	Pful_metagenome_contig_001869	Pful_metagenome_contig_001869	phosphonate	Others		
Pful_bac_bin200~Pful_metagenome_contig_003234.region001	Pful_metagenome_contig_003234	Pful_metagenome_contig_003234	RRE-containing	RiPPs		
Pful_bac_bin200~Pful_metagenome_contig_016891.region001	Pful_metagenome_contig_016891	Pful_metagenome_contig_016891	RRE-containing.arylpolyene	Others		
Pful_bac_bin200~Pful_metagenome_contig_020482.region001	Pful_metagenome_contig_020482	Pful_metagenome_contig_020482	arylpolyene	Others		
Pful_bac_bin201~Pful_metagenome_contig_000652.region001	Pful_metagenome_contig_000652	Pful_metagenome_contig_000652	RRE-containing.arylpolyene	Others		
Pful_bac_bin201~Pful_metagenome_contig_001270.region001	Pful_metagenome_contig_001270	Pful_metagenome_contig_001270	arylpolyene	Others		
Pful_bac_bin202~Pful_metagenome_contig_001442.region001	Pful_metagenome_contig_001442	Pful_metagenome_contig_001442	betalactone	Others		
Pful_bac_bin202~Pful_metagenome_contig_001842.region001	Pful_metagenome_contig_001842	Pful_metagenome_contig_001842	phosphonate	Others		
Pful_bac_bin202~Pful_metagenome_contig_002162.region001	Pful_metagenome_contig_002162	Pful_metagenome_contig_002162	arylpolyene	Others		
Pful_bac_bin202~Pful_metagenome_contig_004712.region001	Pful_metagenome_contig_004712	Pful_metagenome_contig_004712	phosphonate	Others		
Pful_bac_bin203~Pful_metagenome_contig_013743.region001	Pful_metagenome_contig_013743	Pful_metagenome_contig_013743	arylpolyene	Others		
Pful_bac_bin203~Pful_metagenome_contig_017463.region001	Pful_metagenome_contig_017463	Pful_metagenome_contig_017463	arylpolyene	Others		
Pful_bac_bin204~Pful_metagenome_contig_000508.region001	Pful_metagenome_contig_000508	Pful_metagenome_contig_000508	phosphonate	Others		
Pful_bac_bin204~Pful_metagenome_contig_040584.region001	Pful_metagenome_contig_040584	Pful_metagenome_contig_040584	RRE-containing	RiPPs		
Pful_bac_bin205~Pful_metagenome_contig_000341.region001	Pful_metagenome_contig_000341	Pful_metagenome_contig_000341	RRE-containing	RiPPs		
Pful_bac_bin205~Pful_metagenome_contig_000341.region002	Pful_metagenome_contig_000341	Pful_metagenome_contig_000341	RiPP-like	RiPPs		
Pful_bac_bin205~Pful_metagenome_contig_000685.region001	Pful_metagenome_contig_000685	Pful_metagenome_contig_000685	RRE-containing	RiPPs		
Pful_bac_bin205~Pful_metagenome_contig_001158.region001	Pful_metagenome_contig_001158	Pful_metagenome_contig_001158	RRE-containing	RiPPs		
Pful_bac_bin205~Pful_metagenome_contig_004669.region001	Pful_metagenome_contig_004669	Pful_metagenome_contig_004669	thiopeptide	RiPPs		
Pful_bac_bin205~Pful_metagenome_contig_005791.region001	Pful_metagenome_contig_005791	Pful_metagenome_contig_005791	arylpolyene	Others		
Pful_bac_bin205~Pful_metagenome_contig_005962.region001	Pful_metagenome_contig_005962	Pful_metagenome_contig_005962	arylpolyene	Others		
Pful_bac_bin206~Pful_metagenome_contig_000379.region001	Pful_metagenome_contig_000379	Pful_metagenome_contig_000379	RRE-containing	RiPPs		
Pful_bac_bin206~Pful_metagenome_contig_001447.region001	Pful_metagenome_contig_001447	Pful_metagenome_contig_001447	RRE-containing.thiopeptide	RiPPs		
Pful_bac_bin206~Pful_metagenome_contig_002261.region001	Pful_metagenome_contig_002261	Pful_metagenome_contig_002261	arylpolyene	Others		
Pful_bac_bin208~Pful_metagenome_contig_000361.region001	Pful_metagenome_contig_000361	Pful_metagenome_contig_000361	phosphonate	Others		
Pful_bac_bin208~Pful_metagenome_contig_000406.region001	Pful_metagenome_contig_000406	Pful_metagenome_contig_000406	RRE-containing	RiPPs		
Pful_bac_bin208~Pful_metagenome_contig_000509.region001	Pful_metagenome_contig_000509	Pful_metagenome_contig_000509	arylpolyene	Others		
Pful_bac_bin208~Pful_metagenome_contig_001535.region001	Pful_metagenome_contig_001535	Pful_metagenome_contig_001535	arylpolyene	Others		
Pful_bac_bin208~Pful_metagenome_contig_007148.region001	Pful_metagenome_contig_007148	Pful_metagenome_contig_007148	RRE-containing	RiPPs		
Pful_bac_bin209~Pful_metagenome_contig_001470.region001	Pful_metagenome_contig_001470	Pful_metagenome_contig_001470	arylpolyene	Others		
Pful_bac_bin209~Pful_metagenome_contig_003121.region001	Pful_metagenome_contig_003121	Pful_metagenome_contig_003121	RRE-containing	RiPPs		
Pful_bac_bin209~Pful_metagenome_contig_005699.region001	Pful_metagenome_contig_005699	Pful_metagenome_contig_005699	arylpolyene	Others		
Pful_bac_bin210~Pful_metagenome_contig_000002.region001	Pful_metagenome_contig_000002	Pful_metagenome_contig_000002	thiopeptide	RiPPs		
Pful_bac_bin210~Pful_metagenome_contig_000002.region002	Pful_metagenome_contig_000002	Pful_metagenome_contig_000002	RiPP-like	RiPPs		
Pful_bac_bin210~Pful_metagenome_contig_000002.region003	Pful_metagenome_contig_000002	Pful_metagenome_contig_000002	RRE-containing	RiPPs		
Pful_bac_bin210~Pful_metagenome_contig_000009.region001	Pful_metagenome_contig_000009	Pful_metagenome_contig_000009	RRE-containing	RiPPs		
Pful_bac_bin210~Pful_metagenome_contig_000009.region002	Pful_metagenome_contig_000009	Pful_metagenome_contig_000009	arylpolyene	Others		
Pful_bac_bin211~Pful_metagenome_contig_000043.region001	Pful_metagenome_contig_000043	Pful_metagenome_contig_000043	arylpolyene	Others		
Pful_bac_bin211~Pful_metagenome_contig_000276.region001	Pful_metagenome_contig_000276	Pful_metagenome_contig_000276	arylpolyene	Others		
Pful_bac_bin211~Pful_metagenome_contig_001413.region001	Pful_metagenome_contig_001413	Pful_metagenome_contig_001413	RRE-containing	RiPPs		
Pful_bac_bin213~Pful_metagenome_contig_000179.region001	Pful_metagenome_contig_000179	Pful_metagenome_contig_000179	RRE-containing	RiPPs		
Pful_bac_bin214~Pful_metagenome_contig_000525.region001	Pful_metagenome_contig_000525	Pful_metagenome_contig_000525	RRE-containing	RiPPs		
Pful_bac_bin214~Pful_metagenome_contig_000525.region002	Pful_metagenome_contig_000525	Pful_metagenome_contig_000525	arylpolyene	Others		
Pful_bac_bin214~Pful_metagenome_contig_000525.region003	Pful_metagenome_contig_000525	Pful_metagenome_contig_000525	lanthipeptide-class-i	RiPPs		
Pful_bac_bin215~Pful_metagenome_contig_000202.region001	Pful_metagenome_contig_000202	Pful_metagenome_contig_000202	RRE-containing	RiPPs		
Pful_bac_bin216~Pful_metagenome_contig_000008.region001	Pful_metagenome_contig_000008	Pful_metagenome_contig_000008	arylpolyene	Others		
Pful_bac_bin217~Pful_metagenome_contig_003073.region001	Pful_metagenome_contig_003073	Pful_metagenome_contig_003073	RRE-containing	RiPPs		
Pful_bac_bin218~Pful_metagenome_contig_000491.region001	Pful_metagenome_contig_000491	Pful_metagenome_contig_000491	RRE-containing	RiPPs		
Pful_bac_bin219~Pful_metagenome_contig_002637.region001	Pful_metagenome_contig_002637	Pful_metagenome_contig_002637	RiPP-like	RiPPs		
Pful_bac_bin219~Pful_metagenome_contig_003374.region001	Pful_metagenome_contig_003374	Pful_metagenome_contig_003374	hglE-KS	PKSother		
Pful_bac_bin222~Pful_metagenome_contig_000829.region001	Pful_metagenome_contig_000829	Pful_metagenome_contig_000829	RRE-containing	RiPPs		
Pful_bac_bin223~Pful_metagenome_contig_000548.region001	Pful_metagenome_contig_000548	Pful_metagenome_contig_000548	hglE-KS	PKSother		
Pful_bac_bin223~Pful_metagenome_contig_001889.region001	Pful_metagenome_contig_001889	Pful_metagenome_contig_001889	hglE-KS.T1PKS	PKSother		
Pful_bac_bin225~Pful_metagenome_contig_000951.region001	Pful_metagenome_contig_000951	Pful_metagenome_contig_000951	hglE-KS.T1PKS	PKSother		
Pful_bac_bin225~Pful_metagenome_contig_001436.region001	Pful_metagenome_contig_001436	Pful_metagenome_contig_001436	hglE-KS.PUFA	Others		
Pful_bac_bin225~Pful_metagenome_contig_001891.region001	Pful_metagenome_contig_001891	Pful_metagenome_contig_001891	RiPP-like	RiPPs		
Pful_bac_bin227~Pful_metagenome_contig_001051.region001	Pful_metagenome_contig_001051	Pful_metagenome_contig_001051	betalactone	Others		
Pful_bac_bin228~Pful_metagenome_contig_000334.region001	Pful_metagenome_contig_000334	Pful_metagenome_contig_000334	RiPP-like	RiPPs		
Pful_bac_bin228~Pful_metagenome_contig_002449.region001	Pful_metagenome_contig_002449	Pful_metagenome_contig_002449	RRE-containing	RiPPs		
Pful_bac_bin228~Pful_metagenome_contig_004501.region001	Pful_metagenome_contig_004501	Pful_metagenome_contig_004501	arylpolyene	Others		
Pful_bac_bin230~Pful_metagenome_contig_000585.region001	Pful_metagenome_contig_000585	Pful_metagenome_contig_000585	NRPS	NRPS		
Pful_bac_bin230~Pful_metagenome_contig_000585.region002	Pful_metagenome_contig_000585	Pful_metagenome_contig_000585	NRPS	NRPS		
Pful_bac_bin230~Pful_metagenome_contig_000982.region001	Pful_metagenome_contig_000982	Pful_metagenome_contig_000982	hglE-KS.T1PKS	PKSother		
Pful_bac_bin234~Pful_metagenome_contig_012592.region001	Pful_metagenome_contig_012592	Pful_metagenome_contig_012592	RRE-containing	RiPPs		
Pful_bac_bin235~Pful_metagenome_contig_000262.region001	Pful_metagenome_contig_000262	Pful_metagenome_contig_000262	RiPP-like	RiPPs		
Pful_bac_bin236~Pful_metagenome_contig_000108.region001	Pful_metagenome_contig_000108	Pful_metagenome_contig_000108	NRPS-like	NRPS		
Pful_bac_bin236~Pful_metagenome_contig_001583.region001	Pful_metagenome_contig_001583	Pful_metagenome_contig_001583	hydrogen-cyanide	Others		
Pful_bac_bin237~Pful_metagenome_contig_000016.region001	Pful_metagenome_contig_000016	Pful_metagenome_contig_000016	hydrogen-cyanide	Others		
Pful_bac_bin238~Pful_metagenome_contig_007575.region001	Pful_metagenome_contig_007575	Pful_metagenome_contig_007575	terpene	Terpene		
Pful_bac_bin239~Pful_metagenome_contig_000623.region001	Pful_metagenome_contig_000623	Pful_metagenome_contig_000623	RRE-containing	RiPPs		
Pful_bac_bin239~Pful_metagenome_contig_002870.region001	Pful_metagenome_contig_002870	Pful_metagenome_contig_002870	hydrogen-cyanide	Others		
Pful_bac_bin239~Pful_metagenome_contig_004553.region001	Pful_metagenome_contig_004553	Pful_metagenome_contig_004553	arylpolyene	Others		
Pful_bac_bin239~Pful_metagenome_contig_017719.region001	Pful_metagenome_contig_017719	Pful_metagenome_contig_017719	arylpolyene	Others		
Pful_bac_bin240~Pful_metagenome_contig_000007.region001	Pful_metagenome_contig_000007	Pful_metagenome_contig_000007	arylpolyene	Others		
Pful_bac_bin240~Pful_metagenome_contig_000007.region002	Pful_metagenome_contig_000007	Pful_metagenome_contig_000007	hydrogen-cyanide	Others		
Pful_bac_bin240~Pful_metagenome_contig_000007.region003	Pful_metagenome_contig_000007	Pful_metagenome_contig_000007	RRE-containing	RiPPs		
Pful_bac_bin241~Pful_metagenome_contig_004863.region001	Pful_metagenome_contig_004863	Pful_metagenome_contig_004863	RRE-containing	RiPPs		
Pful_bac_bin241~Pful_metagenome_contig_007605.region001	Pful_metagenome_contig_007605	Pful_metagenome_contig_007605	arylpolyene	Others		
Pful_bac_bin242~Pful_metagenome_contig_000803.region001	Pful_metagenome_contig_000803	Pful_metagenome_contig_000803	hydrogen-cyanide	Others		
Pful_bac_bin242~Pful_metagenome_contig_001062.region001	Pful_metagenome_contig_001062	Pful_metagenome_contig_001062	arylpolyene	Others		
Pful_bac_bin243~Pful_metagenome_contig_001029.region001	Pful_metagenome_contig_001029	Pful_metagenome_contig_001029	acyl_amino_acids	Others		
Pful_bac_bin243~Pful_metagenome_contig_003625.region001	Pful_metagenome_contig_003625	Pful_metagenome_contig_003625	hydrogen-cyanide	Others		
Pful_bac_bin245~Pful_metagenome_contig_000065.region001	Pful_metagenome_contig_000065	Pful_metagenome_contig_000065	hydrogen-cyanide	Others		
Pful_bac_bin245~Pful_metagenome_contig_000065.region002	Pful_metagenome_contig_000065	Pful_metagenome_contig_000065	NRPS.arylpolyene	Others		
Pful_bac_bin245~Pful_metagenome_contig_000122.region001	Pful_metagenome_contig_000122	Pful_metagenome_contig_000122	betalactone	Others		
Pful_bac_bin246~Pful_metagenome_contig_000545.region001	Pful_metagenome_contig_000545	Pful_metagenome_contig_000545	arylpolyene	Others		
Pful_bac_bin246~Pful_metagenome_contig_000792.region001	Pful_metagenome_contig_000792	Pful_metagenome_contig_000792	hydrogen-cyanide	Others		
Pful_bac_bin247~Pful_metagenome_contig_000001.region001	Pful_metagenome_contig_000001	Pful_metagenome_contig_000001	arylpolyene	Others		
Pful_bac_bin247~Pful_metagenome_contig_000001.region002	Pful_metagenome_contig_000001	Pful_metagenome_contig_000001	hydrogen-cyanide	Others		
Pful_bac_bin248~Pful_metagenome_contig_000287.region001	Pful_metagenome_contig_000287	Pful_metagenome_contig_000287	arylpolyene	Others		
Pful_bac_bin248~Pful_metagenome_contig_000287.region002	Pful_metagenome_contig_000287	Pful_metagenome_contig_000287	hydrogen-cyanide	Others		
Pful_bac_bin251~Pful_metagenome_contig_001320.region001	Pful_metagenome_contig_001320	Pful_metagenome_contig_001320	arylpolyene	Others		
Pful_bac_bin251~Pful_metagenome_contig_002812.region001	Pful_metagenome_contig_002812	Pful_metagenome_contig_002812	ranthipeptide	RiPPs		
Pful_bac_bin252~Pful_metagenome_contig_000011.region001	Pful_metagenome_contig_000011	Pful_metagenome_contig_000011	resorcinol.lanthipeptide-class-i	Others		
Pful_bac_bin252~Pful_metagenome_contig_000011.region002	Pful_metagenome_contig_000011	Pful_metagenome_contig_000011	resorcinol	Others		
Pful_bac_bin253~Pful_metagenome_contig_000013.region001	Pful_metagenome_contig_000013	Pful_metagenome_contig_000013	hydrogen-cyanide	Others		
Pful_bac_bin254~Pful_metagenome_contig_001365.region001	Pful_metagenome_contig_001365	Pful_metagenome_contig_001365	arylpolyene	Others		
Pful_bac_bin255~Pful_metagenome_contig_000245.region001	Pful_metagenome_contig_000245	Pful_metagenome_contig_000245	arylpolyene	Others		
Pful_bac_bin255~Pful_metagenome_contig_008283.region001	Pful_metagenome_contig_008283	Pful_metagenome_contig_008283	arylpolyene	Others		
Pful_bac_bin257~Pful_metagenome_contig_000289.region001	Pful_metagenome_contig_000289	Pful_metagenome_contig_000289	hglE-KS	PKSother		
Pful_bac_bin257~Pful_metagenome_contig_000289.region002	Pful_metagenome_contig_000289	Pful_metagenome_contig_000289	arylpolyene	Others		
Pful_bac_bin257~Pful_metagenome_contig_005856.region001	Pful_metagenome_contig_005856	Pful_metagenome_contig_005856	arylpolyene	Others		
Pful_bac_bin257~Pful_metagenome_contig_011688.region001	Pful_metagenome_contig_011688	Pful_metagenome_contig_011688	arylpolyene	Others		
Pful_bac_bin257~Pful_metagenome_contig_012718.region001	Pful_metagenome_contig_012718	Pful_metagenome_contig_012718	RiPP-like	RiPPs		
Pful_bac_bin259~Pful_metagenome_contig_003317.region001	Pful_metagenome_contig_003317	Pful_metagenome_contig_003317	resorcinol	Others		
Pful_bac_bin259~Pful_metagenome_contig_004535.region001	Pful_metagenome_contig_004535	Pful_metagenome_contig_004535	arylpolyene	Others		
Pful_bac_bin259~Pful_metagenome_contig_038899.region001	Pful_metagenome_contig_038899	Pful_metagenome_contig_038899	lanthipeptide-class-i	RiPPs		
Pful_bac_bin259~Pful_metagenome_contig_052731.region001	Pful_metagenome_contig_052731	Pful_metagenome_contig_052731	RiPP-like	RiPPs		
Pful_bac_bin259~Pful_metagenome_contig_093450.region001	Pful_metagenome_contig_093450	Pful_metagenome_contig_093450	NRPS	NRPS		
Pful_bac_bin261~Pful_metagenome_contig_002953.region001	Pful_metagenome_contig_002953	Pful_metagenome_contig_002953	arylpolyene	Others		
Pful_bac_bin262~Pful_metagenome_contig_002584.region001	Pful_metagenome_contig_002584	Pful_metagenome_contig_002584	arylpolyene	Others		
Pful_bac_bin262~Pful_metagenome_contig_003108.region001	Pful_metagenome_contig_003108	Pful_metagenome_contig_003108	resorcinol.arylpolyene	Others		
Pful_bac_bin263~Pful_metagenome_contig_001120.region001	Pful_metagenome_contig_001120	Pful_metagenome_contig_001120	arylpolyene	Others		
Pful_bac_bin264~Pful_metagenome_contig_001363.region001	Pful_metagenome_contig_001363	Pful_metagenome_contig_001363	phosphonate	Others		
Pful_bac_bin265~Pful_metagenome_contig_000054.region001	Pful_metagenome_contig_000054	Pful_metagenome_contig_000054	arylpolyene	Others		
Pful_bac_bin266~Pful_metagenome_contig_000019.region001	Pful_metagenome_contig_000019	Pful_metagenome_contig_000019	arylpolyene	Others		
Pful_bac_bin266~Pful_metagenome_contig_000019.region002	Pful_metagenome_contig_000019	Pful_metagenome_contig_000019	resorcinol.arylpolyene	Others		
Pful_bac_bin268~Pful_metagenome_contig_000084.region001	Pful_metagenome_contig_000084	Pful_metagenome_contig_000084	arylpolyene	Others		
Pful_bac_bin269~Pful_metagenome_contig_000502.region001	Pful_metagenome_contig_000502	Pful_metagenome_contig_000502	betalactone	Others		
Pful_bac_bin269~Pful_metagenome_contig_000502.region002	Pful_metagenome_contig_000502	Pful_metagenome_contig_000502	arylpolyene	Others		
Pful_bac_bin270~Pful_metagenome_contig_003327.region001	Pful_metagenome_contig_003327	Pful_metagenome_contig_003327	arylpolyene	Others		
Pful_bac_bin270~Pful_metagenome_contig_055269.region001	Pful_metagenome_contig_055269	Pful_metagenome_contig_055269	arylpolyene	Others		
Pful_bac_bin271~Pful_metagenome_contig_000032.region001	Pful_metagenome_contig_000032	Pful_metagenome_contig_000032	RRE-containing	RiPPs		
Pful_bac_bin273~Pful_metagenome_contig_000352.region001	Pful_metagenome_contig_000352	Pful_metagenome_contig_000352	arylpolyene	Others		
Pful_bac_bin273~Pful_metagenome_contig_000667.region001	Pful_metagenome_contig_000667	Pful_metagenome_contig_000667	RRE-containing	RiPPs		
Pful_bac_bin273~Pful_metagenome_contig_010087.region001	Pful_metagenome_contig_010087	Pful_metagenome_contig_010087	RiPP-like	RiPPs		
Pful_bac_bin274~Pful_metagenome_contig_000063.region001	Pful_metagenome_contig_000063	Pful_metagenome_contig_000063	RRE-containing	RiPPs		
Pful_bac_bin283~Pful_metagenome_contig_004671.region001	Pful_metagenome_contig_004671	Pful_metagenome_contig_004671	arylpolyene	Others		
Pful_bac_bin283~Pful_metagenome_contig_011083.region001	Pful_metagenome_contig_011083	Pful_metagenome_contig_011083	arylpolyene	Others		
Pful_bac_bin292~Pful_metagenome_contig_000552.region001	Pful_metagenome_contig_000552	Pful_metagenome_contig_000552	RRE-containing	RiPPs		
Pful_bac_bin293~Pful_metagenome_contig_018129.region001	Pful_metagenome_contig_018129	Pful_metagenome_contig_018129	RRE-containing	RiPPs		
Pful_bac_bin294~Pful_metagenome_contig_001616.region001	Pful_metagenome_contig_001616	Pful_metagenome_contig_001616	RRE-containing	RiPPs		
Pful_bac_bin294~Pful_metagenome_contig_033968.region001	Pful_metagenome_contig_033968	Pful_metagenome_contig_033968	thiopeptide	RiPPs		
Pful_bac_bin295~Pful_metagenome_contig_000107.region001	Pful_metagenome_contig_000107	Pful_metagenome_contig_000107	RRE-containing	RiPPs		
Pful_bac_bin296~Pful_metagenome_contig_000040.region001	Pful_metagenome_contig_000040	Pful_metagenome_contig_000040	arylpolyene	Others		
Pful_bac_bin296~Pful_metagenome_contig_000040.region002	Pful_metagenome_contig_000040	Pful_metagenome_contig_000040	RRE-containing	RiPPs		
Pful_bac_bin297~Pful_metagenome_contig_000030.region001	Pful_metagenome_contig_000030	Pful_metagenome_contig_000030	RRE-containing	RiPPs		
Pful_bac_bin298~Pful_metagenome_contig_000020.region001	Pful_metagenome_contig_000020	Pful_metagenome_contig_000020	arylpolyene	Others		
Pful_bac_bin298~Pful_metagenome_contig_000020.region002	Pful_metagenome_contig_000020	Pful_metagenome_contig_000020	phosphonate	Others		
Pful_bac_bin298~Pful_metagenome_contig_000020.region003	Pful_metagenome_contig_000020	Pful_metagenome_contig_000020	arylpolyene	Others		
Pful_bac_bin301~Pful_metagenome_contig_007450.region001	Pful_metagenome_contig_007450	Pful_metagenome_contig_007450	phosphonate	Others		
Pful_bac_bin315~Pful_metagenome_contig_000060.region001	Pful_metagenome_contig_000060	Pful_metagenome_contig_000060	arylpolyene	Others		
Pful_bac_bin317~Pful_metagenome_contig_000018.region001	Pful_metagenome_contig_000018	Pful_metagenome_contig_000018	RiPP-like	RiPPs		
Pful_bac_bin317~Pful_metagenome_contig_000018.region002	Pful_metagenome_contig_000018	Pful_metagenome_contig_000018	hglE-KS.T1PKS	PKSother		
Pful_bac_bin317~Pful_metagenome_contig_000458.region001	Pful_metagenome_contig_000458	Pful_metagenome_contig_000458	terpene	Terpene		
Pful_bac_bin318~Pful_metagenome_contig_003269.region001	Pful_metagenome_contig_003269	Pful_metagenome_contig_003269	hglE-KS.T1PKS	PKSother		
Pful_bac_bin318~Pful_metagenome_contig_004481.region001	Pful_metagenome_contig_004481	Pful_metagenome_contig_004481	phosphonate	Others		
Pful_bac_bin318~Pful_metagenome_contig_006899.region001	Pful_metagenome_contig_006899	Pful_metagenome_contig_006899	arylpolyene	Others		
Pful_bac_bin318~Pful_metagenome_contig_014854.region001	Pful_metagenome_contig_014854	Pful_metagenome_contig_014854	terpene	Terpene		
Pful_bac_bin319~Pful_metagenome_contig_000367.region001	Pful_metagenome_contig_000367	Pful_metagenome_contig_000367	RRE-containing	RiPPs		
Pful_bac_bin319~Pful_metagenome_contig_001377.region001	Pful_metagenome_contig_001377	Pful_metagenome_contig_001377	arylpolyene	Others		
Pful_bac_bin319~Pful_metagenome_contig_002029.region001	Pful_metagenome_contig_002029	Pful_metagenome_contig_002029	hglE-KS.T1PKS	PKSother		
Pful_bac_bin319~Pful_metagenome_contig_004683.region001	Pful_metagenome_contig_004683	Pful_metagenome_contig_004683	arylpolyene	Others		
Pful_bac_bin320~Pful_metagenome_contig_001071.region001	Pful_metagenome_contig_001071	Pful_metagenome_contig_001071	arylpolyene	Others		
Pful_bac_bin320~Pful_metagenome_contig_003326.region001	Pful_metagenome_contig_003326	Pful_metagenome_contig_003326	arylpolyene	Others		
Pful_bac_bin320~Pful_metagenome_contig_005201.region001	Pful_metagenome_contig_005201	Pful_metagenome_contig_005201	terpene	Terpene		
Pful_bac_bin321~Pful_metagenome_contig_000398.region001	Pful_metagenome_contig_000398	Pful_metagenome_contig_000398	terpene	Terpene		
Pful_bac_bin321~Pful_metagenome_contig_001526.region001	Pful_metagenome_contig_001526	Pful_metagenome_contig_001526	RRE-containing	RiPPs		
Pful_bac_bin322~Pful_metagenome_contig_000608.region001	Pful_metagenome_contig_000608	Pful_metagenome_contig_000608	hydrogen-cyanide	Others		
Pful_bac_bin322~Pful_metagenome_contig_004587.region001	Pful_metagenome_contig_004587	Pful_metagenome_contig_004587	terpene	Terpene		
Pful_bac_bin322~Pful_metagenome_contig_013678.region001	Pful_metagenome_contig_013678	Pful_metagenome_contig_013678	lanthipeptide-class-i	RiPPs		
Pful_bac_bin323~Pful_metagenome_contig_000229.region001	Pful_metagenome_contig_000229	Pful_metagenome_contig_000229	arylpolyene	Others		
Pful_bac_bin323~Pful_metagenome_contig_000251.region001	Pful_metagenome_contig_000251	Pful_metagenome_contig_000251	lanthipeptide-class-i	RiPPs		
Pful_bac_bin323~Pful_metagenome_contig_000653.region001	Pful_metagenome_contig_000653	Pful_metagenome_contig_000653	terpene	Terpene		
Pful_bac_bin323~Pful_metagenome_contig_001204.region001	Pful_metagenome_contig_001204	Pful_metagenome_contig_001204	arylpolyene	Others		
Pful_bac_bin323~Pful_metagenome_contig_012111.region001	Pful_metagenome_contig_012111	Pful_metagenome_contig_012111	phosphonate	Others		
Pful_bac_bin324~Pful_metagenome_contig_000481.region001	Pful_metagenome_contig_000481	Pful_metagenome_contig_000481	terpene	Terpene		
Pful_bac_bin324~Pful_metagenome_contig_000534.region001	Pful_metagenome_contig_000534	Pful_metagenome_contig_000534	lanthipeptide-class-i	RiPPs		
Pful_bac_bin324~Pful_metagenome_contig_000534.region002	Pful_metagenome_contig_000534	Pful_metagenome_contig_000534	hydrogen-cyanide	Others		
Pful_bac_bin324~Pful_metagenome_contig_002320.region001	Pful_metagenome_contig_002320	Pful_metagenome_contig_002320	arylpolyene	Others		
Pful_bac_bin325~Pful_metagenome_contig_000104.region001	Pful_metagenome_contig_000104	Pful_metagenome_contig_000104	RRE-containing	RiPPs		
Pful_bac_bin325~Pful_metagenome_contig_000115.region001	Pful_metagenome_contig_000115	Pful_metagenome_contig_000115	terpene	Terpene		
Pful_bac_bin325~Pful_metagenome_contig_000115.region002	Pful_metagenome_contig_000115	Pful_metagenome_contig_000115	RiPP-like	RiPPs		
Pful_bac_bin326~Pful_metagenome_contig_000098.region001	Pful_metagenome_contig_000098	Pful_metagenome_contig_000098	hydrogen-cyanide	Others		
Pful_bac_bin326~Pful_metagenome_contig_000098.region002	Pful_metagenome_contig_000098	Pful_metagenome_contig_000098	terpene	Terpene		
Pful_bac_bin327~Pful_metagenome_contig_000188.region001	Pful_metagenome_contig_000188	Pful_metagenome_contig_000188	terpene	Terpene		
Pful_bac_bin327~Pful_metagenome_contig_000200.region001	Pful_metagenome_contig_000200	Pful_metagenome_contig_000200	lanthipeptide-class-i	RiPPs		
Pful_bac_bin328~Pful_metagenome_contig_000478.region001	Pful_metagenome_contig_000478	Pful_metagenome_contig_000478	terpene	Terpene		
Pful_bac_bin329~Pful_metagenome_contig_000175.region001	Pful_metagenome_contig_000175	Pful_metagenome_contig_000175	arylpolyene	Others		
Pful_bac_bin329~Pful_metagenome_contig_000368.region001	Pful_metagenome_contig_000368	Pful_metagenome_contig_000368	arylpolyene	Others		
Pful_bac_bin329~Pful_metagenome_contig_001775.region001	Pful_metagenome_contig_001775	Pful_metagenome_contig_001775	terpene	Terpene		
Pful_bac_bin330~Pful_metagenome_contig_002269.region001	Pful_metagenome_contig_002269	Pful_metagenome_contig_002269	arylpolyene	Others		
Pful_bac_bin330~Pful_metagenome_contig_003743.region001	Pful_metagenome_contig_003743	Pful_metagenome_contig_003743	terpene	Terpene		
Pful_bac_bin330~Pful_metagenome_contig_012528.region001	Pful_metagenome_contig_012528	Pful_metagenome_contig_012528	arylpolyene	Others		
Pful_bac_bin331~Pful_metagenome_contig_006829.region001	Pful_metagenome_contig_006829	Pful_metagenome_contig_006829	arylpolyene	Others		
Pful_bac_bin331~Pful_metagenome_contig_021472.region001	Pful_metagenome_contig_021472	Pful_metagenome_contig_021472	arylpolyene	Others		
Pful_bac_bin332~Pful_metagenome_contig_007046.region001	Pful_metagenome_contig_007046	Pful_metagenome_contig_007046	lanthipeptide-class-i	RiPPs		
Pful_bac_bin333~Pful_metagenome_contig_000347.region001	Pful_metagenome_contig_000347	Pful_metagenome_contig_000347	arylpolyene	Others		
Pful_bac_bin333~Pful_metagenome_contig_001203.region001	Pful_metagenome_contig_001203	Pful_metagenome_contig_001203	terpene	Terpene		
Pful_bac_bin335~Pful_metagenome_contig_000413.region001	Pful_metagenome_contig_000413	Pful_metagenome_contig_000413	RiPP-like	RiPPs		
Pful_bac_bin335~Pful_metagenome_contig_002262.region001	Pful_metagenome_contig_002262	Pful_metagenome_contig_002262	ectoine	Others		
Pful_bac_bin338~Pful_metagenome_contig_004967.region001	Pful_metagenome_contig_004967	Pful_metagenome_contig_004967	RRE-containing	RiPPs		
Pful_bac_bin338~Pful_metagenome_contig_009807.region001	Pful_metagenome_contig_009807	Pful_metagenome_contig_009807	hydrogen-cyanide	Others		
Pful_bac_bin339~Pful_metagenome_contig_000106.region001	Pful_metagenome_contig_000106	Pful_metagenome_contig_000106	terpene	Terpene		
Pful_bac_bin340~Pful_metagenome_contig_000218.region001	Pful_metagenome_contig_000218	Pful_metagenome_contig_000218	terpene	Terpene		
Pful_bac_bin340~Pful_metagenome_contig_000753.region001	Pful_metagenome_contig_000753	Pful_metagenome_contig_000753	terpene	Terpene		
Pful_bac_bin340~Pful_metagenome_contig_000753.region002	Pful_metagenome_contig_000753	Pful_metagenome_contig_000753	betalactone.arylpolyene	Others		
Pful_bac_bin341~Pful_metagenome_contig_000277.region001	Pful_metagenome_contig_000277	Pful_metagenome_contig_000277	arylpolyene	Others		
Pful_bac_bin341~Pful_metagenome_contig_000729.region001	Pful_metagenome_contig_000729	Pful_metagenome_contig_000729	arylpolyene	Others		
Pful_bac_bin341~Pful_metagenome_contig_001589.region001	Pful_metagenome_contig_001589	Pful_metagenome_contig_001589	terpene	Terpene		
Pful_bac_bin343~Pful_metagenome_contig_000031.region001	Pful_metagenome_contig_000031	Pful_metagenome_contig_000031	arylpolyene	Others		
Pful_bac_bin343~Pful_metagenome_contig_000031.region002	Pful_metagenome_contig_000031	Pful_metagenome_contig_000031	arylpolyene	Others		
Pful_bac_bin344~Pful_metagenome_contig_002437.region001	Pful_metagenome_contig_002437	Pful_metagenome_contig_002437	RiPP-like	RiPPs		
Pful_bac_bin345~Pful_metagenome_contig_000939.region001	Pful_metagenome_contig_000939	Pful_metagenome_contig_000939	lanthipeptide-class-i	RiPPs		
Pful_bac_bin346~Pful_metagenome_contig_000142.region001	Pful_metagenome_contig_000142	Pful_metagenome_contig_000142	arylpolyene	Others		
Pful_bac_bin346~Pful_metagenome_contig_000142.region002	Pful_metagenome_contig_000142	Pful_metagenome_contig_000142	resorcinol	Others		
Pful_bac_bin346~Pful_metagenome_contig_000815.region001	Pful_metagenome_contig_000815	Pful_metagenome_contig_000815	LAP	RiPPs		
Pful_bac_bin347~Pful_metagenome_contig_000099.region001	Pful_metagenome_contig_000099	Pful_metagenome_contig_000099	resorcinol	Others		
Pful_bac_bin347~Pful_metagenome_contig_000099.region002	Pful_metagenome_contig_000099	Pful_metagenome_contig_000099	arylpolyene	Others		
Pful_bac_bin347~Pful_metagenome_contig_000099.region003	Pful_metagenome_contig_000099	Pful_metagenome_contig_000099	RiPP-like	RiPPs		
Pful_bac_bin347~Pful_metagenome_contig_000207.region001	Pful_metagenome_contig_000207	Pful_metagenome_contig_000207	NRPS	NRPS		
Pful_bac_bin347~Pful_metagenome_contig_000438.region001	Pful_metagenome_contig_000438	Pful_metagenome_contig_000438	LAP	RiPPs		
Pful_bac_bin347~Pful_metagenome_contig_001336.region001	Pful_metagenome_contig_001336	Pful_metagenome_contig_001336	lanthipeptide-class-i	RiPPs		
Pful_bac_bin348~Pful_metagenome_contig_000323.region001	Pful_metagenome_contig_000323	Pful_metagenome_contig_000323	lanthipeptide-class-i	RiPPs		
Pful_bac_bin348~Pful_metagenome_contig_000850.region001	Pful_metagenome_contig_000850	Pful_metagenome_contig_000850	resorcinol	Others		
Pful_bac_bin348~Pful_metagenome_contig_002180.region001	Pful_metagenome_contig_002180	Pful_metagenome_contig_002180	RiPP-like	RiPPs		
Pful_bac_bin348~Pful_metagenome_contig_003188.region001	Pful_metagenome_contig_003188	Pful_metagenome_contig_003188	arylpolyene	Others		
Pful_bac_bin348~Pful_metagenome_contig_006431.region001	Pful_metagenome_contig_006431	Pful_metagenome_contig_006431	arylpolyene	Others		
Pful_bac_bin349~Pful_metagenome_contig_000190.region001	Pful_metagenome_contig_000190	Pful_metagenome_contig_000190	lanthipeptide-class-i	RiPPs		
Pful_bac_bin349~Pful_metagenome_contig_000355.region001	Pful_metagenome_contig_000355	Pful_metagenome_contig_000355	furan	Others		
Pful_bac_bin349~Pful_metagenome_contig_002599.region001	Pful_metagenome_contig_002599	Pful_metagenome_contig_002599	arylpolyene	Others		
Pful_bac_bin349~Pful_metagenome_contig_003113.region001	Pful_metagenome_contig_003113	Pful_metagenome_contig_003113	arylpolyene	Others		
Pful_bac_bin349~Pful_metagenome_contig_003113.region002	Pful_metagenome_contig_003113	Pful_metagenome_contig_003113	RiPP-like	RiPPs		
Pful_bac_bin349~Pful_metagenome_contig_008488.region001	Pful_metagenome_contig_008488	Pful_metagenome_contig_008488	resorcinol	Others		
Pful_bac_bin350~Pful_metagenome_contig_029252.region001	Pful_metagenome_contig_029252	Pful_metagenome_contig_029252	lanthipeptide-class-i	RiPPs		
Pful_bac_bin350~Pful_metagenome_contig_143101.region001	Pful_metagenome_contig_143101	Pful_metagenome_contig_143101	arylpolyene	Others		
Pful_bac_bin351~Pful_metagenome_contig_004332.region001	Pful_metagenome_contig_004332	Pful_metagenome_contig_004332	arylpolyene	Others		
Pful_bac_bin351~Pful_metagenome_contig_004668.region001	Pful_metagenome_contig_004668	Pful_metagenome_contig_004668	arylpolyene	Others		
Pful_bac_bin351~Pful_metagenome_contig_009252.region001	Pful_metagenome_contig_009252	Pful_metagenome_contig_009252	RRE-containing	RiPPs		
Pful_bac_bin351~Pful_metagenome_contig_010315.region001	Pful_metagenome_contig_010315	Pful_metagenome_contig_010315	arylpolyene	Others		
Pful_bac_bin351~Pful_metagenome_contig_014938.region001	Pful_metagenome_contig_014938	Pful_metagenome_contig_014938	arylpolyene	Others		
Pful_bac_bin352~Pful_metagenome_contig_002435.region001	Pful_metagenome_contig_002435	Pful_metagenome_contig_002435	terpene	Terpene		
Pful_bac_bin352~Pful_metagenome_contig_003104.region001	Pful_metagenome_contig_003104	Pful_metagenome_contig_003104	arylpolyene	Others		
Pful_bac_bin352~Pful_metagenome_contig_004081.region001	Pful_metagenome_contig_004081	Pful_metagenome_contig_004081	phosphonate	Others		
Pful_bac_bin352~Pful_metagenome_contig_004474.region001	Pful_metagenome_contig_004474	Pful_metagenome_contig_004474	RRE-containing	RiPPs		
Pful_bac_bin352~Pful_metagenome_contig_006157.region001	Pful_metagenome_contig_006157	Pful_metagenome_contig_006157	arylpolyene	Others		
Pful_bac_bin353~Pful_metagenome_contig_000138.region001	Pful_metagenome_contig_000138	Pful_metagenome_contig_000138	arylpolyene	Others		
Pful_bac_bin353~Pful_metagenome_contig_001049.region001	Pful_metagenome_contig_001049	Pful_metagenome_contig_001049	arylpolyene	Others		
Pful_bac_bin354~Pful_metagenome_contig_000073.region001	Pful_metagenome_contig_000073	Pful_metagenome_contig_000073	arylpolyene	Others		
Pful_bac_bin354~Pful_metagenome_contig_000152.region001	Pful_metagenome_contig_000152	Pful_metagenome_contig_000152	arylpolyene	Others		
Pful_bac_bin355~Pful_metagenome_contig_001245.region001	Pful_metagenome_contig_001245	Pful_metagenome_contig_001245	arylpolyene	Others		
Pful_bac_bin356~Pful_metagenome_contig_001167.region001	Pful_metagenome_contig_001167	Pful_metagenome_contig_001167	betalactone	Others		
Pful_bac_bin358~Pful_metagenome_contig_005901.region001	Pful_metagenome_contig_005901	Pful_metagenome_contig_005901	betalactone	Others		
Pful_bac_bin358~Pful_metagenome_contig_007527.region001	Pful_metagenome_contig_007527	Pful_metagenome_contig_007527	terpene	Terpene		
Pful_bac_bin358~Pful_metagenome_contig_008869.region001	Pful_metagenome_contig_008869	Pful_metagenome_contig_008869	RiPP-like	RiPPs		
Pful_bac_bin358~Pful_metagenome_contig_011772.region001	Pful_metagenome_contig_011772	Pful_metagenome_contig_011772	arylpolyene	Others		
Pful_bac_bin358~Pful_metagenome_contig_034101.region001	Pful_metagenome_contig_034101	Pful_metagenome_contig_034101	arylpolyene	Others		
Pful_bac_bin358~Pful_metagenome_contig_046456.region001	Pful_metagenome_contig_046456	Pful_metagenome_contig_046456	arylpolyene	Others		
Pful_bac_bin359~Pful_metagenome_contig_000281.region001	Pful_metagenome_contig_000281	Pful_metagenome_contig_000281	arylpolyene	Others		
Pful_bac_bin359~Pful_metagenome_contig_000281.region002	Pful_metagenome_contig_000281	Pful_metagenome_contig_000281	arylpolyene	Others		
Pful_bac_bin361~Pful_metagenome_contig_001989.region001	Pful_metagenome_contig_001989	Pful_metagenome_contig_001989	arylpolyene	Others		
Pful_bac_bin361~Pful_metagenome_contig_007101.region001	Pful_metagenome_contig_007101	Pful_metagenome_contig_007101	arylpolyene	Others		
Pful_bac_bin362~Pful_metagenome_contig_000125.region001	Pful_metagenome_contig_000125	Pful_metagenome_contig_000125	arylpolyene	Others		
Pful_bac_bin362~Pful_metagenome_contig_001689.region001	Pful_metagenome_contig_001689	Pful_metagenome_contig_001689	RRE-containing	RiPPs		
Pful_bac_bin362~Pful_metagenome_contig_001689.region002	Pful_metagenome_contig_001689	Pful_metagenome_contig_001689	hydrogen-cyanide	Others		
Pful_bac_bin363~Pful_metagenome_contig_000027.region001	Pful_metagenome_contig_000027	Pful_metagenome_contig_000027	NI-siderophore	Others		
Pful_bac_bin364~Pful_metagenome_contig_000165.region001	Pful_metagenome_contig_000165	Pful_metagenome_contig_000165	arylpolyene	Others		
Pful_bac_bin364~Pful_metagenome_contig_000560.region001	Pful_metagenome_contig_000560	Pful_metagenome_contig_000560	arylpolyene	Others		
Pful_bac_bin364~Pful_metagenome_contig_001148.region001	Pful_metagenome_contig_001148	Pful_metagenome_contig_001148	NRPS-like	NRPS		
Pful_bac_bin364~Pful_metagenome_contig_056979.region001	Pful_metagenome_contig_056979	Pful_metagenome_contig_056979	hydrogen-cyanide	Others		
Pful_bac_bin365~Pful_metagenome_contig_000538.region001	Pful_metagenome_contig_000538	Pful_metagenome_contig_000538	lanthipeptide-class-i	RiPPs		
Pful_bac_bin365~Pful_metagenome_contig_000538.region002	Pful_metagenome_contig_000538	Pful_metagenome_contig_000538	arylpolyene	Others		
Pful_bac_bin365~Pful_metagenome_contig_002089.region001	Pful_metagenome_contig_002089	Pful_metagenome_contig_002089	terpene	Terpene		
Pful_bac_bin365~Pful_metagenome_contig_044382.region001	Pful_metagenome_contig_044382	Pful_metagenome_contig_044382	arylpolyene	Others		
Pful_bac_bin366~Pful_metagenome_contig_000391.region001	Pful_metagenome_contig_000391	Pful_metagenome_contig_000391	arylpolyene	Others		
Pful_bac_bin367~Pful_metagenome_contig_000425.region001	Pful_metagenome_contig_000425	Pful_metagenome_contig_000425	NRPS-like	NRPS		
Pful_bac_bin368~Pful_metagenome_contig_000023.region001	Pful_metagenome_contig_000023	Pful_metagenome_contig_000023	lanthipeptide-class-i	RiPPs		
Pful_bac_bin369~Pful_metagenome_contig_000088.region001	Pful_metagenome_contig_000088	Pful_metagenome_contig_000088	arylpolyene	Others		
Pful_bac_bin369~Pful_metagenome_contig_000133.region001	Pful_metagenome_contig_000133	Pful_metagenome_contig_000133	arylpolyene	Others		
Pful_bac_bin369~Pful_metagenome_contig_000133.region002	Pful_metagenome_contig_000133	Pful_metagenome_contig_000133	hydrogen-cyanide	Others		
Pful_bac_bin369~Pful_metagenome_contig_001832.region001	Pful_metagenome_contig_001832	Pful_metagenome_contig_001832	NRPS-like	NRPS		
Pful_bac_bin370~Pful_metagenome_contig_000053.region001	Pful_metagenome_contig_000053	Pful_metagenome_contig_000053	NRPS-like	NRPS		
Pful_bac_bin370~Pful_metagenome_contig_000144.region001	Pful_metagenome_contig_000144	Pful_metagenome_contig_000144	arylpolyene	Others		
Pful_bac_bin370~Pful_metagenome_contig_000144.region002	Pful_metagenome_contig_000144	Pful_metagenome_contig_000144	hydrogen-cyanide	Others		
Pful_bac_bin371~Pful_metagenome_contig_020957.region001	Pful_metagenome_contig_020957	Pful_metagenome_contig_020957	arylpolyene	Others		
Pful_bac_bin372~Pful_metagenome_contig_000181.region001	Pful_metagenome_contig_000181	Pful_metagenome_contig_000181	hydrogen-cyanide	Others		
Pful_bac_bin372~Pful_metagenome_contig_000181.region002	Pful_metagenome_contig_000181	Pful_metagenome_contig_000181	arylpolyene	Others		
Pful_bac_bin372~Pful_metagenome_contig_000181.region003	Pful_metagenome_contig_000181	Pful_metagenome_contig_000181	NRPS-like	NRPS		
Pful_bac_bin372~Pful_metagenome_contig_000181.region004	Pful_metagenome_contig_000181	Pful_metagenome_contig_000181	NRPS-like	NRPS		
Pful_bac_bin372~Pful_metagenome_contig_001531.region001	Pful_metagenome_contig_001531	Pful_metagenome_contig_001531	arylpolyene	Others		
Pful_bac_bin374~Pful_metagenome_contig_008410.region001	Pful_metagenome_contig_008410	Pful_metagenome_contig_008410	arylpolyene	Others		
Pful_bac_bin374~Pful_metagenome_contig_063817.region001	Pful_metagenome_contig_063817	Pful_metagenome_contig_063817	arylpolyene	Others		
Pful_bac_bin374~Pful_metagenome_contig_167830.region001	Pful_metagenome_contig_167830	Pful_metagenome_contig_167830	NRPS-like	NRPS		
Pful_bac_bin375~Pful_metagenome_contig_000327.region001	Pful_metagenome_contig_000327	Pful_metagenome_contig_000327	NRPS-like	NRPS		
Pful_bac_bin375~Pful_metagenome_contig_001445.region001	Pful_metagenome_contig_001445	Pful_metagenome_contig_001445	hydrogen-cyanide	Others		
Pful_bac_bin375~Pful_metagenome_contig_001858.region001	Pful_metagenome_contig_001858	Pful_metagenome_contig_001858	arylpolyene	Others		
Pful_bac_bin375~Pful_metagenome_contig_001911.region001	Pful_metagenome_contig_001911	Pful_metagenome_contig_001911	arylpolyene	Others		
Pful_bac_bin376~Pful_metagenome_contig_000313.region001	Pful_metagenome_contig_000313	Pful_metagenome_contig_000313	terpene	Terpene		
Pful_bac_bin376~Pful_metagenome_contig_000529.region001	Pful_metagenome_contig_000529	Pful_metagenome_contig_000529	terpene	Terpene		
Pful_bac_bin378~Pful_metagenome_contig_006708.region001	Pful_metagenome_contig_006708	Pful_metagenome_contig_006708	resorcinol	Others		
Pful_bac_bin378~Pful_metagenome_contig_062944.region001	Pful_metagenome_contig_062944	Pful_metagenome_contig_062944	RiPP-like	RiPPs		
Pful_bac_bin382~Pful_metagenome_contig_089518.region001	Pful_metagenome_contig_089518	Pful_metagenome_contig_089518	RiPP-like	RiPPs		
Pful_bac_bin382~Pful_metagenome_contig_107497.region001	Pful_metagenome_contig_107497	Pful_metagenome_contig_107497	ectoine	Others		
Pful_bac_bin383~Pful_metagenome_contig_004904.region001	Pful_metagenome_contig_004904	Pful_metagenome_contig_004904	RiPP-like	RiPPs		
Pful_bac_bin384~Pful_metagenome_contig_000554.region001	Pful_metagenome_contig_000554	Pful_metagenome_contig_000554	hglE-KS.T1PKS	PKSother		
Pful_bac_bin384~Pful_metagenome_contig_006967.region001	Pful_metagenome_contig_006967	Pful_metagenome_contig_006967	lassopeptide	RiPPs		
Pful_bac_bin384~Pful_metagenome_contig_011363.region001	Pful_metagenome_contig_011363	Pful_metagenome_contig_011363	lassopeptide	RiPPs		
Pful_bac_bin385~Pful_metagenome_contig_002104.region001	Pful_metagenome_contig_002104	Pful_metagenome_contig_002104	RRE-containing	RiPPs		
Pful_bac_bin385~Pful_metagenome_contig_005412.region001	Pful_metagenome_contig_005412	Pful_metagenome_contig_005412	hglE-KS	PKSother		
Pful_bac_bin386~Pful_metagenome_contig_000858.region001	Pful_metagenome_contig_000858	Pful_metagenome_contig_000858	lassopeptide	RiPPs		
Pful_bac_bin386~Pful_metagenome_contig_004047.region001	Pful_metagenome_contig_004047	Pful_metagenome_contig_004047	hglE-KS	PKSother		
Pful_bac_bin386~Pful_metagenome_contig_004047.region002	Pful_metagenome_contig_004047	Pful_metagenome_contig_004047	hglE-KS	PKSother		
Pful_bac_bin386~Pful_metagenome_contig_007460.region001	Pful_metagenome_contig_007460	Pful_metagenome_contig_007460	hglE-KS	PKSother		
Pful_bac_bin386~Pful_metagenome_contig_013886.region001	Pful_metagenome_contig_013886	Pful_metagenome_contig_013886	lassopeptide	RiPPs		
Pful_bac_bin387~Pful_metagenome_contig_002153.region001	Pful_metagenome_contig_002153	Pful_metagenome_contig_002153	NRPS-like.NRPS	NRPS		
Pful_bac_bin387~Pful_metagenome_contig_002235.region001	Pful_metagenome_contig_002235	Pful_metagenome_contig_002235	RiPP-like	RiPPs		
Pful_bac_bin387~Pful_metagenome_contig_002409.region001	Pful_metagenome_contig_002409	Pful_metagenome_contig_002409	thiopeptide	RiPPs		
Pful_bac_bin388~Pful_metagenome_contig_001280.region001	Pful_metagenome_contig_001280	Pful_metagenome_contig_001280	RRE-containing	RiPPs		
Pful_bac_bin388~Pful_metagenome_contig_001637.region001	Pful_metagenome_contig_001637	Pful_metagenome_contig_001637	arylpolyene	Others		
Pful_bac_bin388~Pful_metagenome_contig_003087.region001	Pful_metagenome_contig_003087	Pful_metagenome_contig_003087	RiPP-like	RiPPs		
Pful_bac_bin388~Pful_metagenome_contig_008200.region001	Pful_metagenome_contig_008200	Pful_metagenome_contig_008200	T1PKS.NRPS	PKS-NRP_Hybrids		
Pful_bac_bin388~Pful_metagenome_contig_013242.region001	Pful_metagenome_contig_013242	Pful_metagenome_contig_013242	arylpolyene.thiopeptide	Others		
Pful_bac_bin389~Pful_metagenome_contig_000636.region001	Pful_metagenome_contig_000636	Pful_metagenome_contig_000636	acyl_amino_acids	Others		
Pful_bac_bin389~Pful_metagenome_contig_001364.region001	Pful_metagenome_contig_001364	Pful_metagenome_contig_001364	arylpolyene	Others		
Pful_bac_bin389~Pful_metagenome_contig_001364.region002	Pful_metagenome_contig_001364	Pful_metagenome_contig_001364	NRPS	NRPS		
Pful_bac_bin389~Pful_metagenome_contig_001703.region001	Pful_metagenome_contig_001703	Pful_metagenome_contig_001703	RiPP-like	RiPPs		
Pful_bac_bin389~Pful_metagenome_contig_008706.region001	Pful_metagenome_contig_008706	Pful_metagenome_contig_008706	RiPP-like	RiPPs		
Pful_bac_bin389~Pful_metagenome_contig_008706.region002	Pful_metagenome_contig_008706	Pful_metagenome_contig_008706	arylpolyene	Others		
Pful_bac_bin389~Pful_metagenome_contig_009187.region001	Pful_metagenome_contig_009187	Pful_metagenome_contig_009187	RRE-containing	RiPPs		
Pful_bac_bin390~Pful_metagenome_contig_018954.region001	Pful_metagenome_contig_018954	Pful_metagenome_contig_018954	arylpolyene	Others		
Pful_bac_bin391~Pful_metagenome_contig_004888.region001	Pful_metagenome_contig_004888	Pful_metagenome_contig_004888	betalactone	Others		
Pful_bac_bin391~Pful_metagenome_contig_008965.region001	Pful_metagenome_contig_008965	Pful_metagenome_contig_008965	NRPS-like	NRPS		
Pful_bac_bin391~Pful_metagenome_contig_023520.region001	Pful_metagenome_contig_023520	Pful_metagenome_contig_023520	arylpolyene	Others		
Pful_bac_bin392~Pful_metagenome_contig_000198.region001	Pful_metagenome_contig_000198	Pful_metagenome_contig_000198	thiopeptide	RiPPs		
Pful_bac_bin392~Pful_metagenome_contig_000198.region002	Pful_metagenome_contig_000198	Pful_metagenome_contig_000198	arylpolyene	Others		
Pful_bac_bin392~Pful_metagenome_contig_001816.region001	Pful_metagenome_contig_001816	Pful_metagenome_contig_001816	T1PKS	PKSI		
Pful_bac_bin393~Pful_metagenome_contig_003620.region001	Pful_metagenome_contig_003620	Pful_metagenome_contig_003620	RiPP-like	RiPPs		
Pful_bac_bin393~Pful_metagenome_contig_006266.region001	Pful_metagenome_contig_006266	Pful_metagenome_contig_006266	thiopeptide	RiPPs		
Pful_bac_bin394~Pful_metagenome_contig_001448.region001	Pful_metagenome_contig_001448	Pful_metagenome_contig_001448	arylpolyene	Others		
Pful_bac_bin394~Pful_metagenome_contig_001754.region001	Pful_metagenome_contig_001754	Pful_metagenome_contig_001754	RiPP-like	RiPPs		
Pful_bac_bin394~Pful_metagenome_contig_002714.region001	Pful_metagenome_contig_002714	Pful_metagenome_contig_002714	thiopeptide	RiPPs		
Pful_bac_bin395~Pful_metagenome_contig_001741.region001	Pful_metagenome_contig_001741	Pful_metagenome_contig_001741	T1PKS	PKSI		
Pful_bac_bin395~Pful_metagenome_contig_002809.region001	Pful_metagenome_contig_002809	Pful_metagenome_contig_002809	RiPP-like	RiPPs		
Pful_bac_bin395~Pful_metagenome_contig_005442.region001	Pful_metagenome_contig_005442	Pful_metagenome_contig_005442	arylpolyene	Others		
Pful_bac_bin395~Pful_metagenome_contig_006619.region001	Pful_metagenome_contig_006619	Pful_metagenome_contig_006619	thiopeptide	RiPPs		
Pful_bac_bin396~Pful_metagenome_contig_001410.region001	Pful_metagenome_contig_001410	Pful_metagenome_contig_001410	arylpolyene	Others		
Pful_bac_bin396~Pful_metagenome_contig_002991.region001	Pful_metagenome_contig_002991	Pful_metagenome_contig_002991	arylpolyene	Others		
Pful_bac_bin396~Pful_metagenome_contig_004662.region001	Pful_metagenome_contig_004662	Pful_metagenome_contig_004662	T1PKS	PKSI		
Pful_bac_bin396~Pful_metagenome_contig_006531.region001	Pful_metagenome_contig_006531	Pful_metagenome_contig_006531	NRPS-like	NRPS		
Pful_bac_bin397~Pful_metagenome_contig_001699.region001	Pful_metagenome_contig_001699	Pful_metagenome_contig_001699	RiPP-like	RiPPs		
Pful_bac_bin397~Pful_metagenome_contig_015299.region001	Pful_metagenome_contig_015299	Pful_metagenome_contig_015299	thiopeptide	RiPPs		
Pful_bac_bin398~Pful_metagenome_contig_001529.region001	Pful_metagenome_contig_001529	Pful_metagenome_contig_001529	acyl_amino_acids	Others		
Pful_bac_bin398~Pful_metagenome_contig_002615.region001	Pful_metagenome_contig_002615	Pful_metagenome_contig_002615	RiPP-like	RiPPs		
Pful_bac_bin398~Pful_metagenome_contig_004237.region001	Pful_metagenome_contig_004237	Pful_metagenome_contig_004237	RRE-containing	RiPPs		
Pful_bac_bin398~Pful_metagenome_contig_006093.region001	Pful_metagenome_contig_006093	Pful_metagenome_contig_006093	thiopeptide	RiPPs		
Pful_bac_bin399~Pful_metagenome_contig_000213.region001	Pful_metagenome_contig_000213	Pful_metagenome_contig_000213	thiopeptide	RiPPs		
Pful_bac_bin399~Pful_metagenome_contig_000722.region001	Pful_metagenome_contig_000722	Pful_metagenome_contig_000722	RiPP-like	RiPPs		
Pful_bac_bin401~Pful_metagenome_contig_000613.region001	Pful_metagenome_contig_000613	Pful_metagenome_contig_000613	arylpolyene	Others		
Pful_bac_bin402~Pful_metagenome_contig_000706.region001	Pful_metagenome_contig_000706	Pful_metagenome_contig_000706	arylpolyene	Others		
Pful_bac_bin402~Pful_metagenome_contig_000706.region002	Pful_metagenome_contig_000706	Pful_metagenome_contig_000706	NRPS	NRPS		
Pful_bac_bin403~Pful_metagenome_contig_001834.region001	Pful_metagenome_contig_001834	Pful_metagenome_contig_001834	LAP	RiPPs		
Pful_bac_bin404~Pful_metagenome_contig_005407.region001	Pful_metagenome_contig_005407	Pful_metagenome_contig_005407	arylpolyene	Others		
Pful_bac_bin405~Pful_metagenome_contig_020612.region001	Pful_metagenome_contig_020612	Pful_metagenome_contig_020612	NRPS-like	NRPS		
Pful_bac_bin406~Pful_metagenome_contig_011106.region001	Pful_metagenome_contig_011106	Pful_metagenome_contig_011106	RiPP-like	RiPPs		
Pful_bac_bin406~Pful_metagenome_contig_017900.region001	Pful_metagenome_contig_017900	Pful_metagenome_contig_017900	arylpolyene	Others		
Pful_bac_bin407~Pful_metagenome_contig_043164.region001	Pful_metagenome_contig_043164	Pful_metagenome_contig_043164	arylpolyene	Others		
Pful_bac_bin408~Pful_metagenome_contig_000233.region001	Pful_metagenome_contig_000233	Pful_metagenome_contig_000233	RiPP-like	RiPPs		
Pful_bac_bin408~Pful_metagenome_contig_000294.region001	Pful_metagenome_contig_000294	Pful_metagenome_contig_000294	RiPP-like	RiPPs		
Pful_bac_bin408~Pful_metagenome_contig_000294.region002	Pful_metagenome_contig_000294	Pful_metagenome_contig_000294	arylpolyene	Others		
Pful_bac_bin409~Pful_metagenome_contig_000766.region001	Pful_metagenome_contig_000766	Pful_metagenome_contig_000766	arylpolyene	Others		
Pful_bac_bin409~Pful_metagenome_contig_001342.region001	Pful_metagenome_contig_001342	Pful_metagenome_contig_001342	betalactone	Others		
Pful_bac_bin409~Pful_metagenome_contig_002279.region001	Pful_metagenome_contig_002279	Pful_metagenome_contig_002279	ectoine	Others		
Pful_bac_bin409~Pful_metagenome_contig_002279.region002	Pful_metagenome_contig_002279	Pful_metagenome_contig_002279	RiPP-like	RiPPs		
Pful_bac_bin410~Pful_metagenome_contig_007021.region001	Pful_metagenome_contig_007021	Pful_metagenome_contig_007021	arylpolyene	Others		
Pful_bac_bin410~Pful_metagenome_contig_009055.region001	Pful_metagenome_contig_009055	Pful_metagenome_contig_009055	RiPP-like	RiPPs		
Pful_bac_bin410~Pful_metagenome_contig_022323.region001	Pful_metagenome_contig_022323	Pful_metagenome_contig_022323	arylpolyene	Others		
Pful_bac_bin411~Pful_metagenome_contig_052767.region001	Pful_metagenome_contig_052767	Pful_metagenome_contig_052767	RiPP-like	RiPPs		
Pful_bac_bin412~Pful_metagenome_contig_003386.region001	Pful_metagenome_contig_003386	Pful_metagenome_contig_003386	thiopeptide	RiPPs		
Pful_bac_bin413~Pful_metagenome_contig_000109.region001	Pful_metagenome_contig_000109	Pful_metagenome_contig_000109	arylpolyene	Others		
Pful_bac_bin413~Pful_metagenome_contig_000109.region002	Pful_metagenome_contig_000109	Pful_metagenome_contig_000109	terpene	Terpene		
Pful_bac_bin413~Pful_metagenome_contig_000109.region003	Pful_metagenome_contig_000109	Pful_metagenome_contig_000109	terpene	Terpene		
Pful_bac_bin413~Pful_metagenome_contig_000109.region004	Pful_metagenome_contig_000109	Pful_metagenome_contig_000109	hglE-KS	PKSother		
Pful_bac_bin414~Pful_metagenome_contig_000034.region001	Pful_metagenome_contig_000034	Pful_metagenome_contig_000034	terpene	Terpene		
Pful_bac_bin414~Pful_metagenome_contig_000034.region002	Pful_metagenome_contig_000034	Pful_metagenome_contig_000034	terpene	Terpene		
Pful_bac_bin414~Pful_metagenome_contig_000034.region003	Pful_metagenome_contig_000034	Pful_metagenome_contig_000034	hglE-KS	PKSother		
Pful_bac_bin415~Pful_metagenome_contig_000068.region001	Pful_metagenome_contig_000068	Pful_metagenome_contig_000068	terpene	Terpene		
Pful_bac_bin415~Pful_metagenome_contig_000068.region002	Pful_metagenome_contig_000068	Pful_metagenome_contig_000068	terpene	Terpene		
Pful_bac_bin416~Pful_metagenome_contig_002915.region001	Pful_metagenome_contig_002915	Pful_metagenome_contig_002915	arylpolyene	Others		
Pful_bac_bin418~Pful_metagenome_contig_000048.region001	Pful_metagenome_contig_000048	Pful_metagenome_contig_000048	arylpolyene	Others		
Pful_bac_bin419~Pful_metagenome_contig_000547.region001	Pful_metagenome_contig_000547	Pful_metagenome_contig_000547	RiPP-like	RiPPs		
Pful_bac_bin419~Pful_metagenome_contig_001296.region001	Pful_metagenome_contig_001296	Pful_metagenome_contig_001296	NRPS-like	NRPS		
Pful_bac_bin420~Pful_metagenome_contig_000331.region001	Pful_metagenome_contig_000331	Pful_metagenome_contig_000331	arylpolyene	Others		
Pful_bac_bin420~Pful_metagenome_contig_000646.region001	Pful_metagenome_contig_000646	Pful_metagenome_contig_000646	terpene	Terpene		
Pful_bac_bin420~Pful_metagenome_contig_000843.region001	Pful_metagenome_contig_000843	Pful_metagenome_contig_000843	arylpolyene	Others		
Pful_bac_bin420~Pful_metagenome_contig_001396.region001	Pful_metagenome_contig_001396	Pful_metagenome_contig_001396	HR-T2PKS.arylpolyene	Others		
Pful_bac_bin421~Pful_metagenome_contig_000025.region001	Pful_metagenome_contig_000025	Pful_metagenome_contig_000025	terpene	Terpene		
Pful_bac_bin421~Pful_metagenome_contig_000025.region002	Pful_metagenome_contig_000025	Pful_metagenome_contig_000025	arylpolyene	Others		
Pful_bac_bin421~Pful_metagenome_contig_000025.region003	Pful_metagenome_contig_000025	Pful_metagenome_contig_000025	betalactone	Others		
Pful_bac_bin422~Pful_metagenome_contig_046569.region001	Pful_metagenome_contig_046569	Pful_metagenome_contig_046569	terpene	Terpene		
Pful_bac_bin423~Pful_metagenome_contig_000005.region001	Pful_metagenome_contig_000005	Pful_metagenome_contig_000005	NRPS-like	NRPS		
Pful_bac_bin423~Pful_metagenome_contig_000005.region002	Pful_metagenome_contig_000005	Pful_metagenome_contig_000005	RiPP-like	RiPPs		
Pful_bac_bin423~Pful_metagenome_contig_000005.region003	Pful_metagenome_contig_000005	Pful_metagenome_contig_000005	RiPP-like	RiPPs		
Pful_bac_bin424~Pful_metagenome_contig_000014.region001	Pful_metagenome_contig_000014	Pful_metagenome_contig_000014	NRPS-like	NRPS		
Pful_bac_bin424~Pful_metagenome_contig_000014.region002	Pful_metagenome_contig_000014	Pful_metagenome_contig_000014	RiPP-like	RiPPs		
Pful_bac_bin425~Pful_metagenome_contig_051082.region001	Pful_metagenome_contig_051082	Pful_metagenome_contig_051082	NRPS-like	NRPS		
Pful_bac_bin428~Pful_metagenome_contig_122220.region001	Pful_metagenome_contig_122220	Pful_metagenome_contig_122220	cyclic-lactone-autoinducer	RiPPs		
Pful_bac_bin436~Pful_metagenome_contig_000169.region001	Pful_metagenome_contig_000169	Pful_metagenome_contig_000169	hserlactone	Others		
Pful_bac_bin441~Pful_metagenome_contig_008849.region001	Pful_metagenome_contig_008849	Pful_metagenome_contig_008849	terpene	Terpene		
Pful_bac_bin441~Pful_metagenome_contig_021752.region001	Pful_metagenome_contig_021752	Pful_metagenome_contig_021752	terpene	Terpene		
Pful_bac_bin441~Pful_metagenome_contig_143627.region001	Pful_metagenome_contig_143627	Pful_metagenome_contig_143627	terpene	Terpene		
Pful_bac_bin442~Pful_metagenome_contig_003401.region001	Pful_metagenome_contig_003401	Pful_metagenome_contig_003401	terpene	Terpene		
Pful_bac_bin442~Pful_metagenome_contig_004650.region001	Pful_metagenome_contig_004650	Pful_metagenome_contig_004650	terpene	Terpene		
Pful_bac_bin442~Pful_metagenome_contig_005841.region001	Pful_metagenome_contig_005841	Pful_metagenome_contig_005841	terpene	Terpene		
Pful_bac_bin442~Pful_metagenome_contig_007081.region001	Pful_metagenome_contig_007081	Pful_metagenome_contig_007081	NRPS-like	NRPS		
Pful_bac_bin442~Pful_metagenome_contig_008058.region001	Pful_metagenome_contig_008058	Pful_metagenome_contig_008058	terpene	Terpene		
Pful_bac_bin442~Pful_metagenome_contig_009292.region001	Pful_metagenome_contig_009292	Pful_metagenome_contig_009292	terpene	Terpene		
Pful_bac_bin442~Pful_metagenome_contig_012403.region001	Pful_metagenome_contig_012403	Pful_metagenome_contig_012403	RiPP-like	RiPPs		
Pful_bac_bin442~Pful_metagenome_contig_012996.region001	Pful_metagenome_contig_012996	Pful_metagenome_contig_012996	terpene	Terpene		
Pful_bac_bin443~Pful_metagenome_contig_000195.region001	Pful_metagenome_contig_000195	Pful_metagenome_contig_000195	terpene	Terpene		
Pful_bac_bin443~Pful_metagenome_contig_000195.region002	Pful_metagenome_contig_000195	Pful_metagenome_contig_000195	NRPS-like	NRPS		
Pful_bac_bin443~Pful_metagenome_contig_000540.region001	Pful_metagenome_contig_000540	Pful_metagenome_contig_000540	NRPS	NRPS		
Pful_bac_bin443~Pful_metagenome_contig_000540.region002	Pful_metagenome_contig_000540	Pful_metagenome_contig_000540	RiPP-like	RiPPs		
Pful_bac_bin443~Pful_metagenome_contig_004770.region001	Pful_metagenome_contig_004770	Pful_metagenome_contig_004770	terpene	Terpene		
Pful_bac_bin443~Pful_metagenome_contig_004921.region001	Pful_metagenome_contig_004921	Pful_metagenome_contig_004921	terpene	Terpene		
Pful_bac_bin444~Pful_metagenome_contig_001311.region001	Pful_metagenome_contig_001311	Pful_metagenome_contig_001311	terpene	Terpene		
Pful_bac_bin444~Pful_metagenome_contig_001845.region001	Pful_metagenome_contig_001845	Pful_metagenome_contig_001845	ranthipeptide	RiPPs		
Pful_bac_bin444~Pful_metagenome_contig_004777.region001	Pful_metagenome_contig_004777	Pful_metagenome_contig_004777	NRPS-like	NRPS		
Pful_bac_bin444~Pful_metagenome_contig_020982.region001	Pful_metagenome_contig_020982	Pful_metagenome_contig_020982	RRE-containing	RiPPs		
Pful_bac_bin445~Pful_metagenome_contig_026905.region001	Pful_metagenome_contig_026905	Pful_metagenome_contig_026905	RiPP-like	RiPPs		
Pful_bac_bin446~Pful_metagenome_contig_002178.region001	Pful_metagenome_contig_002178	Pful_metagenome_contig_002178	NAPAA	NRPS		
Pful_bac_bin446~Pful_metagenome_contig_003120.region001	Pful_metagenome_contig_003120	Pful_metagenome_contig_003120	RiPP-like	RiPPs		
Pful_bac_bin446~Pful_metagenome_contig_004578.region001	Pful_metagenome_contig_004578	Pful_metagenome_contig_004578	arylpolyene	Others		
Pful_bac_bin447~Pful_metagenome_contig_028967.region001	Pful_metagenome_contig_028967	Pful_metagenome_contig_028967	RiPP-like	RiPPs		
Pful_bac_bin448~Pful_metagenome_contig_000734.region001	Pful_metagenome_contig_000734	Pful_metagenome_contig_000734	RiPP-like	RiPPs		
Pful_bac_bin448~Pful_metagenome_contig_001183.region001	Pful_metagenome_contig_001183	Pful_metagenome_contig_001183	NRPS	NRPS		
Pful_bac_bin448~Pful_metagenome_contig_001183.region002	Pful_metagenome_contig_001183	Pful_metagenome_contig_001183	NRPS-like.NRPS	NRPS		
Pful_bac_bin448~Pful_metagenome_contig_001981.region001	Pful_metagenome_contig_001981	Pful_metagenome_contig_001981	NAPAA	NRPS		
Pful_bac_bin449~Pful_metagenome_contig_004207.region001	Pful_metagenome_contig_004207	Pful_metagenome_contig_004207	RiPP-like	RiPPs		
Pful_bac_bin449~Pful_metagenome_contig_004912.region001	Pful_metagenome_contig_004912	Pful_metagenome_contig_004912	NRPS-like	NRPS		
Pful_bac_bin451~Pful_metagenome_contig_021086.region001	Pful_metagenome_contig_021086	Pful_metagenome_contig_021086	terpene	Terpene		
Pful_bac_bin452~Pful_metagenome_contig_002087.region001	Pful_metagenome_contig_002087	Pful_metagenome_contig_002087	terpene	Terpene		
Pful_bac_bin452~Pful_metagenome_contig_004994.region001	Pful_metagenome_contig_004994	Pful_metagenome_contig_004994	phosphonate	Others		
Pful_bac_bin453~Pful_metagenome_contig_002138.region001	Pful_metagenome_contig_002138	Pful_metagenome_contig_002138	terpene	Terpene		
Pful_bac_bin454~Pful_metagenome_contig_000586.region001	Pful_metagenome_contig_000586	Pful_metagenome_contig_000586	terpene	Terpene		
Pful_bac_bin455~Pful_metagenome_contig_000092.region001	Pful_metagenome_contig_000092	Pful_metagenome_contig_000092	terpene	Terpene		
Pful_bac_bin456~Pful_metagenome_contig_000052.region001	Pful_metagenome_contig_000052	Pful_metagenome_contig_000052	terpene	Terpene		
Pful_bac_bin457~Pful_metagenome_contig_000057.region001	Pful_metagenome_contig_000057	Pful_metagenome_contig_000057	terpene	Terpene		
Pful_bac_bin458~Pful_metagenome_contig_000056.region001	Pful_metagenome_contig_000056	Pful_metagenome_contig_000056	terpene	Terpene		
Pful_bac_bin459~Pful_metagenome_contig_000113.region001	Pful_metagenome_contig_000113	Pful_metagenome_contig_000113	terpene	Terpene		
Pful_bac_bin459~Pful_metagenome_contig_000464.region001	Pful_metagenome_contig_000464	Pful_metagenome_contig_000464	arylpolyene	Others		
Pful_bac_bin460~Pful_metagenome_contig_000037.region001	Pful_metagenome_contig_000037	Pful_metagenome_contig_000037	arylpolyene	Others		
Pful_bac_bin460~Pful_metagenome_contig_000037.region002	Pful_metagenome_contig_000037	Pful_metagenome_contig_000037	terpene	Terpene		
Pful_bac_bin461~Pful_metagenome_contig_000029.region001	Pful_metagenome_contig_000029	Pful_metagenome_contig_000029	terpene	Terpene		
Pful_bac_bin461~Pful_metagenome_contig_000029.region002	Pful_metagenome_contig_000029	Pful_metagenome_contig_000029	phosphonate	Others		
Pful_bac_bin465~Pful_metagenome_contig_005851.region001	Pful_metagenome_contig_005851	Pful_metagenome_contig_005851	hserlactone	Others		
Pful_bac_bin466~Pful_metagenome_contig_000409.region001	Pful_metagenome_contig_000409	Pful_metagenome_contig_000409	hserlactone	Others		
Pful_bac_bin470~Pful_metagenome_contig_021302.region001	Pful_metagenome_contig_021302	Pful_metagenome_contig_021302	terpene	Terpene		
Pful_bac_bin472~Pful_metagenome_contig_009475.region001	Pful_metagenome_contig_009475	Pful_metagenome_contig_009475	NRPS-like.T1PKS.NRPS.terpene	Others		
Pful_bac_bin472~Pful_metagenome_contig_039196.region001	Pful_metagenome_contig_039196	Pful_metagenome_contig_039196	terpene	Terpene		
Pful_bac_bin472~Pful_metagenome_contig_049805.region001	Pful_metagenome_contig_049805	Pful_metagenome_contig_049805	RiPP-like	RiPPs		
Pful_bac_bin473~Pful_metagenome_contig_000003.region001	Pful_metagenome_contig_000003	Pful_metagenome_contig_000003	RiPP-like	RiPPs		
Pful_bac_bin473~Pful_metagenome_contig_000003.region002	Pful_metagenome_contig_000003	Pful_metagenome_contig_000003	hserlactone	Others		
Pful_bac_bin474~Pful_metagenome_contig_000010.region001	Pful_metagenome_contig_000010	Pful_metagenome_contig_000010	betalactone	Others		
Pful_bac_bin474~Pful_metagenome_contig_000010.region002	Pful_metagenome_contig_000010	Pful_metagenome_contig_000010	thiopeptide	RiPPs		
Pful_bac_bin474~Pful_metagenome_contig_038745.region001	Pful_metagenome_contig_038745	Pful_metagenome_contig_038745	arylpolyene	Others		
Pful_bac_bin475~Pful_metagenome_contig_000050.region001	Pful_metagenome_contig_000050	Pful_metagenome_contig_000050	NRPS.transAT-PKS	PKS-NRP_Hybrids		
Pful_bac_bin475~Pful_metagenome_contig_000050.region002	Pful_metagenome_contig_000050	Pful_metagenome_contig_000050	NRPS.NRPS-like.phenazine	Others		
Pful_bac_bin475~Pful_metagenome_contig_000050.region003	Pful_metagenome_contig_000050	Pful_metagenome_contig_000050	betalactone	Others		
Pful_bac_bin475~Pful_metagenome_contig_000050.region004	Pful_metagenome_contig_000050	Pful_metagenome_contig_000050	hserlactone.NRPS	Others		
Pful_bac_bin475~Pful_metagenome_contig_000050.region005	Pful_metagenome_contig_000050	Pful_metagenome_contig_000050	thiopeptide	RiPPs		
Pful_bac_bin475~Pful_metagenome_contig_000177.region001	Pful_metagenome_contig_000177	Pful_metagenome_contig_000177	NI-siderophore	Others		
Pful_bac_bin475~Pful_metagenome_contig_000240.region001	Pful_metagenome_contig_000240	Pful_metagenome_contig_000240	NRPS-like.T1PKS	PKS-NRP_Hybrids		
Pful_bac_bin475~Pful_metagenome_contig_000271.region001	Pful_metagenome_contig_000271	Pful_metagenome_contig_000271	hserlactone	Others		
Pful_bac_bin476~Pful_metagenome_contig_002362.region001	Pful_metagenome_contig_002362	Pful_metagenome_contig_002362	thiopeptide	RiPPs		
Pful_bac_bin476~Pful_metagenome_contig_003886.region001	Pful_metagenome_contig_003886	Pful_metagenome_contig_003886	arylpolyene	Others		
Pful_bac_bin476~Pful_metagenome_contig_004560.region001	Pful_metagenome_contig_004560	Pful_metagenome_contig_004560	opine-like-metallophore	Others		
Pful_bac_bin476~Pful_metagenome_contig_007119.region001	Pful_metagenome_contig_007119	Pful_metagenome_contig_007119	prodigiosin	PKSother		
Pful_bac_bin476~Pful_metagenome_contig_011732.region001	Pful_metagenome_contig_011732	Pful_metagenome_contig_011732	RRE-containing	RiPPs		
Pful_bac_bin476~Pful_metagenome_contig_014249.region001	Pful_metagenome_contig_014249	Pful_metagenome_contig_014249	redox-cofactor	RiPPs		
Pful_bac_bin476~Pful_metagenome_contig_018586.region001	Pful_metagenome_contig_018586	Pful_metagenome_contig_018586	NRPS	NRPS		
Pful_bac_bin476~Pful_metagenome_contig_020100.region001	Pful_metagenome_contig_020100	Pful_metagenome_contig_020100	NRPS-like.NRPS	NRPS		
Pful_bac_bin476~Pful_metagenome_contig_026899.region001	Pful_metagenome_contig_026899	Pful_metagenome_contig_026899	NRPS-like	NRPS		
Pful_bac_bin476~Pful_metagenome_contig_046981.region001	Pful_metagenome_contig_046981	Pful_metagenome_contig_046981	NRPS	NRPS		
Pful_bac_bin477~Pful_metagenome_contig_002061.region001	Pful_metagenome_contig_002061	Pful_metagenome_contig_002061	NRP-metallophore.NRPS	Others		
Pful_bac_bin477~Pful_metagenome_contig_012045.region001	Pful_metagenome_contig_012045	Pful_metagenome_contig_012045	arylpolyene	Others		
Pful_bac_bin478~Pful_metagenome_contig_015819.region001	Pful_metagenome_contig_015819	Pful_metagenome_contig_015819	arylpolyene	Others		
Pful_bac_bin480~Pful_metagenome_contig_017140.region001	Pful_metagenome_contig_017140	Pful_metagenome_contig_017140	phosphonate	Others		
Pful_bac_bin481~Pful_metagenome_contig_015516.region001	Pful_metagenome_contig_015516	Pful_metagenome_contig_015516	phosphonate	Others		
Pful_bac_bin483~Pful_metagenome_contig_025994.region001	Pful_metagenome_contig_025994	Pful_metagenome_contig_025994	RiPP-like	RiPPs		
Pful_bac_bin483~Pful_metagenome_contig_032730.region001	Pful_metagenome_contig_032730	Pful_metagenome_contig_032730	RiPP-like	RiPPs		
Pful_bac_bin484~Pful_metagenome_contig_001260.region001	Pful_metagenome_contig_001260	Pful_metagenome_contig_001260	RiPP-like	RiPPs		
Pful_bac_bin485~Pful_metagenome_contig_000261.region001	Pful_metagenome_contig_000261	Pful_metagenome_contig_000261	RiPP-like	RiPPs		
Pful_bac_bin485~Pful_metagenome_contig_095591.region001	Pful_metagenome_contig_095591	Pful_metagenome_contig_095591	phosphonate	Others		
Pful_bac_bin488~Pful_metagenome_contig_000920.region001	Pful_metagenome_contig_000920	Pful_metagenome_contig_000920	ranthipeptide	RiPPs		
Pful_bac_bin490~Pful_metagenome_contig_001138.region001	Pful_metagenome_contig_001138	Pful_metagenome_contig_001138	arylpolyene	Others		
Pful_bac_bin490~Pful_metagenome_contig_028097.region001	Pful_metagenome_contig_028097	Pful_metagenome_contig_028097	phosphonate	Others		
Pful_bac_bin491~Pful_metagenome_contig_000898.region001	Pful_metagenome_contig_000898	Pful_metagenome_contig_000898	terpene	Terpene		
Pful_bac_bin491~Pful_metagenome_contig_006426.region001	Pful_metagenome_contig_006426	Pful_metagenome_contig_006426	terpene	Terpene		
Pful_bac_bin492~Pful_metagenome_contig_000012.region001	Pful_metagenome_contig_000012	Pful_metagenome_contig_000012	terpene	Terpene		
Pful_bac_bin493~Pful_metagenome_contig_000184.region001	Pful_metagenome_contig_000184	Pful_metagenome_contig_000184	terpene	Terpene		
Pful_bac_bin493~Pful_metagenome_contig_006152.region001	Pful_metagenome_contig_006152	Pful_metagenome_contig_006152	terpene	Terpene		
