module	logFC	AveExpr	t	P.Value	adj.P.Val	B	Directionality x -log10(p.adj)	regulation	Metagenome_fam01	Metagenome_fam02	Metagenome_fam03	Metagenome_fam04	Metagenome_fam05	Metagenome_fam06	Metagenome_fam07	Metagenome_fam08	Metagenome_fam09	Metagenome_fam10	Metagenome_hos01	Metagenome_hos02	Metagenome_hos03	Metagenome_hos04	Metagenome_hos05	Metagenome_hos06	Metagenome_hos07	Metagenome_hos08	Metagenome_hos09	Metagenome_hos10	Metagenome_lab01	Metagenome_lab02	Metagenome_lab03	Metagenome_lab04	Metagenome_lab05	Metagenome_lab06	Metagenome_lab07	Metagenome_lab08	Metagenome_lab09	Metagenome_lab10	Metagenome_res01	Metagenome_res02	Metagenome_res03	Metagenome_res04	Metagenome_res05	Metagenome_res06	Metagenome_res07	Metagenome_res08	Metagenome_res09	Metagenome_res10	Metagenome_wild01	Metagenome_wild02	Metagenome_wild03	Metagenome_wild04	Metagenome_wild05	Metagenome_wild06	Metagenome_wild07	Metagenome_wild08	Metagenome_wild09	Metagenome_wild10
M00843	-0.0575682316018218	0.414502631508012	-5.39938300577389	1.75455078884161e-06	6.97120625923676e-06	4.0408289457662	-5.15669206746817	down	0.461581338042793	0.400395643793597	0.441452721172761	0.410666011099781	0.392982236265829	0.449670479030993	0.414769622742199	0.438854025977196	0.387987575023867	0.455701379570974	0.411954624402989	0.451256671349686	0.462098978928462	0.485180481874035	0.419979445701495	0.407514176031563	0.479806839341128	0.439360676755778	0.470161521753984	0.481890037608018	0.385006762152445	0.414141948437873	0.406524194388242	0.37328767776179	0.40834835291952	0.409447478105433	0.396854347962752	0.352457408014325	0.403499664862005	0.400080474314366	0.475586780192168	0.412340666272568	0.39641369504924	0.46530663184228	0.410668102403794	0.455771366277396	0.436695404103055	0.420719881918252	0.430948960232827	0.423286829457593	0.355851549720675	0.376049443570914	0.376522664242202	0.365689698884199	0.383368931136259	0.353552578471481	0.357476465860786	0.393414681956865	0.354678704307224	0.367875744114939
M00930	-0.169575093443272	0.235286132560822	-5.07211729907435	5.54996638389753e-06	1.94467326049953e-05	2.90792526549155	-4.71115335736262	down	0.354424702628156	0.178427362143973	0.338137192910288	0.280336657399675	0.254206533422083	0.347996482180925	0.341160346513358	0.349204349416674	0.171108531396899	0.340086332014712	0.26706234425885	0.346411390699137	0.274321191904169	0.311155553188076	0.285429590738157	0.278633908683471	0.318774426196416	0.35943262730548	0.235930507443394	0.335427482368143	0.284394794690533	0.292488187665609	0.345273383714825	0.258668355112851	0.261704690265234	0.2189016523134	0.229578880653931	-0.0833928165519374	0.190312355939305	0.218965424232571	0.314817311683013	0.330587728189289	0.314522031022273	0.338696483923465	0.00364682392194902	0.325034385475998	0.266324226872736	0.31688687870135	0.345844977458995	0.0271227818816346	0.0999634966014744	0.130788336758841	-0.0453417464436122	-0.00904146678279309	0.224662397757179	0.0711342028023426	0.0706029349190029	0.2516699100301	0.0590016612100414	0.14282085120947
M00841	-0.0589193134336057	0.233546019150347	-5.6577190276301	6.99245529722846e-07	3.08083426462046e-06	4.94862176522057	-5.51133166419419	down	0.266689175302864	0.17256189960976	0.237968372800442	0.297017759898718	0.233068915174421	0.250817643657575	0.247925154621771	0.236664899669373	0.197565101311728	0.24758995553336	0.239418217422567	0.245791631392577	0.305121098597379	0.31950827511956	0.232657567498121	0.23548043570025	0.308067017729168	0.243647772344889	0.257258043325784	0.255164879456294	0.240585325296482	0.234863762034518	0.223218599148	0.222517053616851	0.229257451692616	0.240901498844787	0.221418048411017	0.199567828970346	0.251743930753523	0.225664222291392	0.257035557407267	0.280203530071119	0.230815085487174	0.253262859624693	0.221973197835566	0.247355502743293	0.279585712485961	0.274670558032019	0.267480689780649	0.181091042788869	0.194984897794194	0.201614949208178	0.179206696034708	0.179631656672029	0.20205872240197	0.154063090612776	0.187937714821906	0.183072613926148	0.196439158604494	0.185096183958225
M00866	-0.0513194599098387	0.382275013733458	-3.61030134547557	0.000696851599162348	0.00152758109175983	-1.78152237861955	-2.81599572591746	down	0.436027758071762	0.38971298147805	0.411375595917185	0.392206257435028	0.327426248604703	0.428637566753568	0.432527770904363	0.42669058157717	0.33524447268729	0.421854222709598	0.392890215573091	0.436238422451123	0.342165179929098	0.376566800973392	0.402482439197617	0.325020494366897	0.431539951725509	0.434286620875057	0.349539828973826	0.427030573083072	0.373256436565189	0.425605533636361	0.4335518312848	0.381330138701567	0.433595744602668	0.39730621460504	0.394354068647627	0.275938666646767	0.36366194700906	0.393812310711175	0.413823688304067	0.424782653864816	0.387581661615381	0.412544091460135	0.297452860632336	0.418904345636089	0.398847152781429	0.429305769421076	0.433829815163923	0.292607314040113	0.340398759544035	0.366289562485006	0.311786692882069	0.328310951699515	0.373274845674712	0.340976675555826	0.315588222212522	0.345000637967943	0.340510711344159	0.35005739869008
M00797	-0.0901950921880909	0.0760368163335557	-4.92774469684621	9.16915898420682e-06	3.00020275586179e-05	2.41539110761405	-4.52284939435486	down	0.152151638349733	-0.0738992193994238	0.121653315047183	0.0785682175599972	0.121470528736778	0.0792083478245532	0.118399895190898	0.12947345296545	0.0511159446383472	0.114306346311421	0.119101534929725	0.120242111904163	0.0859397803527257	0.0216143926769844	0.123193912487818	0.0916960724337619	0.166768143694854	0.104563348046457	0.0630843244205884	0.137185912974725	0.0699139794827408	0.135103632940174	0.135904470126981	0.114349401509602	0.109422841759426	0.124891220900308	0.118399940340759	-0.0774248180313138	0.0477924711136512	0.122649293123302	0.124612886270595	0.137582747745118	0.133756713506941	0.111302502916161	0.057989976578303	0.113971756722246	0.0657022500227253	0.0847914431876753	0.126703274285864	-0.0202205948010441	-0.00875421000629974	-0.00632335725594829	-0.0461056048055006	-0.0266179835281708	0.059848291440545	-0.0431016923079541	-0.0177424729993034	0.0980746079896485	0.00225024741980716	0.0272795998840053
M00014	-0.0789863135974463	0.18334752109446	-5.24832609468506	2.99186656839497e-06	1.14774191632393e-05	3.51528594564415	-4.9401557573363	down	0.192023589784441	0.107937380858953	0.184690287204349	0.203300668045006	0.180475120622293	0.205156744878278	0.188377575007164	0.183477454770362	0.182278238981061	0.252494428337943	0.204964304130225	0.175056430305622	0.253520271981889	0.284214805212732	0.275352674103836	0.298190869294209	0.199820833495616	0.272124630475495	0.218441959951005	0.206804715074084	0.194530205944277	0.247871274316555	0.207575235646985	0.180112348448467	0.199747251883115	0.182047596972893	0.171936247337632	0.0865303207503062	0.161058299519171	0.174554570313945	0.200141931313563	0.217774292281404	0.200277205906385	0.210218813584703	0.156539813452216	0.195549087049573	0.185321405492354	0.194542300199847	0.232694696052418	0.0980654735776055	0.145149092262948	0.0997989021910607	0.0692856272062207	0.0889176095620746	0.170168357274249	0.0815746511313702	0.111064327621714	0.158172733259536	0.135468172841361	0.141985228814497
M00730	-0.140155912800736	-0.0940770544920722	-6.21590932515796	9.36150851892142e-08	4.73394464877276e-07	6.93971270066716	-6.3247768243269	down	-0.0471879441291631	-0.190005685635276	-0.0469272009625912	-0.0951870199274397	-0.0930230271175863	-0.0457061028966229	0.0243228212621126	-0.0664911411790926	-0.0854172428096966	-0.0444215017889165	-0.0508442992144795	-0.11989807959159	-0.0695597757333505	-0.0705420823822536	-0.029991221802585	-0.120280398943436	-0.149473212309433	0.10365534255871	-0.0032312475829377	-0.0094266286016494	-0.00138308326144867	-0.0894085137722026	0.0438620091561801	-0.111456681106312	-0.131613239223774	-0.00276261010253012	0.0465962283257897	-0.218574614888417	-0.167387604795957	0.042440680911573	-0.0261820048904324	-0.137275736344974	-0.092963239806623	-0.0508433276295888	-0.0375935996610102	-0.0675295236408366	-0.0720211081074156	-0.0707280436725321	-0.0895254837217819	-0.197849732257425	-0.193030121019199	-0.226018672966591	-0.135256929656967	-0.220464175782321	-0.217451585775775	-0.293180212277076	-0.194536481533152	-0.19392713967596	-0.189951278413481	-0.198201250226091
ko03410	-0.0608119543421385	0.143040510802999	-5.0000993158094	7.13302425795765e-06	2.42305022503142e-05	2.66162689833817	-4.61563758370487	down	0.136196302434442	0.148608781454406	0.163671303751331	0.232421533677041	0.132907259085879	0.124867906402282	0.186990319707551	0.154697920970511	0.14961641218454	0.166633395692503	0.124478348871213	0.118040631803168	0.203359869426135	0.230741032309999	0.174983143548965	0.134249089966024	0.208041195134528	0.121272249035402	0.127621193014159	0.120710105743903	0.196767084450378	0.101989857886518	0.124104522127551	0.122465052976096	0.124354068746449	0.126170941201399	0.117425573785832	0.219701009094597	0.11981689144824	0.125337357973555	0.123824675153676	0.221571415869507	0.147050061030547	0.122778295203985	0.163743587417531	0.154227695497692	0.201141681370074	0.162549123525155	0.169896557153971	0.203092620730328	0.0934103209634741	0.10351479419816	0.0793612248933389	0.0739897899031152	0.0969770413081625	0.0915649565369577	0.0928267931250278	0.133839655577788	0.0914711760309685	0.0869537207558886
M00931	-0.164256511706402	0.213454080679431	-4.99498637969254	7.26097205622384e-06	2.44782770077243e-05	2.64418603528154	-4.61121915484235	down	0.338209473972724	0.180260184802112	0.316918505007394	0.259466753612936	0.228161720170486	0.327490050057251	0.314544831040055	0.330667035550028	0.144519632734769	0.3174185070455	0.238551894817064	0.320249295073265	0.253966883835187	0.288907592297307	0.270551268987975	0.246048652354202	0.292723820697014	0.332392766769564	0.224955151235809	0.3087781958699	0.263220261612778	0.273118365027424	0.314202885146999	0.224302886602385	0.227237544605646	0.187925082654873	0.199229588195591	-0.120461452172981	0.170987712769403	0.192233653543911	0.292556782068235	0.308571843337109	0.29207513282657	0.314611135049954	-0.00690740167379604	0.302116290233389	0.252630072826461	0.290871279965515	0.314961729124313	0.0239497131541178	0.0770411861292645	0.124011668823186	-0.0631114409149083	-0.012562281816163	0.202998890988701	0.0520543411478967	0.0479219908453579	0.222061568461992	0.0425479856498891	0.127524803827877
M00077	-0.106930121332002	0.183040389004964	-5.65173076398617	7.14382633059041e-07	3.11666933050268e-06	4.92746355658691	-5.50630927265288	down	0.228186133719468	0.215929595109083	0.248877698231234	0.136518485675426	0.146362140097022	0.236220180173428	0.23257910968574	0.280895122118817	0.125690112764582	0.257891150751945	0.242541238630251	0.19407593411434	0.131006704137789	0.218154736885547	0.225685664668297	0.197053129917948	0.234584788410055	0.24889748896453	0.237398135269582	0.222777712653922	0.228306819034875	0.318514485622043	0.239029352282141	0.179719110303552	0.205834645343381	0.212210058669271	0.159006814614948	0.0178948986389829	0.149270657618854	0.187840021226899	0.219873017276602	0.171971531373188	0.183066673233632	0.255018813307321	0.153035407060671	0.229612880829077	0.189037719984247	0.235000834985802	0.263128464546142	0.118359062923946	0.125542791794745	0.11173666269758	0.0168772885194676	0.0615788656760247	0.18116860957931	0.00653865496545333	0.0882508098721426	0.138282650363295	0.118851792559782	0.126134793365828
M00922	-0.06235169611239	-0.0583943087562366	-2.90587637609959	0.00540341187374567	0.0096180731352673	-3.71094339045671	-2.01691192489974	down	0.000477211467278571	0.044303078965929	-0.0906503893882328	-0.132046163840826	-0.0395439905943979	-0.0177640650789831	-0.0288093095159444	-0.131596935605165	-0.044687932950094	-0.0721950848120036	-0.0300731252528998	0.0414490992887288	-0.0511475409959056	-0.0940162908154817	-0.0786895151675587	-0.0230893579990182	-0.0664694737758796	-0.0069816717933433	0.00471072058525212	0.0142413958562838	-0.0538327572547256	-0.0694019141732502	-0.0369874153712505	-0.00930402495963963	0.153348440884738	-0.00978456405718779	-0.0298274838563634	-0.217437466113904	-0.0121654116318835	-0.0186531670941006	0.00499750817692428	-0.00868788778765768	-0.0896636651075665	-0.0347499536908775	-0.0744293852469829	-0.0327037462120379	-0.163455177176964	-0.0510232718505282	-0.13990065281555	-0.140717444589277	-0.0850066442413738	-0.131971654829213	-0.0428209945956648	-0.172285639212677	-0.0437941311366664	-0.185223557262656	-0.136014170350648	-0.0813016140765029	-0.113648069493411	-0.0906901812626733
M00935	-0.116862697174578	0.0839110772781536	-3.45283437058132	0.0011234270275705	0.00229323407004069	-2.23600165520279	-2.63955161463818	down	-0.0257016877363983	-0.215661362404768	0.180622059647307	0.109050867735394	0.242337981470389	-0.00201652952375543	0.0939285248498341	0.168929987275536	0.223146824140647	0.173182625778916	0.175841468440375	-0.00898592026915856	0.235301604834639	0.136944357979346	-0.0290464300959235	-0.0205140941150693	-0.0222393965710294	0.0849843938697291	-0.00063715308365562	0.00708966373147633	0.175349122320716	-0.0108672783320418	0.172281299018169	0.181512061468613	0.150931290372117	0.175941719878397	0.109371799377161	0.0666397393711537	0.180951775435264	0.147486889967171	0.247558484464917	0.176449442537509	0.212444244309168	0.119728178692975	-0.0226470231180721	0.188337310109102	0.131822570341391	0.167700913852204	0.0259324817345931	0.187861860768428	-0.119992047441411	0.000541578786459086	-0.100860095641141	-0.0233333923745462	0.0209204234413575	0.0805088727810519	-0.0195960361612733	0.141916147802126	-0.0368506257896016	-0.039045630018108
M00563	-0.127887662219947	0.18484189153446	-6.40265383712232	4.75520440805435e-08	2.6124271130669e-07	7.61222064425877	-6.58295581756392	down	0.233593715154833	-0.0021486679133174	0.241541151191386	0.235974360295985	0.267455183800331	0.222087376912927	0.228536830282875	0.193600617109077	0.221133156497448	0.249085567489467	0.226298818996024	0.267001508788258	0.243134292741089	0.157011022835998	0.181213578621692	0.15272450400504	0.205137231919931	0.247323727325768	0.181013593201639	0.213781783475003	0.216119903798786	0.152193560054624	0.248354923524534	0.221868413589674	0.259538157319476	0.232369866489884	0.211571504700461	0.0849871799311953	0.2073000258635	0.213152024301151	0.270174408706501	0.246873444106148	0.271725729770972	0.226235811189004	0.128978248790339	0.241605117258462	0.233114730343106	0.240732465634025	0.165085353825279	0.17929673720941	0.1010679010989	0.139069335461443	-0.0918690264913317	0.0581744437516651	0.162303090073971	0.0853097593239315	0.0294611862745078	0.121575528586545	0.0997156779128898	0.12050972159251
M00051	-0.0330939982966718	0.334446189859367	-5.17204188364236	3.91199537817085e-06	1.42691634695576e-05	3.25155466285125	-4.84560148667541	down	0.359327013630507	0.34629959208917	0.35725806696584	0.365130167509872	0.295834112073986	0.350008410648128	0.330935162333604	0.360104006875143	0.304854693887797	0.3586199398812	0.333414878467415	0.343978736879335	0.340996962684362	0.36121203812613	0.340526595794017	0.332367519924926	0.351495358856806	0.347343246669754	0.349024336049616	0.334652518343618	0.326181782489388	0.341219977750905	0.326389139864563	0.335802142518671	0.347854097417378	0.349563935824254	0.343191691691093	0.296934774785551	0.335106186016693	0.342879599510747	0.341717584714036	0.335944501986358	0.345468221254124	0.354383443541681	0.304473612600561	0.35274347576736	0.351268663466444	0.349671432053536	0.353337634432327	0.345084325371173	0.312847528272868	0.318805289924785	0.289971645073515	0.300126953810985	0.31749470331539	0.288297199039992	0.312208650170536	0.32204052359364	0.301991223650111	0.315926195368477
M00914	-0.0514539465754315	0.237446289894992	-3.43138477849603	0.00119795453374638	0.00242313530689609	-2.29694529384191	-2.61562233435707	down	0.224981470885593	0.137366153047798	0.293642611860677	0.264669507716318	0.298049270168422	0.208067517260152	0.268295709486155	0.265402776895126	0.290586108843917	0.275652534004824	0.23301937863951	0.234118185803938	0.28477849005718	0.185053779324745	0.199550576350362	0.229098925915128	0.192627526277623	0.312821059121164	0.214606025240533	0.211165936955983	0.268553218271825	0.181372942249493	0.270546397656167	0.265157762958422	0.291006883077497	0.296379446924184	0.268181102539224	0.225105247928361	0.260658367011902	0.287723981105594	0.284908381291517	0.251383100501259	0.295805827183109	0.250005794386056	0.249233830430489	0.208456868238431	0.222517227344703	0.256506441981139	0.179431803473264	0.272994999995333	0.184905720868424	0.192263219569053	0.131262387734302	0.158753295306634	0.210519580982391	0.237758687771203	0.176287127907651	0.314494227097517	0.183109706646073	0.173477372463216
ko03022	-0.0978362714453738	-0.146668825284679	-3.67255727989568	0.000575322475375537	0.00126741832446591	-1.59851508474547	-2.89708001809061	down	-0.153153641825333	-0.0485404551036397	-0.146158063200572	-0.117675315502069	-0.155441632171876	-0.176566573931849	-0.143235518357199	-0.180634877341846	0.0314146857838828	-0.160271046635837	-0.14679872139545	-0.148351424820168	-0.112447074067992	-0.106578460318236	-0.148394428636511	-0.134405313514122	-0.142904178919227	-0.157539770808445	-0.148482482605824	-0.174814372991729	-0.133816560480647	-0.212329540455041	-0.178223024379937	-0.163353393952743	-0.174872625782702	-0.171527657351546	-0.17512243059722	0.216723231446902	-0.160931484961297	-0.1679602150663	-0.13992801126379	-0.0977728110692867	-0.141996681433288	-0.160874826358313	-0.111499979080081	-0.144443184510282	-0.129042692873288	-0.148771516587963	-0.185497137996322	0.168156369293024	-0.238616040183057	-0.205929507114031	-0.257324718730058	-0.246705007376884	-0.222075593766283	-0.214860806268358	-0.228656479815459	-0.160392739483952	-0.235324853626124	-0.239492678045573
M00620	-0.102314297158629	0.32631255320763	-7.69356008483655	4.36017652967853e-10	3.40399746615253e-09	12.2883049258231	-8.46801077186488	down	0.385786400971303	0.277935629999453	0.371581495883152	0.366971094577182	0.331052610007031	0.368231077547831	0.359981088387341	0.364410262226036	0.323124153151554	0.366105799498521	0.348720257057284	0.389855538202627	0.368988986661842	0.331328574810798	0.34940245267011	0.315554216623745	0.362321046080321	0.355372474946302	0.352873447794891	0.367339203050457	0.345997734772337	0.351548600085794	0.378981043143803	0.313878465050536	0.372187438308361	0.351606061159869	0.331584424625126	0.237077671087549	0.314354862474038	0.340757888586254	0.373602556419469	0.373307761363937	0.368417537460466	0.360574173468862	0.274029510943569	0.360239439361173	0.374878761068575	0.356551230776269	0.326897368596226	0.307608166674218	0.266479740962005	0.268092421253441	0.134454786676497	0.221456971046649	0.311265687371825	0.214308514611453	0.191394468050199	0.314586454768581	0.257660093931955	0.26491201613466
M00949	-0.0856764837876138	-0.0476255655703842	-3.56135471692764	0.000809271447842683	0.00173973813666664	-1.92410243562721	-2.75951611629165	down	0.0302513074001016	-0.193524897730852	-0.0315576146103546	0.0131042235276055	-0.0742793406340927	0.00765825884265142	-0.0116517671099421	-0.0430794306406161	-0.0675706443744526	-0.00114230071470258	-0.0671144500550385	0.0296949408802014	-0.0738421479370403	-0.0663798538295768	-0.00736862195720359	-0.0172199282009138	0.0179735486922489	0.00431631515823103	-0.0459465935344152	-0.0142887957833912	-0.0640761626420289	-0.0580920164182926	0.00892732447846479	-0.0084566098767749	-0.00667189050018545	-0.0421186852620448	-0.0091529826757991	-0.195287845734794	-0.0158028830449228	-0.016170620570088	0.00814035222320838	-0.0212255501227537	-0.0169243157662393	-0.00600787172969179	-0.112770554532165	-0.00618761473202888	0.170667479701469	-0.00804803286011448	0.00607561570604594	-0.214460095544171	-0.0691763228751726	-0.138372523880999	-0.103538663499393	-0.0295251587544833	-0.00039916264710618	-0.230896443175748	-0.193826221931439	-0.231074079041545	-0.125100575119786	-0.0397583750790809
M00072	-0.186874220619852	-0.0912896247867048	-6.94569582046201	6.59605126569108e-09	4.31653354887137e-08	9.57754468851661	-7.36486487932526	down	-0.0787765544864551	-0.111808088488845	-0.11936321656115	0.0184854350733923	-0.118133907930862	-0.111154831564264	0.0203794234395166	-0.0888719963491239	-0.0334189747691663	-0.0876501059808785	-0.0447198669588285	-0.0819528837376264	0.0291892759839908	0.120660607547363	0.0221590364581481	-0.087625769727274	0.0380803229430347	-0.0869279554326253	-0.127505979473475	-0.0622373903052132	-0.00337805123411408	-0.145708672187796	-0.108369851383476	-0.116523898205215	-0.124148883339621	-0.152301505584589	-0.121037633403697	0.217977542497358	-0.121014482019068	-0.127306985533336	-0.0827011102526897	0.046531493054412	-0.110922039213304	-0.0984866547244926	-0.0362691285597424	-0.116201735098527	0.0554308550866917	-0.122245605753673	-0.0177419976052949	0.119020537271142	-0.237846806650507	-0.233634389877181	-0.285222244571985	-0.280677116299819	-0.219332295384428	-0.252853477245244	-0.253943713666755	-0.150203437358249	-0.244344202896672	-0.249832328875028
M00967	-0.174575987642619	0.239632660403994	-4.95587895709565	8.31721387140279e-06	2.74160012798092e-05	2.51098882422081	-4.56199588830484	down	0.246757681919584	0.118153473993637	0.284696760069444	0.336955621128106	0.314431821787719	0.28090880383733	0.348145118190527	0.35260878717402	0.182153174818483	0.28261741154306	0.386638775038998	0.169731821063261	0.436449641234185	0.175115360541776	0.355291718205205	0.350088254548498	0.312926330722787	0.122932408786626	0.387952431201466	0.0998518259808727	0.390701283996232	0.217152284564504	0.285393642972347	0.200141543463955	0.279789193695156	0.260030181408157	0.240340031849663	0.0572845389776515	0.210664051104915	0.236081890859289	0.396835055808407	0.279509344143573	0.442042384162644	0.33044379869109	0.0126306477583614	0.375552987457298	0.400933727252729	0.359385111977139	0.257915569295455	0.204679826076573	0.203414531578928	0.14477578177842	-0.100749152098905	0.0830159831841318	0.194923092613289	-0.00241712296325754	0.0903627730974487	0.0659244252083528	0.173995908780146	0.146472481720438
M00617	-0.122846489757173	0.156239658169445	-5.18397703336345	3.75150685620622e-06	1.37968640579485e-05	3.29273926693279	-4.86021961483754	down	0.10935202418065	-0.0812871183526816	0.234641330379699	0.187103152261684	0.271440288688229	0.153073796465698	0.16811729407121	0.211051194949046	0.25027466125478	0.22987052610272	0.217766126147524	0.154658141624048	0.273136055062942	0.181624572850621	0.0992342228721972	0.106247049456257	0.100403951280899	0.20815819722616	0.120921224506121	0.133339307126139	0.218311789644445	0.0500862262541932	0.215957159763319	0.222595458230032	0.223864639085143	0.221373023379424	0.175514481421	0.128975872247211	0.216008247312162	0.200772443575855	0.272304203735378	0.231030417114637	0.260984961370433	0.148823771976222	0.186132692633106	0.235171578361658	0.194751050927763	0.207652838385423	0.0717365981414427	0.221184793122381	0.0341010956535009	0.0834703952706462	-0.0771135831479972	0.057436293746273	0.0909628791722017	0.117212122764363	0.0342963208815583	0.129581062535798	0.0495136004921043	0.0601644762686168
M00621	-0.0725389568938051	0.442758019992739	-4.56490265824439	3.17548863972833e-05	9.17592496544874e-05	1.20100758824725	-4.03735014646084	down	0.476746513941633	0.397506545575023	0.47827626631406	0.490708118637341	0.431143118889803	0.480663966831837	0.473445137845977	0.466702858489392	0.403833473968656	0.485264571975041	0.474510100011788	0.469822070536277	0.496284585575832	0.477539359756992	0.492211474209347	0.475715366943727	0.482592728868493	0.452177899898959	0.482130403554123	0.490625802247639	0.474864633857803	0.460529483219259	0.479639211870411	0.424310818525247	0.472643218199396	0.443930771966472	0.442187216934047	0.332966264815987	0.408392197893047	0.441442258809092	0.494231828812888	0.482115728005727	0.496651308800273	0.490690053718216	0.301844322285342	0.489239186401745	0.4908355883969	0.480988725471094	0.466668642674316	0.338560630130802	0.391286791537051	0.400087065166419	0.317213269341977	0.342437154396144	0.419393993588052	0.380130348941055	0.364283612258569	0.467610114979437	0.381107708169872	0.383718486398374
M00836	-0.112948188005514	0.028585945998379	-2.9188699243108	0.0052144947971283	0.00931907704707669	-3.67793653284198	-2.0306270976471	down	0.0144363809776223	-0.313881181397516	0.125580420897174	0.0734822394936379	0.180350500786096	-0.0632513293286335	0.157582357343833	0.0999271176503895	0.160999308580875	0.116145140506227	0.0998516050987365	-0.0741623873659884	0.152172063042849	0.0558795096862445	-0.098219482637952	-0.0748178940491483	-0.106904946189819	0.127271982404353	-0.0688200078982363	-0.0686069682262094	0.13265777628571	-0.146776140193012	0.123500680288906	0.151241066315317	0.167244570468773	0.197413070762874	0.134089848230459	0.0169007066129491	0.0755603462065615	0.176331958749516	0.162073943387122	0.102447666804155	0.19470186532293	-0.0884852083930294	-0.0626251410397355	0.102221515237612	0.0483231527647425	0.0601683649078695	-0.108722127361626	0.113740999246644	-0.0739075753042527	-0.013507017442824	-0.239104256516066	-0.0564101312514309	0.0116190213426864	0.0350902312839866	-0.0944807650624591	0.012681850849367	-0.0684518388326547	-0.131255563126675
M00081	-0.0346801394077456	0.271044260082479	-2.47740229485339	0.0165845313442021	0.026934731562664	-4.73759970327407	-1.5696873483688	down	0.234934456210675	0.311363941331182	0.288933793598578	0.253393321356937	0.17959286624574	0.282489743330792	0.290332093708629	0.328143867055024	0.249692481598935	0.279918906984845	0.3067989285904	0.254820510238278	0.261250708320935	0.273800815184818	0.271041608566397	0.224295220897054	0.270287003749716	0.308483401435188	0.357175219179637	0.275131220390334	0.264935691452616	0.277783866967438	0.267993017984505	0.269989722319849	0.314326356147462	0.325645066175931	0.289685693465214	0.208712367101649	0.324157594498636	0.316245140239082	0.295955907513767	0.243792687341971	0.316245680672439	0.288820424013574	0.281442946799876	0.272505788319602	0.250816423819948	0.268033030276876	0.329758943229849	0.210485062246735	0.212688489159244	0.285018445968848	0.181312359822341	0.163318228805603	0.266307970278183	0.3287514480932	0.276021175371466	0.23050957107923	0.268052270921916	0.221021526062791
M00934	-0.0839763885637907	-0.147179600947008	-5.32097809014172	2.31555059489592e-06	8.96017404111901e-06	3.76752132503827	-5.04768355458302	down	-0.0802092570509082	-0.323744666094408	-0.141679251014746	-0.149830211104927	-0.12963712907247	-0.110631875394863	-0.160684504692354	-0.0904561309846162	-0.10484958256931	-0.126196522803248	-0.107273188322527	-0.0970332887117475	-0.0646196622318071	-0.0687439382626663	-0.117226370744205	-0.0973200059008493	-0.124762936857739	-0.102685713296898	-0.0934288440487531	-0.0933878844503099	-0.0921543690850201	-0.159701474329719	-0.142867079369597	-0.0927619007430472	-0.161094100676785	-0.165845414096186	-0.114098450164346	-0.161133768683666	-0.141023897439657	-0.151960110223969	-0.10665879434588	-0.148437584757861	-0.114645916042288	-0.106863592338096	-0.149461574718939	-0.117144451547319	-0.156916221635587	-0.147290716001454	-0.150485564680017	-0.250426984881226	-0.187228057465	-0.23636714955325	-0.2508775404641	-0.25796355099476	-0.23379738791332	-0.140129938641458	-0.186059534044115	-0.187726102520523	-0.220854154805294	-0.24260370157859
M00092	-0.146611019065926	-0.157977876705826	-6.73436042799164	1.42352519445545e-08	8.45164078686209e-08	8.81152702973581	-7.07305896968868	down	-0.143089653218366	-0.109466502049942	-0.204019759845173	-0.0424776680118029	-0.18349900102517	-0.165435818111755	-0.136630330303395	-0.199350365622657	-0.216471477771881	-0.0828912486271372	-0.147536473592112	-0.0954768239709089	-0.0393937236307252	-0.0317758124874316	-0.0796266158121383	-0.097238086703963	-0.0676815926943858	-0.125131573243727	-0.0756933379228828	-0.068156771809349	-0.0968877462985085	-0.173174662424778	-0.211023851178946	-0.196933749314513	-0.226547538988888	-0.226916175374876	-0.219338649662899	0.0861387399690748	-0.195008648187687	-0.215201730220144	-0.139672230691034	-0.0526362601134131	-0.111055680604941	-0.141269655030315	-0.141802129810076	-0.157940211596665	-0.0873683643744857	-0.108246755356455	-0.107931925419006	-0.11236705457219	-0.274634107561109	-0.169970725288296	-0.277747037042786	-0.297448603893926	-0.284013855604583	-0.293715873837236	-0.28778213866135	-0.309730604491777	-0.268981682975958	-0.288642290228655
M00798	-0.0928397417752337	-0.0863379773987256	-3.50528511675903	0.000959327629057983	0.00199486352771403	-2.08598870952624	-2.70008680984592	down	-0.126676846896028	-0.308808034273581	-0.0637177705296114	-0.134378605485415	-0.0707643211091521	-0.0680122586692457	0.0668701221527508	-0.0203452122326711	-0.124185902944192	-0.054579316732481	-0.111348948593505	0.0174803903046602	-0.0443496981335673	-0.150991612207236	0.0115020741407489	0.00995141115852732	-0.00540311867666854	0.0524266881209898	-0.160722044877236	-0.159148828837653	-0.183499263046681	-0.02241578320314	0.075728359964283	-0.0202307670842877	-0.0619735909986394	-0.0480585512401103	-0.0290292634321239	-0.162806445554135	-0.141644531293828	-0.0325710387179355	0.0486938026431137	-0.0604025279641043	-0.12081580939218	-0.0249125887104685	-0.10985945846321	-0.0262595634422886	-0.0904744654437597	-0.0957523376528073	0.0200310241253017	-0.179346528519587	-0.133548075602106	-0.144613470367943	-0.208443249735258	-0.215207749201179	-0.100571178899201	-0.0787261335660416	-0.190760309484033	-0.0973891443011017	-0.235222965183583	-0.20161543184868
M00147	-0.103121055182475	-0.176355384556768	-5.8625798476637	3.35316345826679e-07	1.5383069473492e-06	5.67533508766344	-5.81295699857913	down	-0.121181580272789	-0.258542626752086	-0.166349880840945	-0.173313554749579	-0.155235311112263	-0.137785163552982	-0.183035389696534	-0.166377189366077	-0.208787328895912	-0.151767128420513	-0.135627790067562	0.027155500247585	-0.0564725221807316	-0.164137890305262	-0.146141572243342	-0.128500265008137	-0.0346445520966235	-0.1330061716549	-0.125687486919552	-0.126725210874564	-0.184701209729579	-0.182871538545742	-0.166104104114758	-0.160451239412456	-0.183090006746798	-0.188879414074759	-0.181123792937301	-0.273508533458506	-0.165749093288043	-0.17549823676013	-0.136064726469672	-0.1729039268726	-0.142154527574085	-0.135846258268617	-0.176344801039219	-0.144776145986747	-0.179649132580179	-0.171265415364687	-0.0903955520244921	-0.2717061707998	-0.244397645667904	-0.276976716150256	-0.219418124351496	-0.274628182988913	-0.252207883855627	-0.307152636421002	-0.263868624086946	-0.248351409458067	-0.241011388551549	-0.260509675495723
ko03015	-0.144070561410563	-0.167571286622884	-5.42248665390401	1.61654692607469e-06	6.53966711002944e-06	4.12157304543326	-5.18444435809115	down	-0.17393471366165	-0.105878767864539	-0.136796033962422	-0.0581436187066356	-0.199287534559318	-0.207199856430461	-0.108436130929554	-0.166987106766765	-0.125719819844625	-0.111888655038249	-0.184385401788498	-0.184543112813643	-0.0586782520201369	-0.0337817976855129	-0.128178015389565	-0.188293214593871	-0.0933548249995424	-0.180031181137963	-0.169334724039854	-0.167411727602354	-0.104551177305809	-0.226041816912011	-0.222367489593879	-0.219035670256816	-0.23549278224763	-0.238180151629415	-0.236720681027362	0.131777149229826	-0.222065827535217	-0.230271404068631	-0.156780033021263	-0.0452775632040256	-0.169622208509992	-0.201300354088111	-0.0710809823999518	-0.126075249743702	-0.0646695030821617	-0.113890590541087	-0.132814137100001	0.116437989241528	-0.285401788899487	-0.256605916049736	-0.31295428966739	-0.31211850095221	-0.29105823948855	-0.246645038128383	-0.261859985839484	-0.271846838637067	-0.287994998726624	-0.301791761124416
ko03018	-0.0642402058292192	0.0710002618684686	-4.74379019997328	1.7276954847547e-05	5.23009857629823e-05	1.79523778256184	-4.28149012552299	down	0.0734275850848022	0.106580430056259	0.086846259197976	0.121199687200141	0.0532243779397804	0.0574229327864142	0.0899185806143544	0.0668077787317282	0.11307965072144	0.077915396325451	0.0631613487090201	0.0659575178104353	0.121062210121146	0.123153103878864	0.0898804923420748	0.0608892427971947	0.101584344703075	0.0777625443223062	0.0686849702646789	0.0603997075135288	0.0976437098175525	0.0308028318766351	0.0472220914408276	0.0517958633434397	0.0486471450715648	0.0483810891066715	0.0464578460062337	0.246230267848457	0.0501764077376702	0.0505046980375438	0.0690574526247801	0.120256493732587	0.0667346183623458	0.0549103753182881	0.106743883709793	0.0673699010991734	0.103359426397869	0.0983090294795814	0.0586543860817957	0.211716443159019	0.014991665244343	0.0279428282361801	0.00543005647862017	0.00634649493974801	0.0162928140701991	0.0354308566631673	0.0233221844691006	0.0377774412643589	0.01743781835018	0.011108812335035
M00847	-0.120396790784967	0.17143062778539	-4.75517259721976	1.66163707147837e-05	5.09950687453707e-05	1.83335301560122	-4.29247181841616	down	0.2518764096988	0.104742150825633	0.20820644337665	0.227254809915223	0.175889099660747	0.227377228107547	0.249278006511487	0.170914606887299	0.17404530616916	0.227668473849602	0.201705255780444	0.257988181202314	0.126985294047353	0.160795183809407	0.231493086941317	0.136235422999734	0.259884425078939	0.240959343598973	0.150518630221486	0.265992674814979	0.151135330538982	0.183986126240249	0.249444317431642	0.201786372669673	0.253414651152019	0.199551023967415	0.217745944690435	0.0262465244940615	0.193022124959074	0.209052718430669	0.23356976950231	0.253453304616012	0.178792375114999	0.218308671853331	-0.0360096718886675	0.242246495090799	0.214993947882637	0.241975870164157	0.239220837698764	0.0986526695896631	0.10431339352273	0.145385095953026	-0.122254595971817	-0.0119487917201126	0.180698684684985	0.0299128576825161	-0.00784633909894179	0.22791455904659	0.0919630819612487	0.112994005513938
M00535	-0.362686544175577	0.38052374739145	-16.7141732251815	2.38195481983147e-22	1.32496236853126e-20	40.6274223628005	-19.877796456347	down	0.453521115615878	0.436114535383331	0.445919071489405	0.437793295783876	0.381943767195073	0.446653484430661	0.442202066979678	0.45847040620723	0.377186810922464	0.457515332995282	0.522608133639361	0.52536824750172	0.487779893893574	0.511133513472167	0.525306784674128	0.525224876668634	0.513835450064147	0.522995435516925	0.525450134777461	0.525429662260061	0.431572799451967	0.462435679315336	0.440663500447364	0.415009754444883	0.445269136592926	0.441013770213451	0.406749605978096	0.338841059399915	0.403214777219866	0.424361841457266	0.464839503631756	0.438972594215693	0.444945175630233	0.457052723439369	0.381053789653916	0.460340880205647	0.450660970939674	0.462201076794474	0.45778214197151	0.373009448588232	0.164023790558776	-0.0382629973566586	0.118892631400454	0.253798385347002	0.122440977531046	-0.0648437576543975	0.197891913042843	0.117871869801734	0.0382198805561004	-0.00628757271701198
M00651	-0.091672986962126	0.19929847774048	-8.17571823241316	7.66480131138224e-11	7.10590954909395e-10	14.0267717636239	-9.14838032493273	down	0.21396266387105	0.156628160109278	0.216589979225784	0.223494040076977	0.232880754012452	0.233212346442299	0.219123425581815	0.212860667918637	0.183408770615244	0.222688697539563	0.24407923396747	0.216974371226227	0.212060216858309	0.233502343639521	0.229431654288122	0.234389148366335	0.172977630318597	0.218019772548208	0.25550643588358	0.173115261360951	0.24595856753766	0.26230342530104	0.23270546618487	0.228604285410483	0.264022845539662	0.229851409714042	0.222194910457585	0.153186618819001	0.174161877759851	0.217326598565697	0.231402798114706	0.187033028605976	0.259571749943086	0.23537357732917	0.198529252548854	0.238978104993756	0.233699469214499	0.223599541830209	0.196868147862539	0.165045755733092	0.150335740024961	0.104491858545241	0.125735773611242	0.116813459372092	0.171994686138006	0.0599858296960462	0.0765481014132836	0.199405645429684	0.131057646336513	0.123232141140721
M00096	-0.0353529695017976	0.431546188382223	-4.75157823161943	1.68222499732085e-05	5.12732961512178e-05	1.82131307870622	-4.29010876264012	down	0.45417201849045	0.418257454916231	0.450015932529577	0.444500422050315	0.417946588448204	0.448814675957422	0.448091194888473	0.447378282345991	0.465827263146447	0.450796325824755	0.43613718974994	0.453763635685319	0.421873222558123	0.4280017565001	0.454225438461873	0.434867065170434	0.450704436788147	0.456659011546782	0.422899272467704	0.429735955680921	0.44389420573163	0.446134996262547	0.458212327252233	0.428553721601026	0.454635985136954	0.450536545616488	0.438123286623963	0.380752555614041	0.414869941657184	0.442721032583307	0.447360249739414	0.453356322642946	0.443404367521275	0.447147500138716	0.394752056934992	0.44681703849925	0.446635533721248	0.448868714614605	0.451030405464063	0.372197360740217	0.409779921842939	0.421379994261469	0.391686502751805	0.392830224633007	0.420090149391257	0.387472712971726	0.381166873577483	0.420515635651951	0.403061525066047	0.404654587660167
M00091	-0.112711116693849	-0.0121816246164982	-6.86013147866805	9.00640517284534e-09	5.64485958016363e-08	9.26729263499118	-7.24834685698411	down	0.0182963541546881	0.0395771172653314	-0.00955176317267846	0.0051291230099736	0.0408228914094754	0.0187844490302609	-0.0199680226394021	0.014271368187557	0.15727308999327	0.00566104967514296	-0.0645250267552125	0.0411050714767847	-0.0171737424968237	-0.00939792162382035	0.037523985562521	0.023052482293138	0.0252178660393337	-0.0458001658963617	-0.0225163538960709	0.0432435906749503	-0.0458998013197265	0.0133993848913794	0.0191364624795845	-0.042885354039761	-0.0248336022656643	-0.0355726288967226	-0.0136146479206772	0.0697110829160262	-0.0607336102496096	-0.0222467780431859	1.4561104169073e-05	0.004228192173784	0.00405948727989134	0.0290893174712097	0.138673860535626	-0.00798760892036719	-0.0198759017408111	-0.000143147898466254	0.0301232136189159	0.0987560254232129	-0.097966731543541	-0.154847403220666	-0.119854146575972	-0.154007973754738	-0.0317683540195382	-0.11355938034796	-0.135906733708969	-0.0110487476569456	-0.110456887822899	-0.0940888210645476
M00970	-0.084810437718702	0.395823373005566	-4.68409174795692	2.11862752036366e-05	6.28526164374553e-05	1.59591473705361	-4.20167663873065	down	0.44847815203188	0.366230225710223	0.454967112258016	0.440038354817574	0.328262398479301	0.438640667110878	0.46274003582879	0.447577152435133	0.294607604208102	0.446735074111495	0.405969451897374	0.468842470573107	0.410685940083949	0.438081879606981	0.442374652211063	0.406043282228374	0.440467855518885	0.464632500612329	0.405619678831773	0.407536495552596	0.389327416644991	0.412765800935434	0.456299873474951	0.380578720334778	0.440331013273766	0.405691671042196	0.404908393912647	0.335645093747077	0.357205913522468	0.410660002313533	0.442296745871221	0.466383308640718	0.414826090899124	0.429600385555909	0.224482623288861	0.446648523654405	0.403423484120701	0.451649808987816	0.466217037431716	0.353945530212121	0.273039739544501	0.339375486841892	0.290896111435695	0.319521457378405	0.371233524002315	0.328212784035443	0.286275317659998	0.450709676660364	0.274196420458924	0.346289710288506
ko00514	-0.105271392690298	-0.0335090264161671	-5.87621874535173	3.19258873333143e-07	1.47989790242967e-06	5.72390252644595	-5.82976824537591	down	0.0052508407882488	0.00976867474202917	-0.051966958173781	-0.0256780088929839	-0.0495562645522012	-0.0275638661064306	-0.0441438727285492	-0.0459273686401573	0.0977717281644057	-0.0235299818107232	0.0316907818665184	-0.0269940149001994	0.00867142400732734	-0.0510002001366394	-0.0308005840155341	-0.013808012334585	-0.0509366326764855	-0.0279314028197328	0.00533847740704532	-0.0155596675409339	-0.0563900531866888	-0.034669911202688	-0.0202482687660946	-0.0296692162613968	-0.0172288120017079	-0.0394864117890952	-0.0315752093946497	0.181455570595644	-0.0450929624464477	-0.0366130660471486	-0.044032642218592	-0.0448942215963316	0.0340880171505937	-0.0404770013748546	0.100785215593706	-0.0426534091492821	-0.0600916930249254	-0.0538681693919207	-0.0528813677890073	0.162258605529948	-0.0977907072041755	-0.117031124749511	-0.112197405374824	-0.131877131461104	-0.0987062936244254	-0.162486499102867	-0.128612395537208	-0.105169435239694	-0.103899553882964	-0.11949085950728
M00814	-0.0717767955722955	-0.25549019157719	-3.99305883823221	0.000209517976611753	0.000506714671696903	-0.62874174034486	-3.29523652072461	down	-0.214534694033192	-0.385446123531484	-0.259129985686597	-0.264685404826376	-0.250313420798098	-0.237203287134902	-0.271519061998316	-0.230525015269648	-0.288119768749337	-0.247871658403327	-0.234171568725288	-0.225109188830604	-0.254705315575268	-0.255229720921796	-0.240251393211595	-0.225436942172184	-0.245659323347663	-0.230369629962962	-0.222011919752675	-0.222192184090543	-0.247732975696131	0.0244797664850104	-0.221227506945069	-0.255295271590112	-0.231360594186148	-0.237615995718746	-0.226359548197382	-0.260301398582919	-0.175986338247344	-0.234478650569882	-0.232991656695601	-0.262505845104869	-0.239251745519776	-0.23364716337876	-0.261211219405629	-0.240513595884859	-0.26802848891049	-0.26216170409621	-0.24104027601354	-0.333677483228941	-0.302703692740578	-0.341510788092701	-0.334234663909627	-0.244346813745768	-0.323254926966701	-0.362634490957524	-0.330907967492591	-0.32386051748476	-0.314520300413597	-0.251142118546421
M00803	-0.0952258309259911	0.046437496405168	-3.44711096245019	0.00114286984753128	0.00232226978151333	-2.25228638790891	-2.6340873290347	down	0.130662527180831	-0.174484576849768	0.108254475415033	0.0324461890513612	0.0630165291115286	0.00139262634706605	0.0606057241580548	0.137163400109654	-0.0445891646688343	0.116777767902965	0.123154607023073	0.0579168721985694	0.0312625677058653	-0.0214628295841941	0.171499812461552	0.056360407457731	0.183248496818729	0.0361263658268304	0.0725804084412059	0.0763486914979727	0.0305957126857234	0.102831262363993	0.134276732350267	0.124178675964481	0.101186303014293	0.164664904462361	0.157346325981716	-0.0723426339710728	0.0753259168639661	0.162188964242018	0.0269514157755719	0.126584582627517	0.101741322182067	0.0195786880558106	0.12646970022336	0.00540666699449162	-0.0266613453166883	-0.00812608486116358	0.197921434703662	-0.149092938332951	0.0117759098979398	-0.0025325655652724	-0.0795036189078328	-0.113163922286805	0.0742502110443128	-0.0831091204657795	-0.00894975919722834	-0.0644880506461842	-0.0255008482815998	-0.00620991894779888
M00146	-0.055904429549581	-0.269406385698823	-4.37083929223438	6.08928306599268e-05	0.000166241163458082	0.567338401491236	-3.77926143031591	down	-0.231377221770272	-0.307585545948546	-0.264239612617499	-0.269461068377336	-0.255962551581165	-0.24331866767842	-0.276169351225736	-0.264380100216418	-0.294409324485437	-0.253527433199896	-0.19785697961018	-0.187156800773628	-0.262518639530736	-0.262881565827945	-0.249476707431053	-0.190400901803161	-0.254089383595573	-0.239747941205886	-0.234877704443347	-0.133208050403838	-0.27769130021403	-0.276333253424476	-0.264204490717769	-0.25934596125514	-0.276508862923125	-0.279330322201423	-0.274225939440685	-0.342912668012354	-0.263455223523532	-0.270163506371933	-0.241902084389316	-0.269121556679947	-0.246620126253026	-0.241785011390217	-0.271896186758605	-0.248551830738167	-0.273863013143476	-0.267704973390843	-0.269683507075625	-0.341074621926492	-0.320048311288224	-0.298346709042908	-0.338803405743962	-0.342186815417937	-0.32559757144554	-0.301106385365813	-0.334237558779082	-0.231510073796999	-0.317437583408306	-0.332024879096102
M00357	-0.117348421002349	0.17936228783054	-5.19570506133463	3.60013445279308e-06	1.33521070576106e-05	3.33323762962627	-4.87445019412815	down	0.153662578435131	-0.0293435273101583	0.256754239210608	0.218642232981278	0.280578461970852	0.188985055514244	0.22215971258459	0.22969662036332	0.255189003981192	0.249455607052807	0.225145083268231	0.181375391060849	0.283996118952958	0.194994971272323	0.124141646267193	0.1190617401575	0.123796574470044	0.261718758669803	0.129110343819954	0.142260736756788	0.232600831371309	0.0746149247734085	0.234144339717317	0.235407070012376	0.252495335792425	0.244000850734555	0.216421285431429	0.139850212985225	0.224828278653492	0.22707315865839	0.285750224192017	0.24970950032119	0.281777706248737	0.172295572534756	0.202479150735621	0.257282740945887	0.216933518094893	0.232019868886094	0.0996973956715887	0.222515566000168	0.0775732670733324	0.125229889022313	-0.0668976126819327	0.079808938665246	0.135860882494247	0.126693875428718	0.0548757476651559	0.13109367118946	0.0901849133593186	0.100411938070748
M00567	-0.133464785365061	0.121487152228267	-4.87133588755221	1.11437905733018e-05	3.54213343222808e-05	2.22430298504802	-4.4507350829571	down	0.0625861583626527	-0.158424530141292	0.211079115999219	0.153222957054468	0.249822801423508	0.11602654967899	0.129984150395329	0.181920173656495	0.226439124853921	0.207368536791224	0.188653808087883	0.11453378793008	0.248797132276069	0.159598510442034	0.0485990885256219	0.0532932690869971	0.0526714663047886	0.179337434703047	0.0728855521113578	0.0937237702826055	0.188809685320418	0.00188768398600679	0.190132614512068	0.203014625056406	0.198114526552343	0.195099520342954	0.142744930186098	0.100112643501506	0.196350316686277	0.172087337999077	0.251333197779491	0.204572474093917	0.23659479932949	0.110636882857692	0.16355808020882	0.20981467569883	0.161145270410741	0.176496075927991	0.0237357125583425	0.208844461217687	-0.0179738962802015	0.0441231875777759	-0.136276220493842	0.022128553608167	0.0456659777564785	0.0873622642856748	-0.0122908780479434	0.0968508518342768	0.00374363786065837	0.013819761261138
ko03050	-0.171508316318079	-0.0843770573457069	-6.78190996914485	1.19730906050824e-08	7.4000351656412e-08	8.98378914095322	-7.13076621645718	down	-0.0898069339582068	-0.0728996445633477	-0.0221412950890445	0.028961003217141	-0.117033222347434	-0.12516435950093	-0.0121421398931999	-0.0733276169015732	0.0128068548707489	-0.0237753002695677	-0.0979325294008748	-0.0745842544566052	0.028757934365942	0.0742230175370312	-0.00974823260366624	-0.0694881379004303	0.00317618014468088	-0.0848499196703036	-0.0127367857050669	-0.0392583667820902	-0.0212036070518347	-0.160118561953678	-0.14728945211113	-0.137601980490548	-0.157038969594605	-0.15908963273733	-0.159493457432209	0.170886418187045	-0.14042062002033	-0.150509741033894	-0.0827678684770213	0.0531579645408232	-0.0857647266154817	-0.111089062707231	0.0388730701260727	-0.0470244734496353	0.0137257684449667	-0.023960037575589	-0.0563961387543251	0.13707309432909	-0.226709588820536	-0.210399304893619	-0.219742765307923	-0.246588188385445	-0.231613753163504	-0.200927053854287	-0.219037708322567	-0.207289297901282	-0.216718084823469	-0.236811358529072
M00162	-0.135848559038584	-0.0156350563389889	-5.51177503738236	1.1770509225341e-06	4.94139302384597e-06	4.43447214408211	-5.30615060223295	down	0.0536353487946311	-0.247344843951415	0.0133726263090031	-0.0435404122186276	0.00438431299248333	0.0480954797120814	-0.0288466628409243	0.0129199028898023	-0.0648416305103122	0.0231942930938017	0.0581380040302878	0.118758386365711	-0.00874623618541727	-0.0067091878534901	0.053487442392357	0.0981544819684299	0.0591565106701786	0.0815588486680417	0.127015013081434	0.1549648201612	-0.0699328883213442	0.00956232276216817	-0.00222711290677374	-0.00236860116915448	-0.0370957363344056	-0.0649097206268118	-0.0276585244292441	-0.0979582642652603	-0.00476918160989751	-0.034898392141759	0.0544388027272228	-0.0020699817025345	0.0443740114431398	0.0845139606517207	0.160744034253458	0.0580854567933902	-0.0409744122337221	0.00862495784462772	-0.00779752527250801	-0.0731034842824499	-0.143109080395131	-0.156419659484063	-0.0829969243230965	-0.161931468037314	-0.118938034775537	-0.144881864475426	-0.167769828141131	0.0041957659867793	-0.132588925608785	-0.138699016444861
ko01052	-0.0364133464124197	-0.205314156424964	-2.61834853263176	0.0116007220977247	0.0195542474753314	-4.41353617087502	-1.70875889275709	down	-0.168896264645382	-0.342731262017668	-0.202476478693767	-0.205191135553651	-0.203032645980385	-0.197086949609835	-0.189545731642626	-0.215003531129773	-0.235932615239312	-0.179079904533045	-0.16029654751992	-0.173492539479148	-0.218094187169463	-0.208240561639116	-0.188410157502016	-0.167782599287096	-0.191263782430287	-0.160888690410825	-0.168224732142867	-0.161854947182407	-0.216486874144472	-0.139864728327352	-0.177745292142032	-0.193910130605113	-0.191335779920834	-0.198559221573489	-0.164014783946309	-0.286492720042444	-0.163619104810901	-0.192417693092143	-0.172129396212306	-0.218018695135654	-0.191116646438944	-0.168988813935091	-0.226654480419869	-0.201066254778863	-0.208096110401163	-0.19836066204444	-0.175829909441567	-0.299026924477623	-0.24625499113805	-0.237779199427496	-0.250368238390851	-0.267805125020343	-0.224243504906806	-0.210075437692996	-0.275929520338924	-0.130799465690475	-0.255140777800164	-0.246052075142891
M00159	-0.0428744066568341	0.376247117625349	-3.47273178640301	0.00105825471541257	0.00217015367907186	-2.17925767812524	-2.66350951057097	down	0.377603290854557	0.2730113980456	0.405194907367133	0.409321790105035	0.374577379299555	0.39688158777083	0.407150217212732	0.39991052340127	0.349451042121576	0.39756124126704	0.396422703006883	0.356755688701926	0.404768166992354	0.364151634297831	0.409856491103393	0.381972578088475	0.373226512906189	0.379886587740918	0.371198109422315	0.349863925173647	0.401088616073984	0.374576776265758	0.409259847546198	0.390461435317376	0.412521184377169	0.422415376225195	0.382397230183056	0.358457239686204	0.388391033958378	0.403465605569486	0.395362760075868	0.381916713114213	0.433285746243592	0.403505943969659	0.368936699425521	0.395325862431024	0.389009810527461	0.394871134968479	0.369802043939739	0.339063123491001	0.363707309742426	0.39249686578205	0.310172780123844	0.370023274483056	0.357581672183206	0.196086679731081	0.346818248914914	0.343599350058394	0.373306797723277	0.365682944256566
ko00511	-0.0287940360012665	0.246652294775014	-2.9708659814631	0.00451833387960396	0.00824040400173672	-3.54480760024805	-2.08405149565436	down	0.256564983898553	0.280569608416075	0.294143373324143	0.239103901180779	0.241441878650713	0.275424840380953	0.243543061473607	0.268669517433003	0.211665365260549	0.27693754751309	0.274317782985049	0.19821099654656	0.230410829624238	0.261589124756394	0.251384318812282	0.220926771758079	0.219216376055064	0.246679337759677	0.228140514297549	0.224356340649572	0.305754861069103	0.276622494348414	0.26355229576251	0.270419268682902	0.274839402735206	0.28390280747657	0.269936525869352	0.231206307123456	0.257387230063991	0.277457664062813	0.235613195626705	0.242064812360106	0.259191549757556	0.233577989918471	0.202679464472892	0.264522121138051	0.266785472411434	0.272036499534428	0.258417475764141	0.207180170056665	0.240367296823953	0.245455896503772	0.195179534368267	0.228280690875943	0.258294470294022	0.162783451686458	0.2265880833983	0.202239643614026	0.2331269927255	0.243854599449767
M00309	-0.0457357030600372	-0.0581683563455204	-3.12475930528976	0.00293266321435753	0.00557689438401725	-3.1412172328411	-2.2536075801584	down	-0.0159044202040552	-0.154427272692267	-0.050086375951179	-0.0587650175801803	-0.0307659343153956	-0.029076488787364	0.0832573818680856	-0.0645362114048761	-0.0699735218532066	-0.0531335214888971	-0.0484380592554235	-0.0155573150478997	-0.0914196930958442	-0.08001855137841	-0.043405303237214	-0.0436235055074094	-0.0416139610059429	-0.0560612178985702	-0.0720430635949636	-0.0184855037682668	-0.0547926710051391	-0.0379687405789373	-0.0130222300829676	-0.0302124558587582	-0.00439864723417179	-0.017310374694062	-0.02106216127636	-0.169395008468576	-0.0338922039672908	-0.0324864383093263	-0.00804134957860147	-0.0611073239608064	-0.0321738174607283	-0.0107997000938198	-0.110451498224015	-0.0446729506927867	-0.0586502405332341	-0.0463863449996393	-0.0628194039753531	-0.157127512146665	-0.0715324682633871	-0.0685033451040548	-0.127457212935034	-0.118629487117733	-0.0536054481070824	-0.117445662154714	-0.11319991347721	-0.110431984586826	-0.0699817289900204	-0.0967819371994399
M00079	-0.0522156752442337	0.115160235313465	-4.08207798900151	0.000157234273440606	0.000404446541509073	-0.351733911727941	-3.39313887395754	down	0.148059930720995	0.106244697764527	0.150858217278946	0.125907016872323	0.0820240924425012	0.162529338372578	0.148841884619553	0.160699844003072	0.041704235279581	0.146104484495394	0.173452423240571	0.108836810831452	0.128436478281146	0.130763301949815	0.123289590478001	0.0826859164900715	0.120574372976937	0.163793750355605	0.093231896766799	0.0977812193426484	0.125669519319107	0.15804701236818	0.15111309602309	0.138747506336555	0.162681164284699	0.155295117023527	0.12475722853412	0.0199739152799464	0.0934972879839789	0.140273788776579	0.120218735497171	0.128028021122945	0.132134939531546	0.147774927801489	0.0783735156837052	0.133110346360593	0.127882785158109	0.143227115520314	0.158181018104777	0.0893282712195364	0.0535143590708535	0.0734499046517675	-0.0142780660942579	0.116994108041723	0.118584004440692	0.0437604160902955	0.0507259976943129	0.139029774950229	0.0578084358818273	0.0942880164533408
M00001	-0.023660852444603	0.316394016075169	-3.60430943260743	0.000709765349088047	0.00154826264874598	-1.79903885282947	-2.81015536327502	down	0.330767867000328	0.325391876580162	0.31869587417725	0.318070695785089	0.312222213005164	0.331131634775893	0.32684181227347	0.330714786670244	0.315297759834264	0.318746028682557	0.32564089730574	0.322446477840158	0.316688416137264	0.318341798178455	0.316785468652121	0.318927458776933	0.314118723075938	0.337484598875198	0.325413273934149	0.313821189690304	0.31610317505681	0.345668931176187	0.331146065338251	0.329658608849669	0.326950287020121	0.323913558560012	0.333019662430272	0.26987192235937	0.322243454523814	0.334525940178602	0.320449413605101	0.328991391667503	0.326362964340527	0.326497831353993	0.302128686990571	0.315085551750111	0.319584950938314	0.318265888027595	0.339214232201914	0.277816094944152	0.296333521892082	0.307948648277086	0.25885972951993	0.282994729679254	0.310874219697822	0.294270768668361	0.278780249305284	0.353885510843771	0.299502475200913	0.291203488110358
M00618	-0.0692374648798983	0.294897847445451	-4.35159183834028	6.49179761476447e-05	0.000176149386498182	0.505158707070217	-3.75411886506246	down	0.318926062824698	0.224871637431602	0.324766283053962	0.292685288464776	0.330838678506919	0.342830201302024	0.330982915978772	0.326729598343749	0.327297325131669	0.329413092928625	0.345409773727311	0.338886251963382	0.358572181434352	0.2939821979783	0.340474767483215	0.303560227227332	0.32625153887021	0.298759453472009	0.318659653573893	0.326437484358222	0.348494256466437	0.258713636309893	0.318281492473353	0.292814569249334	0.312458497093024	0.292580747439278	0.29181881539294	0.199928528680454	0.282519110911898	0.285155076594828	0.35757040445195	0.299663076373603	0.359318500993273	0.322662672469744	0.197636505360386	0.35006301295433	0.36372293199739	0.3463312417097	0.288448319266996	0.181297606613412	0.26240817600553	0.274303396856173	0.132859658445026	0.19415805044302	0.310887806102235	0.208179206840012	0.253843019720144	0.231452629594793	0.259339904558015	0.26764690685038
M00422	-0.161759322380315	0.115330769392825	-5.09314014235517	5.15701305585691e-06	1.82132603956851e-05	2.98004163976977	-4.73961230323807	down	0.0957838184414576	-0.112714879251443	0.220002080779921	0.198620850747706	0.276575345163852	0.0967808575915648	0.135462459888073	0.226196757185477	0.265175328808906	0.218271367269699	0.234805855792136	0.140359497313748	0.31765422743939	0.14390725003046	0.100655953007921	0.138825210242848	0.0961673711795691	0.12043716460258	0.153776490741296	0.135042570564452	0.235053796755715	-0.0278350621514849	0.203522438797859	0.133895422631874	0.14972859167362	0.0822353614633722	0.0650845233017823	0.0513649878373471	0.0369372136463067	0.0764119554563089	0.290465897924828	0.228890721287765	0.266613250255952	0.114201598463984	0.0256548928121655	0.245375350531389	0.2212884069959	0.220305776433799	0.0150497828960949	0.0712748702013185	-0.0382352213166372	0.0317715033922304	-0.179141782674026	-0.113901809587081	0.0712629424089193	0.100681096547288	0.00896782761308561	-0.0339475070025817	0.00262970411151707	0.00914636139300994
M00652	-0.0703894636510095	0.235005250736683	-4.01560979394155	0.000194871403068268	0.000479103725775576	-0.558866483686971	-3.31957045181461	down	0.257685959314539	0.178826068848616	0.223482966687423	0.260572224570135	0.251849507744134	0.26684256496659	0.201526682269532	0.237748835356128	0.270687083415446	0.218775416691495	0.210219390010241	0.170758166439436	0.200025424192369	0.26188597240441	0.357064052208227	0.236609328330363	0.153683563299603	0.211589817009842	0.241224165902735	0.193539540994569	0.303127765851272	0.285632117813512	0.282677991702099	0.273527532041393	0.289799087859249	0.273343399981726	0.282238038986378	0.194389040228577	0.287606265539382	0.27802696027724	0.245056625372235	0.216172869411672	0.298602942193232	0.315155968828544	0.333429433906134	0.231723091944414	0.266368260404206	0.220097466659916	0.251339121661696	0.23041502735668	0.260913193078008	0.223184979527677	0.150284622547504	0.190046710696204	0.215047855862177	0.0249480344901927	0.166528944125167	0.1126765165963	0.244576103975182	0.19872983726034
M00143	-0.0820214672570954	-0.210306901870422	-5.43772000021672	1.53148461517379e-06	6.25239131882879e-06	4.17486184515332	-5.20395384858477	down	-0.175034294499296	-0.242818569740143	-0.209311477766454	-0.21653843894829	-0.196479934443602	-0.180616672711135	-0.225404166838026	-0.208098790402608	-0.237694917147272	-0.194775617067386	-0.173324160860983	-0.152659312674371	-0.0897776109027801	-0.082092996516164	-0.177453852964889	-0.152495436003581	-0.185237994827411	-0.164261780966299	-0.144645743472743	-0.142744774091579	-0.227501788224138	-0.223339320786073	-0.212228482506515	-0.204034648967018	-0.227485400557059	-0.230631832636225	-0.223109893446967	-0.295313954597016	-0.206394473026393	-0.218603285000244	-0.170407156120922	-0.102173798860305	-0.180813324716083	-0.171259314809029	-0.195086982741887	-0.181452443732164	-0.218931038341824	-0.211999055167409	-0.215047161244102	-0.288824438433734	-0.278532983508126	-0.307981621249078	-0.293986553563617	-0.303540563470671	-0.278338964013144	-0.29988796465866	-0.294117654900249	-0.199339855305492	-0.274288577734666	-0.22922601835728
M00126	-0.0273709885361273	0.234695205390038	-4.17913500454515	0.000114636709441389	0.00030185405740484	-0.046211979695209	-3.52020298215376	down	0.26197815541771	0.246108441693927	0.238248373686031	0.242551394060052	0.212511945749173	0.246831874622345	0.227680720412591	0.255440115841115	0.194672658019583	0.251035546021436	0.23753124673742	0.251502109440213	0.246050583475242	0.264075783055828	0.236492401465733	0.240949151207819	0.270064446000207	0.244554699362543	0.259619585605811	0.267911802681181	0.212222621233747	0.249031085913079	0.232633998028866	0.233849343586548	0.235113824692511	0.246372086972856	0.230453220671963	0.225625239295474	0.238530903862818	0.236709780309655	0.252674209388512	0.240952850237204	0.23970460296207	0.247990410866239	0.232493834775492	0.240551747917374	0.252248214042823	0.237879972530657	0.239256925049977	0.186670216996697	0.221918704795588	0.239467932285305	0.216601817712642	0.20610454110565	0.213997860650687	0.191757562807344	0.209205531522352	0.201790408051167	0.222501098779487	0.204638687901135
M00597	-0.073741736293187	-0.18981376696437	-4.26862273100272	8.54400133702577e-05	0.000229040999697378	0.238577991806814	-3.64008676941316	down	-0.127630108748757	-0.340988657038961	-0.171948394264211	-0.178747687605769	-0.161339858267443	-0.144013948126004	-0.188045516452357	-0.172112232657984	-0.213972942266851	-0.157940211596664	-0.141965968203848	-0.13528955365762	-0.169941373940498	-0.170105212334271	-0.151878191027083	-0.134675159680973	-0.157530615612233	-0.139180715509716	-0.131971826183727	-0.13279101815259	-0.189970617579183	-0.188250314444572	-0.171825515468882	-0.166664606065049	-0.189028546814991	-0.194803850195471	-0.186366172916189	-0.27832047142099	-0.17207127305954	-0.181205263512356	-0.142129806597621	-0.178420010818224	-0.148396625159418	-0.142047887400735	-0.182475011064093	-0.150731322270676	-0.185219304159781	-0.176576828888283	-0.179321121983972	-0.276723047081708	-0.249362035321705	-0.281515320099553	-0.273446279206258	-0.278443350216319	-0.256693803443023	-0.0490093918983803	-0.268490167794641	-0.320631736612731	-0.245716631060267	-0.264762844336317
ko00970	-0.0214753214943609	0.375743024513179	-4.01717652291593	0.000193891471114213	0.000479103725775576	-0.554004299037546	-3.31957045181461	down	0.37085325133692	0.33905687290369	0.383812521410809	0.379009737107634	0.391432418052111	0.36587814638154	0.384407882994456	0.37022381506757	0.392829397577371	0.379773804354811	0.389603096613976	0.375426956395073	0.395750445553453	0.386095447477802	0.372153980640793	0.369523513857535	0.376844485450681	0.383986611161182	0.368853277414154	0.376604466365678	0.387821043025925	0.358705328336308	0.37187537607635	0.387873234000526	0.388663127597114	0.391854443127994	0.389373405497242	0.379114116286511	0.390539541924052	0.396455149016343	0.392747355467378	0.390853883715846	0.378502686159423	0.379850442281289	0.379217075955896	0.37421835910243	0.388953144498688	0.377624545062089	0.358061606660028	0.387099560573357	0.361351308666939	0.36267483448752	0.337294014979879	0.361272474336846	0.369232884248319	0.337040364023865	0.348272956597792	0.380881227851272	0.363107434091733	0.364500173892734
M00432	-0.315283296228323	0.411167090756281	-16.0018483887566	1.5514040076437e-21	6.90374783401445e-20	38.7480048711291	-19.160915080024	down	0.492347671166109	0.454167641151263	0.47008662731238	0.481813516065741	0.419890256704184	0.483353849887695	0.466193359832808	0.473468063453216	0.393755690291829	0.486565239194208	0.525450159503788	0.525757369334697	0.525777845047352	0.524508915993433	0.52565495987564	0.525695923458268	0.525675462903839	0.525347790935622	0.525716404553886	0.525716398972255	0.452090440080156	0.477250320311636	0.470931487283062	0.441923166116609	0.46910457254298	0.461397421955024	0.436345529006255	0.353773312533596	0.430838828165577	0.448525475006033	0.498411368905922	0.476459286613543	0.47631239570494	0.494268827496436	0.397575752208112	0.489079411265309	0.487971571906102	0.478353430754758	0.474189510145904	0.377204746437666	0.198611362206924	0.0973150605348069	0.165698909070321	0.322298887620703	0.187829723754053	-0.00749478057729222	0.265878414482736	0.156628821587896	0.0741806228321482	0.128457516223927
M00115	-0.0272530707031468	0.373807633216261	-4.55647761003492	3.26720194881539e-05	9.38003140143772e-05	1.17325215793645	-4.02779570773519	down	0.39440537953467	0.384698412148059	0.394321197751682	0.374145589885569	0.347225624878638	0.385552828828629	0.39102618505705	0.397000966845446	0.353529636166152	0.391111018473583	0.38165470792842	0.383222175420667	0.369828293488498	0.379043342357433	0.363192571539466	0.338163348311559	0.384109960427941	0.39780357409167	0.392463972161621	0.364566478295299	0.390941117997498	0.391554223625219	0.387369102439939	0.367072359804658	0.392468837259928	0.395113151578978	0.382646806277517	0.37255233239282	0.362236412768364	0.391484809195645	0.383260635421135	0.374497337653724	0.377307244092178	0.385396909928436	0.34173586742288	0.382399048136513	0.370251576153577	0.383082167461069	0.391875072865783	0.380019618207706	0.349826372685102	0.357232047497012	0.342592110397952	0.346751778586257	0.364947241675209	0.334732822764561	0.34555718874416	0.375594228581316	0.350527985412755	0.352289990193112
M00356	-0.138915373219524	0.186968493531963	-7.09296437336611	3.85932734217636e-09	2.60212222313406e-08	10.1117253153856	-7.58467230824098	down	0.226613739975359	-0.0183403199254139	0.260219267239356	0.241540214852215	0.269738894326014	0.199225493608973	0.220736588524304	0.204205310530968	0.245546545474264	0.253845242838287	0.240791474775694	0.266065604297026	0.277831771686281	0.19494128977158	0.186202853182077	0.174522718248171	0.188298746043237	0.256694863190318	0.189212681337754	0.232399288382405	0.227236099698366	0.122235960269836	0.238895498371	0.229841354103683	0.259217444370578	0.233483890998107	0.210523348246295	0.113230817189169	0.22097408902722	0.21458897312924	0.275483131152307	0.238555345239526	0.26758208015509	0.213478164865984	0.160996969459978	0.259126029151976	0.199743122308616	0.234662599482752	0.159546285306448	0.200369256149665	0.0765479197413081	0.13322082754576	-0.0794627079322073	0.0708903652970064	0.136305218803727	0.109172029663508	0.0202861685119594	0.118567458504311	0.0802950252656453	0.0925396441624152
M00145	-0.0888470828446727	-0.155217642503011	-4.90826610275518	9.8086834774462e-06	3.16941830152026e-05	2.3493172615777	-4.49902043860923	down	-0.0901449984314512	-0.327601552257952	-0.17025145697872	-0.142952361234638	-0.150017017783653	-0.115963944234646	-0.132437155431508	-0.18153524709838	-0.1725148301838	-0.157174426173987	-0.14681643469049	-0.0976858568707295	-0.157581907292545	-0.164793551738665	-0.147874678579024	-0.114577258198977	-0.11857793479178	-0.124157937954115	-0.102467072854846	-0.0988153861972313	-0.188457670396329	-0.169126559486871	-0.127680762270925	-0.119062156233277	-0.0742357205470626	-0.133015220147183	-0.119106031950581	-0.179462614588034	-0.117444601286126	-0.13537236648929	-0.118877384041416	-0.168250488480762	-0.149342893914031	-0.134562289336615	0.0744261979771745	-0.136188008260391	-0.163122812773377	-0.153641852383507	-0.162666027652712	-0.108798766124622	-0.204057418740046	-0.213296611712295	-0.277062409619335	-0.286498161991256	-0.204892405452856	-0.125239588730717	-0.25048402934042	-0.261315795200539	-0.211335280020635	-0.228771386979397
M00608	-0.132057587858618	0.0694296568916208	-3.54676319665155	0.000846007356329	0.00180130752902586	-1.96638121428551	-2.7444121357327	down	-0.0176670098382628	-0.305893453502918	0.166559974147062	0.106877881408183	0.250765791117412	0.0771767603042104	0.162510339493706	0.164636040063221	0.182843891930032	0.146890451393117	0.14490865050053	-0.0636406459674272	0.195955106071981	0.100609280837113	-0.103090882251066	-0.0634972650463549	0.0637430646074822	0.0257307766069031	-0.0488314451195194	-0.046025275664245	0.142782914252979	-0.0912600589542932	0.157554492409395	0.174492441634576	0.183740009738639	0.182375174229179	0.144899885386936	0.0425117508153098	0.127973587190833	0.163750521718543	0.232793625026465	0.192874166320318	0.202573913262769	0.122706942978013	0.137811304614232	0.141168300128622	0.108193113953465	0.10417653204509	0.0545211365885416	0.167445194103009	-0.0610535236035002	0.00435788344562501	-0.247065809996494	-0.0374497822723563	0.0329523248643228	0.020292182113807	-0.0393584207789013	0.0577269147620793	-0.0303189047134161	-0.0622469977739057
M00375	-0.0477209655714272	0.00924967842836397	-3.26048679784297	0.00198380850636159	0.00387190695320573	-2.77386266954494	-2.41207508788091	down	0.0735961911356206	-0.0706191807542027	0.0468223471366986	0.0165297731082761	0.0214455590529029	0.0373066953336156	0.0147903363844677	-0.0106614237856494	-0.00794184842858077	0.0360350168441077	0.0450262433628853	0.0424035800021497	0.0112174700659761	0.0305737298085178	0.0162190363369621	0.0239015089706249	0.0239380936628628	0.0331208974101045	0.0522760768050791	0.0308349743017789	0.0183196993967359	0.0202640334545916	0.0797634606902019	0.00578687237348214	0.0902052894068712	0.0106842304707609	0.0214217829399512	-0.0902373783590566	0.0432903200403064	0.0164675182394112	0.0267332308241698	-0.00379733179939295	0.0290149388934656	0.0161509790567384	-0.00546762245975415	0.0248706716197286	0.0135117081042619	0.037996443583842	0.00861939531677121	-0.0786584568413075	-0.0288679855452302	-0.0492698520248848	-0.0868554843469388	-0.0804538297597271	-0.00455271255296699	-0.0146996166427939	-0.0682968324794832	0.12595521489605	-0.0414517826831273	-0.0407780591486757
M00094	-0.0805169507509695	-0.115097373541884	-2.83637450214416	0.00652647672228029	0.0113893417310382	-3.88569408461333	-1.94350137608237	down	-0.159337169288902	-0.0157466901798598	-0.199873003974946	-0.206243213468306	-0.142369775485632	-0.174289751057882	-0.0420245124995912	-0.200180248805815	-0.042595818319558	-0.144798570342875	-0.058927150727208	-0.0702933054774734	-0.197783739125033	-0.197927120046106	-0.0522559764206949	-0.16609655556803	-0.121870188643901	0.0465005721122242	-0.163536181977451	-0.0454850221884929	-0.216710020706592	-0.0742719541330145	-0.122557166987797	-0.0155069922799093	-0.0331780584603775	-0.145303119700156	-0.213309844578303	0.136198838652588	-0.0194860440901592	-0.111289556981351	-0.106594755742439	-0.160231211587943	0.0560576297808336	-0.0451779720937008	-0.0641417538264119	-0.126438278622392	-0.0936203968703904	-0.20435877850564	-0.152628737060544	0.10792225961163	-0.150677440445755	-0.176882797980439	-0.204140249187742	-0.231320932411783	-0.116840635391557	-0.134041327753198	-0.208000858301609	-0.139389565645789	-0.231436445331601	-0.202379088977123
M00073	-0.143228825417031	-0.0932537384384332	-5.50217023029467	1.2179786780916e-06	5.06542534346506e-06	4.40075043046067	-5.29538408109068	down	-0.0510766192585686	-0.0292262129782632	-0.104528895226838	-0.112270259332587	-0.0912170257328248	-0.0706962669128224	-0.123943744888876	-0.103709703257976	-0.0178112148719464	-0.0874077830776147	-0.0680338930140197	-0.0602515693098272	-0.0140598575700099	-0.101334046548275	-0.0799940957594102	-0.0596781349316234	-0.0870801062900697	-0.0647980847370133	-0.0563194478592878	-0.0579578317970125	-0.125868846015703	-0.123738946896661	-0.103996420447078	-0.0978115210821667	-0.124189502479535	-0.128940815898937	-0.122469199344924	0.235111324012286	-0.103750662856419	-0.115137431223606	-0.0687302061875527	-0.111819703749713	-0.0756523783244397	-0.0681977314077922	0.199647946540084	-0.0795435401765359	-0.119970663839894	-0.0487196471797825	-0.113458087687438	0.154311893399591	-0.194680971400142	-0.23314203433823	-0.123758873868982	-0.23129885240829	-0.205494305389125	-0.268531127393084	-0.218232740504935	-0.197933855823132	-0.190707890351159	-0.214587336243497
M00898	-0.0774770832685126	-0.0543069893416157	-2.9828559456135	0.00437059910824002	0.00800377202949304	-3.51387348352815	-2.09670528981883	down	-0.0449467866761131	0.0710717153675169	-0.06975227196085	-0.0759556501483945	-0.063153330779736	-0.0589869428980708	-0.0849148300530548	0.0112788551149635	0.153952969659802	-0.0618139403502983	-0.0647021177538562	-0.0738091791635378	-0.0629919799119358	-0.0582977472716696	-0.0708121420145612	-0.0633589782697245	-0.0587905867441464	-0.0680654961018768	-0.0615067670385054	-0.0561404545637416	0.00292248496438246	-0.0885861380463463	-0.0874926628366709	-0.0690329737974028	-0.091417820534805	-0.0830844961608853	-0.0784929918322406	0.261861327201581	-0.0694343992135983	-0.0781648471070719	-0.0526573251813669	-0.0874315907096076	-0.0722564026376877	-0.0564448131538825	0.0173910131289369	-0.0588111522673812	-0.0750784926671681	-0.0854758219433909	-0.0815412964669212	0.242461153302791	-0.0919586465264353	-0.127031434163883	-0.142952984659631	-0.110352873562056	-0.0919364156536455	-0.187063609547017	-0.106401917626822	-0.113299018263018	-0.0946262397945483	-0.0972634197672011
M00055	-0.148570362757268	-0.133234666359661	-4.97249383378498	7.85117534206382e-06	2.62689701294617e-05	2.56753381057771	-4.58055695332201	down	-0.184346687408299	-0.0474887702904386	-0.104952713671618	0.000852501153120687	-0.146997378239867	-0.207595265616438	-0.0585835286958425	-0.0937639130053045	-0.0559607055224109	-0.14691114382565	-0.200700672523383	-0.187047366888637	-0.00969855632049213	0.020731166787899	-0.125210607283791	-0.191630377452133	-0.0456753291542293	-0.194824070965719	-0.151044870829792	-0.181373420831607	-0.0384104345895188	-0.223222881132532	-0.159908141215852	-0.154798568019958	-0.157477015168515	-0.176864977792591	-0.178574559220799	0.197131093986893	-0.167327713482092	-0.176597159618849	-0.149035870187454	0.00378752438195215	-0.135210535670189	-0.174545892013217	0.0104698824305162	-0.0644943336570138	-0.0339391936760121	-0.123856442457548	-0.0846276557544393	0.158900831113548	-0.249482793369899	-0.258639175618659	-0.298415156431489	-0.268337350801354	-0.225285633627511	-0.250380894990211	-0.241553909753724	-0.213681702568077	-0.262802218347157	-0.252330730146673
M00076	-0.105673775296184	0.255564312220545	-4.69097637815157	2.06945915324406e-05	6.18059948452086e-05	1.61885068600443	-4.20896939866643	down	0.30029172396039	0.324774619881099	0.317116512228224	0.211426231682038	0.203022624042466	0.316608580767568	0.318844567874733	0.37201727247977	0.195875601992422	0.323563781291954	0.287841503256994	0.244569516869405	0.178613080613903	0.300337718840987	0.286858729663978	0.248617801293067	0.308649725493568	0.331872610327893	0.2975902871594	0.326509853770797	0.296437042646038	0.422277713090882	0.32355922897637	0.230282295630147	0.276935042665575	0.270034565376331	0.227636897426795	0.068726323797891	0.203851286281247	0.246290431960778	0.284050892977477	0.247856561533351	0.261365507685213	0.337518662553968	0.209374778029915	0.311144216998059	0.258734022239064	0.323620625958664	0.362262692443232	0.211001559429613	0.191310456227829	0.202552214879716	0.0516126889838568	0.0993633531822095	0.276053954122674	0.0926504537902966	0.156859010975744	0.246755737780455	0.183545674689566	0.209549375203626
M00090	-0.150150954465654	-0.0512944908952441	-6.44789336006031	4.03466885726969e-08	2.27269321706963e-07	7.77547565832768	-6.64345918421599	down	-0.0687938447763986	-0.0268887992650342	-0.0760869913911339	-0.0426809723252501	-0.043522546934829	-0.0374292689370108	-0.123820866093547	-0.0255740736862998	-0.00456501341473422	-0.0630399237559934	-0.0337916687155727	0.0204388396231162	-0.0663955090762949	-0.0705324285190499	-0.030432981643237	0.01904621327605	-0.0454651542718615	0.022433956013463	0.0414511136244358	0.0487419221473109	-0.114434073166485	-0.0393227615988348	-0.0589217288819667	-0.0495281836122485	-0.0395320693704675	-0.0427965517321823	-0.0920620845137376	0.175466457112731	-0.0435751913900888	-0.0778307241062213	-0.0258455066176077	-6.04157509929619e-05	-0.0475950533909036	0.0389292472557976	0.210581818175035	-0.0467758614220412	-0.0895749632355864	-0.079800630451502	-0.0086216457332809	0.187635920467925	-0.135562474518751	-0.17395350693829	-0.178661111680684	-0.172127124138645	-0.176461605135976	-0.246662919215532	-0.165305834443066	-0.161606305150761	-0.149984370705884	-0.153827292750086
M00609	-0.0759006928023186	0.268509714553442	-6.96280042669318	6.19790075851513e-09	4.11651617543169e-08	9.63957791180752	-7.38547017373311	down	0.310824738496731	0.259696084636753	0.296418651297631	0.289379027371427	0.266167379452873	0.295754043829075	0.254102069568998	0.312240022143134	0.24545608097964	0.308153232125948	0.308098201385641	0.269613792212393	0.329029012302443	0.28925742063385	0.313906178619747	0.329129044158801	0.306652566263941	0.304909302099361	0.344439582136333	0.288302849058013	0.26448457983011	0.270137864881974	0.247063850356262	0.270066391757639	0.227855344944296	0.246570550920103	0.248555153447069	0.226036003973807	0.275385678891921	0.253095275993665	0.321419658673846	0.24997091682302	0.333021231077971	0.318434610018142	0.292617411038469	0.306331897108138	0.315826129577444	0.279537027330502	0.261310853536999	0.218344415602117	0.234132177956441	0.211725342994092	0.227733263343154	0.208821899721454	0.200707832160835	0.172898981323849	0.211060063921345	0.192746865619401	0.222030507667956	0.196034668407344
M00358	-0.122503289297986	0.121288657379198	-4.1074817684251	0.000144796485457644	0.000374618814120066	-0.272112857872519	-3.42641041525938	down	0.140651073065018	-0.118989450096443	0.189558862762081	0.142414150934419	0.23467814186483	0.180935341248819	0.161237100981398	0.223063126440396	0.238110664804454	0.177881447490526	0.218502740412529	0.105804482945802	0.236066173889224	0.145189018054416	0.0672437956955815	0.028622265637675	0.0609343714252635	0.123533773148773	0.0510980806965047	0.057334406239094	0.20785087965695	0.104891167271321	0.214111752769392	0.190568459401956	0.189898427486888	0.169315192051443	0.159329509539386	0.0734456553998342	0.174372431092002	0.162766376403667	0.233386971469244	0.199864349523592	0.242581391287139	0.0674177861922305	-0.0232789470741178	0.163463573739731	0.180919879140489	0.224107245068891	0.0890681291975788	0.143622812293832	-0.0469554938354668	0.0125622150280645	-0.0773884175328686	-0.0806463835723907	0.0755269665273944	0.0978269517098158	0.0261173509206546	0.295000623324184	-0.0153241596323337	-0.0538593935289597
M00636	-0.225574471518398	-0.0411107912269429	-7.94874190382272	1.73443516981822e-10	1.48427625109443e-09	13.2098315418992	-8.82848526134774	down	0.0117742678864817	-0.0339840600059646	0.0386960190451648	-0.0262502592611392	0.0909285631573797	0.0317876346108063	-0.0478421154563937	-0.0221723944994498	-0.16554001899846	0.0556786812747392	0.0975138561485215	0.025966525418623	0.0422696760274986	0.0865865149406573	-0.0907630941170097	0.17094604863683	0.0806289402108814	0.0897136887502683	0.191587214507838	0.0565761697316242	0.00634255934998536	0.00338423770094516	-0.012356261885296	0.0236767863453262	-0.0247884322155911	-0.0337807078921474	-0.0191277179744279	-0.235220379418344	-0.125423009989082	-0.0242582879851631	0.0885235770979054	-0.0125534708721533	0.0659387240638074	0.021435731922292	-0.11568873574416	0.0707481203154041	0.0690601267306033	-0.0271076873991474	-0.0158638502150474	-0.226879056875136	-0.214948835241628	-0.2512475178216	-0.209939908776597	-0.246773684709035	-0.225600818842974	-0.217443504562737	-0.234335445396078	-0.171996473242539	-0.209770332444666	-0.23364716337876
M00140	-0.0523492669594784	0.387786752187961	-6.88428118882074	8.24846763112103e-09	5.24366870835551e-08	9.35484597484287	-7.28036475456358	down	0.382611985641923	0.354107263032152	0.399597743164295	0.399916520156642	0.39565551551232	0.40828638942081	0.400118907270777	0.40203889163626	0.395437514172144	0.401356956120678	0.413178263874358	0.421399524498829	0.402127747328796	0.395523605203579	0.413358725506902	0.417554067414723	0.398599185174595	0.419299505714269	0.401521024682135	0.399427358919633	0.396767667139723	0.389026994719625	0.401102338222008	0.387245709094018	0.394513238284182	0.393012605544759	0.387937875987138	0.37369033185381	0.400926820735433	0.392019820457876	0.402771914457268	0.398490150005948	0.410956004964548	0.408275650462427	0.395673413887253	0.408350634347315	0.397214130382813	0.403619276539972	0.397818490359827	0.369734461302523	0.35762273035019	0.358572329947452	0.286959804221696	0.349727051537476	0.371107096951355	0.278556821449451	0.335557560701379	0.402315122777611	0.35679269890137	0.361862169365808
M00968	-0.0721845263372849	-0.0158178470892989	-5.81783181159108	3.93845045128759e-07	1.78837801104386e-06	5.51614388548808	-5.74754067862788	down	0.0436689043312784	-0.0958559057778475	-0.0219961512605938	0.0552157828231013	-0.0337170665447266	0.0182538421965946	-0.00789418662498153	0.0255654855281071	-0.0760126252864713	0.00276772472655699	-0.00243179090939364	0.0376454528358624	-0.0219912904518248	-0.0207510197609559	0.00175980123940729	-0.00603174230509855	-0.0311724477389168	0.0190915589565643	-0.00124116808884514	0.003022595123938	-0.0510918526062206	-0.000772146058646861	0.0186424262465042	0.0125239564234954	0.0311712254357854	0.0647989344921409	0.023830740211304	-0.0401414853869947	0.0394071756802761	0.0575902297047096	0.0111950743437565	-0.037982684669851	-0.0223244879568038	0.0205106625003152	0.00260491111066836	0.0106702047280805	-0.0217240033345299	-0.0179598363111627	-0.00728109046228734	-0.03680137997597	-0.00545397114424573	-0.0440694613556117	-0.123561937973973	-0.103987953290002	-0.0618123515415232	-0.0860946576344131	-0.106374212169194	-0.0630039618490071	-0.0434318097625813	-0.0978643648707169
M00972	-0.087222654640941	0.386435330236221	-6.29473327855931	7.03495626427159e-08	3.68300651482454e-07	7.22328011345454	-6.43379751292629	down	0.425194202967244	0.372028815192636	0.42924150378966	0.413973678925688	0.354802398590016	0.419667161508351	0.43946426426902	0.429385431915878	0.315431034694767	0.422111518946515	0.390377383314722	0.445399975905986	0.39595744289523	0.417868119403809	0.425958833225328	0.378711537630452	0.422809932939612	0.44258315000507	0.34598281581486	0.397939446010047	0.372345802396942	0.396807374959253	0.436960044928176	0.396658069768008	0.431649450609292	0.40885865546634	0.416256182960372	0.389181631541487	0.390200772669799	0.414868238764456	0.426040888588862	0.437734997596484	0.402138932210029	0.41079895249823	0.266770132042103	0.423723663945454	0.390555198914764	0.430590338956654	0.434629274686283	0.393537195128507	0.279881896761293	0.338505076566763	0.262466026715173	0.308789143501968	0.375364761084919	0.285511181686069	0.272208355667702	0.420125563575111	0.280900420947475	0.342819638728213
M00705	-0.169816994603287	0.237310007039723	-8.7728883561519	9.10827590252921e-12	1.01329569415637e-10	16.1598177936059	-9.99426380281201	down	0.258826666872491	0.153725984547142	0.343252725874387	0.199515074121733	0.337665429129209	0.311297467233048	0.235028257904501	0.220983635607727	0.298749710649537	0.332119384398452	0.268422441753588	0.293805849966522	0.22712534228902	0.314306715682581	0.308937478116594	0.314162993725582	0.158127707246076	0.220049973108338	0.364930443618889	0.3375982358023	0.336953662655086	0.261164067073295	0.245160956382444	0.257949404851077	0.191924100964824	0.280352665710792	0.243886971617746	0.254733259215718	0.297569378365425	0.26084022733809	0.321784534006436	0.117073764495464	0.305680149942305	0.234549358717164	0.349558864464336	0.279099010453976	0.330995319775422	0.297367176058812	0.246276708490114	0.239385140188976	0.13921782327583	0.120992930187097	0.0409547144381301	0.116132760975667	0.11453010573793	0.110117766039393	0.116636841103478	-0.00372038665223492	0.144612969149349	0.115088589316291
ko03420	-0.0861402093452377	-0.0231301277722468	-3.99864643587974	0.000205792732584893	0.000500424950821188	-0.611447403818987	-3.3006610448343	down	-0.0343470221986885	0.0269048313530114	-0.0349933061250189	0.0530770150451516	-0.0403734745232394	-0.0519753948202391	0.00367020909244085	-0.0435641193801313	0.0895138369724913	-0.0150870288279784	-0.0389636594561336	-0.0417194519458853	0.038414254675398	0.0526427444964324	0.0102269929847021	-0.0420774276220599	0.0178191926378213	-0.0387177100967808	-0.0301560439065062	-0.061754453622677	0.0190303074760115	-0.085472665209375	-0.0579838113064233	-0.0464947368189286	-0.0561047874620006	-0.0566376771195032	-0.0582272902447302	0.254016027395353	-0.0484912552064485	-0.0529410443277781	-0.0368710476401616	0.0542679399019165	-0.0292884106974301	-0.0509646381071427	-0.00617263126983089	-0.0181726080155658	0.0324880702132942	-0.0168128217116654	-0.00645864304521971	0.212668302335549	-0.1012502886576	-0.076489435274858	-0.115050263414513	-0.111368342862297	-0.0937938444832748	-0.070700228654508	-0.0823048967752502	-0.0659325342121747	-0.0987049156728009	-0.104828202477093
M00377	-0.0913972379805163	0.264054049907452	-4.76678693166768	1.59678704525391e-05	4.9345155217916e-05	1.87228107158277	-4.30675548059134	down	0.296538525778277	0.180305755181447	0.301278286995722	0.259849670467766	0.305694943491307	0.321631277216927	0.307033059350185	0.308437279341712	0.306284889845312	0.307479344526991	0.325010367097558	0.315733407376764	0.34754421843556	0.265826155345506	0.316707008289352	0.2732671127455	0.305214621169846	0.267728573683414	0.311719346312337	0.3051929013534	0.33238039433998	0.225460081281472	0.290918669957556	0.261479896663512	0.281213841488332	0.259281233072669	0.258127369487462	0.162894610403473	0.245227221533565	0.249899127470215	0.340059142846143	0.271000317608423	0.344081967078218	0.298824906837135	0.15435467648305	0.329991603843404	0.3485980156387	0.325503061289198	0.256968193599239	0.128598825215589	0.219268540718306	0.230372378158222	0.0502037128565535	0.127480879428995	0.284466453582627	0.159891103916752	0.206253925898496	0.192122977101454	0.212548450107266	0.22675417346172
M00903	-0.124919283304021	0.214852696468036	-4.9076750885557	9.82875787887181e-06	3.16941830152026e-05	2.34731392287681	-4.49902043860923	down	0.285518909807896	0.131081664305538	0.300737243223715	0.370861320796125	0.180681580046042	0.224168945552827	0.253883401087308	0.283412475132055	0.22180127974117	0.256735437883433	0.269081065442973	0.0556640942841979	0.242586098333701	0.187448030152024	0.330791911271166	0.228402425281705	0.142057362228413	0.261891362596326	0.0703685901252774	0.226465219862366	0.260085695413858	0.335521533121836	0.312581126975295	0.229812438277536	0.351262935378552	0.289576569103076	0.264328350038764	0.154765638727752	0.252953625460358	0.274902676067943	0.197770972679944	0.309602654688537	0.358506620073921	0.210603055342513	0.162037743273322	0.219357360185675	0.185339876736556	0.284004855069812	0.268088361354483	0.148721620029605	0.184787820676744	0.168853580172303	-0.0283470369138308	0.0784785418160048	0.240930363536996	0.0412415206482147	0.080303837706694	0.118917934433295	0.136650039103831	0.127356097067935
M00119	-0.0574573362634071	0.302430543137607	-7.86937656061155	2.30941650302313e-10	1.90313026638017e-09	12.9235349781281	-8.72053148389698	down	0.329938428139767	0.314492050456957	0.332388291336636	0.317620933640716	0.276744566073888	0.328277855748657	0.33321565371776	0.339279705654213	0.261672732561953	0.327803963588094	0.314744498656234	0.314627715032134	0.306065195973135	0.316362997447944	0.317538811789594	0.305555950607568	0.322344913194158	0.323381300984923	0.279137975186838	0.293379283094644	0.317800205349564	0.333244585801447	0.334114574553515	0.294405756364066	0.33640699794912	0.32054696702609	0.309896978443638	0.295920970790042	0.295759693326885	0.315670401596565	0.315750604365637	0.3187886822768	0.316834939375275	0.317870931171817	0.261765247753604	0.322442825908702	0.321249965054729	0.331604161198223	0.33320473347111	0.309028370948905	0.248450588781502	0.279940308217014	0.26480338046433	0.273765756643429	0.265599959608659	0.231114232351319	0.256252719807538	0.273112624465929	0.224112157734165	0.247495013194931
M00800	-0.0758736214178793	-0.0798401129121124	-3.92981822019807	0.000256492365321224	0.000610369532448902	-0.823590111950179	-3.21440715300134	down	-0.00451366270792674	-0.258807156818563	-0.0355398587971147	-0.0813555392516744	-0.0634362641145061	-0.0942012651445762	-0.0679310041773396	-0.0187308510829822	-0.143029385964206	-0.0319742343916753	-0.0235569472342783	-0.0619200749145583	-0.0848233565871904	-0.116650620786771	-0.0010699905204387	-0.0626779454973697	0.0104766414331782	-0.0746604939012786	-0.0534196345938366	-0.0520267913605618	-0.0862001518660149	-0.0211472099295078	-0.0192002101519759	-0.0239790096852947	-0.044157611323492	-0.00809968520596603	-0.0104067702044267	-0.182897399363261	-0.0600267459425983	-0.00554769936630309	-0.0805595946539722	-0.0274001244117336	-0.0375948367211569	-0.0840826687146088	-0.0385791408473699	-0.095266380558257	-0.121398862937334	-0.108083430177707	0.0150577342667904	-0.227197310933603	-0.117410063777649	-0.135262805603273	-0.180943685332425	-0.183694876575563	-0.0818318796266562	-0.144616081093307	-0.136243733787504	-0.153777191525063	-0.13851189724961	-0.133097885893108
M00078	-0.108511528180187	0.305656321870805	-4.79298303894981	1.45949650867796e-05	4.57377427015276e-05	1.96021598992367	-4.33972527297067	down	0.354041232936104	0.39128071771757	0.370121644214923	0.304304711193689	0.253696666438978	0.376001659892784	0.383988754733833	0.412336554648294	0.249934348609776	0.354522212166383	0.354344156771818	0.261859200329358	0.246593559119356	0.339192598379392	0.311846417863563	0.204462019750839	0.337990152236842	0.395260336832665	0.280098662860425	0.330667191542215	0.338940270675836	0.438493084463433	0.374971269583087	0.30083538237544	0.357823599603005	0.350112576255512	0.301524519602438	0.187634253521197	0.26704434577318	0.3245623965657	0.333118160542982	0.301302620963021	0.337488710129837	0.36910535717887	0.232447077525651	0.348704632996668	0.318249621923149	0.368059089343605	0.409725442365994	0.321659890646285	0.234404050363628	0.247960347869978	0.0457066627659061	0.168340517413118	0.340844957787137	0.138815446303882	0.160178287928669	0.340976425724837	0.229228284718975	0.282016012390421
M00854	-0.0451283855492128	0.277158110141586	-4.77216499237197	1.567605266644e-05	4.87821219340265e-05	1.89031915330223	-4.31173931258736	down	0.291859720140973	0.27762712858627	0.288245256916534	0.286510142330426	0.259893930236947	0.284585261969551	0.279385078475633	0.302176791590705	0.278974092717992	0.279528307804204	0.279823365128347	0.332497926245787	0.279776028454283	0.255766721332573	0.33377306725007	0.244679251218935	0.261375912138698	0.268466168842877	0.273231308521638	0.338464595030934	0.288459168088716	0.297646992656625	0.299699689902776	0.276473700869371	0.307104416107409	0.302513416265108	0.31881844925244	0.310591598324589	0.326557590196979	0.289728362238246	0.264019831369525	0.272773253813898	0.27685120944142	0.268684202309263	0.235749401600282	0.267525882218056	0.271973977813162	0.278642635312133	0.283462946997051	0.313434710346709	0.234003269762394	0.279154983807838	0.182870596413287	0.211265608493014	0.289903903235763	0.216589691310646	0.227924060821617	0.278875899649672	0.243500774070515	0.24646522945741
ko03450	-0.10935699060999	-0.112327769423598	-3.73453174797028	0.00047467154664677	0.0010668123144334	-1.4145360167967	-2.97191197980293	down	-0.107489065716865	-0.0164409008666417	-0.0813188032793034	0.0363103134373318	-0.127332910491186	-0.159689540741031	-0.0554312519222319	-0.11003893171089	-0.0604096877751509	-0.0906896459642293	-0.181905903356364	-0.160684510530571	0.0164830673605625	0.043900344283928	-0.126933317492483	-0.128681346671817	-0.0292156126718191	-0.138371456379229	-0.119789706984754	-0.177244672696697	0.0197992450859256	-0.169201439011404	-0.133460917401284	-0.167516178278983	-0.175384935433688	-0.179870774002066	-0.178846612181799	0.20204238567189	-0.194584567548632	-0.179795795698036	-0.14363942781617	0.0230058021195871	-0.130886803084809	-0.13264719317517	-0.158296087416476	-0.141528796331487	-0.00490612211913059	-0.0404541929687959	-0.0685619283382202	0.111453026034172	-0.231393724093777	-0.263083496102586	-0.203359481472802	-0.212534031972122	-0.20959322439727	-0.163615623425714	-0.183138557520057	-0.0756167162806825	-0.239393228719664	-0.216405535131227
M00048	-0.0231959931385519	0.307335022563984	-3.91770331758161	0.000266584279003259	0.000627671979663758	-0.860727987690069	-3.20226725855501	down	0.336348526482837	0.280359415817297	0.317455539150906	0.309958444460932	0.290234869850497	0.321073672484874	0.316086772521385	0.314189729972021	0.297669019371888	0.319313529120486	0.300323910172333	0.324465960681607	0.310195514084975	0.301235277245098	0.30780264200737	0.302290644432279	0.316827839864683	0.321851928080513	0.31105170321607	0.300850570772268	0.287890082160036	0.301000543723427	0.318380493654642	0.33173003668863	0.32144501188875	0.333366585259811	0.334285760652984	0.277619181439621	0.327954182680565	0.337155265123376	0.318458625614072	0.314784152644714	0.308303984708801	0.31017787070114	0.319405724557373	0.312282442873089	0.298663403917741	0.312759933926007	0.309036347713312	0.304683707949364	0.294355837516078	0.312559091867988	0.27291485645698	0.281248474385799	0.295066616268647	0.261687059966017	0.285230945242161	0.300679625907104	0.297218637756135	0.286821135164516
M00860	-0.0802911864574066	0.0162389881179456	-5.35249852252741	2.07139284600553e-06	8.08570014449528e-06	3.87726316092138	-5.09228236837035	down	0.102508292060729	-0.0532087987982135	0.0651136128386554	0.0323168558808779	-0.025546918507784	0.0596836374587211	0.0348120186038132	0.0354504522831906	0.0533853244283239	0.0437443624061059	0.0288465037037486	0.0456139158210603	-0.0390261561338694	-0.0234230834904914	0.0124194307832226	0.0296323418809513	0.0491330289689015	0.0839788661177535	0.0198442789390488	0.0618818485625888	0.0302198771331059	0.0527879796494093	0.0794770221911058	0.0703790875077815	0.108826202000598	0.0907967568931644	0.0572605585642584	-0.0773388105879106	0.0482047186279558	0.118066988390689	0.0190460127635843	0.00747544541036823	0.0333751134923341	0.0546182518997908	-0.000926531302689504	0.0053690512658484	-0.0180696565860817	0.0303564970334648	-0.00457981453125772	-0.0306155472457764	0.00903636994412759	-0.0280098847387904	-0.0433781263906169	-0.0841992798070964	-0.0373489361485709	-0.112052776841727	-0.0469556730437387	-0.0509105522911098	-0.00635380685776267	-0.0797669443045112
M00049	-0.0340685493771128	0.324419843001172	-4.15291065052947	0.000124890753937031	0.000326919914717523	-0.12911357209947	-3.48555862304613	down	0.336389881854361	0.280848547409278	0.328924858741248	0.328081063100685	0.314380303785124	0.325825825099861	0.322301513065624	0.317807613450844	0.338370943955299	0.326996245801855	0.309213594969283	0.323415675239363	0.390804932536246	0.392319501427514	0.368053882526251	0.309065324725953	0.327093867494102	0.330959166382041	0.328264402567137	0.331669157613167	0.333187174084383	0.298938053450061	0.31201568746786	0.326560738060332	0.318191176652224	0.329642382716711	0.320982437702638	0.331362054214326	0.327957327118593	0.324453328086342	0.347820803972491	0.387132280211952	0.31579137934916	0.321314188436236	0.321282408541389	0.337574175206831	0.359647909328244	0.367016112475765	0.303238957415727	0.334447238827264	0.296792437985952	0.29895852328956	0.283533384909424	0.295245000928617	0.296711007343285	0.2814693684835	0.298153867023384	0.328850300000385	0.298811713709377	0.293124431321329
M00549	-0.0280096855337253	0.323309957327575	-4.04979533092675	0.000174539574685845	0.000437897517347909	-0.452552928238267	-3.35862751702564	down	0.331664358399574	0.30445425349389	0.331685261388185	0.347730119094024	0.320925978900694	0.334984072903858	0.336813751343294	0.33096094620457	0.317725190891341	0.344310006282643	0.328980969686097	0.342561733140484	0.359801325800819	0.345587829976716	0.333159351860402	0.323099070696974	0.337281836492254	0.343005505910174	0.33135748948158	0.309596152317947	0.333373676846517	0.343380834649654	0.338774053773322	0.326710523429083	0.332667562578103	0.319270209826332	0.329487674157447	0.259246234026303	0.321900680591168	0.324846000774455	0.328050433316987	0.346397272143964	0.322210762131189	0.339430926465888	0.30985397268892	0.323176473820019	0.343190699796657	0.336593540811615	0.344773680283258	0.277455360996402	0.294621884087735	0.319380525346275	0.298985957467229	0.295953276959032	0.300680878432927	0.275210202504118	0.289646151808362	0.326143639523446	0.311886038726965	0.296513534149858
M00596	-0.171021005212637	0.229332146183348	-5.19911077294926	3.5573174374299e-06	1.33521070576106e-05	3.34500323680576	-4.87445019412815	down	0.339634929720144	0.0346128828852648	0.280678802699114	0.298275557812133	0.244359907630262	0.321824461601102	0.31689587761896	0.212020831502432	0.232114029341071	0.310577336172776	0.273413518224571	0.366102927462735	0.228385636183669	0.255767787852193	0.322113680297264	0.270977485329987	0.381566953520673	0.332117109632047	0.241744517952291	0.37798898573365	0.185985996543494	0.216941620098039	0.314697859566669	0.273510748787762	0.339544745909401	0.258726764118154	0.314575050834664	0.0362690666155002	0.302988233346682	0.270687925106697	0.327354133125276	0.337483396173149	0.250532141611768	0.299904357961406	-0.0331595505776674	0.319449563730606	0.262676896752086	0.306174958885656	0.311743935414468	0.00419282585885603	0.130774224040766	0.20042012769079	-0.0663031921964452	-0.0173415649229283	0.200274929280778	0.055452840503057	0.0407490825523378	0.0929426841524638	0.137993427037885	0.150190861993677
M00802	-0.05922282554336	-0.112255301498943	-3.39688275606016	0.00132778040005723	0.0026496066279169	-2.39447533901723	-2.57681859851835	down	-0.0442968170125771	-0.249557229610144	-0.0798144565987065	-0.139371378703984	-0.11200753708089	-0.122800983256443	-0.122994467142177	-0.0169674375503088	-0.121233581654916	-0.101608586365043	-0.111051025960804	-0.0817007142223257	-0.138025125972829	-0.141056844382443	-0.114476048380314	-0.0823889962396435	-0.0978708379249469	-0.0981375443025571	-0.0712781579600855	-0.0684922545566564	-0.127870873289169	-0.0778454771547839	-0.0647451299374245	-0.0475771912209112	-0.0637895490140123	-0.0537754492165282	-0.053137694656985	-0.1730867746135	-0.0532086177536617	-0.0394903568601842	-0.104987589141577	-0.0923159774148531	-0.0892531397972832	-0.108707589568508	-0.026072507778307	-0.0816834833408325	-0.166703543361069	-0.116850246039873	-0.119996010363207	-0.240202230210358	-0.100095248299646	-0.186372219195039	-0.223872476618368	-0.203962405985864	-0.0622733678603468	-0.211826444044155	-0.147377872887979	-0.183863626950121	-0.122122032312781	-0.154569925182006
ko03020	-0.0925180859103079	-0.0477725364024105	-5.02265384806034	6.59459337302882e-06	2.27487910930064e-05	2.7386354500998	-4.64304167749419	down	-0.0624559186361764	-0.0506402463863324	-0.0505031184732359	0.0215570903331412	-0.0410017591320468	-0.0854651744240461	-0.0462648168860405	-0.0711819562670341	0.0262405272155418	-0.0513865884852338	-0.0479156081139137	-0.041424815044325	0.0317911191154825	0.0262219260849549	-0.0485409249150671	-0.0436915333947741	-0.00487826173955875	-0.0250039055890326	-0.03543984487095	-0.0468478641324942	-0.00333916573661294	-0.129243922323158	-0.0713297253249528	-0.0606314210734503	-0.0644855166913711	-0.0544375362450423	-0.0738814852176097	0.173666257814999	-0.0504536551997375	-0.062780201106022	-0.0412845065154024	0.0290288405777606	-0.0460734328397794	-0.0722403503546313	-0.000975474088534106	-0.0579355949248411	-0.0033772974914492	-0.0373935722620031	-0.0509391025118158	0.154181766440838	-0.13398233716858	-0.0971769463992173	-0.182732800060883	-0.143054348437582	-0.117838752975058	-0.0809554169750854	-0.119939016340892	-0.0726461427782301	-0.127097685768586	-0.142446604402454
M00163	-0.103043731756144	-0.15826655205875	-5.16123568009871	4.06313281477698e-06	1.46298299434078e-05	3.21429112870345	-4.83476072206805	down	-0.0953483125131555	-0.305400512792541	-0.143749614869458	-0.150754797013281	-0.131828515431723	-0.11310706373741	-0.161037257353046	-0.143401404061139	-0.188361564311703	-0.128121094472564	-0.110997315898773	-0.103623439957906	-0.140902479436734	-0.140984411391633	-0.121382191182161	-0.103131848228515	-0.127895781596594	-0.107679071725383	-0.100264229807067	-0.101452243153095	-0.16304459024806	-0.161549332071162	-0.143401404061139	-0.137543269285895	-0.161590298048611	-0.166158004534204	-0.159787795040843	-0.216132752641631	-0.142807397388125	-0.153089857727889	-0.110997315898773	-0.150304171261339	-0.117797668155351	-0.11089490095515	0.141846836054962	-0.120849633475321	-0.157862394100728	-0.14858360020847	-0.151615082539716	-0.254726447779506	-0.225722535745429	-0.26009299082536	-0.253640849377101	-0.25898690943423	-0.235124227570035	-0.15579153287867	-0.247495952759712	-0.30441817842546	-0.221933182831373	-0.243809014789278
M00019	-0.310333139757353	0.335937491712034	-11.6609904843548	5.21566345852832e-16	8.59618607053742e-15	25.9654481885838	-14.0656941924671	down	0.369474606009063	0.424196636455194	0.35853400204365	0.361633600733569	0.313736641748974	0.360294440097027	0.405392770200408	0.419146847117911	0.296575046133866	0.36377381814403	0.508701630463188	0.520939413663394	0.512967261979952	0.505406496662952	0.496946918775302	0.525757346466858	0.514071886542707	0.488846449060393	0.524884544991243	0.519094370066938	0.345363172423072	0.412794257746131	0.35481295366564	0.332108831500236	0.353533643014513	0.405623826081579	0.333044906143226	0.27912313546582	0.323921678021113	0.398157057554761	0.366664960460652	0.363143476725004	0.352000167433056	0.363765942370982	0.296511229359392	0.363558234381112	0.419943004236945	0.360731240408492	0.414419154069814	0.290569188122033	0.118071908204483	0.0428485602501274	0.102472389352069	0.223862268621183	0.115661224291463	-0.0668823548120686	0.174890227989539	0.1094555866966	-0.00241270167998397	0.0587426901481105
ko03010	-0.0603153557308454	0.160754339400864	-6.77704420246399	1.21870252451006e-08	7.42907703297227e-08	8.96615864032054	-7.12906513837747	down	0.165580788260933	0.126898359104779	0.166005245731183	0.179104824752997	0.169685816536081	0.154485720017024	0.15742858495843	0.163611922500419	0.211986726466958	0.174529249142897	0.167163563813447	0.182001761260759	0.199564268622468	0.20164251833493	0.178300340488871	0.174511513385279	0.184348497881104	0.17583719701876	0.200761127681012	0.206928080051339	0.156761107561574	0.119376969130728	0.14404288315654	0.157499274043484	0.153352584628245	0.159281898824306	0.143208657273273	0.228894515379083	0.159769334391378	0.152182860117214	0.196282343474676	0.175350085479522	0.173795238486343	0.176161323858291	0.202513559840681	0.18107934617515	0.162014798313032	0.157573014049416	0.143809148514724	0.229371373174005	0.115862990358791	0.125754470900932	0.0799908960460359	0.0986756568333543	0.115388208675774	0.0997546081184472	0.11314311563372	0.163167137621891	0.111203711328847	0.102079752644087
ko01051	-0.0324425588549284	-0.1168000571542	-3.00882280438756	0.00406596468847639	0.00753897619321664	-3.44657959138282	-2.12268762811248	down	-0.0806065192927642	-0.204026101452451	-0.119600634298088	-0.111162245944839	-0.116853686051619	-0.0932314217321716	-0.0934360802223416	-0.116209778431127	-0.133126775434301	-0.115953021663308	-0.0950142619731795	-0.0934396939579366	-0.107627833003446	-0.109184789709267	-0.0859140662647787	-0.0945507672143706	-0.112575917891114	-0.0810021516323221	-0.0888944756473342	-0.0917838655705799	-0.10209147853579	-0.115090038269297	-0.072409334491522	-0.0961191122125085	-0.121606509158	-0.0902677795210297	-0.0808667785082762	-0.200317677876051	-0.100180544104005	-0.100415321510329	-0.0842029635360937	-0.114273169459921	-0.101341494862452	-0.10332652379632	-0.132947708522631	-0.109444547427386	-0.119713875840593	-0.123500173083247	-0.0992055738942643	-0.200947123331531	-0.141861468113517	-0.151906645478051	-0.152074540412263	-0.172331915036936	-0.128844065099317	-0.12702375635823	-0.164563284274	-0.0732591146592645	-0.170205662694583	-0.145470590255269
M00842	-0.0575682316018218	0.414502631508012	-5.39938300577389	1.75455078884161e-06	6.97120625923676e-06	4.0408289457662	-5.15669206746817	down	0.461581338042793	0.400395643793597	0.441452721172761	0.410666011099781	0.392982236265829	0.449670479030993	0.414769622742199	0.438854025977196	0.387987575023867	0.455701379570974	0.411954624402989	0.451256671349686	0.462098978928462	0.485180481874035	0.419979445701495	0.407514176031563	0.479806839341128	0.439360676755778	0.470161521753984	0.481890037608018	0.385006762152445	0.414141948437873	0.406524194388242	0.37328767776179	0.40834835291952	0.409447478105433	0.396854347962752	0.352457408014325	0.403499664862005	0.400080474314366	0.475586780192168	0.412340666272568	0.39641369504924	0.46530663184228	0.410668102403794	0.455771366277396	0.436695404103055	0.420719881918252	0.430948960232827	0.423286829457593	0.355851549720675	0.376049443570914	0.376522664242202	0.365689698884199	0.383368931136259	0.353552578471481	0.357476465860786	0.393414681956865	0.354678704307224	0.367875744114939
M00065	-0.174496979371367	-0.145082031862184	-6.01093818708739	1.96458351735491e-07	9.50260505677101e-07	6.20473835790663	-6.02215732032273	down	-0.157334288171373	-0.0470263332885218	-0.126665296992868	-0.04500730506326	-0.209649545295297	-0.184768264683676	-0.134804957015677	-0.167930470511883	-0.139368589083127	-0.0889312221495612	-0.13127688140135	-0.133286749230128	0.0167645904749224	0.00446596117530318	-0.0340558273140562	-0.0900720473886208	-0.0660904982234126	-0.149476496707848	-0.0700248463718558	-0.121402693649499	-0.102193377480911	-0.227813236822934	-0.204940764325518	-0.192549147550258	-0.221102045369424	-0.222661033308665	-0.210624482714739	0.228891429396568	-0.201818691027315	-0.208503555615743	-0.158299506026955	-0.0741254992561882	-0.112857397518537	-0.15492152936066	-0.0858347340187307	-0.113196425902272	-0.0507075524652475	-0.0544186388564285	-0.083533350949226	0.119845860548566	-0.290219435347634	-0.250939473648492	-0.301464669696776	-0.302024174258632	-0.279908724203236	-0.280878747010807	-0.279542714891691	-0.284546616985557	-0.273434331009451	-0.303837266540494
M00966	-0.090864977493653	-0.0666557698392866	-4.54840217314192	3.35753750128093e-05	9.45635562069629e-05	1.14666871475926	-4.0242762038484	down	0.0078655404964922	-0.166930528575763	-0.0784265092248698	-0.0358776342815441	0.0350139634096307	-0.0194652687596564	-0.0471230804666603	-0.0321893568106772	-0.090601694098244	-0.0619585389137845	0.0056841952160595	-0.116548205843148	-0.0406492515077265	-0.0809978759198769	-0.0276484133954588	-0.0268430238463184	-0.0568917036644903	-0.120911082441495	-0.0354310469788665	-0.0214277334303389	0.0921951551081375	-0.0668955082684756	-0.0334518825396647	0.0188946901686685	0.00384465280380118	-0.0236129858456264	-0.0143662168943145	-0.186647553850835	-0.0939429290586863	-0.0157648634882859	-0.0137414946104738	-0.078336522966253	0.000889467974149539	-0.0333737122120481	-0.165686895793537	-0.0254538092211194	-0.0308002936064597	-0.030990642925071	-0.0734437236705988	-0.157268655688812	-0.0795774481982224	-0.138611487326549	-0.0851903085895655	-0.0746634967965519	-0.100096162719859	-0.238188800945628	-0.167136299130623	-0.225890483992339	-0.129642855381053	-0.154480175261699
M00570	-0.304518587722666	0.286367510042985	-10.8142061337399	8.2415182012369e-15	1.07866929398542e-13	23.1922695286671	-12.9671116839655	down	0.345592508854383	0.384243905850913	0.338810148702434	0.292145721515512	0.249920952855873	0.28977798089496	0.322763966568678	0.333707391747687	0.284914116220627	0.294891738135439	0.473676224429691	0.417988255769768	0.505586364212232	0.487004063089133	0.47982152816881	0.520922923515344	0.504819366279688	0.462762982127395	0.419871994651236	0.51115048510697	0.279632062198998	0.328517182029064	0.328844543228877	0.315939772245915	0.327825740775835	0.326611704688724	0.265872683514349	0.291505427485358	0.257199650160152	0.318664313881318	0.296456877311688	0.288811381983529	0.279909563278047	0.293551791801089	0.230336245009987	0.293263201299968	0.341194173303231	0.287375840710468	0.328939404722641	0.290024925174727	0.0668903767908935	-0.00498612409428323	0.0508600940181301	0.172875391872251	0.0607595208113326	-0.0703453459697995	0.124230494519	0.0569334031183435	-0.0433515600786254	0.0136601476612795
M00627	-0.0304688590901356	0.29782054595817	-3.50341398331043	0.000964766549569169	0.00199684239329433	-2.09136416297041	-2.6996562117561	down	0.298764193350847	0.307840363781552	0.303205003759842	0.298848395682187	0.314352205041672	0.301146146619745	0.317243110113729	0.309286830925287	0.285753838975008	0.300195452552803	0.325019185145133	0.250309499759118	0.319178388217221	0.27829509243195	0.314272622583014	0.312535808523251	0.284618959689099	0.301247955217842	0.305930314932176	0.256860748483586	0.337964063082891	0.299860906615247	0.301408876226015	0.322172731043177	0.288807382259734	0.313927523907436	0.317400403674763	0.292185894612016	0.304221650002656	0.32111816664806	0.305268708703227	0.296656662602686	0.331034008860424	0.298593308678578	0.288930501193036	0.305514151337841	0.32348318667243	0.314000036461687	0.308960034195738	0.300160398485178	0.298325768556683	0.284049531131304	0.224663108863076	0.288999929721876	0.306231010239482	0.177774736610205	0.287615893931645	0.282496603912435	0.290275424579244	0.294022579314664
