MetaB_module_ID	Bger_1	Bger_2	Bger_3	Bger_4	Bger_5	Bger_6	Esin_1	Esin_2	Esin_3	Esin_4	Esin_5	Esin_6	Pame_1	Pame_2	Pame_3	Pame_4	Pame_5	Pame_6	Pful_1	Pful_2	Pful_3	Pful_4	Pful_5	Pful_6
MetaB_M001	0.112161725538148	-0.173221712832564	0.072634623310141	-0.196937101194808	0.0681933967949729	0.0978066941196877	-0.288804840198612	-0.27246896774978	-0.255320682225246	-0.184241608445621	-0.303234922376963	-0.256887425024672	0.34070850456905	0.0719205984322978	0.28262516223006	0.307194266940808	0.21215715084697	0.0449563414214664	0.235847186526291	-0.0254056801836937	0.212077256122077	-0.00832875262576445	-0.181254944386549	0.0878237303923044
MetaB_M002	0.28402192724718	0.369139331772954	0.340730899103075	0.348027716243915	0.143664898658894	0.115302717545501	0.0314585439587875	0.129213320391988	0.0784488007178416	0.0923606460885105	0.123130733953579	0.150575505783517	-0.132205547633786	-0.217116389908602	-0.211885992245846	-0.247162363479348	-0.242177654088313	-0.197850964868145	-0.191856704283625	-0.180912574172413	-0.250276342952761	-0.131879971047951	-0.0614542521223176	-0.141296284662634
MetaB_M003	0.273520300599942	0.135600593379146	0.314949565800257	0.11649694343594	0.47626578946319	0.473864468909644	0.0305900368969676	-0.152968500553478	-0.128602304885233	-0.00292087094903561	0.0591468966869632	0.00244964370383158	-0.048603859976805	-0.212398514024121	-0.0716049651322238	-0.241071274261562	-0.229139792807395	-0.218542254194264	-0.0840558131811794	-0.223732933027045	0.0258814649169501	-0.0870010734017529	-0.0924694485945295	-0.115654098804205
MetaB_M004	0.115869898513495	0.000886403649624697	0.0193275795063927	-0.0460844723606511	0.230934702965408	0.147992402958444	-0.151464112865879	-0.387871455267154	-0.224823403285723	-0.139440355080324	-0.324459741906028	-0.408049732308025	0.201575084890718	-0.0861963542036286	0.134493389629868	0.0437153055773875	-0.0073169981557304	-0.267147418547002	0.184832785186506	0.125504928894845	0.0735903544285634	0.228140985292053	0.30790481972829	0.22808540275855
MetaB_M005	0.0135071526384254	-0.0153846601395176	-0.0964152393603103	-0.150631027514497	-0.176543672418668	-0.0533817900766631	0.291704889501277	0.422762180645949	0.306557381778574	0.300541116003434	0.263373847714413	0.365397549177055	-0.0804583155099796	-0.234709557973782	-0.180963407776802	-0.250158346999435	-0.201769339081397	-0.158443933040184	-0.0714615857146477	-0.166058602463546	-0.135387681130502	-0.0345092252081085	0.0793850222333093	-0.036952755284396
MetaB_M006	-0.076651233731212	0.026391905724218	0.0373748523094122	0.0418076533748993	-0.0534705413874929	-0.134173308474881	-0.293748486957786	-0.258769539967565	-0.307107037175978	-0.296784905982954	-0.322577613958428	-0.332218254773103	0.288597314020921	0.11710933692902	0.261712424930063	0.256555856314192	0.195202182725422	-0.0409993362966827	0.207584635929615	0.171099096091467	0.209530226988266	0.122149393403667	0.0732509483033316	0.108134431661591
MetaB_M007	0.254541146247396	0.165896755167945	0.157815529540361	0.118026154165014	0.340703186891784	0.332194488354944	-0.317600376872302	-0.293122232032899	-0.270959792759614	-0.257418566819005	-0.373286665809536	-0.317210975125424	0.0453151838600788	-0.0342729971874889	-0.0189505704930114	0.0693380814525586	-0.0444132599391809	0.0333455918728809	0.174041982755767	0.065848792050747	0.155925738117402	0.0611716928830559	-0.00452640683438645	-0.0424024794870838
MetaB_M008	-0.0183201150145437	-0.330321020101356	0.0742640681388222	-0.221004604375592	0.102212238335115	0.149975449346665	0.117787910310028	0.0345304382493302	0.0346951615585685	-0.000318607401171608	-0.0585918750507497	0.0533272278243908	0.206926289958076	0.276647382617264	-0.164036897136893	0.176463358034797	0.474770296208488	0.300474134911741	-0.337869651816209	-0.15887693384786	-0.281521946208173	-0.105535642979048	-0.211793439756155	-0.113883221805538
MetaB_M009	0.388593803651522	0.392622932397552	0.0804452200496212	0.120079379544606	-0.10824719461997	0.0907826736316708	-0.238161354709117	-0.2147336780351	-0.306678313436384	-0.206511357134003	-0.230994433514003	-0.237511920816801	-0.141647234168642	-0.164883374229864	0.125846930716644	-0.273197892662886	-0.00796049410454346	0.147094543051595	0.197572142699669	0.180083019739728	0.252632942916137	0.055236980470326	0.0183496433183034	0.08118703524394
MetaB_M010	-0.229549970141266	0.0872894720325383	-0.214310637586052	-0.169694830535296	-0.355134537296842	-0.314191229535131	0.429472056178025	0.0630143272947226	-0.141701782352303	0.350810322532907	0.217896514001358	0.0417005569685	-0.100085815408718	0.00215102595403326	-0.0441278378516595	0.287292166023659	0.0703980408937756	0.115526530079699	0.289924231553831	-0.162937369137843	-0.0634846010583708	-0.14509680849727	0.0656734106503496	-0.0808332347626463
MetaB_M011	-0.190797901998571	-0.17066749611707	-0.00640642038954551	0.418415816672159	-0.161356457141361	-0.256590637792471	0.520496835113615	0.261913644694412	0.119898200583716	0.175171862524185	0.00633398595700271	0.115899623109008	0.106973039680774	-0.161039086705707	-0.180799811049999	-0.162104455650756	-0.11065074067512	0.275424124236332	-0.146998425955464	-0.0672554628139327	-0.201137552328333	0.00677242993507942	-0.0927922098984465	-0.0987029039895057
MetaB_M012	-0.175608630771667	-0.15729259783202	-0.100979220613591	-0.177983170084428	-0.316071871237621	-0.335175067320209	0.274749343100138	0.23385697404112	0.234255928905223	0.373916872127973	0.300857049335474	0.371833570608771	0.11876145187042	-0.117455511769068	0.0450247900324762	-0.114427853175159	-0.0594663421468621	0.0849943737551487	-0.18483258876082	-0.153560530581231	-0.156979079557558	-0.0129855092193812	0.0156649882501849	0.0089026310426818
MetaB_M013	-0.257235096667444	-0.156870290035281	-0.0223128977674251	-0.026132476197078	0.0297478764098675	-0.208513210948124	0.434811794753472	0.306768060432822	0.411069571039849	0.231852724405931	0.0361573625582889	0.285925400719501	0.133370446751508	-0.00553358520796911	-0.257755285563069	-0.01701574921219	-0.257589464974128	-0.111968045199175	-0.0703806426673728	-0.177016022723861	-0.264119866153086	-0.011347857464923	0.0358756222368609	-0.0617883685269716
MetaB_M014	-0.451146455815776	-0.180286514413454	-0.296590118873876	-0.274688704775841	-0.308484347870664	-0.254497629921544	0.0583697404564819	0.159567064773062	0.0282083562758445	0.0094684052032967	0.315706989907035	0.296471509619078	0.30473669048098	0.129132452447122	0.175888986334122	0.071055516872454	0.138579464949568	0.151037285405149	-0.127063616171622	0.0624742123512646	-0.00284380541993348	0.0343168039807381	-0.102590265336703	0.0631779795432173
MetaB_M015	-0.282385099863653	-0.180756296261464	-0.246038095950274	-0.234233543040272	-0.245010038690097	-0.248359658646737	0.182583105130513	0.191410936170391	0.164417158876486	0.136068323909942	0.162284850491926	0.169273699539977	-0.0325512174539565	0.357831766972256	-0.0915685864432077	0.104375526356345	0.362722230058048	0.358508939155944	-0.108045816437562	-0.108170706968538	-0.147522584064248	-0.0492250551426427	-0.126218052487842	-0.0893917852113339
MetaB_M016	-0.474738117286158	-0.158963192392506	-0.237464166919978	-0.0322911048541989	-0.345246779091796	-0.356070237695216	0.00436705330048073	-0.0639972981875649	-0.122858375677354	0.0815219687758319	0.00240216723849384	-0.0863406050134569	-0.125350791840495	0.137653325563309	0.0275009647834482	0.126464338388106	0.119288676069637	0.191826594172554	0.327645735329299	0.217574695824421	0.147690907185686	0.149662075507011	0.256845414034699	0.212876752785748
MetaB_M017	0.148805591397716	0.155127629752231	0.266164892886159	0.0946615285913634	0.398140473057663	0.378726167460679	-0.294390938843301	-0.00793527691482216	0.102243706193098	-0.0184331725056396	0.341545119971991	-0.102126751930502	-0.120287534827116	-0.165378455038829	-0.0583995866965903	-0.0464003221791865	-0.27086763296331	-0.196151809654529	-0.111765673574893	-0.165511087139015	-0.194451050452963	0.209435401131818	-0.234250103281949	-0.108501114440073
MetaB_M018	-0.243936793838221	-0.255969995863496	-0.270167017879142	-0.230987808166641	0.0233042669149894	-0.00621126684588131	-0.206152045957858	-0.247929642361715	-0.149695769315883	-0.0871293992918609	-0.248840148171337	-0.321979535172154	0.283389070585058	0.159768563566915	0.217039980761869	0.240510584671094	0.166944090695348	0.138606434911415	0.211991198593349	0.179896778727862	0.148935633716316	0.148314124691355	0.112776109217036	0.237522585811584
MetaB_M019	0.0625811926231074	-0.178499104547134	-0.0248057496943486	-0.156413201699235	-0.00171157787106353	-0.111043336242382	0.341498722933078	0.216016849487507	0.335966484405279	0.312372167392813	0.326519629449529	0.369684857681056	0.0751899414211365	-0.116835235511182	-0.056533178815775	-0.108460225932539	-0.124114878375198	-0.251519884901928	-0.252797166087161	-0.240655854506665	-0.252990873371065	-0.0494426445819969	-0.0246657407093308	-0.0893411925465056
MetaB_M020	-0.275858483799514	-0.172872744246597	-0.161098226362592	-0.21008249142497	-0.314920661104164	-0.32043540930102	0.30235121715537	0.253252199287123	0.301208016631301	0.334582586069849	0.247074159282121	0.32992720781385	0.0124746538055838	-0.101273959465092	-0.0239433896833872	-0.145574816445918	-0.184015183937001	-0.067100575583963	-0.00999107160409045	0.0243570856728185	-0.0513311108919121	0.0437763817050001	0.10508565315533	0.084408963271877
MetaB_M021	-0.293379658546231	-0.0978078596533341	-0.184366077737138	-0.143450886863363	0.0368147826580103	-0.110635151227204	0.428025506607382	0.284665725312463	0.238129839920705	0.217381334389671	0.313748777721123	0.336949387715927	-0.0857754712097799	-0.148602532598593	-0.232963496949639	-0.243884232184299	-0.128577305274722	-0.118593181267503	-0.144294834533321	-0.0611236477121091	-0.15448548990522	0.102675095107154	0.14628110420481	0.0432682720252092
MetaB_M022	-0.264820875379438	-0.239417313739712	-0.245135550611548	-0.245145772277782	-0.283640501218432	-0.315384310809695	-0.0247075635804267	-0.0810930764858277	-0.0492907869620767	-0.0644960632622326	-0.108118032739964	-0.0736859575130443	0.269775939003585	0.278479598249382	0.210885407545315	0.218045346233085	0.318943971575729	0.374370427365889	-0.0496055475510907	0.187283764899112	-0.00713873534027297	0.104099751987399	-0.00443272845475054	0.0942286090667973
MetaB_M023	-0.249356953127901	0.143071765911894	-0.230693984285356	0.0564872099880128	-0.385275034853052	-0.107801629064903	-0.111621516056743	-0.170058058378761	-0.107547387226368	-0.0481903234631195	-0.241217482547291	-0.133962848215668	-0.187013826373698	0.364058620334688	0.195700568142689	0.2329940928982	0.324383285584133	0.386717231520941	0.0266518885197748	0.19177843845617	0.0887752198810476	-0.020431911987075	-0.0745670598687425	0.0571196942111296
MetaB_M024	-0.0445171251793358	0.177064111012806	-0.129661909030048	-0.0157689830973552	0.114301095422119	-0.205194756864882	0.302169693020176	0.137307584112797	0.289328236629622	0.264989988386479	0.288041060814484	0.413684548622777	-0.286799398927688	-0.130882391301213	-0.232963872192656	-0.289287081042143	-0.0250583253431702	-0.131609513511868	-0.141788326238372	-0.172407272789222	-0.253648572578396	0.00452162794974385	0.0812083668805731	-0.0130287847552266
MetaB_M025	-0.400703816171789	-0.296506979566896	-0.217098117705692	-0.237749470007331	-0.16955546316811	-0.352325002423495	0.153761889484982	0.0450785741279728	0.087160061536748	0.299238235389903	0.0524349559412686	-0.00619655205404705	-0.0461179526623272	-0.115693012257099	0.103569533597592	-0.0467415655824606	-0.107468238518437	-0.0253618289101502	0.189989319625972	0.287520068086943	0.239066442572557	0.0961626039032046	0.102802453646739	0.364733861113953
MetaB_M026	0.14816609924362	0.0155160590449593	0.147024331425808	-0.124783921538372	-0.113784765000521	-0.185304759794758	0.171609074115092	0.444297456084308	0.271941562500851	0.283542382017782	0.0715326619481763	0.322276074667386	-0.232571843720363	-0.312372603333828	0.121651802347434	-0.130419944771874	-0.0794371031400421	-0.0671759378093768	-0.00259891899488584	-0.371324530205155	-0.135996653221742	-0.125342006684162	-0.180666409471455	0.0642218942911213
MetaB_M027	-0.442458031967537	-0.189752645185346	-0.10320814890277	0.0316530219559949	-0.0471189844774291	-0.137679013804501	-0.128665741231927	-0.169802213906197	-0.231591103982385	-0.0743952416438108	-0.200163553765351	-0.213748686412704	-0.139967091964868	0.0533390163487243	0.00728563425048012	0.208127033693782	0.125671900692217	0.126752296791574	0.445738588523677	0.279934233281707	0.188235880222798	0.148663606265101	0.284423137092899	0.178726108125874
MetaB_M028	0.233014053078324	0.237900935755922	0.268617679063158	0.22325905221946	0.0757074540523901	-0.215076872345763	-0.225761463202609	0.3730398550724	-0.206657072282367	-0.229314672075506	-0.275604185939023	-0.275582093391667	-0.109485426600197	-0.163114630099954	-0.0288011461509086	-0.212873513540427	-0.164384179910888	0.117351417927842	0.107473617725047	0.227440726710307	-0.0872227906284421	-0.0622101803499807	0.179366202967512	0.212917231945367
MetaB_M029	0.204122781907535	-0.016283914189215	-0.0998811444797512	-0.152787377294566	-0.206223652573423	-0.142659522935989	-0.370937471548243	-0.252501593486626	-0.310114858250985	-0.203740161271386	-0.0758283173747353	-0.316819773797304	0.168749403894769	-0.0260587825701081	0.248949469904588	0.215806892042062	0.194329704843003	0.091255267558909	0.272430656778921	0.232161083228439	0.0262593154198492	0.270049904269695	0.124088874741037	0.125633215183524
MetaB_M030	0.331891311024325	0.411695451089026	0.331933825117152	0.345119412836859	-0.0722428467780435	0.139375572786891	-0.229417983331994	-0.19890753713826	-0.24740264278185	-0.16223604171813	-0.341185948703444	-0.247458194266352	0.0289752192363281	0.0275349247250358	0.0618113299627986	-0.0791862842455466	-0.0321017197781329	0.24217469769552	-0.00152074342954805	-0.0570592498179442	-0.175241621963801	-0.0109486459380273	-0.0596970830645445	-0.0059052015183176
MetaB_M031	0.0284307617266377	-0.105502135026803	0.0996594899909362	-0.145798728737256	-0.204200655291078	-0.303329692507804	0.423900108618415	0.198795135148234	0.14474931214873	0.0928335703689992	0.213037334931995	0.404340405813513	0.0531643401216301	-0.0333347337099364	0.111289932711684	-0.0621831275937365	-0.200285705967194	0.0135998560828152	-0.237217317719323	-0.229701384370521	-0.235400568934386	0.295436257457607	-0.135115848304911	-0.187166606958244
MetaB_M032	-0.384627032629203	-0.141912874475896	-0.239816876503731	-0.202731385267608	-0.388759318972987	-0.336033934776806	0.213243677448131	0.127544026385705	0.279192905141422	0.296896375150544	0.0393633692690617	0.0800322540342348	0.00327485798336083	0.22646197364313	0.0222567937329201	0.0609579821389452	0.217035826483434	0.27633494646076	-0.105686573879005	0.0368304401240704	0.0497757887838259	0.0986529896631543	-0.0711263190636093	-0.157159890873854
MetaB_M033	-0.200138340699286	-0.0599316932653758	-0.142067158665189	-0.134700642085282	-0.0831589392919091	-0.0727489426762525	-0.122409132962266	-0.220368027616527	-0.211765126502161	-0.160973774905634	-0.0881654198020611	-0.170383515319487	0.125916047448776	-0.163312968778875	0.137284156685108	-0.0383562847978504	-0.101232055599984	-0.202437926872341	0.36396875931104	0.279183042915122	0.235163160370561	0.319952143094752	0.358108946718173	0.352573693296952
MetaB_M034	-0.347207652363968	0.0156191217434878	-0.18052698582152	-0.0590253087213174	-0.453077642094793	-0.243783858286218	-0.128010870262844	-0.166422758234088	-0.0833915961473298	-0.126834833492107	-0.0992771281911203	-0.0400573312884728	0.289649853949046	0.321752706717308	0.308205802871001	0.235743392138757	0.162954933274828	0.212862277614118	-0.0646024605853581	0.102365947423101	0.0805559072424605	0.0683739712879887	-0.0534668144911426	0.247601325718186
MetaB_M035	0.0638562035598006	-0.13631672119565	0.0940402254720043	0.0141812423552171	0.189707987359361	0.072250567830652	0.343225495985446	0.201686730000095	0.282324247207035	0.238037110913955	0.256776121418277	0.280038573232195	-0.115892147333521	-0.232745971488569	0.0164649319022351	-0.212104593418824	-0.186689373484494	-0.420826585739513	-0.177201534873656	-0.0992913285359332	-0.302597403635111	0.0102517429694332	-0.173523023426235	-0.0056524970742034
MetaB_M036	-0.289083699578319	0.105912059351304	-0.339498867765102	-0.0617760652807853	-0.396089913611773	-0.390586795375106	0.0588586269586451	0.338577029852383	0.216464847213961	-0.123180868256917	0.173845491561748	0.138468550161421	-0.103664768146119	0.179973389256881	-0.0728259256214676	-0.00654834130828832	-0.0845963313040786	0.0364418285456104	0.0361152980353678	0.16162170068497	-0.0456724689805677	-0.0815328550359728	0.315989049890287	0.232789028751918
MetaB_M037	-0.278169188518472	-0.15324957569048	-0.122885215908464	-0.116326764604106	-0.154241502619022	-0.187172780133147	-0.257596869308853	-0.164800831784555	-0.219938803805452	-0.153539865814761	-0.149464948766093	-0.292873120446631	0.177747565741906	0.126263227694441	0.273882829289941	0.119914438276539	0.00289270693696208	0.0302079616902939	0.306062017293181	0.191682130106605	0.24887526025988	0.201868842035441	0.239575246883112	0.331287241191732
MetaB_M038	-0.280691496005028	0.0413368670228537	0.124383127260291	-0.0622337913313691	-0.162090293231796	-0.131328715622801	-0.0537355825687358	0.00225798642002485	-0.129147394014191	-0.0379632306757324	-0.0364685875584839	-0.014990777552532	-0.0866966654049474	-0.196828372060708	-0.0952791069591651	-0.27761529325048	-0.289824761729136	-0.169635943672369	0.339850329657691	0.259716455072948	0.241202791693196	0.294009164702337	0.340379675771433	0.381393614036698
MetaB_M039	-0.282782467548922	-0.133942154055844	-0.289409941194565	-0.146363406738081	-0.29836899231366	-0.118859251754022	-0.13812904460213	-0.0951966722559269	-0.0567853069663328	-0.142708609179285	-0.179500122240057	-0.0888199102190843	-0.135431546002611	0.0719989645344629	-0.0344255910702557	0.091643816209296	0.0699845131926316	0.160839497588419	0.422412029836949	0.282666402782846	0.279130524636891	0.215888297441546	0.328056448869513	0.218102521048219
MetaB_M040	0.0349488238770697	0.120876680341501	-0.0458366318462553	0.190521381336353	0.109364843613912	0.158602230175293	-0.382490707198128	-0.293728157058964	-0.282409618490126	-0.27287034803874	-0.38363083290356	-0.320659655670929	-0.041493587965252	0.101916168325907	0.00462081562269543	0.151171441951475	0.142570136013214	0.183017602810812	0.290151729882791	0.249535586771372	0.0946029843068483	0.039890667103202	0.161154032506958	-0.00982558546745012
MetaB_M041	0.384786554506518	0.239981835756561	0.505903926478178	0.316817228914796	0.224209641873911	0.277693782100608	-0.0746638320460895	-0.130477737628239	-0.0908656679651649	-0.160502063292592	-0.0594907761770915	0.0240136484792805	-0.09076823055023	0.0372926043591968	-0.198842020695615	-0.233799148012552	-0.218691180989729	-0.142621321335931	-0.114835108493426	-0.177939265010484	-0.0887739465102972	-0.129115541914526	-0.0920282578415123	-0.0072851240055721
MetaB_M042	-0.0390944633023185	0.215151335405872	0.0100129494312899	-0.223312583081627	-0.469051327210728	-0.391896512001457	0.0762013389733921	0.229074309475591	0.177065457672201	0.148018492500769	0.164312380933772	0.295256202197153	0.074049725359322	-0.0916043305440643	0.141558476640168	-0.11444255315755	-0.32372076955212	-0.060714303614369	-0.127292000249705	-0.0503515993196905	0.0234451644038136	-0.0991243714880904	0.110878284539748	0.325580695988628
MetaB_M043	-0.27168899059966	-0.22980430198884	-0.286554995101121	-0.271014344679326	-0.236325765143849	-0.26532616152266	0.311446121472747	0.283244676736652	0.285504788645726	0.2913011760472	0.255689920193778	0.268108447642254	0.0182921068492581	0.109105327504144	0.0015529672309736	-0.0335669291915982	0.118765120823796	0.173202592106523	-0.0754482099246843	-0.0829804440702863	-0.16427492533569	-0.0537267057383739	-0.062718883995269	-0.0827825879616921
MetaB_M044	0.0774783073703504	0.298718831761442	0.141339397929041	0.229424435547873	0.04270307220881	0.107252540517643	-0.251568364343853	-0.1688596847466	-0.175682496119103	-0.20549005925934	-0.34411503025125	-0.2977491917537	0.257358646073209	0.201592007456412	0.0789803808753422	0.148636647756317	0.146305238328039	0.301705282351188	-0.0717632088801002	0.091341009740684	0.110434932836386	-0.210289069525153	-0.239517168734243	-0.268236457139392
MetaB_M045	-0.159278542629029	0.0238230342255815	0.0795345990144955	-0.0315705741808273	0.38808167687353	0.277547689638642	0.193144161703292	-0.202783446862919	-0.260336578128412	-0.278609367681499	-0.366975647628584	-0.398035254833768	0.0479982052132105	-0.10545910903907	0.0243079097630498	-0.0250506894949381	-0.024378152590598	0.0388915762466659	0.242297422758827	-0.0950593877471097	0.291674602679493	0.144899974792685	0.0185169007459518	0.176818997161333
MetaB_M046	0.199659646384511	0.273530234142497	0.108158777504107	0.144540035460256	0.0893865835382489	0.0212637175091336	-0.224779879862748	-0.16247010067619	-0.305363284043934	-0.326438962457563	-0.116857165963017	-0.192834121171078	-0.299889764260851	-0.242311890630859	-0.0459893087094338	0.132617924304344	0.0512923952293936	0.139869895723123	0.450091559726893	-0.0816360965605628	0.132658571660097	-0.139242592131778	0.229166380594634	0.165577444690778
MetaB_M047	0.335258606675908	-0.0995261590856442	-0.227331418666164	-0.211966001648693	0.140993577922745	0.14214563821302	0.220627501222934	0.284608674965852	0.0522848226283445	0.113304828918216	0.395064845130315	0.260968554583807	0.0560582557425435	-0.137948477853988	0.0281822112989125	0.00848226873710268	-0.0901012058815211	-0.166745353766282	-0.181839021724727	-0.129838500722107	0.0748108650299834	-0.306495906748565	-0.226689196720493	-0.3343094082515
MetaB_M048	-0.0454521904321347	-0.140147931831826	-0.0419686305364732	-0.276338509885998	-0.0150392234677367	-0.111276828692494	-0.29051090511385	-0.1434617865938	-0.0428101602322684	-0.278584815549667	0.0206125387797411	-0.08876821993603	-0.134996149501105	0.378238170736689	0.240935325176769	0.326571688241179	0.434109312788127	0.322891554210937	0.0115463777172363	-0.0775788594674084	0.122218452875833	0.117157964541746	-0.148072077922245	-0.139275095905222
MetaB_M049	0.175626540065866	0.222036451642633	0.179573241379093	0.174316955053043	0.0385759271103381	-0.0230843685007772	-0.0451951148391234	0.0554236877950965	-0.139164671948028	-0.129273465283202	0.0607395849092707	0.03208908964096	0.0812361619562215	0.23736212957559	0.050599052582685	0.125902727950443	0.362887729905946	0.265801538906611	-0.268822180546705	-0.271922998077456	-0.440798115739327	-0.266115876728284	-0.23090130230197	-0.246892724508924
MetaB_M050	0.106220974005828	0.288517501658253	0.195220942687591	0.284974151884448	0.204844229220375	0.149954437915604	-0.297322183311085	-0.215633635127419	-0.283595057157721	-0.332532519200994	-0.219655625966685	-0.264608504527293	-0.145255269547464	-0.0742137740859517	-0.142894994312807	-0.043623115938052	-0.141076306959746	-0.0836955633871035	0.269426395964812	0.194302069709274	0.135172308214389	0.0597987513891878	0.233771931499504	0.121902855373055
MetaB_M051	0.32816331496948	0.419691632113956	0.406383913196054	0.373002848678541	0.21132924264331	0.159056178474763	-0.0255241277285984	-0.00713352951641719	-0.0669571706393012	-0.0366621347806725	-0.0535976338136725	-0.04017333451211	-0.208408552546589	-0.171637318200982	-0.189440522319602	-0.262997773974279	-0.13843842715253	-0.0744730088052269	-0.145152333923416	-0.153250856735171	-0.244285866949721	-0.115688307100665	0.0887497302483586	-0.0525559616255069
MetaB_M052	-0.31843112389523	-0.0810087098883815	-0.186627403000109	-0.157405540993549	-0.331117410267099	-0.369599089231358	0.303138766485859	0.260255631040397	0.305773124012682	0.273791842911478	0.289621936954775	0.302329505626155	-0.0805814567394323	0.0011329631691355	-0.0970069603340549	-0.0992069800616457	-0.00661445335404057	0.0268986752878909	-0.09731495619921	0.0015425888171387	-0.167626873526764	0.0456064526463841	0.0887864865552745	0.0936629839837038
MetaB_M053	-0.0723899013297508	0.0813872791361673	-0.0367477436681099	-0.00867503286337323	-0.208902404158833	-0.144859782589794	0.198073026347666	0.230027965687666	0.193139053745305	0.121900603070354	0.315101758016448	0.225788705705309	-0.122516704175054	0.187931871482648	-0.111659343638035	0.0190714161508957	0.307192482180827	0.300375073644285	-0.230773762391185	-0.231813251581734	-0.336380626215055	-0.169571902331245	-0.214191081317467	-0.291507698907936
MetaB_M054	-0.124169543015283	-0.18739547662917	-0.0360457453515249	-0.110387408937913	0.104410949915243	0.0414823136087481	-0.248153338189282	-0.30031323317662	-0.213569320461909	-0.278666456869139	-0.227894665002038	-0.271338660409893	0.236082215757007	0.0776886549854164	0.12365250446683	0.0459776674914157	0.00556291371955082	-0.0942066371561803	0.339196226961645	0.148189501074135	0.399831690458047	0.242461889184242	0.0512130256378451	0.276390931938829
MetaB_M055	0.376917428111699	0.317962092328867	0.194428301044093	0.330837272127698	0.330511108156371	0.318747382534013	-0.117655224098895	-0.151605855812937	-0.140187493649401	-0.164933536040494	-0.253339299768835	-0.0832025438654819	-0.0679122373272628	0.0924243448526018	-0.0296484956516692	-0.12519546382073	0.0635468062268947	0.130203754551652	-0.118119337117437	-0.179508662742449	-0.181731692241927	-0.201951240473635	-0.0829168496161989	-0.257670557706537
MetaB_M056	-0.314504567481994	-0.268091036171799	-0.391109895862493	-0.210641835661714	-0.305380262013426	-0.372398045537591	0.132521742943343	0.0317232987791246	0.150569987662492	0.189520508987382	0.178260417616231	0.0583313199503575	0.0143640675115026	-0.0643572465414336	-0.0469147625523741	-0.0635675707920522	0.0288488351121581	0.061263146942587	0.34236600111947	0.220503203309766	0.18410808982868	0.150423399132209	0.205401738702446	0.088759465017128
MetaB_M057	-0.34733874541969	0.0340619263577477	-0.101651726008094	-0.0537138626526887	-0.449190885743552	-0.435849342056388	0.0403732333172279	0.0644847849937715	0.254115764841198	0.20961604817215	0.25171581302335	0.0547367567854485	-0.04268713203642	0.0971568397564007	-0.126071810903253	-0.085038998262485	0.119614913772056	0.186139416519648	-0.13984919148931	0.217528095295143	-0.237412187383786	0.160889878312482	0.219855451747699	0.10851495906134
MetaB_M058	0.415524561015872	0.173015470766948	0.134939197012633	0.201723272979835	0.349182932364979	0.342889159937628	-0.190649162501976	-0.191764145476397	-0.125783942187834	-0.146310997438976	-0.193343231285459	-0.158863535365967	0.258957296976082	0.0275604597044812	0.126044103454795	0.0521632843857279	-0.0415449309743507	-0.16852787120088	-0.0593962967880052	-0.259078107429511	0.0501528818808569	-0.093934591378027	-0.273941323260656	-0.229014485191796
MetaB_M059	0.0187231793086042	0.0318193718487002	-0.0174287323542024	0.071667142443951	0.0706624817736191	0.034845451160214	0.255205445503414	-0.0113445577375946	-0.110062004367766	-0.362324836636593	0.431396224668394	0.25205102916552	-0.250440335619192	-0.251555967392996	-0.280105420123451	-0.191226290450679	-0.290229878639731	-0.26145657577044	0.102558566073833	0.157173982286719	0.0996890803871754	0.19756182328024	0.10118690199891	0.201633919193352
MetaB_M060	0.401692526697848	0.239136928985493	0.227958825061449	0.342495141193134	0.304408902790094	0.128005810042994	-0.262754033003985	-0.184275152588296	-0.166345081385526	-0.202232404154716	-0.231940508147953	-0.178229009138998	0.0930190177257026	0.146583669579875	0.120815439188108	0.217406525132354	-0.188286748267741	-0.207748261130667	-0.0475497632221087	-0.186103993301832	-0.0385479277607413	-0.118583848239293	-0.128225292241105	-0.0807007638140895
MetaB_M061	-0.10245279414792	-0.140397207906712	-0.0822859867769753	-0.198025561900054	-0.0688471217657351	-0.036327681546118	0.262500927341595	0.270730299280981	0.30523303596383	0.175981609452825	0.322452291286607	0.339621196194069	-0.0527946037663358	0.162706025397951	-0.107381524603488	-0.0170807833321574	0.19873182119995	0.159892700400805	-0.26003166137665	-0.230960256113577	-0.222609044195776	-0.196971889795271	-0.258539099894774	-0.223144689397069
MetaB_M062	0.18113094050338	0.301001454355607	0.183622987726048	0.266544624871927	-0.224373468795538	-0.308484666261757	0.206421124045628	0.232765803333424	0.202803787588209	0.0942526846812431	0.214001823924936	0.248870091916438	-0.170870386222463	-0.144825096160715	-0.20254611152112	-0.393881370103428	-0.0253533582118343	-0.0539794830154524	-0.140217256708603	-0.0781410385128109	-0.301631971394574	0.0126008068870553	-0.0521560271698173	-0.0475558957557824
MetaB_M063	-0.050279446853531	0.251374282829773	0.325342942313739	0.235569125508707	-0.13748424106868	-0.287369283664705	-0.228970015481012	-0.276376795127912	-0.236204842107767	-0.238236227020092	-0.263713751194857	-0.255082713839588	0.278296342069517	0.0740038430028852	0.243199531119759	0.242106506352305	0.237092509850346	-0.055440781541103	0.152037244242217	0.0309114263902949	0.0655598108134977	0.0110511375915359	-0.0505716222745665	-0.0668149819107611
MetaB_M064	0.0285924680584489	0.0700273692091056	-0.0184017982407482	0.0878038611283188	0.3580639275897	0.336683863694795	-0.33775149008763	-0.306834080438812	-0.38119207064257	-0.336738397964377	-0.124214050008116	-0.31548646636095	-0.0359615746661019	0.0393061713258665	0.00182854778518242	0.135095904893286	0.163272917526026	0.163313447096377	0.208586710153475	0.105850999974509	0.122435002943565	0.111423389864042	0.00322536996068335	-0.0789300227940801
MetaB_M065	0.250403190516602	0.222071291859701	0.26023382067721	0.265055250122956	0.436308006459113	0.325116377778601	-0.156059791210204	-0.174886276544843	-0.136603137360228	-0.151367840466008	-0.120669967574486	-0.137567852071642	-0.175962586063495	-0.164462068982862	-0.200951982235669	-0.259362526002798	-0.249362291847592	-0.230356934176589	0.0975390485267258	0.0687248507220872	0.142775773672225	0.0734803217967126	0.0459515090178558	-0.0300461866133717
MetaB_M066	-0.225130809065509	-0.0625136735548953	-0.0850396102527609	0.0147117164106322	-0.246307404071874	-0.316876055913673	-0.316467290750677	-0.159043872868876	-0.191276003046357	-0.181507799617127	-0.246445247789549	-0.203631063808771	0.172679716665835	0.204442471914289	0.256061883776471	0.142946757715018	0.0922381933553121	0.207182994486298	0.306440984493579	0.0839092076616301	0.321958376823771	0.119177152229273	0.195116783209288	0.117372591998673
MetaB_M067	-0.280288876753748	0.0321100315251274	-0.0993460262186377	0.0503583159081629	-0.424144179007355	-0.412499446719832	0.297338043843756	0.288543019880895	0.0803725479915798	0.279407582986536	0.13703846816735	0.131513928599236	-0.210373467961853	-0.0980208996140378	-0.204097815150622	-0.18664468756517	-0.123282923091226	0.116942751934499	0.0930028611464354	0.13306640276426	-0.0508798094146679	0.0732685585405984	0.212926903999403	0.163688714209312
MetaB_M068	-0.306675907298466	-0.169931589134058	-0.255696496729842	-0.212467792684704	-0.378378910081094	-0.256830947307572	0.0928832171305428	0.0538144618911846	0.111774840878808	0.0837617844660231	0.0671928281121439	0.0445059458463444	0.122987104611467	0.366453922316218	0.149581619322298	0.222949461069284	0.341891781588122	0.362522283932377	-0.127871104265283	-0.035389150759314	-0.0600026986316736	0.0182823622165591	-0.13824892218984	-0.0971080942995255
MetaB_M069	-0.198610447626915	-0.261332009088461	-0.145557263025958	-0.284258875325564	-0.196085585781571	-0.357304677116833	0.0477964191782303	-0.115731072033227	-0.0985429462399993	-0.0800091881398495	-0.197826534360986	-0.185547605432548	0.125488812386956	0.0868702161166329	-0.044453787160676	0.0372229340107654	0.17062386860961	0.103996239942196	0.173635668502566	0.368718856217192	0.182906296793363	0.261060397581178	0.290862180956516	0.316078101037378
MetaB_M070	-0.334398490309877	-0.0327127650410987	-0.333163390136281	-0.128484025199046	-0.344753779488624	-0.344770067897992	-0.095638773637321	-0.0891627389128848	0.0591318038436199	0.256176156701098	0.015543036379832	-0.0169738207297018	0.0838528921274509	0.138401595085548	0.0564820182465952	0.0582325007062221	-0.154421986373494	0.136777128782857	0.172223786706914	0.232731086702292	-0.160147904857695	0.198570206569562	0.227660230841323	0.398845299890702
MetaB_M071	-0.222701382573105	-0.219212217677466	0.0833196060858948	-0.214244520619856	0.367811337305941	0.272747153334186	-0.256675102148091	-0.253520586584311	-0.12548736212698	-0.209773814342531	-0.207133352828251	-0.282432720866023	0.133635373325449	-0.0409443796161696	0.208829250674117	0.120360297662613	0.0975774103287673	0.0951069781188328	0.232003002667524	0.0163239384587559	0.389347047323632	0.00548737415578194	-0.107672516863879	0.117249186805166
MetaB_M072	0.0735873294889737	-0.0182043792702714	-0.120176608444613	0.0944008204012393	0.245707988569314	0.348791503699294	-0.225397086373044	-0.287380830734611	-0.128732285629139	-0.128464289278739	-0.305412330614147	-0.292586189712142	-0.0388432728391952	0.252242785495085	0.146496176709486	0.219543648093215	0.290544028439189	0.318729856348498	0.0881662290837299	-0.0650162337084651	0.0650736084331158	-0.116316909325171	-0.263671149012934	-0.153082409818664
MetaB_M073	-0.0768901577170738	-0.0876177689677964	0.0051082991465341	-0.0132618515236763	-0.31768948321128	0.184242295026532	0.110763390129429	0.29591309745659	0.113718605700023	0.0364707756732857	-0.128802586582523	0.256251877681541	-0.154609091126426	0.101545991432448	-0.306901797912269	-0.256664266389344	-0.0488784130400329	-0.132540271339483	0.190094412206198	-0.337301920454696	0.0475052876110585	-0.0417751323602374	0.534923385545902	0.0263953230152922
MetaB_M074	-0.130467158578722	0.0694423494156182	-0.0885327724612704	0.187758897233237	-0.0266947519506012	-0.00798033601735817	-0.278334934283146	-0.392373151682463	-0.363763372607648	-0.272488892736894	-0.239846290874906	-0.2974986280926	0.122404876386263	-0.021401087829876	0.126573921003169	0.234909281964507	0.141961953454571	0.16134468811527	0.262345407546413	0.144668592328379	0.273074305211089	0.158860913687082	0.11589397807646	0.120142212693427
MetaB_M075	-0.243633073408352	-0.137494847435277	-0.0381235764268436	-0.251395259652579	0.132463211081842	-0.102247656688658	0.362012340574565	0.241055347113655	0.305519381570042	0.362660513421778	0.255155270819651	0.383263339958229	-0.0516467273131408	-0.0821485727485668	-0.0300842261272827	-0.231589451139032	-0.207608500374362	-0.116450629042847	-0.193474501857988	-0.139578501243888	-0.120871524623177	-0.0795953960031731	0.0391093796474785	-0.0552963401020775
MetaB_M076	0.240872563828884	0.277260808495187	0.45236330272879	0.0985361271898411	0.319226891214523	0.208695241292933	-0.026382302008405	-0.0943659305914225	-0.0798388897269677	-0.0343311118795907	-0.0971585447966746	-0.00495836973552735	-0.1212936877648	-0.0703219071905846	-0.232519256891236	-0.311230906931401	-0.33999469038589	-0.0495223142542117	-0.188690743617473	0.0651878860663325	-0.180797080238194	0.0639704323212348	0.284890128230636	-0.179597645355981
MetaB_M077	0.399525563435314	0.164754806966346	0.1892826698719	0.231632448791095	0.447981003551721	0.389475401356074	-0.0587538836722388	-0.141452114561171	-0.147364339342412	-0.183094762117306	0.0499246989692498	-0.0483796090084459	0.0636433924989975	-0.152608474111504	-0.0532701531850229	0.0590897348526711	-0.072995948466764	-0.279419495053726	-0.0606451395184701	-0.22335124027233	0.0114358171042828	-0.227067541242092	-0.153576293283031	-0.204766543563138
MetaB_M078	-0.362238718929447	-0.0812359345206603	-0.178985736657682	-0.126081462515461	-0.484787754613959	-0.468311428220256	0.0676508312111511	-0.0717870768620655	-0.0447056766605421	0.210978225622806	0.0512894559783328	-0.0462142799976169	0.271826375656803	0.147203231193994	0.18972232268288	0.155885088145035	0.0711951658650807	0.0683967464687254	-0.0743942073733771	0.0636500676304942	0.0850816874631698	0.090506392986406	0.235447631720057	0.229909053726131
MetaB_M079	0.0489685618464718	0.357150966515139	0.261734732432785	0.41604875543892	0.199291620210315	0.297998439100993	-0.138113394419673	-0.0852279920839814	-0.128431197206411	-0.31187268852364	0.117387967822517	-0.103753589497159	-0.313645048189753	-0.199890358744907	-0.206062331772573	0.157941147213659	-0.0139705871574724	-0.204275719611011	0.230417541737972	-0.107988832947272	-0.0706048940979028	-0.111582024639642	-0.0208335644050427	-0.0706875090223371
MetaB_M080	-0.373089124194776	-0.0413041698763512	-0.129785625693771	-0.0698144414817582	0.249692002255798	0.0520552573880138	-0.147283266702249	-0.0899185971656392	-0.105216585347658	-0.294890041143773	-0.182768898336087	-0.0233214980013968	0.100556363841912	0.432846452863087	0.191713244556851	0.266549970111828	0.355683717190731	0.259890136332702	-0.0323440588763739	-0.118382724066907	-0.234081858937117	-0.129208396528143	-0.0754314220702413	0.137853563881313
MetaB_M081	-0.00123459077123543	-0.132650412258841	-0.185115338100665	-0.120093501366544	0.0375122458674756	0.0811619282212205	0.294557751141024	0.353304892690482	0.314955250950569	0.233605890517078	0.138702983404745	0.262032866313361	-0.270592722707788	0.0918838523351595	-0.153113761126972	0.0180058512943538	0.193837290647546	0.112831203765212	-0.272567493135927	-0.19561274504819	-0.328474752173512	-0.145333683791199	-0.0601452577964132	-0.26745774887094
MetaB_M082	-0.233458752006378	-0.286674866896928	-0.334871100583415	-0.299224133332627	-0.230907213327562	-0.0866700298877716	-0.116342261041103	-0.165329818925733	0.014631548458339	-0.0665541421887072	-0.0674484291368134	-0.025301643699854	0.117682754640565	0.333729415818152	0.250881197473964	0.178679602618025	0.296843955151785	0.328449206156423	0.00859149745829581	-0.0925667171317539	0.114104348870661	-0.0106286748528994	0.332668656388943	0.0397155999763932
MetaB_M083	0.252751895671641	0.293075523614735	0.278652467393008	0.117665603336858	0.196317221031269	0.158256879820932	-0.244207387433523	-0.252828206863508	-0.218727359971552	-0.242912669208458	-0.373252846930366	-0.329596906342813	0.324853161194648	0.142205676231678	0.0708868134547979	-0.00692710928664575	0.0332397745065768	0.0742090184628254	-0.0596010911344085	0.0994449587465448	0.0498196633991608	-0.00844640493491043	-0.163572690509609	-0.191305984248883
MetaB_M084	0.142905222474604	0.166899212684779	-0.102599956507438	-0.000273551989164761	0.286978398101346	0.304185816682063	-0.206993232316897	-0.147838722773627	-0.26875044473759	-0.216021453600416	-0.233862641715184	-0.234423444378136	0.0253344931711577	-0.00367400142464361	-0.0350224757261754	-0.012564290824503	0.194786374309853	0.355020932332312	-0.294513175209996	0.257098432593085	0.3105565631317	0.0365164736073277	-0.117002453620981	-0.206742074263477
MetaB_M085	-0.178756162751783	0.0278902547199005	-0.0523346575192179	-0.0404880209251496	-0.31874735166617	-0.238807758273859	0.279664383082278	0.316487732500168	0.327710940123676	0.309682513822637	0.303732883609318	0.342999672953238	-0.20166129711155	-0.310377516866473	-0.134879768717164	-0.104648293083138	-0.0342676130538195	0.0508509210819984	-0.0581438288306536	-0.0358613501970478	-0.169154374424071	-0.00363852128566257	0.0183901687558504	-0.0956429559433033
MetaB_M086	-0.305546286683514	-0.211618773110859	-0.328653130255369	-0.305444905510779	-0.215364815150944	-0.439979457587989	0.249250710622331	-0.000795594507206409	0.121901816143788	0.317293911112471	0.252935615698792	0.259310282463606	0.0993167105820235	-0.0263469531341689	-0.0940837697606907	-0.0257397399898727	0.0268214184875139	0.0958054831099033	0.239935760176355	0.0895337785369797	0.110642011846283	0.0579098712658029	0.0139540404040696	0.0189620152414747
MetaB_M087	-0.15814754445553	-0.065386850588835	-0.215252177870092	-0.0955359003229852	0.0570296803203237	0.109162092005356	-0.339775133794094	-0.205842881167233	-0.27163174023499	-0.291605968780758	-0.205699522743561	-0.268018395788116	-0.0559876280946722	0.127175824280057	0.0243426519428067	0.0787637970751525	0.161507938742214	0.207548850520587	0.364632848297971	0.2440370427006	0.284592953999889	0.225152180219762	0.0808458841370397	0.208091999599106
MetaB_M088	0.192696362575282	0.378662161450634	0.340612122955994	0.311735146094651	-0.139619868296234	-0.2101539160671	0.0298848540622169	0.121859286050985	0.0641704793076937	0.0219097679114042	0.0615782195288131	0.0860263826566797	-0.237044531278766	-0.155791153877981	-0.211294402086461	-0.382571474754298	-0.29131390878921	-0.156606979861489	-0.125925112673951	0.0473933907171871	-0.185796815103645	0.0535712169016136	0.182042316418117	0.203976456157864
MetaB_M089	0.0477615584485976	0.104610333874352	0.0519547038540863	-0.0137498331990701	-0.239124315827944	-0.295096334887603	0.249967590598405	0.309489508483103	0.283048688460677	0.265730229750406	0.256593716089257	0.35736126755664	-0.176544853535075	-0.109476999555664	-0.241737917901706	-0.289423618806186	-0.0547765272404809	-0.0496440595518911	-0.147462716615369	-0.0836139679921359	-0.316526939715953	0.0260530792415404	0.117648810239039	-0.0530414017670254
MetaB_M090	-0.335971975495122	0.0310608159444175	0.164842406987591	0.206111295648415	-0.11655263510516	0.245068501744455	-0.106559647825431	-0.0403504222344449	-0.124278675177591	-0.134071300565638	0.108435900388456	0.0053750179226248	-0.155985528133765	-0.360986976557536	-0.126863626473448	0.0494066661272803	-0.144564399074188	-0.315468312126692	0.42841095106211	0.242358971000354	0.110052800525663	0.0650316268029352	0.359863496786093	-0.0543649521713763
MetaB_M091	0.301850928623587	0.0198403944992847	0.134004839672861	0.0798358951292579	0.385950560835836	0.450705376417172	0.0196044940492327	-0.219061713838254	-0.266389516726481	-0.338407197771324	-0.271575204057246	-0.261886751972583	-0.0290010176573681	-0.0853498065440133	0.0331386896341949	0.122188541426916	0.000871330146885338	-0.202674129426998	0.136569205369367	-0.00766036779740011	0.193736985444921	-0.00606380995147301	-0.185307716584425	-0.0049200089219475
MetaB_M092	-0.0946578259660786	-0.0315877651549847	0.163756188849632	-0.21653952483931	0.342209686106976	0.264796656984413	-0.279327467864295	-0.294470357681541	-0.266871503702902	-0.291066611338198	-0.174966104129965	-0.275708822172672	0.0915488746442474	-0.121820178222898	0.124965385411892	0.0294607974080891	-0.0388234299516585	-0.0380392435401269	0.284768194900499	0.0633087803250321	0.324511085865666	0.206272055385871	0.105952919493549	0.122328209188766
MetaB_M093	-0.271305657526737	-0.24258227251592	-0.357313463688556	-0.353084328332918	-0.261194338848659	-0.244399814196016	0.0305643136921013	0.127289812886251	0.256771980200252	0.300851528279202	-0.0652211528503488	-0.188886982604074	0.192023486268399	0.0949928954809685	0.152259097594474	0.0685256478831375	0.194813167061447	0.240688354483879	0.0168740957611073	0.225864731513629	0.205827190194314	0.00973604555264535	-0.0936101670585273	-0.0394841692300492
MetaB_M094	-0.145088240603214	0.102265537995495	0.105623636521111	0.293500372361409	0.181955212453856	0.349076474891496	-0.215023094624382	-0.0493308763304849	-0.0947153743296757	0.00854417303178041	0.0608879594786063	-0.0943309513631459	-0.371389192275356	-0.131295417715105	-0.354322355915062	0.277685794614781	-0.00496321296459306	-0.00952427158291202	0.318533398755666	0.200087334432745	-0.239057770854724	0.0400918822407975	0.0606818641386673	-0.289892882357757
MetaB_M095	0.212072210616232	-0.276615205877674	0.0938900432908656	0.0529013075938623	0.268218885848611	0.219421837915892	-0.207307664939077	-0.263839338230727	-0.228094590183339	-0.0291287664247853	-0.27168842757142	-0.409777856451439	0.13915933961992	-0.0312237449525301	-0.101183704018429	-0.152688119447593	0.133053064154824	-0.0690881382658772	0.208556997105038	-0.0530192776876873	0.0532433321082917	0.208469979623113	0.399469263408966	0.105198572764963
MetaB_M096	-0.403240279411369	-0.210726506163792	-0.165520240353608	-0.166423440366256	-0.312301741697395	-0.453119447583095	0.158311671426626	0.115798017824422	0.284442992355583	0.252387952359277	0.0177914411578746	-0.0124723232824191	-0.0604536539874917	0.0416109344407394	-0.00508328050612348	-0.118197181097799	-0.0858631037878102	0.091809070225655	0.13005519561167	0.113554965064385	0.0963227014494346	0.127413943461021	0.313563370706298	0.250338942154173
MetaB_M097	-0.410447978098026	0.0723943296250689	-0.102330554355464	-0.0250088583642418	-0.46209891369514	-0.540377334035297	0.0941969356647616	0.0593577919839173	-0.0680747298663749	-0.0737581985249569	0.0680978821651067	0.172758311823317	-0.12589973740316	0.0139481532366455	0.069152821786987	0.251684651906206	-0.0425476950415536	0.188761829251244	0.126755932320198	0.082641418855183	0.186270231468976	0.138657409079142	0.138742435039608	0.187123865177851
MetaB_M098	0.00642868576233578	0.092641099189238	0.0560797427793572	-0.180220750395865	-0.29600116443578	-0.422628955659948	0.0381193953672606	-0.0106485060305021	0.175760225900445	0.426340944142726	-0.237266664882034	-0.18707053592175	0.330297875477689	0.0162876247400193	0.238626192936649	-0.0255688936417972	-0.151564329901481	-0.246438487648476	0.117317844798264	0.159626884424233	-0.0635367120874079	0.16108488997892	-0.177872658039482	0.180206253147376
MetaB_M099	-0.0514324365550629	-0.051175154595588	-0.165697085453832	-0.0441107020557282	0.257301058969279	0.23207366061226	-0.285140374295642	-0.292148563160599	-0.302360670597407	-0.267650067020743	-0.274760209197183	-0.379179972728072	0.209082387415069	0.139930612916458	0.0924424646683352	0.176854387221172	0.219807166330023	0.215286999817782	0.129263686926741	0.139825637799834	0.234142688345928	0.084926305054367	-0.0031712848026835	-0.0141105356147063
MetaB_M100	0.361153474596179	0.0798228582573521	0.0991130654664892	0.00541778126683262	0.319810735117133	0.156704043452252	-0.18501501206516	-0.277891926482636	-0.239027994522589	-0.222385467951288	-0.154157251576829	-0.177264891345756	0.270614640957432	0.289791758156254	0.30309380498505	0.0854055243945946	-0.407005823003197	-0.112778226336892	-0.0585318259286764	-0.101585261903468	0.0216603501754421	-0.0528509614302718	-0.0295850440524936	0.0254916497742495
MetaB_M101	0.0793836773708306	0.409209464712291	0.229903785488908	0.359691150629281	0.0550251180653527	0.272551275860257	-0.198135515050883	-0.237556135438938	-0.079097284846894	-0.245281041338616	-0.332224486065351	-0.205766684419119	0.00211314721917329	0.14614263335864	-0.00794617635892452	-0.143063455139849	0.00229129503218891	0.121328048116111	-0.33044756565851	0.139337662390232	0.177222398474997	0.0117892470464982	-0.182001655793453	-0.0444689036542204
MetaB_M102	-0.158000807234668	0.268300912380018	0.116917441880113	0.341300478328508	0.00383702929070237	0.0105132466545376	-0.199014160556645	-0.215015321227649	0.111339124847552	0.202320782838785	-0.298345668345836	-0.234983285606759	-0.319225863274099	0.412869634789265	-0.114133410048426	0.0356498998269749	-0.0468740022255695	0.108048523711452	-0.0997255735255244	-0.0802963778772226	-0.211746080745986	-0.104947093827762	0.288404978629101	0.182805591319137
MetaB_M103	-0.0252314248794147	0.167432365962889	0.0279625567924054	0.104909172718267	-0.263351520402106	-0.206509320205226	0.251400869145729	0.299778129369327	0.242925186849111	0.240784562062342	0.299859127785363	0.321293434608958	-0.175379055059551	0.0301775121584592	-0.183253100042869	-0.108761859786046	0.0831155673607394	0.133522483111006	-0.281667147533312	-0.181159832814658	-0.31131949995577	-0.15085875162808	-0.178629227010497	-0.137040228607065
MetaB_M104	0.0682483856428237	0.219149678030309	0.184204221014042	0.213161779125263	0.0335732475101477	0.0606931726020777	0.079197378539654	0.32775213979732	0.229340594340078	0.146811733617162	0.370200841626597	0.216085103548511	-0.104935134244672	-0.015003057982621	-0.163324654842392	-0.18004271526886	-0.0985727811490015	-0.0597406469695705	-0.304773804863228	-0.228849205177614	-0.277916071683046	-0.179667917500892	-0.337548841129474	-0.198043444582613
MetaB_M105	0.0385787096586384	-0.182999743416721	0.0820592903565608	0.327178649267109	0.125336085640832	-0.106692902516018	0.414997020236634	0.22966222057041	0.310859057459148	0.125569470722434	0.0988661496916753	0.227610775790574	-0.0859433098725825	-0.223428284930521	-0.229694421373563	-0.289148700854435	0.0154951697621923	0.076169085148863	-0.144534208754915	-0.246581001113806	-0.248792094144729	-0.0721312680915826	0.0325776125895216	-0.275013361825714
MetaB_M106	0.278325741317588	0.368230271882433	0.387047477369109	0.278302775296263	0.151084476855918	0.11177952616888	-0.0399810241021558	0.0127377862934187	-0.0162844334973165	0.0015875845618307	-0.0202897357701601	-0.116106720243211	-0.292501485273723	-0.267698025086413	-0.247292389664356	-0.310261726731524	-0.241367643931416	-0.111540083625335	-0.0812844736759962	-0.0359290845935698	-0.0942075443860352	-0.000564584691313092	0.323901817576078	-0.0376885020489961
MetaB_M107	0.319657830935098	0.405764442043624	0.215158408097842	0.408335517174824	-0.128993427043478	-0.122868821226033	0.223808718487298	-0.034015353250264	0.13117388720407	0.0678732864932305	-0.180703765372231	0.121570513694159	-0.020777752436964	-0.262982167414561	-0.0255520380786462	-0.294785618034919	-0.194567353724824	-0.207226205582634	-0.0220342658868295	-0.0593438171353461	-0.15607092964651	0.0212930393161323	-0.302604887835225	0.0978907592221727
MetaB_M108	-0.388832253144557	-0.0598059230282686	-0.139162763672464	-0.0849354510413635	-0.368144218016525	-0.351389670719317	0.0677070454013633	0.104494981181673	-0.0355619548344942	0.106198896871726	0.035255884190938	0.0219870759804255	-0.182286073141095	0.0360274227582558	-0.243686635551006	-0.144215523450671	0.0579153741972559	0.0954489448139021	0.248348246995317	0.238094057117934	0.0737786373102464	0.299072211858451	0.330729131054936	0.28296255686734
MetaB_M109	0.289041361861592	-0.00324776135535194	-0.03145183643483	0.336958817215492	0.342954725365053	0.0950153638145521	-0.263206440761263	-0.28819300293092	-0.314375494893029	-0.177044740253786	-0.354995519497335	-0.246859092765261	0.190660473134281	0.106106071810706	0.139238859001934	0.281006672692426	0.0739888639739406	0.0438711541504768	0.023990849741079	0.0361647712313373	0.0819703417214334	-0.111142084749293	-0.117549540515936	-0.132902811557295
MetaB_M110	-0.208887924340309	0.116940761713521	-0.030751608952282	0.0174693718393231	-0.415766568131662	-0.46532014867378	0.363722771158398	0.284374293939543	0.0852165393448218	0.241624343874881	0.105427291059584	0.196309014940759	-0.127297000648569	0.0160523843997955	-0.0944562893781095	0.0887032624439856	0.0709529184263093	0.163538100795794	-0.214195878372125	-0.231027261089355	-0.129837394343076	-0.0769471082507558	0.0640859135767482	0.18007021466656
MetaB_M111	-0.0536822009617538	0.0746890813778561	-0.04337463365495	0.296217205870062	-0.165838990369667	-0.241186357862926	-0.205817013949979	-0.176156608969757	-0.168195397529449	-0.215008453335761	-0.272501890038985	-0.266178265758963	-0.162020061259347	0.010975294802033	-0.0105540209258293	0.0256974625990442	-0.0512086369170817	-0.0242698273908513	0.382070472502406	0.373719112377018	0.27509381856091	0.154335372183751	0.246656980736646	0.21653755791557
MetaB_M112	-0.160141666208979	-0.176239356950056	-0.107860442314475	-0.0788840271704049	-0.131804142088232	-0.179580552873924	0.380115855963181	0.200749557802539	0.199720706607023	0.0451281200309009	0.483818167182935	0.353751393154687	-0.142083354831933	-0.186052728975372	-0.163377097025581	-0.198931679074214	-0.293214968137378	-0.10115618783182	-0.103192817078682	0.0390086710286602	0.0929167542573323	0.132515875783126	-0.0745634933535803	0.169357412104248
MetaB_M113	-0.291525364189387	-0.021471336238051	-0.27072315275072	-0.0985837267194885	-0.375481772042178	-0.351184748303501	-0.135583440978906	-0.0778045445511474	-0.0749529333357895	-0.0412232990916329	-0.00883472397196753	0.00760619563347888	-0.254604197415136	0.333414446230356	0.198393298111561	0.25633973132956	0.284716719455719	0.30176144939701	0.11937275613022	0.128401127503672	0.0896678388712208	-0.00702446146332494	0.117527001013546	0.171797137374889
MetaB_M114	-0.361586345336641	-0.221454169822937	-0.267750462691687	-0.194652350020395	-0.365944944043472	-0.312946088540731	-0.0793887268539197	-0.0781794441770478	0.00698483228959721	-0.0373386106679173	-0.107565543946171	-0.0759372183590563	0.320663245580852	0.192861228449275	0.299639046522352	0.234582902582607	0.0816538026172289	0.104391360444244	0.145796641670781	0.207126231949543	0.130143912050331	0.0893639933527364	0.0605270860870877	0.229009620863339
MetaB_M115	0.286768698736264	0.36513609785087	0.315814792046032	0.266328196912928	0.0790061087527449	-0.0109394217440671	-0.11399545953673	-0.0896650380517006	-0.0697435693810004	-0.0504764276583953	-0.0368628673088394	-0.115637969453998	-0.164714673720066	-0.223561100345219	-0.150091988269764	-0.344518098663513	-0.391077338346829	-0.272600081000165	0.0676970868600887	0.0750873718272838	0.0163274407038071	0.145953408855382	0.193272599451674	0.222492231483212
MetaB_M116	0.0401961576351953	-0.264910145062976	-0.0859695451091353	-0.0858334150267098	0.263988158088775	0.253632561780656	0.226238654767025	0.23540397207738	0.245359938260287	0.306359208279446	0.342589489278083	0.234999994508498	-0.132901061332451	-0.18209153845694	-0.0330720205503177	-0.0673554157099604	-0.126444034816709	-0.251516131241895	-0.00433165193352225	-0.229733463672943	-0.00925142242001751	-0.192122524057646	-0.285947734125994	-0.197288031158129
MetaB_M117	-0.280051090329194	-0.251003476480531	-0.25272881462949	-0.299080364987583	-0.170006514555276	-0.209390922137147	0.34561781491376	0.246763694021552	0.297430565547063	0.16213237378024	0.350063844334371	0.374557744100451	-0.00183096631626626	-0.0767605602368983	-0.0797522740197866	-0.0826501050037947	-0.0404581075555006	-0.0704824397157433	-0.0506770720631276	0.134750179378855	0.0630935060188737	-0.0140296134591548	-0.146270312523238	0.050762911917566
MetaB_M118	0.149434204404965	0.23671307269284	-0.0424086768888157	0.0780661071566345	0.287545989379897	0.251787381001038	-0.240421329335276	-0.210162195019616	-0.402356570157267	-0.338834589546084	-0.258019589284397	-0.267101653122789	0.277286848256342	0.00283259954432653	0.0624898946232186	0.0206281420038704	0.134350137586451	0.2173219036284	-0.0827099038879752	0.248668756410819	0.115474940257761	-0.0791791710424299	-0.0403044048750737	-0.121101893786837
MetaB_M119	0.0713960052889498	0.0215028704459114	0.106997902057329	-0.13988861521829	0.277966590707904	0.159543600554305	0.273466428115749	0.200048624364585	0.300871900563341	0.314747245202318	0.143448891251931	0.192351322760031	-0.289204898218048	-0.304399533634397	-0.172697549805318	-0.270161443391495	-0.348437314575069	-0.273251558186771	-0.0548744381555843	-0.102657171330012	-0.0893723393365566	0.0180751426223273	0.00523667935289047	-0.0407083414360324
MetaB_M120	0.247386737764843	0.319706505980796	0.267452535168735	0.325903398669015	0.273427654261644	0.220067122150015	-0.272510960971173	-0.313876672459872	-0.239179341878565	-0.301068963174405	-0.241463812971971	-0.315328126884947	-0.0499428098979309	-0.0101674963464845	-0.0686747127419733	-0.0757864287963463	0.0328055640439663	-0.0539485617785875	0.115435853679359	0.115175443030781	0.0725787796185602	0.0369683676385146	-0.0837498844211116	-0.00121018968286109
MetaB_M121	-0.169599700664937	-0.245771759576313	-0.258554465713755	-0.458760044927939	-0.026921466971623	0.270972689358199	0.11144939002866	0.140821437418874	0.021332965003605	0.1826893770533	-0.034657655601764	0.199949822263364	-0.0979725257969953	-0.112886055872976	-0.258842630409861	-0.118065064479475	-0.0665960889007131	-0.0897714419266595	0.450450363668096	0.136696000149033	-0.0349345854975174	0.322807724107159	0.072838152010188	0.0633255652800453
MetaB_M122	-0.19201065697539	-0.101057483430736	-0.155956894615326	-0.163177322717638	-0.33247438348189	-0.232040637760677	0.14927684523981	0.0713374780131311	0.0746610550862494	0.0836426979300093	0.110917645042668	0.133813292608679	0.120217169501751	0.323763795543752	0.0563425142273698	0.263758737284106	0.408475040649845	0.367525528642911	-0.225536044183857	-0.139081010165779	-0.182127162463342	-0.0910460710016472	-0.154088164819035	-0.195135968154963
MetaB_M123	-0.373966713407916	0.21544880099875	0.0196421126038223	0.20486767660271	-0.427072836180744	-0.330941193838087	-0.122023715025492	-0.0494498017678252	-0.0540344009804145	0.150245401246526	-0.074347193277855	-0.329679004235243	-0.00954287370187943	0.253301039095214	-0.0990885310780285	-0.00496541363908149	0.0391595724269306	0.143414937989787	-0.015639340709975	0.193270529162688	-0.0419238235019478	0.131303368394121	0.302166829591976	0.27985457323196
MetaB_M124	-0.0731399430449465	-0.00448225667401503	0.151663145979274	-0.0277554885784885	0.143990216530562	-0.0408760318046141	-0.143780456228784	-0.102602554756778	-0.183090653655289	-0.0946042728094261	-0.231162393855341	-0.201564036693039	-0.1548241753534	-0.228117905311093	0.0486997782176722	-0.116607546546278	-0.357428648606506	-0.100580789292434	0.213980086147126	0.206228555544507	0.260843181601605	0.319271868010207	0.492677792482657	0.223262528696819
MetaB_M125	0.489045190936597	0.404984844170206	0.2821018492199	0.230862475800149	0.194140333448836	0.169960836653512	0.0847780182159339	-0.0903906585288979	0.0711986729879175	-0.0101770432013623	-0.0487602660097463	0.023821733054912	-0.140324443598517	0.00431146274350904	-0.181804531542854	-0.135921386519136	0.0163349476270492	-0.0491714212635031	-0.189996782969056	-0.253823806253106	-0.142771611430967	-0.205942166646457	-0.252086015174566	-0.270370231720353
MetaB_M126	0.0492025538924402	0.204917701159622	0.0312073265979394	0.160027536205506	0.0102205247817091	-0.128692310137554	-0.251616660482701	-0.266028689737444	-0.313499380248896	-0.162351221140261	-0.179154176056863	-0.332307460102072	-0.152896151886648	-0.00811837387049061	-0.107662783129514	-0.00688749143866447	-0.17213019099152	0.00792115199213018	0.2639371779237	0.272055141545922	0.229814926248013	0.296016306622131	0.339737773916052	0.216286768337464
MetaB_M127	0.345114892923539	0.276690187887199	0.179876449695354	0.22066080393735	0.453912185363252	0.2875795658737	-0.247788072063961	-0.10374421457645	-0.174425707123743	-0.25760811733264	-0.260180789580879	-0.245738083340463	-0.220361518919661	-0.047822286529324	0.0406055020064577	0.0355707022931067	0.0794203533075891	0.120320734723582	0.0504296897337183	-0.0613468295256533	-0.0906737315142112	-0.127045076941412	-0.136537795048207	-0.116908845248243
MetaB_M128	-0.146100728043128	-0.214908173865065	-0.273872356434595	-0.341140530619355	-0.394441229005021	-0.181650506448005	0.338384350549697	0.272937302882042	0.274012233709517	0.189877674638108	0.164018184122369	0.26020767161803	0.0622471524847171	0.0902195233190261	-0.25719209098611	-0.141811409039055	0.0563000617303159	0.149353278937877	-0.019371899444469	-0.0836945509379964	-0.00798577512265279	0.148837693954362	0.0657016709688804	-0.00992754896949316
MetaB_M129	-0.126369198437276	0.269767037260074	-0.00707024677858489	0.0954013983036635	-0.0474047250906145	0.0120965692534836	-0.31823431293104	-0.209195915263988	-0.295914041317736	-0.251802249375428	-0.401721104194181	-0.343022122214187	0.0720336741681037	0.180504038572321	0.0121742020806355	0.0569797595437841	0.0518343883684502	0.156885327260439	0.124734024908809	0.350436977206086	0.0885791978319132	0.0822749297109249	0.264122574355141	0.182909816779206
MetaB_M130	0.0802235155944123	0.178159516868373	0.107212862822443	0.0212645822133265	-0.240374537582521	-0.290391388950062	0.223275677927967	0.250175264310093	0.226425256030807	0.201949981981007	0.291837437505255	0.356052963223704	0.0523333024909835	-0.265212036799535	-0.08888426377668	-0.338533574527465	-0.332890481418747	-0.154908071330391	-0.143732387150023	-0.0751015420982483	-0.167519461283753	0.00509483454907873	0.0761860001679241	0.027356549232052
MetaB_M131	0.298109226871411	0.397636743522428	0.335277627533707	0.420706998179605	0.262874180142986	0.20859018750574	0.0250772287026854	-0.149243382310434	-0.0702773882302548	0.0371118034225865	-0.232571168647828	-0.0947821179979476	-0.160618543084087	-0.032809681831885	-0.176080047269783	-0.218740177192079	-0.0124175730605845	0.00951603646633505	-0.239761127953315	-0.109463710477481	-0.223009027128569	-0.157062021623453	-0.028239726256868	-0.0898243392829162
MetaB_M132	-0.42408915078885	-0.0729985359253345	-0.083921247329808	-0.0135617207672311	-0.29058853258856	-0.164390215213536	0.0978984243441234	0.22700921490099	0.114064769542693	0.130352173958516	0.304837881524197	0.178311743878826	-0.269845587199842	-0.173250511851602	-0.218294869595739	-0.0846968717223084	-0.187281544643484	-0.183200598481643	0.30425254020154	0.250975421184785	0.0906750253509041	0.0986192055370156	0.263170713200673	0.105952272483672
MetaB_M133	-0.361234412461116	-0.25524029098782	-0.211260661335221	-0.210563905563275	-0.0915628528918441	-0.218417428421942	-0.079864304121951	-0.0434217120420117	0.204545345147609	0.000969490392149039	-0.179057486399296	0.157130746272174	0.139601739263089	0.287866624593742	0.532983727220304	0.243114892052231	0.218822729645575	0.120137659257236	-0.0298536425735283	-0.0255760701323896	0.00446075326290386	-0.193238837155992	-0.0582747453283571	0.0479326423077337
MetaB_M134	0.298926860799303	0.0373045375493777	0.137599690635672	0.0706490310456506	0.331570418158514	0.324787414839152	-0.291318443350114	-0.302815000673644	-0.281692425536493	-0.303611999640676	-0.290104505965714	-0.311611383825002	0.178530705973441	-0.00215660734675402	0.143978541028903	0.138772264161593	0.0707721823027978	-0.107035596188468	0.0916015212049019	-0.00127274392594989	0.186164896190513	-0.00600698065228447	-0.093523024056481	-0.0195093527282385
MetaB_M135	0.328217310162789	0.217300902905507	0.293699795131751	0.234623775825154	0.387212263997475	0.389875208961329	0.0596346774820618	-0.0252728821682861	0.0285396044647113	0.00238544262550648	0.0740050962925754	0.0989656259626051	-0.11024729628848	-0.203993263276004	-0.129268418717448	-0.187609745256845	-0.182177400048335	-0.223113167621888	-0.157126112393039	-0.234432628087199	-0.154137352916906	-0.185472180716601	-0.119827076963161	-0.201782179357273
MetaB_M136	0.15522930348425	0.0471767413167373	0.133351319999892	0.232978715940982	0.274477141090481	-0.369923775433203	-0.1889545528725	0.246465165192504	0.134058866798414	0.163987966165609	-0.163177343487091	-0.126664793909819	-0.29186353817001	-0.187152264577945	-0.23124474979238	-0.265257053182725	-0.251814379808802	0.208456475035287	0.0459177419413956	0.207117160274408	0.132162152155575	-0.169673892528054	0.0131369372670607	0.251210657099928
MetaB_M137	-0.110317187005089	-0.0926444829379686	-0.0813610902268033	-0.144389198286913	-0.133846905940122	-0.128762925397698	-0.297563136956789	-0.225575056012685	-0.296353073850247	-0.186866910897448	-0.265444233906972	-0.243904480483612	0.0482060813704207	0.00289326205570919	0.114704319206134	0.18935985417382	0.13419735804006	0.14329503571138	0.370807626050096	0.246243088894999	0.309099696260581	0.247475517018825	0.205543543693249	0.195203299427074
MetaB_M138	0.300680666353899	0.247372505305036	0.320116959985236	0.200194679317745	0.382982961069814	0.409731923677599	-0.181238135294093	-0.151062020410753	-0.139242357406753	-0.149283011729308	-0.144165603369253	-0.0880287582596089	-0.024824439940043	-0.148838865356286	-0.0641284463352808	-0.200008530465176	-0.272918536871533	-0.299495570514606	0.0509760509973497	-0.0464420873307155	0.0513470568523749	0.0329068563928217	0.0618514275713707	-0.148484724239837
MetaB_M139	0.00365743412382984	-0.0915624903694663	-0.238432387148627	-0.347557688366838	-0.216969341790798	-0.0549437739526162	0.0400666358336768	0.113030486084632	0.0254239196651983	0.241579647998403	-0.0893267761509515	0.114429726513766	0.027892582524872	-0.353827843262444	0.329664079888717	0.305616650761421	0.142764625544047	-0.286626606392969	0.375927253554309	-0.00159916068585759	0.138895638324067	0.00696476973542233	-0.267208164933574	0.0821407825017856
MetaB_M140	-0.143853920023592	0.0450410076590739	-0.0147713270109771	-0.0363843306702726	0.035932456075714	-0.0433191686604489	0.324760779835197	0.316557986997039	0.354147881245597	0.252668951205887	0.381208064861797	0.342583475419196	-0.205793519221381	-0.102287163661757	-0.204280964326608	-0.182657036135872	-0.103267971297339	-0.0785135766107711	-0.168153717946754	-0.108499756201447	-0.0412295946858312	-0.198678045760119	-0.22238073358512	-0.198829777501208
MetaB_M141	0.307151617912801	0.273881692351041	0.365558927295776	0.228410275208721	0.30096040942485	0.24141122008632	-0.233094452003263	-0.252391492417989	-0.182406975974245	-0.17987638653707	-0.218504983694493	-0.256935686434876	-0.0494566506441123	-0.113769083647075	-0.0280727115187443	-0.166894615560627	-0.270766513777342	-0.199329537520975	0.0712441732012949	-0.0146302993787356	0.110123144421376	0.0784862815409407	0.100194044850197	0.0887076028162304
MetaB_M142	-0.390918970854683	-0.142515145621714	-0.2392423509105	-0.196794623353458	-0.1252542896333	-0.391437588352401	-0.0649436211017686	0.0225750487580022	0.0303196269825609	0.141656001475995	-0.0680244173006274	0.0243395152208138	-0.231776795226587	0.0470795903642321	0.00892256508132796	-0.04492846631939	-0.133267189416472	0.178220219542336	0.227250307353213	0.305287400875589	0.300194408993496	0.273941246177371	0.275714823325274	0.19360270394069
MetaB_M143	-0.332026051641397	-0.0660079172674357	-0.188059967498783	-0.135849378813418	-0.342477960610915	-0.285793145293143	-0.139018379648728	0.146631657548902	0.140040067729904	-0.0680164789174256	0.0855757735640019	0.039538569502135	0.0995113779128658	0.319277640236575	0.246569465136014	0.301608915980157	0.358656680133099	0.299905463795686	-0.117810644939819	-5.38803165395264e-05	-0.201517368623069	-0.0883388856890689	-0.112225006162461	0.039879453882862
MetaB_M144	0.0812586387261882	0.362817732162512	0.236504649829987	0.317214566232604	-0.35156404739988	0.212549841261675	-0.197439910832535	0.0881624396896714	-0.0165838300426847	-0.126138693108584	0.162497879527683	0.134841868754265	-0.335472632201524	0.128648715482434	0.120867569998718	0.216802356877292	-0.0372259377741045	-0.033935332056296	-0.0521320141681256	-0.263231071427536	-0.0537965465803216	-0.0395051310478921	-0.328073930996656	-0.227067180906892
MetaB_M145	0.197163402793728	0.0789320890045666	0.206773829425004	0.0842071553705723	0.463072396454233	0.460429686815587	-0.202298218693784	-0.197848908337728	0.0565590647625873	-0.360041036492227	0.227670878291018	-0.22669724597392	-0.0566712969822931	-0.0884148055278343	-0.0423957876990834	-0.0787063859686269	-0.152263344844699	-0.148877876213969	0.0587794270491869	-0.189376555601828	0.0839033760732275	0.105289269051457	-0.168822641618326	-0.110366471136851
MetaB_M146	0.20516604399695	0.0866679147252664	0.0646564186787656	0.250044483005302	0.0483516815909237	-0.0996752619331525	-0.236720209034288	-0.362220465310504	-0.346607546052588	-0.296092696192007	-0.184634055537696	-0.340858348286347	0.257229642733382	0.0724396551509846	0.258161719697516	0.183344745366939	0.165455995641158	-0.194262969135547	0.227802166898183	0.0165044435713074	0.164043844301421	0.0525966214654546	-0.0566341236151037	0.0652402982736761
MetaB_M147	0.076868706561211	0.169885031612129	0.0973756608533881	0.146684759882311	0.0602610646831737	-0.156218090318609	-0.214657232368079	-0.0978265156999558	-0.143208405823583	-0.144872070379076	-0.352134698162066	-0.325641690919337	-0.163571605196402	-0.183913205278514	-0.0206509264978473	-0.21046960655428	-0.075481988948603	-0.0664878360531518	0.259108920489244	0.332304736173605	0.318903079861963	0.112433775667553	0.253742773528732	0.327565362886194
MetaB_M148	-0.520501641532752	-0.149255554507087	-0.15666398648987	-0.150149954825762	-0.481843879468598	-0.305994702887389	0.109258720991191	0.14475362999431	-0.0134431850975103	0.192781557266796	0.0852551158524108	0.0990685266525237	0.0253132795542072	0.20538348638265	0.0319902823573468	-0.0716805391217172	0.0699624085305939	0.256978251866126	-0.0953504838970648	0.0852799172030867	0.210125434376881	0.175745174766034	0.0860944011805751	0.166893740853017
MetaB_M149	-0.209641206163831	0.202944008099532	0.0104606714611571	0.105153453589329	-0.182140710950538	-0.281439378735289	-0.0914645227502933	-0.12731020519861	-0.101287103890488	-0.165920372040667	-0.0905545473190015	0.00135734039929015	-0.137561323907269	0.275864774854948	-0.0424621379439948	0.284489976536691	0.506679318172468	0.473465220021152	-0.19308419471903	-0.0545609328271949	-0.0623787879543258	0.0450051264824629	-0.0495986132706717	-0.116015851945829
MetaB_M150	0.129279764962401	0.0307400689587625	-0.0122086984335622	0.0482338027068425	0.160880305439975	0.183036816791297	0.269478828909771	0.303977830306776	0.252006392684615	0.215360768188875	0.256261467882886	0.332516254785801	-0.1928471218286	-0.0950871976486889	-0.2414840317291	-0.247922756224154	-0.074583304977703	-0.0212517065078091	-0.226522519097709	-0.261173755300549	-0.292942059265821	-0.127930708617063	-0.208091144934693	-0.179727297052552
MetaB_M151	-0.207617670795234	-0.375906661171058	-0.295152061568539	-0.321343547270026	-0.0123532732070762	-0.204325025210663	-0.0319746601092548	-0.04234912733876	-0.116334458289499	0.0369401124376848	0.0168253549025767	-0.182116965564383	-0.0418455929442668	-0.101571232791892	0.0256523198038749	0.112589860390343	0.0349726342067374	0.0987467939914606	0.352650221623103	0.339463055472072	0.233204654293233	0.0636062663362051	0.251526026009277	0.366712976794089
MetaB_M152	0.459821417108725	-0.268335613660266	-0.120437767524042	-0.143587966206994	0.310859837240882	0.365957770001988	0.0542901674048531	0.0415328910015491	0.0262141217635519	0.0753664686848118	-0.17215519580942	0.0726813703952698	0.179969532814533	-0.0853556450538691	0.148307310372872	0.0758994702141491	0.14721358950575	-0.130991848530502	-0.123306247947401	-0.177155759717778	0.0795295930973074	-0.171478984850661	-0.257492999809001	-0.387345510496305
MetaB_M153	0.378925481267326	0.43100934549144	0.310689296350887	0.312334795068945	0.154001436235239	0.00985774323884756	-0.17337372828016	-0.0234667321481215	-0.166910543714863	-0.282762006569246	-0.0492155825970126	0.132383058139285	-0.0834245832600383	-0.201801176626208	-0.0168697380388779	-0.19537850216798	-0.334227373057441	-0.140419369380262	-0.0768014074963388	-0.138989394880464	-0.129725327424475	0.0235594177238014	0.118945788484789	0.141659103640927
MetaB_M154	0.280348348451258	-0.0284924074629703	0.203169744018269	0.0536143332022699	0.440081724333207	0.408933604848329	-0.309988028081296	-0.236366268968869	-0.325040448717363	-0.22767673409771	-0.13684767027169	-0.141252076892507	0.06851959851496	-0.188343072080517	0.0573697087339628	-0.093170210361787	-0.0884813237982409	-0.208271248973341	0.121521424215775	0.0143292370882404	0.0973394245418627	0.0538832584814674	-0.00667839160614019	0.191497474882832
MetaB_M155	-0.0991723574563471	-0.360628076146099	-0.314603044455993	-0.400801603531798	0.30820682986902	0.2331334584626	-0.0381725562016158	0.0345918180190215	0.212492941874301	0.1526199624775	0.0631446722608599	-0.313826748628833	0.159440812003405	0.142495706914575	0.0849464424177963	0.0846238827510492	0.114796790553304	0.0630709017967789	-0.00363634361196989	-0.053810317578129	0.329779705028941	0.0154460616982868	-0.243545326010914	-0.170593612505742
MetaB_M156	-0.293855931075019	0.0346318550002632	-0.112796076309577	0.0735118914213128	-0.332559123843045	-0.296619620443504	-0.122729529542102	-0.18511354529972	-0.0266279235372047	-0.157955136233612	-0.172190468901101	-0.119795192743389	0.25020889084806	0.337053803467838	0.282494033796386	0.376656979191201	0.213357719400932	0.244971510715451	0.0936721320453979	-0.0488089358432449	-0.119016882765838	-0.0349728937021698	0.199680378420745	-0.0831979340680601
MetaB_M157	0.347250370800972	0.0987552258519761	0.288994512703976	0.0942321158157343	0.437463291974993	0.438693614270181	-0.0667646518966328	-0.194493617854055	-0.171311453603063	-0.0337849840746337	-0.18100823669055	-0.15357605484722	0.074962598244176	-0.121959506467742	0.081945494455037	-0.014092334303971	-0.137956249311182	-0.25355647570024	-0.0845813844598551	-0.153836557891548	0.129912380895587	-0.177246043116906	-0.271857824219429	0.023815769424394
MetaB_M158	-0.327869262646951	-0.0345268628800591	-0.135524072282662	-0.141711849744965	-0.497657713103312	-0.2425097363174	0.201152806445999	0.201034534747945	0.139967394120019	0.0959120360430649	0.225118922303583	0.258724815393907	-0.0139336305148876	0.297004984417414	0.0393778121584026	0.0176001040973433	0.0960908662926489	0.216995282025424	-0.308050832783068	-0.0840726352774662	0.122225582191806	0.139072926271249	-0.157822461921018	-0.10659900903702
MetaB_M159	-0.135806096213806	0.00405527137553485	-0.050239889940137	-0.0641749191888733	-0.179084336157648	-0.109380426816383	-0.310192739985282	-0.262150906290489	-0.263073521622021	-0.232169488790136	-0.262612678774624	-0.23571607483726	0.357024643102489	0.249417962876987	0.171868904283165	0.212702183087655	0.290638003222141	0.353424402395518	0.0344735284895947	0.0946520611691082	0.117028391176349	0.126567369063294	0.0582532347981057	0.034495123576717
MetaB_M160	-0.297109039332643	-0.224200990432631	-0.355877257265349	-0.228899818721574	-0.35744244179088	-0.245432710407445	0.160549701500257	0.169771564997345	0.275403039866526	0.304940527126621	0.117000930559171	0.130134148227907	0.215182833029856	0.178493074045723	0.0892768792076016	0.044224647845824	0.0923312805784749	0.120915427805034	-0.178126661768067	0.00103577500450213	0.206377711950876	0.0371771924140797	-0.229643701585135	-0.0260821128560726
MetaB_M161	0.338067639176369	0.0744122815581507	0.16843400087093	-0.164430900518802	0.474540389419035	0.36401738653802	0.160827844343645	0.00221214279679612	0.0703265188330769	0.107934713053105	0.135657292088768	0.177322090134241	-0.0423923968401302	-0.153849929724227	-0.233991183873301	-0.241291788996479	-0.0827256346737031	-0.141585558147364	-0.190207999835501	-0.275396399377763	-0.205779393055853	-0.116503471816878	-0.0232501423019839	-0.202347499650155
MetaB_M162	-0.245405278457399	-0.211187390036076	-0.0900207856257413	0.0324261505879424	-0.235579639535062	-0.326670335842615	0.289315560089005	0.313124619736234	0.285292299506038	0.28907440073094	0.290766881809674	0.351178318302968	-0.17569729276584	-0.0256101087079661	-0.0984042347384387	-0.187815936992788	-0.00318624745563248	0.0362102680780394	-0.199998213578343	0.0759619946907582	-0.195924506630442	-0.0037844914914097	-0.0395265166985045	0.0754604850246547
MetaB_M163	-0.0454026444274818	0.174794901082575	-0.149491589425037	-0.151020208127279	-0.117764317048666	0.00930439059978156	0.147441621387862	0.0565200842751992	0.203940158662681	0.19988918513339	-0.104905627662069	-0.162018254731935	0.0822800385933297	-0.0259370800435918	-0.0208180655776671	0.0221536486407103	0.171819388664625	0.464464259219674	-0.365084786471604	0.0282261012024431	0.283898633585999	0.0408270626421922	-0.467640294587845	-0.275476605587288
MetaB_M164	-0.0827256811179534	-0.118684428172617	-0.00767510650845623	0.00180819749613059	0.000505018714210971	-0.145061278024847	0.356287770058882	0.320472775753507	0.224239583134933	0.110111738898316	0.417788564284236	0.287413871110715	0.00228360070643355	-0.0714702189940027	-0.117470264793187	-0.0935190686807984	-0.219013898047668	-0.429975607895961	-0.0469443140989017	0.0389692590931544	-0.1316923545097	-0.0526172226773211	-0.33933333687295	0.0963024011438404
MetaB_M165	-0.344829004375413	-0.175282909618226	-0.217452807260641	-0.10511048325098	-0.276549530249814	-0.177142943223406	-0.134983188409254	-0.0119448588962986	-0.248874840597144	-0.139485123837313	-0.0314294511365874	-0.251183374302242	0.0335416718624919	0.212626005440996	-0.010011253433459	-0.0152290889900888	0.140427860059098	0.237926948118174	0.296990474940679	0.291728559049834	0.230020683989879	0.176184570977083	0.210792306788229	0.309269776354401
MetaB_M166	-0.0297550243526986	0.254448234021575	0.195920762738802	0.287250662637684	0.189431305903102	0.248418536053507	-0.311508771143792	-0.306183304561415	-0.27903851458461	-0.180947883686401	-0.176480450239372	-0.295304134461598	-0.114435259801696	0.101189548089909	0.0921615130521173	0.380717536938969	0.0601998938488431	-0.0607548804779682	0.291121573484494	-0.0823892972231267	-0.0517691107613926	-0.103650109876375	-0.0300098055902376	-0.0786330200083172
MetaB_M167	0.236468561350794	0.22064352487596	0.246576718990888	0.189797569954989	0.435582971494867	0.390021655454536	-0.00355118474705936	-0.0553376522087352	-0.2065530471173	0.0658894612194525	-0.0257954457579789	-0.141726771180647	0.0683390676712625	-0.211796525792908	0.0172377257018313	-0.0794455965348606	-0.0520960184324535	-0.0461150545865249	-0.155974683424759	-0.237368952349135	0.127765677765438	-0.139539716756982	-0.350755166500352	-0.292267119090322
MetaB_M168	-0.253284409232285	0.276166265485481	-0.128220126073402	-0.0222118505696047	-0.358420438262048	-0.403974397133836	0.0373643318821653	0.136023678849394	0.0948278455762756	0.205449001909012	0.23748698810579	-0.179005055617083	-0.174004667339481	0.143283701278287	-0.202404886350644	-0.0208284427686262	0.0545529987472073	0.219263713940248	-0.165765812475237	0.0900488575973746	-0.24571330067154	0.187995653855464	0.181924704175956	0.289445645091133
MetaB_M169	-0.31404055964486	-0.208011541448795	-0.380251034850002	-0.163035842165054	-0.279571361335056	-0.239145676139247	-0.189982756654246	0.274276910619817	-0.00781608295666843	-0.234319887949321	0.115192793854891	0.044945606802153	-0.0244983942662064	0.144688295731458	-0.0963621306179322	0.021902166190187	0.121308336885869	0.172172569277534	0.245550371409315	0.246662909219101	0.0984161954024218	0.104226370086357	0.237238621395883	0.310454121152397
MetaB_M170	0.26319130511186	0.257449161681712	0.35092843752923	0.200689311443817	-0.111178751419098	-0.394640864498461	0.134930230875911	-0.0832666638424085	0.291038934231028	-0.0128548777736731	0.0315994094472406	-0.248100742839522	0.114889423266071	-0.115877695299122	0.118448820504687	-0.312091879079987	-0.385486502536406	-0.132130569167934	-0.0286892394116677	-0.0870624936041912	-0.0439353294969991	0.105143290490073	-0.081135302102093	0.168142586489932
MetaB_M171	-0.495869407983549	-0.157139181309594	0.19132228388821	0.239154341188605	0.293460177324196	0.0116865916494565	-0.228161965113117	-0.0799948554384153	-0.337810816979076	-0.106931177920827	-0.00581543154136381	-0.0986585635579272	-0.207148224551392	-0.0656037748910285	-0.122662130682822	0.0378051473031599	-0.0431768672858889	0.0124319741427889	0.350090329127286	0.172307998804057	0.148458506659305	0.057830223369162	0.311772572280804	0.122652251517971
MetaB_M172	0.290654392578958	0.418692827344077	0.40424969367493	0.36979337593485	0.162846194481943	0.100184539214734	-0.221014934379252	-0.218912764059633	-0.200073640905573	-0.128737851166644	-0.211588447247686	-0.158687315136899	0.0992851373148731	0.104696008857953	0.0912955655380849	0.0185943912311693	-0.132693832485509	-0.0879457666925753	-0.17285336694565	-0.252741778702627	-0.0479350555512801	-0.156603629647574	-0.0689033589937594	-0.00160038425691084
MetaB_M173	0.0905052740437316	-0.00623922841765134	-0.0608329028456175	-0.072544793762842	-0.24700528705563	0.179302560670503	0.298557011622177	0.260766170924629	0.0926264715354821	-0.185771609470938	0.327160865022328	0.344058434115626	-0.199802796849914	0.0671406534349217	-0.354187304535681	-0.232322984855854	0.0281331374450211	0.014142701661824	-0.175959606234474	-0.0617039555766584	-0.364623068680504	0.0555555039312466	0.256032420981168	-0.0529876671028933
MetaB_M174	0.259158179993516	0.156701060282758	0.127363343840236	0.0223095967152495	0.167233501643471	0.13678424014276	-0.365281760876561	-0.263671182599919	-0.282409000212874	-0.280540332500763	-0.395782071332418	-0.320473746535186	0.0593010764892576	-0.0619108894802625	0.154420757606377	0.047110695904752	0.0742484002556237	0.045222919664131	0.042792985989522	0.291850301973462	0.0332786233376998	-0.0443621989562398	0.113463001379918	0.283192497275493
MetaB_M175	0.189226891280954	0.0574301155105503	-0.0102225092903338	-0.0566321869799789	0.330409865433961	0.284212341846706	-0.329094272201233	-0.278365946524679	-0.21414333967617	-0.425890776402308	-0.180226829069579	-0.144952922010336	-0.118281040062178	-0.124163524730606	0.122758339708469	-0.022830798333299	0.0742250035655639	-0.128130436534163	0.271702817815469	0.176236334083045	0.307685137279357	0.0314821881479624	0.00418939394895906	0.183376153193868
MetaB_M176	0.156552550833344	0.220102605085231	0.00883641661014536	0.289860161458734	-0.063819467086233	-0.103322153515148	-0.342394846275635	-0.250791472505283	-0.127640706626685	-0.113844648025789	-0.363646754138006	-0.14922865244873	0.338779775827102	0.20482751599795	0.240470158138207	0.125619514611177	0.140394045386582	0.163366301085378	-0.0433047202009117	-0.288756985524286	0.220009967260712	0.0499998414514612	-0.192942137574823	-0.119126309824493
MetaB_M177	0.2705334140482	0.282866419621127	0.188577910159089	0.08070619458539	0.189843229644501	0.187334664499418	0.0501612719992809	-0.0106895185119	-0.233872014500407	-0.31206880673544	-0.207527111228945	-0.27856921639143	-0.14946715885275	-0.202549779913685	0.0710248199947036	-0.236879588812441	0.194601362943024	0.205731108820435	-0.0444224313766096	0.266152985974936	0.252285321318112	-0.268194122670882	-0.121161089456726	-0.174417865157
MetaB_M178	0.01265081720861	-0.0411613788626002	0.0670933332117347	0.0565053283497264	0.0564323763902565	-0.132590072372314	-0.171654081132308	-0.108972777554102	-0.0190066859680856	-0.190767174828055	-0.083129419854803	-0.0469049781481183	0.416441843480192	0.354798404206602	0.272513835728968	0.220266642011556	0.325368036969599	0.272472257471686	-0.186190562000094	-0.231009772701512	-0.288633539022001	-0.189965198184887	-0.125663528106113	-0.238893706293939
MetaB_M179	-0.346447957830446	-0.278857666131558	-0.309073495444452	-0.290990819969435	-0.291480554701755	-0.246998147918695	-0.0759134359376668	0.010355499126454	-0.0252965099388113	-0.129748199427954	-0.00780303966928562	-0.0361190014712546	0.22184171340884	0.0909428583937463	0.240267367425962	0.207235236461469	0.17494954585543	0.183011141036243	0.345722679689132	0.0347574005994376	0.278953504234386	0.16335668135459	0.0472043322442142	0.0401308686114129
MetaB_M180	-0.58902738852827	-0.108172065253794	0.0614666700706828	0.182492513188993	-0.0894785197941031	-0.245147550018615	-0.0524958934154622	-0.107804922423287	-0.333015140835353	0.0054936153041591	0.101390804379034	-0.111953651005615	-0.0888213933827062	-0.0242266578994345	-0.137406473498364	0.0401420668604836	0.00901406148336135	0.113669611657444	0.325292508688988	0.176703081863245	0.158589216648841	0.169403864417814	0.332248609401196	0.211643032090762
MetaB_M181	-0.236443289956172	0.414640144428477	0.152803186870497	0.359659550398426	0.0258679841964182	0.10484624986851	0.193901445167346	0.198963586791873	0.113555973996839	-0.0847147867101275	0.0666995278194887	0.111487936880214	-0.379510619001392	-0.093511451729341	-0.313327875630281	-0.0933905902284918	-0.279949478459813	0.0304173152686591	0.101792012291231	0.0620649934276295	-0.274925202340553	0.0640003870666268	0.00166185834626623	-0.246588858762327
MetaB_M182	0.0601828627806956	0.166361906985401	0.103247745140783	0.0299505271255302	-0.129083798575251	-0.389585241845824	-0.193258220214984	0.272573524399749	0.169783498069909	-0.227287416779745	-0.135452450293627	0.406246671348635	0.288544433830151	-0.0540730213975597	0.0313697864214508	-0.111084358838637	-0.0907048603598576	0.14523799520868	-0.129577709063284	-0.0907241126680446	0.0879009443942251	-0.238071128878949	0.325648325668671	-0.298145902458119
MetaB_M183	0.252458575190661	-0.0855585347544386	-0.0519166727361934	0.0500269024643393	0.351821087223629	0.259527841533734	-0.281477300277928	-0.326913982063311	-0.32232690883348	-0.354372326800538	-0.234853778175514	-0.285224899782555	0.0430754253760349	0.068085812852812	0.0594144957024929	0.168107851973339	0.140014659091971	0.0626796682832542	0.255155429611003	0.0924779008815162	0.169686710010304	-0.077504925631759	-0.0437280459073294	0.0913450147679527
MetaB_M184	-0.149123287229006	-0.213730907968274	-0.0592725385393688	-0.124573771880752	-0.111465771146542	-0.142273622849316	0.356269880956793	0.297973612514049	0.332140524278223	0.310553692373646	0.244017967489921	0.41292451385226	0.0917153037094995	-0.0368356955886203	-0.0947379729878508	-0.0562189192476422	-0.0542901956611165	-0.0930238820943914	-0.170280277332494	-0.299271145406999	-0.224099774489922	-0.10442486487626	-0.120778939910688	0.00880607203485034
MetaB_M185	-0.25080731586918	0.258002934269279	-0.119734693287695	0.048795783916706	-0.413888725210757	-0.43606384743472	-0.12978464152826	-0.14621042707522	-0.075163452845509	0.054128035994249	-0.131100033073282	-0.264349634244621	0.158531930270884	0.230098198777611	0.0387527075566119	0.0178698991622987	0.121794028506355	0.172538728989958	-0.00435916962310929	0.323865387212295	-0.00219521803978748	0.0693259989363003	0.307392860925482	0.172560663714111
MetaB_M186	-0.0565323045448188	-0.110494162810359	0.0125812526708584	-0.0234838376315014	-0.0429541576900307	-0.103169447577978	0.373566653338676	0.212783798443949	0.158523643214077	-0.271690998628268	0.482854835072805	0.485264773577461	0.00280133125751659	-0.164945289027273	-0.0748628912049806	-0.156012635593056	-0.252769873874347	-0.257749417429192	-0.084989297699838	-0.055646788847457	-0.0563317485537771	0.0845187836459026	0.00294557512539052	-0.10420779523376
MetaB_M187	0.319494138401021	0.136277766958601	0.324314109297843	0.244296617211943	0.384275648302987	0.22123077050483	0.0246039881039054	-0.0152547076783182	0.0925862597615145	-0.0145308910649681	0.0112144051167459	0.103425770489471	0.189856228755416	0.0234399502188129	-0.0444103613507169	-0.176121782960521	-0.252633551638339	-0.24266886922321	-0.238860428642831	-0.299431609007792	-0.180908619088328	-0.225654351899108	-0.212782559154239	-0.171757921414722
MetaB_M188	-0.166897165148768	-0.118556489080458	-0.213921920930219	-0.154304105031373	-0.0639935098710689	-0.0630940489163246	0.300586355524877	0.246502571707576	0.3074402786877	0.408685324322675	0.28956244392262	0.385698843382746	-0.0324855992916713	-0.0961346216066143	-0.0986890599454483	-0.22765645375147	-0.00699675158634871	-0.160722284755354	-0.0412508179031392	-0.106381093310751	-0.304892945946331	0.000510852479255778	0.0768247063388576	-0.15983450929097
MetaB_M189	-0.112640656760914	0.10505541027302	0.161487582618276	0.0510196891706114	-0.0214425448429726	-0.147571036056894	0.289633234076369	0.241172991748439	0.322282414304772	0.355253399145014	0.0873900158946589	0.232949007157408	0.113836259654163	0.104604141879137	0.0288653006202487	-0.212335677289399	-0.0579315091671867	-0.104373689982955	-0.41542516239807	-0.238894180116675	-0.295952462137685	-0.0916747454477667	-0.23941011629251	-0.155897666049086
MetaB_M190	-0.247837094833218	-0.219162619870197	-0.253766511390401	-0.293785602287255	-0.361011574665015	-0.36536468406727	0.248622014355801	0.279104825914877	0.243253993460513	0.238775536079957	0.270466231652488	0.31619350414567	0.115637443966774	-0.0431668026056768	0.094506603015209	-0.0535449584935751	-0.0390452557025562	0.0631274198871724	0.0461639615857706	0.017912297289141	-0.0407030115869619	0.0154498540735847	-0.0851587918227734	0.0533332218979422
MetaB_M191	-0.146131795761002	0.00876972536059419	-0.0927428606069967	-0.0391121867292979	-0.102164923520928	0.026817320018974	0.29605586287607	0.285037880766462	0.172316344197259	0.213512142599725	0.400664797562315	0.339044833565432	-0.24302827185362	-0.257948496933869	-0.281749527536134	-0.262978946564183	-0.29295006274565	-0.183615102012047	0.16747720462756	-0.00995506898341044	0.024236748872247	0.0718287539009385	0.00665142329410887	-0.100035794394549
MetaB_M192	-0.179326498381803	-0.154211384331749	-0.143119896427553	-0.15450667320548	-0.0264934583023816	-0.0507439056078008	0.324288803199384	0.308022316854852	0.297873069370688	0.263139877182526	0.338320776783406	0.430409865007323	0.00279241397089931	-0.143535577132482	-0.00344417178480802	-0.0524247766966578	0.0132400277302276	-0.0129124138667584	-0.171746108789729	-0.177785807457104	-0.319597788331357	-0.144997555053833	-0.145449823013179	-0.097791311716627
MetaB_M193	-0.267240960260868	0.0449570840567387	0.0105067517101171	0.0620785027484886	-0.240030259674187	-0.230317118849786	0.305226801238186	0.336815875693924	0.328192802986999	0.251559210504954	0.388056120050892	0.284380089312649	-0.241836626252855	-0.0554533756169113	-0.242916253781899	-0.130951044494654	-0.0688663271755577	-0.018131535705634	-0.145887436572858	-0.0956053155110128	-0.146107776730787	-0.069314948891755	-0.0592671693065941	0.00015291052240768
MetaB_M194	-0.261581843775133	-0.0642919941466195	-0.1453498468438	-0.118542707523567	-0.199305777007035	-0.0988855856994182	0.310378735707978	0.248242655419776	0.263809670322418	0.191915969534303	0.34858895275648	0.275383025288507	-0.0458364454928616	0.136299098344478	-0.123835075868503	0.0149558088541643	0.215191075665217	0.227974715645023	-0.296460188286494	-0.156484069865614	-0.182832324591585	-0.130257065859882	-0.198821012841554	-0.210255769736279
MetaB_M195	0.155656654647499	0.488845492212924	0.253163364601157	0.377074926691678	-0.00574835815420656	-0.0534172555434704	-0.289725180852871	-0.289548567886226	-0.170429688557986	-0.199500540288903	-0.34019631941702	-0.242870677992583	-0.0370350419994089	0.0877734443933729	-0.0587075848077974	-0.0819481744643644	0.0535647224469647	-0.0369687073352252	0.0981652550050331	0.0872749644891252	-0.162074270831319	0.16287291893106	0.070216167152805	0.133562457559759
MetaB_M196	-0.133730497028088	-0.134387081448041	-0.090696514677287	-0.167378243629034	-0.153890841831629	-0.242853095003705	0.184660716816762	-0.179316078677015	-0.0936821961036672	0.137858844681484	-0.229870417471039	-0.290767100893067	0.301709990887063	-0.14680243534537	0.243600604575744	0.164545767621175	-0.0573710995045061	-0.29118030241499	0.0957304119527187	0.179795680653529	-0.00866953733679541	0.236861849081859	0.355469204558113	0.320362370535787
MetaB_M197	-0.171261579239027	0.0396606751234096	-0.0821540867326279	-0.117085532120593	0.303201533499004	0.191145292371818	0.0852007085804183	0.0396023913383328	0.183020523626337	0.2058052747718	0.211782274072438	0.264416714214276	-0.0974531017987085	-0.292299745975768	-0.0792129419746883	-0.332994789178342	-0.39156400293003	-0.355433500129429	0.213185467648061	-0.175365999464153	0.124813318587872	0.0728050169366227	-0.0175310214815012	0.177717110254481
MetaB_M198	-0.438957059894381	-0.141674218886564	-0.199883020406007	-0.268602317345436	-0.357457957477065	-0.328809416287227	0.0665425194973083	0.152510617567142	0.15122092888445	0.188751170730523	0.243318750933846	0.216015132826222	-0.0937852822557967	-0.0113970592747667	-0.0609329371006614	-0.057725096233211	-0.0953733497653696	-0.0312172400902601	0.211181829372869	0.220631337332139	0.0455463531982314	0.19932637159721	0.125631939255761	0.265138003821043
MetaB_M199	-0.372532115623237	-0.13681395109979	-0.143891852727291	-0.101333767772649	-0.342017422112527	-0.394173335621956	0.261823027519598	-0.00108906949448604	0.0696913692214203	0.296183405819933	0.2130021734232	0.235053118476045	0.181760838027387	0.311323316735382	0.180145615897332	0.093511533441351	0.0146638554447979	-0.0716845854178542	-0.227052863865457	-0.00912916124228721	-0.183963504046095	-0.0142846337189245	0.0188299051893941	0.121978103546713
MetaB_M200	-0.0147266240781658	0.00497848570621958	-0.0570932497878523	0.119991496642466	0.010084864952796	0.0429877626476018	0.335597765797506	0.156221865216009	0.0984721229403282	0.297213324117861	0.53347543490633	0.201868665229273	-0.244487687175524	-0.220294679699762	-0.222744042121911	-0.342693491455495	-0.255248155259881	-0.210693646616467	-0.142060828059848	-0.013046544512418	-0.0906463776735912	-0.0202102118750501	0.0680841805092281	-0.035030430349652
MetaB_M201	0.312156806573614	0.130523732783636	0.14378785960061	-0.0215628550796559	0.47073699719369	0.284029583254886	-0.0109015276520054	0.0875402745868442	0.0516717630724066	0.116417196957987	-0.300900361419348	-0.193621751775325	-0.11996689011544	0.0724726824110291	-0.0618334248379351	-0.203383191767795	0.22756570558107	0.201062846915775	-0.24738906749072	-0.240655486911076	-0.12982714613095	-0.200220899367157	-0.252308361427811	-0.115394484956328
MetaB_M202	-0.196440224155758	-0.0995815414997298	-0.14576923735396	-0.128249088829101	-0.229758077618106	-0.268290004943017	-0.218166678863854	-0.244985274219971	-0.186662538019819	-0.112453933004684	-0.239800609262457	-0.194240023076984	0.0891104731197914	0.320915053861197	0.155127661214668	0.132117117385049	0.23141469572126	0.354339074920328	0.0415786935683341	0.0969722306294484	0.279848446892688	0.107503833752018	0.262422734815139	0.193047214967522
MetaB_M203	0.295566868564766	-0.110756780661516	0.0718581115140975	-0.128401117456575	0.253424413346364	0.189659751959615	-0.325910023263134	-0.289280887744207	-0.312760711695508	-0.31867324850914	-0.337624107617783	-0.110159183172515	0.123955437562865	-0.121749499083951	0.22618804479109	0.215844183284251	0.0871545822657035	-0.0821112600623892	0.235728471297178	0.177676394833082	0.0984576728652023	-0.00557119506027015	0.0131475209805196	0.154336561062258
MetaB_M204	0.280297099724601	-0.226780713089099	-0.0706230540577518	-0.154203722465038	0.22004654803724	0.267965908500458	0.159671131335317	0.111464454945575	0.170192441699932	0.112987411854737	-0.130665492906774	-0.0216087610884596	-0.0389774134375388	0.225550263335036	-0.144638765973325	-0.0936175495727217	0.414911011191979	0.238908664904833	-0.282607838158127	-0.2086071964934	-0.105892971140455	-0.195768549233421	-0.254036714399196	-0.2739661935144
MetaB_M205	-0.223927144542247	0.195702775563225	-0.0280204582425611	0.146139687945174	-0.283185723900508	-0.301624152613491	-0.00652043495958832	-0.0661435755273678	0.317915496838381	0.165519331923659	-0.256662081169883	-0.181685461718334	-0.186933083332474	0.209702686730496	-0.158461887801841	-0.166206529256062	-0.0917286955187994	0.154306587985924	-0.100428194517478	0.245042903875142	-0.163080049984492	0.16168831151294	0.374098678592006	0.244491012118184
MetaB_M206	0.262285798225582	0.342243007865001	0.288239232701314	0.246937044232212	0.0721174811002949	-0.00547640200471	-0.252306449529678	-0.280205314212178	-0.227945739522484	-0.2260744749774	-0.240478082073537	-0.320344109677829	-0.0649797733330539	-0.0876620289065214	0.0246975337781105	-0.0757371396633162	-0.184947411541362	-0.19784753210094	0.149059587774193	0.148451991675845	0.0859921369928952	0.0743879992286949	0.239632485023303	0.229960158945563
MetaB_M207	0.216243990906403	0.240097638972057	0.255838839645166	0.20976611287159	0.404467459517926	0.350451994245878	-0.074765821908535	0.0610022447376118	0.0215008357195946	-0.0308655320466504	-0.143367177854268	-0.0445969558613273	-0.244765837053789	-0.198232776585342	-0.25049640501127	-0.353332357105614	-0.308187911999273	-0.238661754206031	0.0741328895107841	-0.031005490815802	-0.041583942522616	-0.0409592680424367	0.127573434462049	0.0397457904238949
MetaB_M208	-0.261505502306277	-0.00755825830979595	-0.0536646270221925	-0.0803895753108701	-0.301319109289345	-0.370444824117806	0.244928191900649	0.224839026114375	0.241567479474863	0.304691532137221	0.268066986034493	0.29564585042835	-0.109016065185245	-0.155462606152934	-0.16871252679673	-0.239103906814905	-0.212748758777166	-0.105728406248772	0.0375656382821773	0.0659129230664676	-0.0864368195981605	0.138768342276451	0.228675052717317	0.101429963497836
MetaB_M209	0.0854238836226348	0.240761416488654	0.329795768454931	0.0964549968277696	-0.0954593439572956	0.067363126307358	0.078330247930281	0.0400741556119896	0.252439744819558	0.0396898824836866	0.107561051830504	0.117098718326704	0.0887675683657369	-0.318437803241495	-0.119172884977494	-0.42918520393519	-0.285692457131343	-0.374336243392136	-0.135731541446713	-0.183769655642716	-0.143135301523979	0.13889213864217	0.235619099741915	0.166648635794474
MetaB_M210	0.207468123427623	0.308940931455753	0.214071489639285	0.285822751058974	0.239844373406308	0.287259333252688	-0.249934279589456	-0.124793489967281	-0.360243404669622	-0.239348754298373	-0.0753200784200294	-0.170655013614783	-0.388936596268342	0.0322006763443608	-0.222896309083373	-0.0365037177582608	0.115067875571215	0.122412979681624	-0.00586483773014554	0.0727606438384885	-0.199463034972345	0.0552415462770089	0.118903165826852	0.0139656265918286
MetaB_M211	0.176039404728431	0.235759445164289	0.311637339288412	0.346506008176701	-0.200493994070336	-0.0212910582883708	0.208118149572118	0.29988701310926	0.159844665216184	0.147076164762508	0.130151562198398	0.139422202355043	-0.244739274421409	-0.235479150403629	-0.170999039410881	-0.235175727439146	-0.302500775172381	-0.156909971416892	-0.236432374772667	-0.132463266819608	-0.193464582907995	-0.0618099513790517	0.0793692082808997	-0.0420519963498752
MetaB_M212	-0.253256238958763	0.0425178908135466	-0.106695832303829	0.018710042382291	-0.40971729214956	-0.372858925794993	0.188004406005008	0.199388278312133	0.187587312154067	0.171148285691066	0.404609339645623	0.331643981809186	0.0676338382278705	0.0330921146012408	-0.12011534541479	0.00808187161327715	0.171137727958533	0.151815359704838	0.0413294049776872	-0.152318342415002	-0.215787377974986	-0.057460685878598	-0.142765672099765	-0.185724140906078
MetaB_M213	0.243348593349586	-0.0481251836254468	0.238532269879821	0.180722912062714	0.531347110914029	0.459967643251323	-0.199880270144583	-0.193472587463009	-0.147466371414923	-0.09198413711749	-0.0501470176012479	-0.14579854498883	0.0596074836675356	0.0478164570776097	0.020413097944169	-0.00855801011901875	0.0786156471827719	-0.150054608099622	-0.142463196130772	-0.250337742365205	-0.0381911198102717	0.0227268728654965	-0.300211956135631	-0.116407343179007
MetaB_M214	0.0219885704622767	-0.200779299842767	0.0308565026296201	-0.0952333317869817	0.121112152653287	-0.0573045696375831	-0.217295368791332	-0.27382490009551	-0.285965926111321	-0.330128651653753	-0.259329219260201	-0.238814758345479	0.265049643911766	-0.0168783035237573	0.289247282411344	0.268188269276357	0.155465551791758	-0.0739456812073493	0.333780635460913	0.193040171232722	0.167416971706387	-0.0320806121318479	-0.0103035107966066	0.24573838164806
MetaB_M215	-0.274847229462077	-0.189820766709948	-0.0528495531970214	-0.0670306991506048	-0.208189021272899	-0.166820480097775	0.0554856369430482	0.0746615097466061	-0.0638784409136172	0.0481335209462616	0.247012478330007	0.20597699048509	-0.216030603668803	-0.225468477324227	-0.215201729373066	-0.206421722581887	-0.234749167228317	-0.113315285764006	0.286826004122198	0.259045771469609	0.200547118449452	0.252778572911083	0.325643430076113	0.278512143264778
MetaB_M216	-0.190280722912847	0.119648335053617	-0.210210355290606	0.0333910989483627	-0.457847026679799	-0.266460256126633	-0.00306653172687986	0.0457571837731374	0.021960876957211	0.0148459323266541	0.00332036292384263	0.0860155136700827	0.192374619256622	0.346988041120099	0.234269577142807	0.295278513991719	0.20782636053095	0.312148588468281	-0.235249697812959	-0.171009380316656	-0.169356318480977	-0.0374733008572349	-0.234101083300565	0.0612296693417699
MetaB_M217	0.219737081442985	0.382437222963989	0.346472047849982	0.263265571701894	0.147075450741017	0.220542889762826	-0.327324336753265	-0.112921257886212	-0.0884630637309311	0.0887489004704659	-0.371463991483876	-0.288963419695577	0.0618273373720421	-0.141023680479842	-0.00678603617889825	-0.217723376876457	-0.256444461601797	-0.10128326173558	-0.0311322241562427	-0.0715008273601353	-0.0213009553778822	0.0780322271319821	0.152263274725819	0.0759288891536959
MetaB_M218	0.0431816225112892	0.296333584524094	-0.173301637280521	0.128089423252692	-0.320679813636066	0.132386389339761	0.261181756424171	0.263516493840698	0.256607725305839	0.199223416913414	0.182258069424885	0.350309216985252	-0.210264613362473	-0.0282296523968291	-0.221980635854774	-0.155742146957357	-0.0246990017655822	-0.0062697766858057	-0.391521056495649	-0.149265569041538	-0.137613026917916	-0.0819701210859017	-0.134060270739282	-0.0774903763024015
MetaB_M219	0.0931826057246904	-0.151977882563958	0.0231580297728473	0.035941757347714	0.043607145127333	0.0884910018631591	-0.236401569316718	-0.172361360801901	-0.219713407330867	-0.232531151364406	-0.265934413999484	-0.352225228398678	0.449238169120673	0.259389635207838	0.239537119489313	0.246582501038544	0.206822922446874	0.113911665672458	-0.11334288767321	-0.0734209359842559	0.267500838667413	0.0212624507496832	-0.180171722475324	-0.0905452823197395
MetaB_M220	-0.0704345098367554	-0.080928281545193	-0.0230068983100849	0.00988366235161826	-0.141856237629569	-0.275318971131631	0.260855062771762	0.17385334342476	0.145547617365655	-0.317169960459625	0.444362552272231	0.393970912883265	-0.127604189655034	-0.172029352888947	-0.208221087392609	-0.159362056836331	-0.224417795480946	-0.253877933206001	0.0694605940501496	0.0857210364086228	-0.00277247815736838	0.17699685033665	0.113893239465198	0.182454881200186
MetaB_M221	-0.0512856000397037	0.0751597705182863	0.0552976617633747	-0.0823404711493529	0.0597985892722032	-0.0183273983381149	0.289609396878645	0.334233731305256	0.265394022756513	0.207752132740157	0.302056328771428	0.352896546916516	-0.165347840789908	-0.307969721260031	-0.194391481877095	-0.231490627342001	-0.322581400757373	-0.241861180362331	-0.0815849204672021	-0.117142666754734	-0.172610556385259	-0.114890392791523	0.0996468823877065	0.0599791950045453
MetaB_M222	0.221186917475347	0.178142991473504	0.0356798737473224	-0.0282789380681846	-0.337591677088888	0.157362536622154	0.250530521798356	0.271668440032228	0.27697962155853	0.203055978311991	0.286225224554023	0.360642957483745	-0.112315130739737	-0.0859613263868745	-0.128040884186669	-0.17309611017751	-0.179887765806354	-0.192985983604355	-0.144225367130998	-0.169530818255086	-0.209895311472393	-0.161373638918534	-0.105421919748306	-0.212870191473309
MetaB_M223	-0.0265311583109081	0.254346764946452	0.0293835310211701	0.187209139165182	0.130191545450174	0.13103888414014	-0.269519827587716	-0.0828978863679663	-0.116624455877727	-0.251601124449539	-0.154573521797081	-0.259340182372503	-0.0879037241086556	0.326028112013255	-0.208469237933254	0.174563876025125	0.419184775109368	0.424923216666424	-0.039535428799145	-0.118224141914159	-0.146353869470043	-0.0758787634353912	-0.146149644916064	-0.0932668771971397
MetaB_M224	-0.1997139199044	-0.228563964083187	-0.179942726184135	-0.324816239834096	0.0470472076283489	-0.0271877518102546	0.337981950945017	0.342237312396963	0.332148871416185	0.161057026107291	0.297823858830372	0.297512744904846	0.0873762610570692	0.00944385103478956	0.0918138446397957	0.00237536303919856	-0.0199803201239713	-0.097411398582589	-0.158966383116823	-0.0547970757990031	-0.0447509461752644	-0.138284229132715	-0.316349942460937	-0.216053394792503
MetaB_M225	0.0495113569783124	0.0796578211789459	0.116401485901135	-0.256451833351939	-0.341448720413148	-0.36838048548105	0.427466741995234	0.272906510076469	0.285236471860017	0.202822384082967	0.20795763604939	0.104239435777853	0.0243609674037985	-0.0986500366827631	-0.0446941464170072	-0.339045117933264	-0.244582914001346	0.0333680022721805	-0.0236012904521893	-0.0820193342684769	-0.130885231208397	0.0780400651848139	0.0783203155200784	-0.0305300840716183
MetaB_M226	-0.380652446853139	0.132825970027068	-0.118647493777849	0.043807466017931	-0.312232856275566	-0.386861019982022	0.0315130681616342	-0.014503905870784	-0.0175490581878471	0.0301635390148125	-0.177747142800398	-0.239763511799121	-0.16021216432133	0.102768942242172	-0.172904274180181	0.00440413649933327	0.153717392412385	0.323490638628769	0.166736311554132	0.242748869691741	-0.00447388410492298	0.325107340276415	0.168065591470597	0.260198492156171
MetaB_M227	0.41905097884477	0.175384488188324	0.219657024299247	0.340351522805303	0.352987471888833	0.376299061915399	-0.17110561615897	-0.199797833338828	-0.23020651968414	-0.107360406423996	-0.117172436543287	-0.025209029960946	0.067549288075689	-0.225339498879972	-0.169939184676222	-0.101772639511556	-0.205333229142471	-0.0497818295940146	0.0870389492272461	0.0343373221908436	-0.163340661037791	-0.0746131702574127	-0.0517876094369599	-0.179896442789088
MetaB_M228	-0.486903707283788	0.160111699268571	0.0681860079027476	0.29588628979549	-0.0819824581118111	0.105946857133188	0.030038762545133	0.0520642912940516	0.0401236818717449	0.120903170639435	0.191310545179815	0.0274691333819345	-0.324256895089026	0.0426153216403915	-0.259510290157232	0.328825313302927	0.137163594618509	0.159931244367789	0.196683400522467	-0.0324444881002078	-0.0891857079058415	-0.235095162824181	-0.0827509380333501	-0.365129665958761
MetaB_M229	0.0415803419377143	0.0910768230347923	0.202843249163195	0.141487875788704	0.373898805591676	0.321910816742212	-0.172538209217711	-0.171762612085581	-0.221692663781971	-0.232194189607048	-0.296036404667544	-0.208793724257601	-0.0318122006322152	-0.22063068468002	0.0380856179031442	-0.165542556980279	-0.266660944802476	-0.222294312895899	0.302415996846481	0.0971343986620028	0.185350584129938	0.126888480510803	0.135309371349859	0.15197614194782
MetaB_M230	-0.421748507621832	-0.32688531027138	-0.29799556771286	-0.112924612558912	-0.282161705673218	-0.325576951680693	0.00436962907694375	-0.0625300916866846	0.0760367032473442	0.0810435763810966	-0.0317212730566477	-0.00180496561735784	-0.000727780979794208	0.23098092537959	0.16467463681287	0.283988447074031	0.132466115941746	0.120340824309329	0.304193934759273	0.0865702815928828	-0.0297756472419099	-0.0648800503249431	0.24635150771346	0.227715882137661
MetaB_M231	0.250598783989823	0.337451806673439	0.243455911787759	0.339047748019454	0.313923763518537	0.301809088027604	0.00176523222246277	0.148625593894824	-0.0274936889468684	-0.000920555359994482	0.0964803179118462	0.0767145060679612	-0.206175397398969	-0.0918533563778171	-0.256816172868022	-0.246280388254694	-0.0843910658589695	-0.0358911149944007	-0.172376248973628	-0.169247031987814	-0.281646587381138	-0.198054498518533	-0.145050796323812	-0.193675848869049
MetaB_M232	-0.0379639899216748	-0.0287578477509537	-0.169167218407982	-0.101934242339332	-0.265115705746105	-0.321277784917512	0.259906855928755	0.275936664400709	0.268924794124856	0.225263756133816	0.260125358106674	0.364566370294593	-0.162806458875349	-0.134209698400312	-0.0895326395428482	-0.127537820430303	-0.0260271329520982	0.0673792312669518	-0.199819888836041	0.052317988214148	0.354382036036499	-0.114132534431462	-0.151183791430473	-0.199336300524554
MetaB_M233	0.0268404545020329	-0.129387356670585	0.12543993322574	0.029415683669726	-0.252591161227687	-0.378480503233126	-0.265107100476145	-0.133314196116366	-0.114239138574295	-0.240920162320869	-0.287500785095836	-0.113010633263427	0.129701204375184	0.00305466752433164	0.474473083257431	0.0882266087479746	0.151827768589378	0.209631314565282	0.22751908198417	0.115209307999821	-0.0187707113337832	0.00135499046042738	0.00108251905733273	0.349545130353283
MetaB_M234	0.183071031946756	0.198628109843653	0.0985312146368175	0.0273200068033624	-0.484896092145657	-0.299954251879527	0.0613911665901386	0.0952850533087542	-0.0736449223194631	-0.0871403102273786	-0.0898837452040222	-0.0367031178941484	0.118038664964299	0.0213846677140542	0.0435572136186575	-0.0245585881983602	0.219024985975131	0.436207030169963	-0.23369633365852	0.185443718357606	0.238694675755671	-0.348387138822935	-0.162694062216505	-0.0850189771183443
MetaB_M235	0.21127178830499	0.339843228467127	0.31990188440197	0.30284958542655	0.307606036851724	0.22944988142273	-0.261214808303932	-0.216606629472116	-0.159026020870066	-0.190861940372418	-0.30789712291815	-0.230553346552111	0.0171544398944609	0.0259287452954612	0.0716803642650929	0.117488358010802	-0.018088917169754	0.115373389405567	0.0351377493490084	-0.0247149210452926	-0.135675076522585	-0.164021363896677	-0.0953079755374597	-0.289717328434919
MetaB_M236	-0.287592449849174	-0.0596634916470337	-0.315697928218059	-0.338504917284076	0.0151678313384959	-0.00894403671743552	-0.161217300609076	0.0358169511144552	-0.254618790164589	-0.0598712540386497	0.0608257391887863	-0.0238273190176399	0.257152302479216	0.138562998036772	0.158946847106296	0.0855042288893152	0.250494099364449	0.354222116056994	-0.13923104259986	0.297729873510525	0.324710257949944	0.0343281730764347	-0.104388885117975	-0.259904002848122
MetaB_M237	0.133453080125878	-0.29474009502976	-0.14505307120616	-0.210664759298743	0.245442589200808	0.271045441123621	0.356345238849919	-0.114471924341308	0.339652104790878	0.0863107998893996	-0.259791750466604	0.263460527532878	0.035517245625058	-0.22824698637568	0.00931907662034088	0.0389792117245461	-0.0662868918664963	-0.268689353111494	0.0988589763469805	0.145391503921653	0.124668332564948	-0.184070320925087	-0.270831694151438	-0.105597281544139
MetaB_M238	-0.0980813397994836	-0.403938764058388	-0.354332613831386	-0.464298652741782	0.212695290770173	0.124165751551787	0.169872841173711	0.242660940607346	0.288173787336915	0.236086203599689	0.234093813289159	0.0329403701056698	-0.0629431064766153	0.0102061955203334	-0.0627748238626459	0.0760946106759384	-0.0753843476047115	0.0337318167931174	-0.025656567446232	-0.0629128347428604	0.195798783524463	0.098758506566456	-0.24390507468234	-0.101050786268314
MetaB_M239	-0.192701168466804	-0.203431884714379	-0.333983994383971	-0.148456382717687	0.193375162934157	0.0475225145958144	-0.233799091075368	-0.262808436393599	-0.285413403737029	-0.0981955354373437	-0.0642708792290573	-0.189401979335084	-0.138784869907425	0.00620721384984174	0.0886143119297356	0.113101739375607	0.14817945322262	0.0725983655882727	0.37686278949535	0.320218041077756	0.290253266578674	0.119648026747035	0.267708021750307	0.106958718252575
MetaB_M240	0.346151082660741	0.335686230664179	0.272393723232349	0.388417666808643	0.182971358370224	0.076347560642895	-0.396149691932958	-0.123915769229985	-0.223544887611591	-0.19698806488989	-0.22942231930965	0.00415847141608807	-0.0351803861332548	-0.0887977673473072	0.0405034219993339	-0.193858611892127	-0.180360866044562	0.0204112878738879	0.0321632886800158	-0.0848536931574098	-0.112230189170921	-0.170702256297266	0.195084200843155	0.141716209825404
MetaB_M241	-0.193624667753082	0.0911697069753818	-0.230137827601801	-0.0434817578474094	-0.298080789590259	-0.361955482524473	0.166942600523121	0.206134700924764	0.189473962554032	0.20745659591334	0.310089311222671	0.352792319130187	-0.0177985341362743	0.163414220555174	0.15400661032841	0.0575016624847718	0.0117720313672845	0.236774217169413	-0.186674073475031	-0.257698025243309	-0.150248428811463	-0.0843590505224424	-0.251325364421696	-0.072143937221311
MetaB_M242	-0.0699091888648448	0.0295380889561964	-0.0607406608746361	-0.0179136249987783	-0.186602272034187	-0.0320727289665405	-0.101508678775933	-0.0689216365839017	-0.195567204217463	-0.0294836689743205	-0.0805715557816521	-0.069234313503063	-0.300962343899903	-0.147044874811706	-0.188746067274889	-0.348570036235356	-0.0551379277156813	0.0597457172817243	0.328871848397418	0.358534892445893	0.166270544358171	0.375785338816153	0.261020630155233	0.373219723102069
MetaB_M243	0.153584264363804	0.325003288758546	0.217081396371791	0.337188014024265	-0.0582258825856276	0.140709289839271	-0.323214040434478	-0.321578430087875	-0.145990579304481	-0.150729569271692	-0.274493407000605	-0.236801257552346	0.0574092543154626	0.109764667808796	0.203792846169791	0.283338727546322	0.122037257188885	-0.269239841055515	0.000267708530357458	-0.0758868728335655	0.114627042799052	-0.0550728474419074	-0.22708226000517	0.0735112298569222
MetaB_M244	-0.271772713202329	-0.318243911968891	-0.283376972993538	-0.219989963783634	-0.219025843867575	-0.315397423414188	0.00411942716371817	-0.107350151961358	0.0197559883990905	0.0925651790799194	-0.109635686302094	-0.0900664559490075	0.0102190469222143	0.00102350178044905	0.1101665370682	-0.0331372021077735	-0.0132407029218231	0.0356347628573816	0.253673036248983	0.273374947403139	0.309796863721158	0.26131551408823	0.259230796795568	0.350361426944162
MetaB_M245	0.158457695563579	0.119792857543068	0.0970827250907281	0.07490548313689	0.138268580099408	0.0331540896514382	0.275767398352359	0.315963700947482	0.318055471325076	0.228955846386659	0.249623991372915	0.273387312895716	-0.10262905752061	-0.161962089767452	-0.165685012976891	-0.258475681340024	-0.240147000995812	-0.201273783353277	-0.22825187727181	-0.223486934462728	-0.229970576408695	-0.173965400787139	-0.141797740010252	-0.155769997470631
MetaB_M246	0.0828423553224061	0.196880905260009	0.278161703475554	0.0903220138714275	-0.214094673177249	-0.266600483628766	0.232306438861988	0.122877714611264	0.335257194725705	0.155682716431575	0.267910094392972	0.387483474399152	-0.147982776526036	-0.0721557476438524	-0.237975529659236	-0.246209504155228	0.0240469365954871	-0.0702977621572223	-0.153199931447715	-0.264482125923603	-0.218498217272397	-0.0967890484776186	-0.0348559461521778	-0.150629801726442
MetaB_M247	-0.56428428294996	-0.148434705115143	-0.303885309188057	-0.2538967143351	0.00343868013087844	-0.0947086428880524	0.0276672764060577	0.184557317733832	-0.0361016145913971	0.0415584124858784	0.276386568891847	0.181281346195464	-0.180240656023145	0.0420396600750628	0.10097474555454	0.38103070922442	0.0815426960938593	0.0105409783725369	0.361505610414211	-0.0100568666261173	-0.0585294337509553	-0.109277674307498	0.0639629469150742	0.00292895128176102
MetaB_M248	-0.415892893024193	-0.287614038248764	-0.266242738340152	-0.266859920660199	-0.230280618692764	-0.284685756737051	0.00899445864435468	0.101531887077648	0.100962399031847	0.0279479131840431	0.172822902841102	0.0214116216132595	-0.0145269249047943	0.301361194486248	0.0482899585900486	0.216295314149247	0.348352738914186	0.363373308616061	0.0514468954762827	0.0826118937971643	0.0546603435117408	0.00796610589707158	-0.0835563373153369	-0.0583697079070503
